nom,tier,score,statut,date_contact,canal,date_relance,notes,produit,montant_vendu,date_vente,paye,montant_encaisse,commission,statut_livraison,type,libelle,commune,cp,departement,region,telephone,email,email_status,dirigeant,qualite,raisons,lien_site,lien_pappers,lien_annuaire,lien_annonces,lien_finances,lien_dirigeants,lien_maps,lien_google,lien_google_news,lien_linkedin_rech,lien_linkedin_dirigeant,lien_pagesjaunes,lien_societe,lien_trustpilot,linkedin,domain,effectif,annee_effectif,categorie,nb_etablissements_ouverts,nb_etablissements,communes_etablissements,ca,ca_prev,resultat_net,annee_finances,anciennete,date_creation,nature_juridique,sigle,nom_commercial,employeur,entrepreneur_individuel,diffusion_protegee,labels,idcc,tva_intra,etat,signaux_bodacc,siren,siret,naf,adresse,latitude,longitude,email_source,email_perso,autres_emails,autres_dirigeants,a_site,web_fait,date_enrichi,source,ville
ABCOM,A,70,a contacter,,,,,,,,,,,,marketing_com,Activites des agences de publicite,CHARMEIL,03110,03,Auvergne-Rhone-Alpes,06 71 26 90 65,contact@abcom.fr,mx_ok,HAMDI OZALP,Gérant et associé indéfiniment responsable,email+20|tel+10|ca+15|effectif+10|categorie+5|anciennete+5|dirigeant+5,https://abcom.fr,https://www.pappers.fr/entreprise/814096889,https://annuaire-entreprises.data.gouv.fr/entreprise/814096889,https://annuaire-entreprises.data.gouv.fr/annonces/814096889,https://annuaire-entreprises.data.gouv.fr/donnees-financieres/814096889,https://annuaire-entreprises.data.gouv.fr/dirigeants/814096889,"https://www.google.com/maps?q=46.157273972,3.3874164439",https://www.google.com/search?q=ABCOM+CHARMEIL,https://news.google.com/search?hl=fr&q=%22ABCOM%22,https://www.linkedin.com/search/results/companies/?keywords=ABCOM,https://www.linkedin.com/search/results/people/?keywords=HAMDI+OZALP+ABCOM,https://www.pagesjaunes.fr/annuaire/chercherlespros?quoiqui=ABCOM&ou=CHARMEIL,https://www.societe.com/cgi-bin/search?champs=814096889,https://fr.trustpilot.com/review/abcom.fr,,abcom.fr,3-5,2023,PME,1,2,,778310,,134219,2022,11,2015-01-01,SARL,,ABCOM,,non,non,,0086,FR41814096889,active,,814096889,81409688900021,73.11Z,5 RUE APOLLINAIRE 03110 CHARMEIL,46.157273972,3.3874164439,site-generique,non,,,oui,oui,2026-08-03,sirene,CHARMEIL
COMUNYKA,A,70,a contacter,,,,,,,,,,,,marketing_com,Activites des agences de publicite,MONTHIERS,02400,02,Hauts-de-France,06 30 71 00 28,agence.comunyka@gmail.com,mx_ok,LOURDOUNADANE CALDICOTE,Président de SAS,email+20|tel+10|ca+15|effectif+10|categorie+5|anciennete+5|dirigeant+5,https://comunyka.fr,https://www.pappers.fr/entreprise/501197321,https://annuaire-entreprises.data.gouv.fr/entreprise/501197321,https://annuaire-entreprises.data.gouv.fr/annonces/501197321,https://annuaire-entreprises.data.gouv.fr/donnees-financieres/501197321,https://annuaire-entreprises.data.gouv.fr/dirigeants/501197321,"https://www.google.com/maps?q=49.105039816,3.2999135612",https://www.google.com/search?q=COMUNYKA+MONTHIERS,https://news.google.com/search?hl=fr&q=%22COMUNYKA%22,https://www.linkedin.com/search/results/companies/?keywords=COMUNYKA,https://www.linkedin.com/search/results/people/?keywords=LOURDOUNADANE+CALDICOTE+COMUNYKA,https://www.pagesjaunes.fr/annuaire/chercherlespros?quoiqui=COMUNYKA&ou=MONTHIERS,https://www.societe.com/cgi-bin/search?champs=501197321,https://fr.trustpilot.com/review/comunyka.fr,,comunyka.fr,3-5,2023,PME,1,3,,1010656,,38167,2024,19,2007-12-28,SAS,,AGENCE COMUNYKA,,non,non,,0086,FR19501197321,active,,501197321,50119732100034,73.11Z,8 RUE DE LA MONTAGNE 02400 MONTHIERS,49.105039816,3.2999135612,site-generique,oui,,,oui,oui,2026-08-02,sirene,MONTHIERS
ALAPAGE,A,65,a contacter,,,,,,,,,,,,marketing_com,Regie publicitaire de medias,PARIS,75010,75,Ile-de-France,05 94 25 66 67,alapageecrivainpublic@gmail.com,mx_ok,JEHAN PIERRE VITTU DE KERRAOUL,Gérant,email+12|tel+10|ca+15|effectif+10|categorie+5|multi-sites+8|dirigeant+5,https://alapage.net,https://www.pappers.fr/entreprise/400581112,https://annuaire-entreprises.data.gouv.fr/entreprise/400581112,https://annuaire-entreprises.data.gouv.fr/annonces/400581112,https://annuaire-entreprises.data.gouv.fr/donnees-financieres/400581112,https://annuaire-entreprises.data.gouv.fr/dirigeants/400581112,"https://www.google.com/maps?q=48.8737351821275,2.35981748613707",https://www.google.com/search?q=ALAPAGE+PARIS,https://news.google.com/search?hl=fr&q=%22ALAPAGE%22,https://www.linkedin.com/search/results/companies/?keywords=ALAPAGE,https://www.linkedin.com/search/results/people/?keywords=JEHAN+PIERRE+VITTU+DE+KERRAOUL+ALAPAGE,https://www.pagesjaunes.fr/annuaire/chercherlespros?quoiqui=ALAPAGE&ou=PARIS,https://www.societe.com/cgi-bin/search?champs=400581112,https://fr.trustpilot.com/review/alapage.net,,alapage.net,10-19,2023,PME,2,4,,395159,,340,2024,31,1995-04-03,SARL,ALEF,,,non,non,,,FR66400581112,active,,400581112,40058111200044,73.12Z,14 PASSAGE DUBAIL 75010 PARIS,48.8737351821275,2.35981748613707,site,oui,,,oui,oui,2026-08-01,sirene,PARIS
NALISSE,A,60,a contacter,,,,,,,,,,,,marketing_com,Conseil en relations publiques et communication,AMBERIEU-EN-BUGEY,01500,01,Auvergne-Rhone-Alpes,04 26 78 16 09,contact@nalisse.fr,mx_ok,ANNE-SOPHIE STEPHANIE ASSELIN,Président de SAS,email+20|tel+10|effectif+10|categorie+5|anciennete+5|dirigeant+5|labels+5,https://nalisse.fr,https://www.pappers.fr/entreprise/821456779,https://annuaire-entreprises.data.gouv.fr/entreprise/821456779,https://annuaire-entreprises.data.gouv.fr/annonces/821456779,https://annuaire-entreprises.data.gouv.fr/donnees-financieres/821456779,https://annuaire-entreprises.data.gouv.fr/dirigeants/821456779,"https://www.google.com/maps?q=45.9588640951371,5.35849445004781",https://www.google.com/search?q=NALISSE+AMBERIEU-EN-BUGEY,https://news.google.com/search?hl=fr&q=%22NALISSE%22,https://www.linkedin.com/search/results/companies/?keywords=NALISSE,https://www.linkedin.com/search/results/people/?keywords=ANNE-SOPHIE+STEPHANIE+ASSELIN+NALISSE,https://www.pagesjaunes.fr/annuaire/chercherlespros?quoiqui=NALISSE&ou=AMBERIEU-EN-BUGEY,https://www.societe.com/cgi-bin/search?champs=821456779,https://fr.trustpilot.com/review/nalisse.fr,,nalisse.fr,6-9,2023,PME,1,6,,,,,,10,2016-07-08,SAS,,NALISSE,,non,non,Organisme de formation,1486,FR86821456779,active,,821456779,82145677900064,70.21Z,16 RUE ALEXANDRE BERARD 01500 AMBERIEU-EN-BUGEY,45.9588640951371,5.35849445004781,site-generique,non,,,oui,oui,2026-08-01,sirene,AMBERIEU-EN-BUGEY
DEJI PUB,B,55,a contacter,,,,,,,,,,,,marketing_com,Activites des agences de publicite,BRION,01460,01,Auvergne-Rhone-Alpes,04 74 76 29 43,contact@dejipub.com,mx_ok,EMMANUELLE PESENTI (BLOUET),Gérant,email+20|tel+10|effectif+10|categorie+5|anciennete+5|dirigeant+5,https://dejipub.com,https://www.pappers.fr/entreprise/813750106,https://annuaire-entreprises.data.gouv.fr/entreprise/813750106,https://annuaire-entreprises.data.gouv.fr/annonces/813750106,https://annuaire-entreprises.data.gouv.fr/donnees-financieres/813750106,https://annuaire-entreprises.data.gouv.fr/dirigeants/813750106,"https://www.google.com/maps?q=46.178306217,5.5496319385",https://www.google.com/search?q=DEJI+PUB+BRION,https://news.google.com/search?hl=fr&q=%22DEJI+PUB%22,https://www.linkedin.com/search/results/companies/?keywords=DEJI+PUB,https://www.linkedin.com/search/results/people/?keywords=EMMANUELLE+PESENTI+%28BLOUET%29+DEJI+PUB,https://www.pagesjaunes.fr/annuaire/chercherlespros?quoiqui=DEJI+PUB&ou=BRION,https://www.societe.com/cgi-bin/search?champs=813750106,https://fr.trustpilot.com/review/dejipub.com,,dejipub.com,3-5,2023,PME,1,2,,252530,,3846,2020,11,2015-07-19,SARL,,DEJI PUB,,non,non,,0086,FR17813750106,active,,813750106,81375010600029,73.11Z,IMPASSE DE L'ETANG 01460 BRION,46.178306217,5.5496319385,site-generique,non,jean.dupont@gmail.com,,oui,oui,2026-08-01,sirene,BRION
ROSE ET PIMENT,B,55,a contacter,,,,,,,,,,,,marketing_com,Conseil en relations publiques et communication,SAINT-QUENTIN,02100,02,Hauts-de-France,03 23 05 99 84,contact@roseetpiment.com,mx_ok,VIRGINIE LEONIE JACQUELINE ALLIOT (BOURDIAU),Gérant et associé indéfiniment responsable,email+20|tel+10|effectif+10|categorie+5|anciennete+5|dirigeant+5,https://roseetpiment.fr,https://www.pappers.fr/entreprise/480969666,https://annuaire-entreprises.data.gouv.fr/entreprise/480969666,https://annuaire-entreprises.data.gouv.fr/annonces/480969666,https://annuaire-entreprises.data.gouv.fr/donnees-financieres/480969666,https://annuaire-entreprises.data.gouv.fr/dirigeants/480969666,"https://www.google.com/maps?q=49.848743309,3.2896991141",https://www.google.com/search?q=ROSE+ET+PIMENT+SAINT-QUENTIN,https://news.google.com/search?hl=fr&q=%22ROSE+ET+PIMENT%22,https://www.linkedin.com/search/results/companies/?keywords=ROSE+ET+PIMENT,https://www.linkedin.com/search/results/people/?keywords=VIRGINIE+LEONIE+JACQUELINE+ALLIOT+%28BOURDIAU%29+ROSE+ET+PIMENT,https://www.pagesjaunes.fr/annuaire/chercherlespros?quoiqui=ROSE+ET+PIMENT&ou=SAINT-QUENTIN,https://www.societe.com/cgi-bin/search?champs=480969666,https://fr.trustpilot.com/review/roseetpiment.fr,,roseetpiment.fr,3-5,2023,PME,1,4,,,,30264,2017,21,2005-02-14,SARL,,ROSE ET PIMENT,,non,non,,1486,FR60480969666,active,,480969666,48096966600043,70.21Z,15 T RUE DU GOUVERNEMENT 02100 SAINT-QUENTIN,49.848743309,3.2896991141,site-generique,non,,,oui,oui,2026-08-02,sirene,SAINT-QUENTIN
SIDEAPPS,B,55,a contacter,,,,,,,,,,,,marketing_com,Conseil en relations publiques et communication,SAINT-JEAN-DE-NIOST,01800,01,Auvergne-Rhone-Alpes,06 31 79 29 36,contact@sideapps.fr,mx_ok,JULIEN CULIERAS,Président de SAS,email+20|tel+10|effectif+10|categorie+5|anciennete+5|dirigeant+5,https://sideapps.fr,https://www.pappers.fr/entreprise/877563288,https://annuaire-entreprises.data.gouv.fr/entreprise/877563288,https://annuaire-entreprises.data.gouv.fr/annonces/877563288,https://annuaire-entreprises.data.gouv.fr/donnees-financieres/877563288,https://annuaire-entreprises.data.gouv.fr/dirigeants/877563288,"https://www.google.com/maps?q=45.849733749,5.2272801525",https://www.google.com/search?q=SIDEAPPS+SAINT-JEAN-DE-NIOST,https://news.google.com/search?hl=fr&q=%22SIDEAPPS%22,https://www.linkedin.com/search/results/companies/?keywords=SIDEAPPS,https://www.linkedin.com/search/results/people/?keywords=JULIEN+CULIERAS+SIDEAPPS,https://www.pagesjaunes.fr/annuaire/chercherlespros?quoiqui=SIDEAPPS&ou=SAINT-JEAN-DE-NIOST,https://www.societe.com/cgi-bin/search?champs=877563288,https://fr.trustpilot.com/review/sideapps.fr,https://www.linkedin.com/company/sideapps,sideapps.fr,3-5,2023,PME,1,1,,,,,,7,2019-10-01,SAS,,SIDEAPPS,,non,non,,9999,FR72877563288,active,,877563288,87756328800019,70.21Z,692 RUE DU PORT NEUF 01800 SAINT-JEAN-DE-NIOST,45.849733749,5.2272801525,site-generique,non,,DORIAN LOUIS FRAYON (Directeur Général),oui,oui,2026-08-01,sirene,SAINT-JEAN-DE-NIOST
COMM'UNIQ,B,53,a contacter,,,,,,,,,,,,marketing_com,Activites des agences de publicite,LE NOUVION-EN-THIERACHE,02170,02,Hauts-de-France,,contact@communiq.io,mx_ok,HELENE FLORE SUZY PARMENTIER,Président de SAS,email+20|effectif+10|categorie+5|multi-sites+8|anciennete+5|dirigeant+5,https://communiq.io,https://www.pappers.fr/entreprise/848704037,https://annuaire-entreprises.data.gouv.fr/entreprise/848704037,https://annuaire-entreprises.data.gouv.fr/annonces/848704037,https://annuaire-entreprises.data.gouv.fr/donnees-financieres/848704037,https://annuaire-entreprises.data.gouv.fr/dirigeants/848704037,"https://www.google.com/maps?q=50.014877701,3.7805499709",https://www.google.com/search?q=COMM%27UNIQ+LE+NOUVION-EN-THIERACHE,https://news.google.com/search?hl=fr&q=%22COMM%27UNIQ%22,https://www.linkedin.com/search/results/companies/?keywords=COMM%27UNIQ,https://www.linkedin.com/search/results/people/?keywords=HELENE+FLORE+SUZY+PARMENTIER+COMM%27UNIQ,https://www.pagesjaunes.fr/annuaire/chercherlespros?quoiqui=COMM%27UNIQ&ou=LE+NOUVION-EN-THIERACHE,https://www.societe.com/cgi-bin/search?champs=848704037,https://fr.trustpilot.com/review/communiq.io,https://www.linkedin.com/company/communiq-international,communiq.io,3-5,2023,PME,2,2,,68519,,15509,2019,7,2019-02-20,SAS,,COMM'UNIQ,,non,non,,,FR57848704037,active,,848704037,84870403700011,73.11Z,4 T RUE ANDRE RIDDERS 02170 LE NOUVION-EN-THIERACHE,50.014877701,3.7805499709,site-generique,non,,,oui,oui,2026-08-02,sirene,LE NOUVION-EN-THIERACHE
GIRAUDY,B,50,a contacter,,,,,,,,,,,,marketing_com,Regie publicitaire de medias,ISSY-LES-MOULINEAUX,92130,92,Ile-de-France,01 55 00 53 00,charles.monthuis@giraudy.fr,mx_ok,SAMFI-INVEST,Directeur Général,email+12|tel+10|effectif+10|categorie+5|multi-sites+8|dirigeant+5,https://giraudy.fr,https://www.pappers.fr/entreprise/552052698,https://annuaire-entreprises.data.gouv.fr/entreprise/552052698,https://annuaire-entreprises.data.gouv.fr/annonces/552052698,https://annuaire-entreprises.data.gouv.fr/donnees-financieres/552052698,https://annuaire-entreprises.data.gouv.fr/dirigeants/552052698,"https://www.google.com/maps?q=48.8292774829654,2.28476271224787",https://www.google.com/search?q=GIRAUDY+ISSY-LES-MOULINEAUX,https://news.google.com/search?hl=fr&q=%22GIRAUDY%22,https://www.linkedin.com/search/results/companies/?keywords=GIRAUDY,https://www.linkedin.com/search/results/people/?keywords=SAMFI-INVEST+GIRAUDY,https://www.pagesjaunes.fr/annuaire/chercherlespros?quoiqui=GIRAUDY&ou=ISSY-LES-MOULINEAUX,https://www.societe.com/cgi-bin/search?champs=552052698,https://fr.trustpilot.com/review/giraudy.fr,https://www.linkedin.com/company/11437508,giraudy.fr,100-199,2023,PME,11,177,,43582267,,33137200,2024,71,1955-01-01,SAS,,VIACOM OUTDOOR GIRAUDY VIACOM CBS CBS OUTDOOR,,non,non,,0086,FR88552052698,active,,552052698,55205269802657,73.12Z,6-8 RUE DU QUATRE SEPTEMBRE 92130 ISSY-LES-MOULINEAUX,48.8292774829654,2.28476271224787,site,non,anne.dupont-faudemer@giraudy.fr; anne.lafon@giraudy.fr; anthony.croze@giraudy.fr; claire.tranchard@giraudy.fr; communication@giraudy.fr,OLYMPE INVESTISSEMENTS (Président de SAS); IN EXTENSO AUDIT NORMANDIE (Commissaire aux comptes titulaire),oui,oui,2026-08-01,sirene,ISSY-LES-MOULINEAUX
ART ET CREATION,B,50,a contacter,,,,,,,,,,,,marketing_com,Activites des agences de publicite,JASSERON,01250,01,Auvergne-Rhone-Alpes,04 74 25 01 01,contact@artetcreation.fr,mx_ok,SEBASTIEN MARC CURRAT (CURRAT),Président de SAS,email+20|tel+10|effectif+10|categorie+5|dirigeant+5,https://artetcreation.fr,https://www.pappers.fr/entreprise/388997389,https://annuaire-entreprises.data.gouv.fr/entreprise/388997389,https://annuaire-entreprises.data.gouv.fr/annonces/388997389,https://annuaire-entreprises.data.gouv.fr/donnees-financieres/388997389,https://annuaire-entreprises.data.gouv.fr/dirigeants/388997389,"https://www.google.com/maps?q=46.214101463,5.3093287662",https://www.google.com/search?q=ART+ET+CREATION+JASSERON,https://news.google.com/search?hl=fr&q=%22ART+ET+CREATION%22,https://www.linkedin.com/search/results/companies/?keywords=ART+ET+CREATION,https://www.linkedin.com/search/results/people/?keywords=SEBASTIEN+MARC+CURRAT+%28CURRAT%29+ART+ET+CREATION,https://www.pagesjaunes.fr/annuaire/chercherlespros?quoiqui=ART+ET+CREATION&ou=JASSERON,https://www.societe.com/cgi-bin/search?champs=388997389,https://fr.trustpilot.com/review/artetcreation.fr,,artetcreation.fr,3-5,2023,PME,1,2,,,,139457,2023,34,1992-10-13,SAS,,,,non,non,,"0086, 9999",FR20388997389,active,,388997389,38899738900019,73.11Z,260 CHEMIN DE LA PLAINE 01250 JASSERON,46.214101463,5.3093287662,site-generique,non,,,oui,oui,2026-08-01,sirene,JASSERON
EUROSUD PROVENCE,B,48,a contacter,,,,,,,,,,,,marketing_com,Regie publicitaire de medias,MARSEILLE,13001,13,Provence-Alpes-Cote d'Azur,,,,THEOPHILE MONNIER,Gérant,ca+15|effectif+10|categorie+5|multi-sites+8|anciennete+5|dirigeant+5,,https://www.pappers.fr/entreprise/789746336,https://annuaire-entreprises.data.gouv.fr/entreprise/789746336,https://annuaire-entreprises.data.gouv.fr/annonces/789746336,https://annuaire-entreprises.data.gouv.fr/donnees-financieres/789746336,https://annuaire-entreprises.data.gouv.fr/dirigeants/789746336,"https://www.google.com/maps?q=43.2984990358324,5.37354055278093",https://www.google.com/search?q=EUROSUD+PROVENCE+MARSEILLE,https://news.google.com/search?hl=fr&q=%22EUROSUD+PROVENCE%22,https://www.linkedin.com/search/results/companies/?keywords=EUROSUD+PROVENCE,https://www.linkedin.com/search/results/people/?keywords=THEOPHILE+MONNIER+EUROSUD+PROVENCE,https://www.pagesjaunes.fr/annuaire/chercherlespros?quoiqui=EUROSUD+PROVENCE&ou=MARSEILLE,https://www.societe.com/cgi-bin/search?champs=789746336,,,,50-99,2023,GE,11,13,,13883668,,-3995368,2024,13,2013-01-01,5202,,EUROSUD PROVENCE,,non,non,,0086,FR52789746336,active,,789746336,78974633600138,73.12Z,19 RUE HENRI BARBUSSE 13001 MARSEILLE,43.2984990358324,5.37354055278093,,,,LA PROVENCE (Associé indéfiniment et solidairement responsable); HEBDOS SUD (Associé indéfiniment et solidairement responsable); SALUSTRO REYDEL (Commissaire aux comptes suppléant); KPMG S.A (Commissaire aux comptes titulaire),non,oui,2026-08-03,sirene,MARSEILLE
PUBLIMAT 3 DIFFUSION,B,48,a contacter,,,,,,,,,,,,marketing_com,Regie publicitaire de medias,LA CHAPELLE-SAINT-LUC,10600,10,Grand Est,,,,LAURENT THIVEL,Président de SAS,ca+15|effectif+10|categorie+5|multi-sites+8|anciennete+5|dirigeant+5,,https://www.pappers.fr/entreprise/520579921,https://annuaire-entreprises.data.gouv.fr/entreprise/520579921,https://annuaire-entreprises.data.gouv.fr/annonces/520579921,https://annuaire-entreprises.data.gouv.fr/donnees-financieres/520579921,https://annuaire-entreprises.data.gouv.fr/dirigeants/520579921,"https://www.google.com/maps?q=48.307309122,4.0232791126",https://www.google.com/search?q=PUBLIMAT+3+DIFFUSION+LA+CHAPELLE-SAINT-LUC,https://news.google.com/search?hl=fr&q=%22PUBLIMAT+3+DIFFUSION%22,https://www.linkedin.com/search/results/companies/?keywords=PUBLIMAT+3+DIFFUSION,https://www.linkedin.com/search/results/people/?keywords=LAURENT+THIVEL+PUBLIMAT+3+DIFFUSION,https://www.pagesjaunes.fr/annuaire/chercherlespros?quoiqui=PUBLIMAT+3+DIFFUSION&ou=LA+CHAPELLE-SAINT-LUC,https://www.societe.com/cgi-bin/search?champs=520579921,,,,10-19,2023,PME,2,6,,3737887,,612599,2024,16,2010-02-26,SAS,,,,non,non,,0086,FR05520579921,active,,520579921,52057992100047,73.12Z,BOULEVARD DE L'OUEST 8 RUE L’ORME DE LA CROIX 10600 LA CHAPELLE-SAINT-LUC,48.307309122,4.0232791126,,,,,non,oui,2026-08-02,sirene,LA CHAPELLE-SAINT-LUC
L&A COMMUNICATION,B,45,a contacter,,,,,,,,,,,,marketing_com,Conseil en relations publiques et communication,SERVAS,01960,01,Auvergne-Rhone-Alpes,,alexandra.franova@lacommunication.net,mx_ok,GREGORY GARIBIAN,Président de SAS,email+12|effectif+10|categorie+5|multi-sites+8|anciennete+5|dirigeant+5,https://lacommunication.net,https://www.pappers.fr/entreprise/833848393,https://annuaire-entreprises.data.gouv.fr/entreprise/833848393,https://annuaire-entreprises.data.gouv.fr/annonces/833848393,https://annuaire-entreprises.data.gouv.fr/donnees-financieres/833848393,https://annuaire-entreprises.data.gouv.fr/dirigeants/833848393,"https://www.google.com/maps?q=46.133191000740325,5.166741034721894",https://www.google.com/search?q=L%26A+COMMUNICATION+SERVAS,https://news.google.com/search?hl=fr&q=%22L%26A+COMMUNICATION%22,https://www.linkedin.com/search/results/companies/?keywords=L%26A+COMMUNICATION,https://www.linkedin.com/search/results/people/?keywords=GREGORY+GARIBIAN+L%26A+COMMUNICATION,https://www.pagesjaunes.fr/annuaire/chercherlespros?quoiqui=L%26A+COMMUNICATION&ou=SERVAS,https://www.societe.com/cgi-bin/search?champs=833848393,https://fr.trustpilot.com/review/lacommunication.net,,lacommunication.net,3-5,2023,PME,2,4,,,,,,8,2018-01-01,SAS,,L&A COMMUNICATION,,non,non,,1486,FR66833848393,active,,833848393,83384839300017,70.21Z,45 RUE DES THIARDS 01960 SERVAS,46.133191000740325,5.166741034721894,site,non,,,oui,oui,2026-08-01,sirene,SERVAS
GLOBAL EST MEDIAS,B,43,a contacter,,,,,,,,,,,,marketing_com,Regie publicitaire de medias,REIMS,51100,51,Grand Est,,,,VIRGINIE MARIE GALLAND,Président de SAS,ca+15|effectif+10|categorie+5|multi-sites+8|dirigeant+5,,https://www.pappers.fr/entreprise/342913704,https://annuaire-entreprises.data.gouv.fr/entreprise/342913704,https://annuaire-entreprises.data.gouv.fr/annonces/342913704,https://annuaire-entreprises.data.gouv.fr/donnees-financieres/342913704,https://annuaire-entreprises.data.gouv.fr/dirigeants/342913704,"https://www.google.com/maps?q=49.2745200035723,4.00346135003637",https://www.google.com/search?q=GLOBAL+EST+MEDIAS+REIMS,https://news.google.com/search?hl=fr&q=%22GLOBAL+EST+MEDIAS%22,https://www.linkedin.com/search/results/companies/?keywords=GLOBAL+EST+MEDIAS,https://www.linkedin.com/search/results/people/?keywords=VIRGINIE+MARIE+GALLAND+GLOBAL+EST+MEDIAS,https://www.pagesjaunes.fr/annuaire/chercherlespros?quoiqui=GLOBAL+EST+MEDIAS&ou=REIMS,https://www.societe.com/cgi-bin/search?champs=342913704,,,,50-99,2023,ETI,13,33,,5877998,,-72955,2018,39,1987-10-30,SAS,GEM,GLOBAL EST MEDIAS,,non,non,,0086,FR58342913704,active,,342913704,34291370400330,73.12Z,6 RUE GUTENBERG 51100 REIMS,49.2745200035723,4.00346135003637,,,,DENIS GRISON (Commissaire aux comptes suppléant); SOCIETE DU JOURNAL L'UNION (Associé indéfiniment et solidairement responsable); AUDITEX (Commissaire aux comptes suppléant); L'EST ECLAIR (Associé indéfiniment et solidairement responsable),non,oui,2026-08-02,sirene,REIMS
EBRA PORTAGE BOURGOGNE RHONE-ALPES,B,43,a contacter,,,,,,,,,,,,marketing_com,Activites des agences de publicite,DIJON,21000,21,Bourgogne-Franche-Comte,,,,SOIZIC FRANCOISE MARIE-PIERRE BOUJU,Gérant,ca+15|effectif+10|categorie+5|multi-sites+8|dirigeant+5,,https://www.pappers.fr/entreprise/392987582,https://annuaire-entreprises.data.gouv.fr/entreprise/392987582,https://annuaire-entreprises.data.gouv.fr/annonces/392987582,https://annuaire-entreprises.data.gouv.fr/donnees-financieres/392987582,https://annuaire-entreprises.data.gouv.fr/dirigeants/392987582,"https://www.google.com/maps?q=47.3196473235643,5.00922402485633",https://www.google.com/search?q=EBRA+PORTAGE+BOURGOGNE+RHONE-ALPES+DIJON,https://news.google.com/search?hl=fr&q=%22EBRA+PORTAGE+BOURGOGNE+RHONE-ALPES%22,https://www.linkedin.com/search/results/companies/?keywords=EBRA+PORTAGE+BOURGOGNE+RHONE-ALPES,https://www.linkedin.com/search/results/people/?keywords=SOIZIC+FRANCOISE+MARIE-PIERRE+BOUJU+EBRA+PORTAGE+BOURGOGNE+RHONE-ALPES,https://www.pagesjaunes.fr/annuaire/chercherlespros?quoiqui=EBRA+PORTAGE+BOURGOGNE+RHONE-ALPES&ou=DIJON,https://www.societe.com/cgi-bin/search?champs=392987582,,,,6-9,2023,GE,6,8,,4823939,,-204,2024,33,1993-09-15,SARL,,,,non,non,,9999,FR23392987582,active,,392987582,39298758200039,73.11Z,7 BOULEVARD CHANOINE KIR 21000 DIJON,47.3196473235643,5.00922402485633,,,,PIERRE JEAN YVES FANNEAU (Gérant),non,oui,2026-08-01,sirene,DIJON
GOTOANDBUZZ,B,43,a contacter,,,,,,,,,,,,marketing_com,Activites des agences de publicite,PARIS,75011,75,Ile-de-France,09 18 10 38 73,,,DAVID VINCENT,Gérant,site+8|tel+10|effectif+10|categorie+5|anciennete+5|dirigeant+5,https://gotoandbuzz.com,https://www.pappers.fr/entreprise/529274276,https://annuaire-entreprises.data.gouv.fr/entreprise/529274276,https://annuaire-entreprises.data.gouv.fr/annonces/529274276,https://annuaire-entreprises.data.gouv.fr/donnees-financieres/529274276,https://annuaire-entreprises.data.gouv.fr/dirigeants/529274276,"https://www.google.com/maps?q=48.853000958,2.3862659675",https://www.google.com/search?q=GOTOANDBUZZ+PARIS,https://news.google.com/search?hl=fr&q=%22GOTOANDBUZZ%22,https://www.linkedin.com/search/results/companies/?keywords=GOTOANDBUZZ,https://www.linkedin.com/search/results/people/?keywords=DAVID+VINCENT+GOTOANDBUZZ,https://www.pagesjaunes.fr/annuaire/chercherlespros?quoiqui=GOTOANDBUZZ&ou=PARIS,https://www.societe.com/cgi-bin/search?champs=529274276,https://fr.trustpilot.com/review/gotoandbuzz.com,https://www.linkedin.com/company/gotoandbuzz,gotoandbuzz.com,6-9,2023,PME,1,2,,,,20621,2023,15,2011-01-03,SARL,,STRNGR ; LES TRAFIQUANTS,,non,non,,0086,FR61529274276,active,,529274276,52927427600029,73.11Z,35 RUE CHANZY 75011 PARIS,48.853000958,2.3862659675,,,,,oui,oui,2026-08-03,sirene,PARIS
DISAM,B,41,a contacter,,,,,,,,,,,,marketing_com,Activites des agences de publicite,VENISSIEUX,69200,69,Auvergne-Rhone-Alpes,,,,HERVE MARIE MARC CHAVAGNAC,Gérant,site+8|effectif+10|categorie+5|multi-sites+8|anciennete+5|dirigeant+5,https://disam.fr,https://www.pappers.fr/entreprise/825192032,https://annuaire-entreprises.data.gouv.fr/entreprise/825192032,https://annuaire-entreprises.data.gouv.fr/annonces/825192032,https://annuaire-entreprises.data.gouv.fr/donnees-financieres/825192032,https://annuaire-entreprises.data.gouv.fr/dirigeants/825192032,"https://www.google.com/maps?q=45.7157946993195,4.86174463877751",https://www.google.com/search?q=DISAM+VENISSIEUX,https://news.google.com/search?hl=fr&q=%22DISAM%22,https://www.linkedin.com/search/results/companies/?keywords=DISAM,https://www.linkedin.com/search/results/people/?keywords=HERVE+MARIE+MARC+CHAVAGNAC+DISAM,https://www.pagesjaunes.fr/annuaire/chercherlespros?quoiqui=DISAM&ou=VENISSIEUX,https://www.societe.com/cgi-bin/search?champs=825192032,https://fr.trustpilot.com/review/disam.fr,,disam.fr,10-19,2023,PME,2,4,,,,,,9,2017-01-05,SARL,,DISAM,,non,non,,2372,FR17825192032,active,,825192032,82519203200043,73.11Z,2 CHEMIN DU GENIE 69200 VENISSIEUX,45.7157946993195,4.86174463877751,,,,,oui,oui,2026-08-01,sirene,VENISSIEUX
MARTINEZ COMMUNICATION VISUELLE,B,40,a contacter,,,,,,,,,,,,marketing_com,Activites des agences de publicite,MEXIMIEUX,01800,01,Auvergne-Rhone-Alpes,,,,PASCAL MARTINEZ (MARTINEZ),Président de SAS,ca+15|effectif+10|categorie+5|anciennete+5|dirigeant+5,,https://www.pappers.fr/entreprise/795184613,https://annuaire-entreprises.data.gouv.fr/entreprise/795184613,https://annuaire-entreprises.data.gouv.fr/annonces/795184613,https://annuaire-entreprises.data.gouv.fr/donnees-financieres/795184613,https://annuaire-entreprises.data.gouv.fr/dirigeants/795184613,"https://www.google.com/maps?q=45.899502466,5.1976199979",https://www.google.com/search?q=MARTINEZ+COMMUNICATION+VISUELLE+MEXIMIEUX,https://news.google.com/search?hl=fr&q=%22MARTINEZ+COMMUNICATION+VISUELLE%22,https://www.linkedin.com/search/results/companies/?keywords=MARTINEZ+COMMUNICATION+VISUELLE,https://www.linkedin.com/search/results/people/?keywords=PASCAL+MARTINEZ+%28MARTINEZ%29+MARTINEZ+COMMUNICATION+VISUELLE,https://www.pagesjaunes.fr/annuaire/chercherlespros?quoiqui=MARTINEZ+COMMUNICATION+VISUELLE&ou=MEXIMIEUX,https://www.societe.com/cgi-bin/search?champs=795184613,,,,3-5,2023,PME,1,2,,502532,,28178,2021,13,2013-09-01,SAS,,,,non,non,,0086,FR65795184613,active,,795184613,79518461300029,73.11Z,135 RUE SIMONE VEIL 01800 MEXIMIEUX,45.899502466,5.1976199979,,,,PASCAL BERNARD MARTINEZ (Président de SAS),non,oui,2026-08-01,sirene,MEXIMIEUX
COACHING ANDANTE,C,38,a contacter,,,,,,,,,,,,marketing_com,Conseil en relations publiques et communication,SAINT-MICHEL-L'OBSERVATOIRE,04870,04,Provence-Alpes-Cote d'Azur,,,,MARIE OUVRARD (SERVANTON),Gérant,site+8|effectif+10|categorie+5|anciennete+5|dirigeant+5|labels+5,https://coachingandante.com,https://www.pappers.fr/entreprise/500070362,https://annuaire-entreprises.data.gouv.fr/entreprise/500070362,https://annuaire-entreprises.data.gouv.fr/annonces/500070362,https://annuaire-entreprises.data.gouv.fr/donnees-financieres/500070362,https://annuaire-entreprises.data.gouv.fr/dirigeants/500070362,"https://www.google.com/maps?q=43.909715657,5.7148533328",https://www.google.com/search?q=COACHING+ANDANTE+SAINT-MICHEL-L%27OBSERVATOIRE,https://news.google.com/search?hl=fr&q=%22COACHING+ANDANTE%22,https://www.linkedin.com/search/results/companies/?keywords=COACHING+ANDANTE,https://www.linkedin.com/search/results/people/?keywords=MARIE+OUVRARD+%28SERVANTON%29+COACHING+ANDANTE,https://www.pagesjaunes.fr/annuaire/chercherlespros?quoiqui=COACHING+ANDANTE&ou=SAINT-MICHEL-L%27OBSERVATOIRE,https://www.societe.com/cgi-bin/search?champs=500070362,https://fr.trustpilot.com/review/coachingandante.com,,coachingandante.com,3-5,2023,PME,1,2,,223988,,36133,2022,19,2007-08-25,5460,,COACHING ANDANTE,,non,non,ESS,9999,FR77500070362,active,,500070362,50007036200024,70.21Z,LINCEL LA GRANDE FONTAINE 04870 SAINT-MICHEL-L'OBSERVATOIRE,43.909715657,5.7148533328,,,,,oui,oui,2026-08-03,sirene,SAINT-MICHEL-L'OBSERVATOIRE
REGIE NETWORKS,C,36,a contacter,,,,,,,,,,,,marketing_com,Regie publicitaire de medias,LYON 9EME,69009,69,Auvergne-Rhone-Alpes,,,,PHILIPPE FOUREL,Président de SAS,site+8|effectif+10|categorie+5|multi-sites+8|dirigeant+5,https://regienetworks.fr,https://www.pappers.fr/entreprise/339200669,https://annuaire-entreprises.data.gouv.fr/entreprise/339200669,https://annuaire-entreprises.data.gouv.fr/annonces/339200669,https://annuaire-entreprises.data.gouv.fr/donnees-financieres/339200669,https://annuaire-entreprises.data.gouv.fr/dirigeants/339200669,"https://www.google.com/maps?q=45.784904726,4.8029650106",https://www.google.com/search?q=REGIE+NETWORKS+LYON+9EME,https://news.google.com/search?hl=fr&q=%22REGIE+NETWORKS%22,https://www.linkedin.com/search/results/companies/?keywords=REGIE+NETWORKS,https://www.linkedin.com/search/results/people/?keywords=PHILIPPE+FOUREL+REGIE+NETWORKS,https://www.pagesjaunes.fr/annuaire/chercherlespros?quoiqui=REGIE+NETWORKS&ou=LYON+9EME,https://www.societe.com/cgi-bin/search?champs=339200669,https://fr.trustpilot.com/review/regienetworks.fr,https://fr.linkedin.com/company/nrjglobalr,regienetworks.fr,250-499,2023,ETI,65,141,,59887703,,1517212,2024,40,1986-11-01,SAS,,,,non,non,,0086,FR45339200669,active,,339200669,33920066900283,73.12Z,134 AV 25EME RGT TIRAILLEURS SENEGALAIS 69009 LYON 9EME,45.784904726,4.8029650106,,,,JEAN-MICHEL EMMANUEL HASNI (Directeur Général); FORVIS MAZARS SA (Commissaire aux comptes titulaire),oui,oui,2026-08-01,sirene,LYON 9EME
CENTRE FRANCE PUBLICITE,C,36,a contacter,,,,,,,,,,,,marketing_com,Activites des agences de publicite,CLERMONT-FERRAND,63100,63,Auvergne-Rhone-Alpes,,,,FRANCIS GAUNAND,Directeur Général,site+8|effectif+10|categorie+5|multi-sites+8|dirigeant+5,https://centrefrancepublicite.com,https://www.pappers.fr/entreprise/329337984,https://annuaire-entreprises.data.gouv.fr/entreprise/329337984,https://annuaire-entreprises.data.gouv.fr/annonces/329337984,https://annuaire-entreprises.data.gouv.fr/donnees-financieres/329337984,https://annuaire-entreprises.data.gouv.fr/dirigeants/329337984,"https://www.google.com/maps?q=45.787859255,3.101011599",https://www.google.com/search?q=CENTRE+FRANCE+PUBLICITE+CLERMONT-FERRAND,https://news.google.com/search?hl=fr&q=%22CENTRE+FRANCE+PUBLICITE%22,https://www.linkedin.com/search/results/companies/?keywords=CENTRE+FRANCE+PUBLICITE,https://www.linkedin.com/search/results/people/?keywords=FRANCIS+GAUNAND+CENTRE+FRANCE+PUBLICITE,https://www.pagesjaunes.fr/annuaire/chercherlespros?quoiqui=CENTRE+FRANCE+PUBLICITE&ou=CLERMONT-FERRAND,https://www.societe.com/cgi-bin/search?champs=329337984,https://fr.trustpilot.com/review/centrefrancepublicite.com,https://www.linkedin.com/company/26983111,centrefrancepublicite.com,100-199,2023,ETI,20,46,,36264657,,-993427,2024,42,1984-01-01,SAS,CFP,,,non,non,,"0086, 9999",FR94329337984,active,,329337984,32933798400226,73.11Z,45 RUE DU CLOS FOUR 63100 CLERMONT-FERRAND,45.787859255,3.101011599,,,,SAS WOLFF ET ASSOCIES (Commissaire aux comptes titulaire); AUDIT MAISONNEUVE (Commissaire aux comptes suppléant); LA MONTAGNE (Président de SAS),oui,oui,2026-08-02,sirene,CLERMONT-FERRAND
MAISON FG,C,36,a contacter,,,,,,,,,,,,marketing_com,Activites des agences de publicite,PARIS,75001,75,Ile-de-France,,,,ANTOINE BADUEL,Président de SAS,site+8|effectif+10|categorie+5|multi-sites+8|dirigeant+5,https://maisonfg.com,https://www.pappers.fr/entreprise/392357422,https://annuaire-entreprises.data.gouv.fr/entreprise/392357422,https://annuaire-entreprises.data.gouv.fr/annonces/392357422,https://annuaire-entreprises.data.gouv.fr/donnees-financieres/392357422,https://annuaire-entreprises.data.gouv.fr/dirigeants/392357422,"https://www.google.com/maps?q=48.859084814,2.3468217597",https://www.google.com/search?q=MAISON+FG+PARIS,https://news.google.com/search?hl=fr&q=%22MAISON+FG%22,https://www.linkedin.com/search/results/companies/?keywords=MAISON+FG,https://www.linkedin.com/search/results/people/?keywords=ANTOINE+BADUEL+MAISON+FG,https://www.pagesjaunes.fr/annuaire/chercherlespros?quoiqui=MAISON+FG&ou=PARIS,https://www.societe.com/cgi-bin/search?champs=392357422,https://fr.trustpilot.com/review/maisonfg.com,,maisonfg.com,6-9,2023,PME,2,6,,,,-73067,2024,33,1993-09-10,SAS,,AGENCE FG,,non,non,,0086,FR73392357422,active,,392357422,39235742200022,73.11Z,108 RUE DE RIVOLI 75001 PARIS,48.859084814,2.3468217597,,,,,oui,oui,2026-08-02,sirene,PARIS
FG PUBLICITE,C,35,a contacter,,,,,,,,,,,,marketing_com,Regie publicitaire de medias,LA RAVOIRE,73490,73,Auvergne-Rhone-Alpes,,,,GF INVEST,Directeur Général,ca+15|effectif+10|categorie+5|dirigeant+5,,https://www.pappers.fr/entreprise/389779398,https://annuaire-entreprises.data.gouv.fr/entreprise/389779398,https://annuaire-entreprises.data.gouv.fr/annonces/389779398,https://annuaire-entreprises.data.gouv.fr/donnees-financieres/389779398,https://annuaire-entreprises.data.gouv.fr/dirigeants/389779398,"https://www.google.com/maps?q=45.56266696,5.9703449908",https://www.google.com/search?q=FG+PUBLICITE+LA+RAVOIRE,https://news.google.com/search?hl=fr&q=%22FG+PUBLICITE%22,https://www.linkedin.com/search/results/companies/?keywords=FG+PUBLICITE,https://www.linkedin.com/search/results/people/?keywords=GF+INVEST+FG+PUBLICITE,https://www.pagesjaunes.fr/annuaire/chercherlespros?quoiqui=FG+PUBLICITE&ou=LA+RAVOIRE,https://www.societe.com/cgi-bin/search?champs=389779398,,,,3-5,2023,PME,1,3,,2072292,,512620,2023,33,1993-01-19,SAS,,,,non,non,,0086,FR05389779398,active,,389779398,38977939800038,73.12Z,1999 RTE DEPARTEMENTALE 1006 73490 LA RAVOIRE,45.56266696,5.9703449908,,,,ISIS (Président),non,oui,2026-08-03,sirene,LA RAVOIRE
SOCIETE CALADOISE D'AFFICHAGE PUBLICITAIRE,C,35,a contacter,,,,,,,,,,,,marketing_com,Activites des agences de publicite,LA BOUILLADISSE,13720,13,Provence-Alpes-Cote d'Azur,,,,SARAH SWAENEPOEL,Gérant,ca+15|effectif+10|categorie+5|dirigeant+5,,https://www.pappers.fr/entreprise/353327687,https://annuaire-entreprises.data.gouv.fr/entreprise/353327687,https://annuaire-entreprises.data.gouv.fr/annonces/353327687,https://annuaire-entreprises.data.gouv.fr/donnees-financieres/353327687,https://annuaire-entreprises.data.gouv.fr/dirigeants/353327687,"https://www.google.com/maps?q=43.4047998304164,5.60280167776482",https://www.google.com/search?q=SOCIETE+CALADOISE+D%27AFFICHAGE+PUBLICITAIRE+LA+BOUILLADISSE,https://news.google.com/search?hl=fr&q=%22SOCIETE+CALADOISE+D%27AFFICHAGE+PUBLICITAIRE%22,https://www.linkedin.com/search/results/companies/?keywords=SOCIETE+CALADOISE+D%27AFFICHAGE+PUBLICITAIRE,https://www.linkedin.com/search/results/people/?keywords=SARAH+SWAENEPOEL+SOCIETE+CALADOISE+D%27AFFICHAGE+PUBLICITAIRE,https://www.pagesjaunes.fr/annuaire/chercherlespros?quoiqui=SOCIETE+CALADOISE+D%27AFFICHAGE+PUBLICITAIRE&ou=LA+BOUILLADISSE,https://www.societe.com/cgi-bin/search?champs=353327687,,,,3-5,2023,PME,1,9,,303560,,9371,2020,36,1990-02-02,SARL,SCAP,,,non,non,,,FR53353327687,active,,353327687,35332768700094,73.11Z,11 CHEMIN DU RESERVOIR 13720 LA BOUILLADISSE,43.4047998304164,5.60280167776482,,,,,non,oui,2026-08-01,sirene,LA BOUILLADISSE
EUROPE REGIES OUEST,C,33,a contacter,,,,,,,,,,,,marketing_com,Regie publicitaire de medias,RENNES,35000,35,Bretagne,,,,JEAN-FRANCOIS RUHLMANN,Gérant,effectif+10|categorie+5|multi-sites+8|anciennete+5|dirigeant+5,,https://www.pappers.fr/entreprise/404391542,https://annuaire-entreprises.data.gouv.fr/entreprise/404391542,https://annuaire-entreprises.data.gouv.fr/annonces/404391542,https://annuaire-entreprises.data.gouv.fr/donnees-financieres/404391542,https://annuaire-entreprises.data.gouv.fr/dirigeants/404391542,"https://www.google.com/maps?q=48.0939157489205,-1.62901428008147",https://www.google.com/search?q=EUROPE+REGIES+OUEST+RENNES,https://news.google.com/search?hl=fr&q=%22EUROPE+REGIES+OUEST%22,https://www.linkedin.com/search/results/companies/?keywords=EUROPE+REGIES+OUEST,https://www.linkedin.com/search/results/people/?keywords=JEAN-FRANCOIS+RUHLMANN+EUROPE+REGIES+OUEST,https://www.pagesjaunes.fr/annuaire/chercherlespros?quoiqui=EUROPE+REGIES+OUEST&ou=RENNES,https://www.societe.com/cgi-bin/search?champs=404391542,,,,100-199,2023,ETI,59,127,,29888168,,201510,2024,30,1996-03-25,SARL,,,,non,non,,0086,FR03404391542,active,,404391542,40439154200945,73.12Z,10 RUE DU BREIL 35000 RENNES,48.0939157489205,-1.62901428008147,,,,KPMG SA (Commissaire aux comptes titulaire),non,oui,2026-08-02,sirene,RENNES
AUTREMENT DIT COMMUNICATION,C,33,a contacter,,,,,,,,,,,,marketing_com,Conseil en relations publiques et communication,SISTERON,04200,04,Provence-Alpes-Cote d'Azur,,,,PASCAL IRANZO,Gérant,effectif+10|categorie+5|multi-sites+8|anciennete+5|dirigeant+5,,https://www.pappers.fr/entreprise/444906820,https://annuaire-entreprises.data.gouv.fr/entreprise/444906820,https://annuaire-entreprises.data.gouv.fr/annonces/444906820,https://annuaire-entreprises.data.gouv.fr/donnees-financieres/444906820,https://annuaire-entreprises.data.gouv.fr/dirigeants/444906820,"https://www.google.com/maps?q=44.2320927632396,5.91149976895111",https://www.google.com/search?q=AUTREMENT+DIT+COMMUNICATION+SISTERON,https://news.google.com/search?hl=fr&q=%22AUTREMENT+DIT+COMMUNICATION%22,https://www.linkedin.com/search/results/companies/?keywords=AUTREMENT+DIT+COMMUNICATION,https://www.linkedin.com/search/results/people/?keywords=PASCAL+IRANZO+AUTREMENT+DIT+COMMUNICATION,https://www.pagesjaunes.fr/annuaire/chercherlespros?quoiqui=AUTREMENT+DIT+COMMUNICATION&ou=SISTERON,https://www.societe.com/cgi-bin/search?champs=444906820,,,,3-5,2023,PME,2,4,,,,6078,2017,23,2003-01-01,SARL,,,,non,non,,0086,FR84444906820,active,,444906820,44490682000030,70.21Z,PARC D'ACTIVITES SISTERON VAL DURANCE 30 ALLEE DES TILLEULS 04200 SISTERON,44.2320927632396,5.91149976895111,,,,,non,oui,2026-08-03,sirene,SISTERON
SNE15,C,33,a contacter,,,,,,,,,,,,marketing_com,Activites des agences de publicite,VIRIAT,01440,01,Auvergne-Rhone-Alpes,,,,SNCJ88,Président de SAS,effectif+10|categorie+5|multi-sites+8|anciennete+5|dirigeant+5,,https://www.pappers.fr/entreprise/851885715,https://annuaire-entreprises.data.gouv.fr/entreprise/851885715,https://annuaire-entreprises.data.gouv.fr/annonces/851885715,https://annuaire-entreprises.data.gouv.fr/donnees-financieres/851885715,https://annuaire-entreprises.data.gouv.fr/dirigeants/851885715,"https://www.google.com/maps?q=46.2176101679872,5.21040224660354",https://www.google.com/search?q=SNE15+VIRIAT,https://news.google.com/search?hl=fr&q=%22SNE15%22,https://www.linkedin.com/search/results/companies/?keywords=SNE15,https://www.linkedin.com/search/results/people/?keywords=SNCJ88+SNE15,https://www.pagesjaunes.fr/annuaire/chercherlespros?quoiqui=SNE15&ou=VIRIAT,https://www.societe.com/cgi-bin/search?champs=851885715,,,,10-19,2023,PME,2,3,,,,,,7,2019-06-19,SAS,,,,non,non,,0733,FR00851885715,active,,851885715,85188571500025,73.11Z,702 RUE DE LA SOURCE 01440 VIRIAT,46.2176101679872,5.21040224660354,,,,,non,oui,2026-08-01,sirene,VIRIAT
IDECREATION,C,33,a contacter,,,,,,,,,,,,marketing_com,Activites des agences de publicite,ETAMPES-SUR-MARNE,02400,02,Hauts-de-France,,,,FABIEN IDELOT (IDELOT),Gérant,site+8|effectif+10|categorie+5|anciennete+5|dirigeant+5,https://idecreation.fr,https://www.pappers.fr/entreprise/508582574,https://annuaire-entreprises.data.gouv.fr/entreprise/508582574,https://annuaire-entreprises.data.gouv.fr/annonces/508582574,https://annuaire-entreprises.data.gouv.fr/donnees-financieres/508582574,https://annuaire-entreprises.data.gouv.fr/dirigeants/508582574,"https://www.google.com/maps?q=49.037884688,3.4133786181",https://www.google.com/search?q=IDECREATION+ETAMPES-SUR-MARNE,https://news.google.com/search?hl=fr&q=%22IDECREATION%22,https://www.linkedin.com/search/results/companies/?keywords=IDECREATION,https://www.linkedin.com/search/results/people/?keywords=FABIEN+IDELOT+%28IDELOT%29+IDECREATION,https://www.pagesjaunes.fr/annuaire/chercherlespros?quoiqui=IDECREATION&ou=ETAMPES-SUR-MARNE,https://www.societe.com/cgi-bin/search?champs=508582574,https://fr.trustpilot.com/review/idecreation.fr,,idecreation.fr,3-5,2023,PME,1,2,,,,,,18,2008-10-01,SARL,,,,non,non,,1539,FR08508582574,active,,508582574,50858257400028,73.11Z,11 B AVENUE ERNEST COUVRECELLE 02400 ETAMPES-SUR-MARNE,49.037884688,3.4133786181,,,,FABIEN VALERI IDELOT (Gérant),oui,oui,2026-08-02,sirene,ETAMPES-SUR-MARNE
MINORCA,C,33,a contacter,,,,,,,,,,,,marketing_com,Activites des agences de publicite,SAINT-GENIS-POUILLY,01630,01,Auvergne-Rhone-Alpes,,,,NATACHA GAELE CATHERINE BALAGUER (ARRADON),Contrôleur de gestion,site+8|effectif+10|categorie+5|anciennete+5|dirigeant+5,https://minorca.fr,https://www.pappers.fr/entreprise/922643671,https://annuaire-entreprises.data.gouv.fr/entreprise/922643671,https://annuaire-entreprises.data.gouv.fr/annonces/922643671,https://annuaire-entreprises.data.gouv.fr/donnees-financieres/922643671,https://annuaire-entreprises.data.gouv.fr/dirigeants/922643671,"https://www.google.com/maps?q=46.2648451014053,6.02993794138296",https://www.google.com/search?q=MINORCA+SAINT-GENIS-POUILLY,https://news.google.com/search?hl=fr&q=%22MINORCA%22,https://www.linkedin.com/search/results/companies/?keywords=MINORCA,https://www.linkedin.com/search/results/people/?keywords=NATACHA+GAELE+CATHERINE+BALAGUER+%28ARRADON%29+MINORCA,https://www.pagesjaunes.fr/annuaire/chercherlespros?quoiqui=MINORCA&ou=SAINT-GENIS-POUILLY,https://www.societe.com/cgi-bin/search?champs=922643671,https://fr.trustpilot.com/review/minorca.fr,,minorca.fr,10-19,2023,ETI,1,1,,,,,,4,2022-12-19,6220,,,,non,non,,2216,FR38922643671,active,,922643671,92264367100014,73.11Z,4 ROUTE DE CROZET 01630 SAINT-GENIS-POUILLY,46.2648451014053,6.02993794138296,,,,SANDRINE GHISLAINE NICAUD (Contrôleur des comptes); POUNY (Membre); CORINEVA (Membre); TOMIYA (Membre),oui,oui,2026-08-01,sirene,SAINT-GENIS-POUILLY
ZARRI,C,33,a contacter,,,,,,,,,,,,marketing_com,Conseil en relations publiques et communication,PARIS,75017,75,Ile-de-France,,,,HENRY ERNEST ISSARTEL,Président de SAS,site+8|effectif+10|categorie+5|anciennete+5|dirigeant+5,https://zarri.com,https://www.pappers.fr/entreprise/978212462,https://annuaire-entreprises.data.gouv.fr/entreprise/978212462,https://annuaire-entreprises.data.gouv.fr/annonces/978212462,https://annuaire-entreprises.data.gouv.fr/donnees-financieres/978212462,https://annuaire-entreprises.data.gouv.fr/dirigeants/978212462,"https://www.google.com/maps?q=48.8774546159694,2.29205790197147",https://www.google.com/search?q=ZARRI+PARIS,https://news.google.com/search?hl=fr&q=%22ZARRI%22,https://www.linkedin.com/search/results/companies/?keywords=ZARRI,https://www.linkedin.com/search/results/people/?keywords=HENRY+ERNEST+ISSARTEL+ZARRI,https://www.pagesjaunes.fr/annuaire/chercherlespros?quoiqui=ZARRI&ou=PARIS,https://www.societe.com/cgi-bin/search?champs=978212462,https://fr.trustpilot.com/review/zarri.com,,zarri.com,6-9,2023,PME,1,2,,,,,,3,2023-07-28,SAS,,ON AND OFF AGENCY,,non,non,,,FR77978212462,active,,978212462,97821246200029,70.21Z,6 RUE D'ARMAILLE 75017 PARIS,48.8774546159694,2.29205790197147,,,,,oui,oui,2026-08-02,sirene,PARIS
CLERYPUB,C,30,a contacter,,,,,,,,,,,,marketing_com,Activites des agences de publicite,CHATEAU-ARNOUX-SAINT-AUBAN,,04,,04 92 64 24 73,contact@clerypub.fr,mx_ok,,,email+20|tel+10,https://clerypub.fr,https://www.pappers.fr/entreprise/508335775,https://annuaire-entreprises.data.gouv.fr/entreprise/508335775,https://annuaire-entreprises.data.gouv.fr/annonces/508335775,https://annuaire-entreprises.data.gouv.fr/donnees-financieres/508335775,https://annuaire-entreprises.data.gouv.fr/dirigeants/508335775,https://www.google.com/maps/search/?api=1&query=CLERYPUB+CHATEAU-ARNOUX-SAINT-AUBAN,https://www.google.com/search?q=CLERYPUB+CHATEAU-ARNOUX-SAINT-AUBAN,https://news.google.com/search?hl=fr&q=%22CLERYPUB%22,https://www.linkedin.com/search/results/companies/?keywords=CLERYPUB,,https://www.pagesjaunes.fr/annuaire/chercherlespros?quoiqui=CLERYPUB&ou=CHATEAU-ARNOUX-SAINT-AUBAN,https://www.societe.com/cgi-bin/search?champs=508335775,https://fr.trustpilot.com/review/clerypub.fr,,clerypub.fr,,,,,,,,,,,,,,,,,,,,,FR12508335775,,,508335775,50833577500013,73.11Z,,,,site-generique,non,,,oui,oui,2026-08-03,sirene,
NETMEDIA,C,30,a contacter,,,,,,,,,,,,marketing_com,Activites des agences de publicite,CARPENTRAS,,84,,04 65 02 09 80,contact@netmedia.fr,mx_ok,,,email+20|tel+10,https://netmedia.fr,https://www.pappers.fr/entreprise/441799095,https://annuaire-entreprises.data.gouv.fr/entreprise/441799095,https://annuaire-entreprises.data.gouv.fr/annonces/441799095,https://annuaire-entreprises.data.gouv.fr/donnees-financieres/441799095,https://annuaire-entreprises.data.gouv.fr/dirigeants/441799095,https://www.google.com/maps/search/?api=1&query=NETMEDIA+CARPENTRAS,https://www.google.com/search?q=NETMEDIA+CARPENTRAS,https://news.google.com/search?hl=fr&q=%22NETMEDIA%22,https://www.linkedin.com/search/results/companies/?keywords=NETMEDIA,,https://www.pagesjaunes.fr/annuaire/chercherlespros?quoiqui=NETMEDIA&ou=CARPENTRAS,https://www.societe.com/cgi-bin/search?champs=441799095,https://fr.trustpilot.com/review/netmedia.fr,https://www.linkedin.com/company/agence-netmedia,netmedia.fr,,,,,,,,,,,,,,,,,,,,,FR64441799095,,,441799095,44179909500019,73.11Z,,,,site-generique,non,,,oui,oui,2026-08-03,sirene,
WEMAJ'IN,C,30,a contacter,,,,,,,,,,,,marketing_com,Activites des agences de publicite,AMBERIEU-EN-BUGEY,,01,,04 74 34 53 90,contact@123wemajin.com,no_mx,,,email+20|tel+10,https://wemajin.com,https://www.pappers.fr/entreprise/832491799,https://annuaire-entreprises.data.gouv.fr/entreprise/832491799,https://annuaire-entreprises.data.gouv.fr/annonces/832491799,https://annuaire-entreprises.data.gouv.fr/donnees-financieres/832491799,https://annuaire-entreprises.data.gouv.fr/dirigeants/832491799,https://www.google.com/maps/search/?api=1&query=WEMAJ%27IN+AMBERIEU-EN-BUGEY,https://www.google.com/search?q=WEMAJ%27IN+AMBERIEU-EN-BUGEY,https://news.google.com/search?hl=fr&q=%22WEMAJ%27IN%22,https://www.linkedin.com/search/results/companies/?keywords=WEMAJ%27IN,,https://www.pagesjaunes.fr/annuaire/chercherlespros?quoiqui=WEMAJ%27IN&ou=AMBERIEU-EN-BUGEY,https://www.societe.com/cgi-bin/search?champs=832491799,https://fr.trustpilot.com/review/wemajin.com,https://fr.linkedin.com/company/wemaj-in,wemajin.com,,,,,,,,,,,,,,,,,,,,,FR16832491799,,,832491799,83249179900017,73.11Z,,,,site-generique,non,exemple@123gmail.com,,oui,oui,2026-08-01,sirene,
EBRA MEDIAS BOURGOGNE RHONE-ALPES,C,28,a contacter,,,,,,,,,,,,marketing_com,Regie publicitaire de medias,LYON,69002,69,Auvergne-Rhone-Alpes,,,,BRUNO JEAN HENRI COLAS,Administrateur,effectif+10|categorie+5|multi-sites+8|dirigeant+5,,https://www.pappers.fr/entreprise/338700420,https://annuaire-entreprises.data.gouv.fr/entreprise/338700420,https://annuaire-entreprises.data.gouv.fr/annonces/338700420,https://annuaire-entreprises.data.gouv.fr/donnees-financieres/338700420,https://annuaire-entreprises.data.gouv.fr/dirigeants/338700420,"https://www.google.com/maps?q=45.740828071,4.8154172097",https://www.google.com/search?q=EBRA+MEDIAS+BOURGOGNE+RHONE-ALPES+LYON,https://news.google.com/search?hl=fr&q=%22EBRA+MEDIAS+BOURGOGNE+RHONE-ALPES%22,https://www.linkedin.com/search/results/companies/?keywords=EBRA+MEDIAS+BOURGOGNE+RHONE-ALPES,https://www.linkedin.com/search/results/people/?keywords=BRUNO+JEAN+HENRI+COLAS+EBRA+MEDIAS+BOURGOGNE+RHONE-ALPES,https://www.pagesjaunes.fr/annuaire/chercherlespros?quoiqui=EBRA+MEDIAS+BOURGOGNE+RHONE-ALPES&ou=LYON,https://www.societe.com/cgi-bin/search?champs=338700420,,,,100-199,2023,GE,7,71,,40543366,,-1045213,2024,40,1986-09-01,SA,,,,non,non,,0086,FR82338700420,active,,338700420,33870042000841,73.12Z,4 RUE PAUL MONTROCHET 69002 LYON,45.740828071,4.8154172097,,,,SOPHIE ANDREE DOMINIQUE GOURMELEN (Président du conseil d’administration); DELPHINE SIMONE MANZANO-PEREZ (PARIS) (Directeur Général); GROUPE PROGRES (Administrateur); KPMG SA (Autre),non,oui,2026-08-01,sirene,LYON
A2F,C,25,a contacter,,,,,,,,,,,,marketing_com,Activites des agences de publicite,SAINT-QUENTIN,02100,02,Hauts-de-France,,,,ALEXIE DRECQ,Gérant,effectif+10|categorie+5|anciennete+5|dirigeant+5,,https://www.pappers.fr/entreprise/821860475,https://annuaire-entreprises.data.gouv.fr/entreprise/821860475,https://annuaire-entreprises.data.gouv.fr/annonces/821860475,https://annuaire-entreprises.data.gouv.fr/donnees-financieres/821860475,https://annuaire-entreprises.data.gouv.fr/dirigeants/821860475,"https://www.google.com/maps?q=49.8297070698856,3.30950809965176",https://www.google.com/search?q=A2F+SAINT-QUENTIN,https://news.google.com/search?hl=fr&q=%22A2F%22,https://www.linkedin.com/search/results/companies/?keywords=A2F,https://www.linkedin.com/search/results/people/?keywords=ALEXIE+DRECQ+A2F,https://www.pagesjaunes.fr/annuaire/chercherlespros?quoiqui=A2F&ou=SAINT-QUENTIN,https://www.societe.com/cgi-bin/search?champs=821860475,,,,3-5,2023,PME,1,2,,,,,,10,2016-08-01,SARL,,A2F PUBLICITE,,non,non,,0573,FR32821860475,active,,821860475,82186047500028,73.11Z,85 RUE DE LA FERE 02100 SAINT-QUENTIN,49.8297070698856,3.30950809965176,,,,,non,oui,2026-08-02,sirene,SAINT-QUENTIN
ALPRODIS,C,25,a contacter,,,,,,,,,,,,marketing_com,Activites des agences de publicite,GAP,05000,05,Provence-Alpes-Cote d'Azur,,,,SERGE PIERRE ORCIER,Directeur Général,effectif+10|categorie+5|anciennete+5|dirigeant+5,,https://www.pappers.fr/entreprise/908433337,https://annuaire-entreprises.data.gouv.fr/entreprise/908433337,https://annuaire-entreprises.data.gouv.fr/annonces/908433337,https://annuaire-entreprises.data.gouv.fr/donnees-financieres/908433337,https://annuaire-entreprises.data.gouv.fr/dirigeants/908433337,"https://www.google.com/maps?q=44.545542147,6.0539164918",https://www.google.com/search?q=ALPRODIS+GAP,https://news.google.com/search?hl=fr&q=%22ALPRODIS%22,https://www.linkedin.com/search/results/companies/?keywords=ALPRODIS,https://www.linkedin.com/search/results/people/?keywords=SERGE+PIERRE+ORCIER+ALPRODIS,https://www.pagesjaunes.fr/annuaire/chercherlespros?quoiqui=ALPRODIS&ou=GAP,https://www.societe.com/cgi-bin/search?champs=908433337,,,,3-5,2023,PME,1,1,,,,,,5,2021-12-17,SAS,,,,non,non,,2098,FR51908433337,active,,908433337,90843333700015,73.11Z,51 ROUTE DES EYSSAGNIERES 05000 GAP,44.545542147,6.0539164918,,,,SOFIOR (Président de SAS),non,oui,2026-08-03,sirene,GAP
B2A COMMUNICATION,C,25,a contacter,,,,,,,,,,,,marketing_com,Activites des agences de publicite,BILLY-SUR-AISNE,02200,02,Hauts-de-France,,,,BERNADETTE DUFOUR (DE RUWE),Président de SAS,effectif+10|categorie+5|anciennete+5|dirigeant+5,,https://www.pappers.fr/entreprise/791985971,https://annuaire-entreprises.data.gouv.fr/entreprise/791985971,https://annuaire-entreprises.data.gouv.fr/annonces/791985971,https://annuaire-entreprises.data.gouv.fr/donnees-financieres/791985971,https://annuaire-entreprises.data.gouv.fr/dirigeants/791985971,"https://www.google.com/maps?q=49.368441164,3.3523510178",https://www.google.com/search?q=B2A+COMMUNICATION+BILLY-SUR-AISNE,https://news.google.com/search?hl=fr&q=%22B2A+COMMUNICATION%22,https://www.linkedin.com/search/results/companies/?keywords=B2A+COMMUNICATION,https://www.linkedin.com/search/results/people/?keywords=BERNADETTE+DUFOUR+%28DE+RUWE%29+B2A+COMMUNICATION,https://www.pagesjaunes.fr/annuaire/chercherlespros?quoiqui=B2A+COMMUNICATION&ou=BILLY-SUR-AISNE,https://www.societe.com/cgi-bin/search?champs=791985971,,,,3-5,2023,PME,1,1,,,,,,13,2013-04-01,SAS,,,,non,non,,0086,FR58791985971,active,,791985971,79198597100013,73.11Z,277 RUE DES GRANDS PRES 02200 BILLY-SUR-AISNE,49.368441164,3.3523510178,,,,BERNADETTE GERMAINE IRENE DUFOUR (DE RUWE) (Président de SAS),non,oui,2026-08-02,sirene,BILLY-SUR-AISNE
C.TOUCOM,C,25,a contacter,,,,,,,,,,,,marketing_com,Activites des agences de publicite,MOULINS,03000,03,Auvergne-Rhone-Alpes,,,,BENOIT KORNPROBST (KORNPROBST),Gérant,effectif+10|categorie+5|anciennete+5|dirigeant+5,,https://www.pappers.fr/entreprise/432050680,https://annuaire-entreprises.data.gouv.fr/entreprise/432050680,https://annuaire-entreprises.data.gouv.fr/annonces/432050680,https://annuaire-entreprises.data.gouv.fr/donnees-financieres/432050680,https://annuaire-entreprises.data.gouv.fr/dirigeants/432050680,"https://www.google.com/maps?q=46.560353892,3.3373904217",https://www.google.com/search?q=C.TOUCOM+MOULINS,https://news.google.com/search?hl=fr&q=%22C.TOUCOM%22,https://www.linkedin.com/search/results/companies/?keywords=C.TOUCOM,https://www.linkedin.com/search/results/people/?keywords=BENOIT+KORNPROBST+%28KORNPROBST%29+C.TOUCOM,https://www.pagesjaunes.fr/annuaire/chercherlespros?quoiqui=C.TOUCOM&ou=MOULINS,https://www.societe.com/cgi-bin/search?champs=432050680,,,,6-9,2023,PME,1,4,,,,-164323,2022,26,2000-07-01,SARL,,,,non,non,,0086,FR28432050680,active,,432050680,43205068000037,73.11Z,16 RUE DE REFEMBRE 03000 MOULINS,46.560353892,3.3373904217,,,,BENOIT MICHEL FRANCOIS KORNPROBST (Gérant),non,oui,2026-08-03,sirene,MOULINS
DEPLATIERE PUBLICITE,C,25,a contacter,,,,,,,,,,,,marketing_com,Activites des agences de publicite,MEXIMIEUX,01800,01,Auvergne-Rhone-Alpes,,,,LAURENT JEAN BAPTISTE DEPLATIERE,Président de SAS,effectif+10|categorie+5|anciennete+5|dirigeant+5,,https://www.pappers.fr/entreprise/818352403,https://annuaire-entreprises.data.gouv.fr/entreprise/818352403,https://annuaire-entreprises.data.gouv.fr/annonces/818352403,https://annuaire-entreprises.data.gouv.fr/donnees-financieres/818352403,https://annuaire-entreprises.data.gouv.fr/dirigeants/818352403,"https://www.google.com/maps?q=45.904222278,5.1991195987",https://www.google.com/search?q=DEPLATIERE+PUBLICITE+MEXIMIEUX,https://news.google.com/search?hl=fr&q=%22DEPLATIERE+PUBLICITE%22,https://www.linkedin.com/search/results/companies/?keywords=DEPLATIERE+PUBLICITE,https://www.linkedin.com/search/results/people/?keywords=LAURENT+JEAN+BAPTISTE+DEPLATIERE+DEPLATIERE+PUBLICITE,https://www.pagesjaunes.fr/annuaire/chercherlespros?quoiqui=DEPLATIERE+PUBLICITE&ou=MEXIMIEUX,https://www.societe.com/cgi-bin/search?champs=818352403,,,,3-5,2023,PME,1,1,,,,,,10,2016-02-01,SAS,,CONCEPT ADHESIF,,non,non,,0086,FR25818352403,active,,818352403,81835240300013,73.11Z,8 AVENUE DE VERDUN 01800 MEXIMIEUX,45.904222278,5.1991195987,,,,,non,oui,2026-08-01,sirene,MEXIMIEUX
IDEE BLOC,C,25,a contacter,,,,,,,,,,,,marketing_com,Activites des agences de publicite,BEAUCOUZE,49070,49,Pays de la Loire,,,,GHISLAINE CORBEAU (CORBEAU),Gérant,effectif+10|categorie+5|anciennete+5|dirigeant+5,,https://www.pappers.fr/entreprise/452507817,https://annuaire-entreprises.data.gouv.fr/entreprise/452507817,https://annuaire-entreprises.data.gouv.fr/annonces/452507817,https://annuaire-entreprises.data.gouv.fr/donnees-financieres/452507817,https://annuaire-entreprises.data.gouv.fr/dirigeants/452507817,"https://www.google.com/maps?q=47.466560665,-0.635176904",https://www.google.com/search?q=IDEE+BLOC+BEAUCOUZE,https://news.google.com/search?hl=fr&q=%22IDEE+BLOC%22,https://www.linkedin.com/search/results/companies/?keywords=IDEE+BLOC,https://www.linkedin.com/search/results/people/?keywords=GHISLAINE+CORBEAU+%28CORBEAU%29+IDEE+BLOC,https://www.pagesjaunes.fr/annuaire/chercherlespros?quoiqui=IDEE+BLOC&ou=BEAUCOUZE,https://www.societe.com/cgi-bin/search?champs=452507817,,,,3-5,2023,PME,1,4,,,,,,22,2004-03-11,SARL,,IDEE BLOC,,non,non,,,FR24452507817,active,,452507817,45250781700040,73.11Z,ZA DU PIN 5 AVENUE DU PIN 49070 BEAUCOUZE,47.466560665,-0.635176904,,,,CYRIL PETITEAU (Gérant),non,oui,2026-08-02,sirene,BEAUCOUZE
JABA PRODUCTION,C,25,a contacter,,,,,,,,,,,,marketing_com,Activites des agences de publicite,NEVERS,58000,58,Bourgogne-Franche-Comte,,,,JACQUES ANSAULT,Gérant,effectif+10|categorie+5|anciennete+5|dirigeant+5,,https://www.pappers.fr/entreprise/412611550,https://annuaire-entreprises.data.gouv.fr/entreprise/412611550,https://annuaire-entreprises.data.gouv.fr/annonces/412611550,https://annuaire-entreprises.data.gouv.fr/donnees-financieres/412611550,https://annuaire-entreprises.data.gouv.fr/dirigeants/412611550,"https://www.google.com/maps?q=46.991519408,3.1577231113",https://www.google.com/search?q=JABA+PRODUCTION+NEVERS,https://news.google.com/search?hl=fr&q=%22JABA+PRODUCTION%22,https://www.linkedin.com/search/results/companies/?keywords=JABA+PRODUCTION,https://www.linkedin.com/search/results/people/?keywords=JACQUES+ANSAULT+JABA+PRODUCTION,https://www.pagesjaunes.fr/annuaire/chercherlespros?quoiqui=JABA+PRODUCTION&ou=NEVERS,https://www.societe.com/cgi-bin/search?champs=412611550,,,,10-19,2023,PME,1,4,,,,25775,2024,29,1997-05-15,SARL,,ITI COMMUNICATION - ITI CONSEIL - I,,non,non,,0086,FR08412611550,active,,412611550,41261155000044,73.11Z,12 AVENUE MARCEAU 58000 NEVERS,46.991519408,3.1577231113,,,,,non,oui,2026-08-03,sirene,NEVERS
KINTESENS PROD.,C,25,a contacter,,,,,,,,,,,,marketing_com,Activites des agences de publicite,MOULINS,03000,03,Auvergne-Rhone-Alpes,,,,THOMAS LOMBARD,Gérant,effectif+10|categorie+5|anciennete+5|dirigeant+5,,https://www.pappers.fr/entreprise/889537296,https://annuaire-entreprises.data.gouv.fr/entreprise/889537296,https://annuaire-entreprises.data.gouv.fr/annonces/889537296,https://annuaire-entreprises.data.gouv.fr/donnees-financieres/889537296,https://annuaire-entreprises.data.gouv.fr/dirigeants/889537296,"https://www.google.com/maps?q=46.562565261,3.3322322606",https://www.google.com/search?q=KINTESENS+PROD.+MOULINS,https://news.google.com/search?hl=fr&q=%22KINTESENS+PROD.%22,https://www.linkedin.com/search/results/companies/?keywords=KINTESENS+PROD.,https://www.linkedin.com/search/results/people/?keywords=THOMAS+LOMBARD+KINTESENS+PROD.,https://www.pagesjaunes.fr/annuaire/chercherlespros?quoiqui=KINTESENS+PROD.&ou=MOULINS,https://www.societe.com/cgi-bin/search?champs=889537296,,,,3-5,2023,PME,1,1,,,,,,6,2020-10-01,SARL,,KINTESENS PROD.,,non,non,,0086,FR86889537296,active,,889537296,88953729600010,73.11Z,24 RUE DELORME 03000 MOULINS,46.562565261,3.3322322606,,,,,non,oui,2026-08-03,sirene,MOULINS
MON IMAGE ALPES PROVENCE,C,25,a contacter,,,,,,,,,,,,marketing_com,Activites des agences de publicite,MANOSQUE,04100,04,Provence-Alpes-Cote d'Azur,,,,HELIO AUGUSTO ALVES DE CARVALHO,Gérant,effectif+10|categorie+5|anciennete+5|dirigeant+5,,https://www.pappers.fr/entreprise/892884313,https://annuaire-entreprises.data.gouv.fr/entreprise/892884313,https://annuaire-entreprises.data.gouv.fr/annonces/892884313,https://annuaire-entreprises.data.gouv.fr/donnees-financieres/892884313,https://annuaire-entreprises.data.gouv.fr/dirigeants/892884313,"https://www.google.com/maps?q=43.824343276,5.8008474496",https://www.google.com/search?q=MON+IMAGE+ALPES+PROVENCE+MANOSQUE,https://news.google.com/search?hl=fr&q=%22MON+IMAGE+ALPES+PROVENCE%22,https://www.linkedin.com/search/results/companies/?keywords=MON+IMAGE+ALPES+PROVENCE,https://www.linkedin.com/search/results/people/?keywords=HELIO+AUGUSTO+ALVES+DE+CARVALHO+MON+IMAGE+ALPES+PROVENCE,https://www.pagesjaunes.fr/annuaire/chercherlespros?quoiqui=MON+IMAGE+ALPES+PROVENCE&ou=MANOSQUE,https://www.societe.com/cgi-bin/search?champs=892884313,,,,3-5,2023,PME,1,1,,,,,,6,2020-12-11,SARL,,MON IMAGE ALPES PROVENCE,,non,non,,0086,FR85892884313,active,,892884313,89288431300016,73.11Z,ZI SAINT JOSEPH RUE DENIS PAPIN 04100 MANOSQUE,43.824343276,5.8008474496,,,,ODILE FRANCOISE DECLERCQ (Gérant),non,oui,2026-08-03,sirene,MANOSQUE
MYALP'PUB,C,25,a contacter,,,,,,,,,,,,marketing_com,Activites des agences de publicite,GAP,05000,05,Provence-Alpes-Cote d'Azur,,,,NICOLAS VERLAQUE,Gérant,effectif+10|categorie+5|anciennete+5|dirigeant+5,,https://www.pappers.fr/entreprise/808278162,https://annuaire-entreprises.data.gouv.fr/entreprise/808278162,https://annuaire-entreprises.data.gouv.fr/annonces/808278162,https://annuaire-entreprises.data.gouv.fr/donnees-financieres/808278162,https://annuaire-entreprises.data.gouv.fr/dirigeants/808278162,"https://www.google.com/maps?q=44.53379902313966,6.045377034028334",https://www.google.com/search?q=MYALP%27PUB+GAP,https://news.google.com/search?hl=fr&q=%22MYALP%27PUB%22,https://www.linkedin.com/search/results/companies/?keywords=MYALP%27PUB,https://www.linkedin.com/search/results/people/?keywords=NICOLAS+VERLAQUE+MYALP%27PUB,https://www.pagesjaunes.fr/annuaire/chercherlespros?quoiqui=MYALP%27PUB&ou=GAP,https://www.societe.com/cgi-bin/search?champs=808278162,,,,3-5,2023,PME,1,4,,284580,,18920,2017,11,2015-01-02,SARL,AP,MYALP'PUB,,non,non,,,FR77808278162,active,,808278162,80827816200041,73.11Z,43 A ROUTE DE SAINT-JEAN 05000 GAP,44.53379902313966,6.045377034028334,,,,,non,oui,2026-08-03,sirene,GAP
SARL PUB 2000,C,25,a contacter,,,,,,,,,,,,marketing_com,Activites des agences de publicite,GREOLIERES,06620,06,Provence-Alpes-Cote d'Azur,,,,STEPHANIE SYLVIE FREDERIQUE VASSEUR (DEVAULT),Gérant,effectif+10|categorie+5|anciennete+5|dirigeant+5,,https://www.pappers.fr/entreprise/418378238,https://annuaire-entreprises.data.gouv.fr/entreprise/418378238,https://annuaire-entreprises.data.gouv.fr/annonces/418378238,https://annuaire-entreprises.data.gouv.fr/donnees-financieres/418378238,https://annuaire-entreprises.data.gouv.fr/dirigeants/418378238,"https://www.google.com/maps?q=43.794727294,6.9727102262",https://www.google.com/search?q=SARL+PUB+2000+GREOLIERES,https://news.google.com/search?hl=fr&q=%22SARL+PUB+2000%22,https://www.linkedin.com/search/results/companies/?keywords=SARL+PUB+2000,https://www.linkedin.com/search/results/people/?keywords=STEPHANIE+SYLVIE+FREDERIQUE+VASSEUR+%28DEVAULT%29+SARL+PUB+2000,https://www.pagesjaunes.fr/annuaire/chercherlespros?quoiqui=SARL+PUB+2000&ou=GREOLIERES,https://www.societe.com/cgi-bin/search?champs=418378238,,,,3-5,2023,PME,1,4,,250969,,12558,2022,28,1998-04-01,SARL,,,,non,non,,0086,FR25418378238,active,,418378238,41837823800046,73.11Z,LE ROC FLEURI 380 ROUTE DE COURSEGOULES 06620 GREOLIERES,43.794727294,6.9727102262,,,,,non,oui,2026-08-03,sirene,GREOLIERES
STD TRADING,C,22,a contacter,,,,,,,,,,,,marketing_com,Conseil en relations publiques et communication,PREMILHAT,,03,,05 94 25 66 67,admin@stdtrading.com,mx_ok,,,email+12|tel+10,https://stdtrading.com,https://www.pappers.fr/entreprise/534495833,https://annuaire-entreprises.data.gouv.fr/entreprise/534495833,https://annuaire-entreprises.data.gouv.fr/annonces/534495833,https://annuaire-entreprises.data.gouv.fr/donnees-financieres/534495833,https://annuaire-entreprises.data.gouv.fr/dirigeants/534495833,https://www.google.com/maps/search/?api=1&query=STD+TRADING+PREMILHAT,https://www.google.com/search?q=STD+TRADING+PREMILHAT,https://news.google.com/search?hl=fr&q=%22STD+TRADING%22,https://www.linkedin.com/search/results/companies/?keywords=STD+TRADING,,https://www.pagesjaunes.fr/annuaire/chercherlespros?quoiqui=STD+TRADING&ou=PREMILHAT,https://www.societe.com/cgi-bin/search?champs=534495833,https://fr.trustpilot.com/review/stdtrading.com,,stdtrading.com,,,,,,,,,,,,,,,,,,,,,FR08534495833,,,534495833,53449583300053,70.21Z,,,,site,non,,,oui,oui,2026-08-02,sirene,
LES EDITIONS DU CENTRE,C,20,a contacter,,,,,,,,,,,,marketing_com,Activites des agences de publicite,VICHY,03200,03,Auvergne-Rhone-Alpes,,,,FRANCK DICHAMPS,Gérant,effectif+10|categorie+5|dirigeant+5,,https://www.pappers.fr/entreprise/398474064,https://annuaire-entreprises.data.gouv.fr/entreprise/398474064,https://annuaire-entreprises.data.gouv.fr/annonces/398474064,https://annuaire-entreprises.data.gouv.fr/donnees-financieres/398474064,https://annuaire-entreprises.data.gouv.fr/dirigeants/398474064,"https://www.google.com/maps?q=46.127327587,3.4243441492",https://www.google.com/search?q=LES+EDITIONS+DU+CENTRE+VICHY,https://news.google.com/search?hl=fr&q=%22LES+EDITIONS+DU+CENTRE%22,https://www.linkedin.com/search/results/companies/?keywords=LES+EDITIONS+DU+CENTRE,https://www.linkedin.com/search/results/people/?keywords=FRANCK+DICHAMPS+LES+EDITIONS+DU+CENTRE,https://www.pagesjaunes.fr/annuaire/chercherlespros?quoiqui=LES+EDITIONS+DU+CENTRE&ou=VICHY,https://www.societe.com/cgi-bin/search?champs=398474064,,,,3-5,2023,PME,1,2,,114865,,-18245,2022,32,1994-10-01,SARL,,,,non,non,,0086,FR24398474064,active,,398474064,39847406400027,73.11Z,13 RUE DESBREST 03200 VICHY,46.127327587,3.4243441492,,,,,non,oui,2026-08-03,sirene,VICHY
MC-MEDIA,C,20,a contacter,,,,,,,,,,,,marketing_com,Conseil en relations publiques et communication,POLIGNY,,39,,,hello@mcmedia.io,mx_ok,,,email+20,https://mcmedia.io,https://www.pappers.fr/entreprise/750475444,https://annuaire-entreprises.data.gouv.fr/entreprise/750475444,https://annuaire-entreprises.data.gouv.fr/annonces/750475444,https://annuaire-entreprises.data.gouv.fr/donnees-financieres/750475444,https://annuaire-entreprises.data.gouv.fr/dirigeants/750475444,https://www.google.com/maps/search/?api=1&query=MC-MEDIA+POLIGNY,https://www.google.com/search?q=MC-MEDIA+POLIGNY,https://news.google.com/search?hl=fr&q=%22MC-MEDIA%22,https://www.linkedin.com/search/results/companies/?keywords=MC-MEDIA,,https://www.pagesjaunes.fr/annuaire/chercherlespros?quoiqui=MC-MEDIA&ou=POLIGNY,https://www.societe.com/cgi-bin/search?champs=750475444,https://fr.trustpilot.com/review/mcmedia.io,,mcmedia.io,,,,,,,,,,,,,,,,,,,,,FR84750475444,,,750475444,75047544400014,70.21Z,,,,site-generique,non,name@company.com; name@firma.de,,oui,oui,2026-08-03,sirene,
GIROD MEDIAS,C,18,a contacter,,,,,,,,,,,,marketing_com,Activites des agences de publicite,MORBIER,,39,,03 84 33 47 90,,,,,site+8|tel+10,https://girodmedias.fr,https://www.pappers.fr/entreprise/377704580,https://annuaire-entreprises.data.gouv.fr/entreprise/377704580,https://annuaire-entreprises.data.gouv.fr/annonces/377704580,https://annuaire-entreprises.data.gouv.fr/donnees-financieres/377704580,https://annuaire-entreprises.data.gouv.fr/dirigeants/377704580,https://www.google.com/maps/search/?api=1&query=GIROD+MEDIAS+MORBIER,https://www.google.com/search?q=GIROD+MEDIAS+MORBIER,https://news.google.com/search?hl=fr&q=%22GIROD+MEDIAS%22,https://www.linkedin.com/search/results/companies/?keywords=GIROD+MEDIAS,,https://www.pagesjaunes.fr/annuaire/chercherlespros?quoiqui=GIROD+MEDIAS&ou=MORBIER,https://www.societe.com/cgi-bin/search?champs=377704580,https://fr.trustpilot.com/review/girodmedias.fr,,girodmedias.fr,,,,,,,,,,,,,,,,,,,,,FR07377704580,,,377704580,37770458000036,73.11Z,,,,,,,,oui,oui,2026-08-02,sirene,
COM O CARRE,C,8,a contacter,,,,,,,,,,,,marketing_com,Activites des agences de publicite,BELLEY,,01,,,,,,,site+8,https://comocarre.fr,https://www.pappers.fr/entreprise/508000080,https://annuaire-entreprises.data.gouv.fr/entreprise/508000080,https://annuaire-entreprises.data.gouv.fr/annonces/508000080,https://annuaire-entreprises.data.gouv.fr/donnees-financieres/508000080,https://annuaire-entreprises.data.gouv.fr/dirigeants/508000080,https://www.google.com/maps/search/?api=1&query=COM+O+CARRE+BELLEY,https://www.google.com/search?q=COM+O+CARRE+BELLEY,https://news.google.com/search?hl=fr&q=%22COM+O+CARRE%22,https://www.linkedin.com/search/results/companies/?keywords=COM+O+CARRE,,https://www.pagesjaunes.fr/annuaire/chercherlespros?quoiqui=COM+O+CARRE&ou=BELLEY,https://www.societe.com/cgi-bin/search?champs=508000080,https://fr.trustpilot.com/review/comocarre.fr,,comocarre.fr,,,,,,,,,,,,,,,,,,,,,FR78508000080,,,508000080,50800008000020,73.11Z,,,,,,,,oui,oui,2026-08-01,sirene,
.REPLIQ,,,a contacter,,,,,,,,,,,,marketing_com,Conseil en relations publiques et communication,TOULOUSE,,31,,,,,,,,,,,,,,,,,,,,,,,,,,,,,,,,,,,,,,,,,,,,,,,911330710,91133071000011,70.21Z,,,,,,,,,,,sirene,
1 2 3 MEDIA,,,a contacter,,,,,,,,,,,,marketing_com,Conseil en relations publiques et communication,CHASSIEU,,69,,,,,,,,,,,,,,,,,,,,,,,,,,,,,,,,,,,,,,,,,,,,,,,520745886,52074588600025,70.21Z,,,,,,,,,,,sirene,
1 2 3 SIMONE,,,a contacter,,,,,,,,,,,,marketing_com,Conseil en relations publiques et communication,LAGORD,,17,,,,,,,,,,,,,,,,,,,,,,,,,,,,,,,,,,,,,,,,,,,,,,,798893178,79889317800037,70.21Z,,,,,,,,,,,sirene,
10 COM,,,a contacter,,,,,,,,,,,,marketing_com,Activites des agences de publicite,GRENOBLE,,38,,,,,,,,,,,,,,,,,,,,,,,,,,,,,,,,,,,,,,,,,,,,,,,417787264,41778726400056,73.11Z,,,,,,,,,,,sirene,
100   BONS PLANS,,,a contacter,,,,,,,,,,,,marketing_com,Activites des agences de publicite,COUDEKERQUE-BRANCHE,,59,,,,,,,,,,,,,,,,,,,,,,,,,,,,,,,,,,,,,,,,,,,,,,,444187512,44418751200041,73.11Z,,,,,,,,,,,sirene,
109 L' AGENCE,,,a contacter,,,,,,,,,,,,marketing_com,Conseil en relations publiques et communication,CARQUEIRANNE,,83,,,,,,,,,,,,,,,,,,,,,,,,,,,,,,,,,,,,,,,,,,,,,,,502476468,50247646800041,70.21Z,,,,,,,,,,,sirene,
14 SEPTEMBRE,,,a contacter,,,,,,,,,,,,marketing_com,Activites des agences de publicite,CLICHY,,92,,,,,,,,,,,,,,,,,,,,,,,,,,,,,,,,,,,,,,,,,,,,,,,413958646,41395864600098,73.11Z,,,,,,,,,,,sirene,
14H28,,,a contacter,,,,,,,,,,,,marketing_com,Activites des agences de publicite,ROUBAIX,,59,,,,,,,,,,,,,,,,,,,,,,,,,,,,,,,,,,,,,,,,,,,,,,,438157679,43815767900061,73.11Z,,,,,,,,,,,sirene,
16H33,,,a contacter,,,,,,,,,,,,marketing_com,Activites des agences de publicite,CHAMPNIERS,,16,,,,,,,,,,,,,,,,,,,,,,,,,,,,,,,,,,,,,,,,,,,,,,,819890971,81989097100024,73.11Z,,,,,,,,,,,sirene,
17B COMMUNICATION,,,a contacter,,,,,,,,,,,,marketing_com,Activites des agences de publicite,SAINT-SEBASTIEN-SUR-LOIRE,,44,,,,,,,,,,,,,,,,,,,,,,,,,,,,,,,,,,,,,,,,,,,,,,,347997975,34799797500060,73.11Z,,,,,,,,,,,sirene,
187 COM,,,a contacter,,,,,,,,,,,,marketing_com,Conseil en relations publiques et communication,PARIS,,75,,,,,,,,,,,,,,,,,,,,,,,,,,,,,,,,,,,,,,,,,,,,,,,504840885,50484088500017,70.21Z,,,,,,,,,,,sirene,
1984 AGENCY,,,a contacter,,,,,,,,,,,,marketing_com,Conseil en relations publiques et communication,CHARTRES,,28,,,,,,,,,,,,,,,,,,,,,,,,,,,,,,,,,,,,,,,,,,,,,,,814259073,81425907300033,70.21Z,,,,,,,,,,,sirene,
1CHR,,,a contacter,,,,,,,,,,,,marketing_com,Activites des agences de publicite,BAGNEUX,,92,,,,,,,,,,,,,,,,,,,,,,,,,,,,,,,,,,,,,,,,,,,,,,,808689061,80868906100048,73.11Z,,,,,,,,,,,sirene,
2  D  COM,,,a contacter,,,,,,,,,,,,marketing_com,Activites des agences de publicite,AGEN,,47,,,,,,,,,,,,,,,,,,,,,,,,,,,,,,,,,,,,,,,,,,,,,,,854065307,85406530700027,73.11Z,,,,,,,,,,,sirene,
2 D,,,a contacter,,,,,,,,,,,,marketing_com,Conseil en relations publiques et communication,ISSOIRE,,63,,,,,,,,,,,,,,,,,,,,,,,,,,,,,,,,,,,,,,,,,,,,,,,832175012,83217501200042,70.21Z,,,,,,,,,,,sirene,
2 G PLUS,,,a contacter,,,,,,,,,,,,marketing_com,Activites des agences de publicite,FREJUS,,83,,,,,,,,,,,,,,,,,,,,,,,,,,,,,,,,,,,,,,,,,,,,,,,450736947,45073694700018,73.11Z,,,,,,,,,,,sirene,
2 GETHER MARTINIQUE,,,a contacter,,,,,,,,,,,,marketing_com,Activites des agences de publicite,LE ROBERT,,972,,,,,,,,,,,,,,,,,,,,,,,,,,,,,,,,,,,,,,,,,,,,,,,833626344,83362634400018,73.11Z,,,,,,,,,,,sirene,
212 COM,,,a contacter,,,,,,,,,,,,marketing_com,Activites des agences de publicite,CHALLANS,,85,,,,,,,,,,,,,,,,,,,,,,,,,,,,,,,,,,,,,,,,,,,,,,,527576912,52757691200028,73.11Z,,,,,,,,,,,sirene,
218 ENSEIGNE,,,a contacter,,,,,,,,,,,,marketing_com,Activites des agences de publicite,LYON,,69,,,,,,,,,,,,,,,,,,,,,,,,,,,,,,,,,,,,,,,,,,,,,,,915048375,91504837500017,73.11Z,,,,,,,,,,,sirene,
28 BIS,,,a contacter,,,,,,,,,,,,marketing_com,Conseil en relations publiques et communication,ISSOIRE,,63,,,,,,,,,,,,,,,,,,,,,,,,,,,,,,,,,,,,,,,,,,,,,,,800043523,80004352300045,70.21Z,,,,,,,,,,,sirene,
2BPR,,,a contacter,,,,,,,,,,,,marketing_com,Conseil en relations publiques et communication,SEPTEMES-LES-VALLONS,,13,,,,,,,,,,,,,,,,,,,,,,,,,,,,,,,,,,,,,,,,,,,,,,,510691538,51069153800035,70.21Z,,,,,,,,,,,sirene,
2D PUBLICITE,,,a contacter,,,,,,,,,,,,marketing_com,Activites des agences de publicite,MACHECOUL-SAINT-MEME,,44,,,,,,,,,,,,,,,,,,,,,,,,,,,,,,,,,,,,,,,,,,,,,,,483754511,48375451100044,73.11Z,,,,,,,,,,,sirene,
2DK,,,a contacter,,,,,,,,,,,,marketing_com,Activites des agences de publicite,MONTMORENCY,,95,,,,,,,,,,,,,,,,,,,,,,,,,,,,,,,,,,,,,,,,,,,,,,,521650168,52165016800011,73.11Z,,,,,,,,,,,sirene,
2EXVIA,,,a contacter,,,,,,,,,,,,marketing_com,Activites des agences de publicite,OBERHAUSBERGEN,,67,,,,,,,,,,,,,,,,,,,,,,,,,,,,,,,,,,,,,,,,,,,,,,,409255585,40925558500039,73.11Z,,,,,,,,,,,sirene,
2G PUBLICITE,,,a contacter,,,,,,,,,,,,marketing_com,Activites des agences de publicite,MALAUZAT,,63,,,,,,,,,,,,,,,,,,,,,,,,,,,,,,,,,,,,,,,,,,,,,,,421840877,42184087700045,73.11Z,,,,,,,,,,,sirene,
2M EVENT,,,a contacter,,,,,,,,,,,,marketing_com,Conseil en relations publiques et communication,PLOUER-SUR-RANCE,,22,,,,,,,,,,,,,,,,,,,,,,,,,,,,,,,,,,,,,,,,,,,,,,,524319977,52431997700012,70.21Z,,,,,,,,,,,sirene,
2RCG,,,a contacter,,,,,,,,,,,,marketing_com,Activites des agences de publicite,LAXOU,,54,,,,,,,,,,,,,,,,,,,,,,,,,,,,,,,,,,,,,,,,,,,,,,,888775376,88877537600013,73.11Z,,,,,,,,,,,sirene,
3 B LOISIRS,,,a contacter,,,,,,,,,,,,marketing_com,Activites des agences de publicite,MONTARDON,,64,,,,,,,,,,,,,,,,,,,,,,,,,,,,,,,,,,,,,,,,,,,,,,,408471290,40847129000028,73.11Z,,,,,,,,,,,sirene,
3 COM - MEDIAS,,,a contacter,,,,,,,,,,,,marketing_com,Conseil en relations publiques et communication,DIJON,,21,,,,,,,,,,,,,,,,,,,,,,,,,,,,,,,,,,,,,,,,,,,,,,,534168851,53416885100093,70.21Z,,,,,,,,,,,sirene,
3 D AFFICHAGE,,,a contacter,,,,,,,,,,,,marketing_com,Regie publicitaire de medias,TEMPLEMARS,,59,,,,,,,,,,,,,,,,,,,,,,,,,,,,,,,,,,,,,,,,,,,,,,,479974701,47997470100043,73.12Z,,,,,,,,,,,sirene,
3 GOATS,,,a contacter,,,,,,,,,,,,marketing_com,Activites des agences de publicite,PARIS,,75,,,,,,,,,,,,,,,,,,,,,,,,,,,,,,,,,,,,,,,,,,,,,,,830281333,83028133300039,73.11Z,,,,,,,,,,,sirene,
32 JUILLET,,,a contacter,,,,,,,,,,,,marketing_com,Activites des agences de publicite,TOULOUSE,,31,,,,,,,,,,,,,,,,,,,,,,,,,,,,,,,,,,,,,,,,,,,,,,,423836527,42383652700022,73.11Z,,,,,,,,,,,sirene,
3550 AGENCY,,,a contacter,,,,,,,,,,,,marketing_com,Conseil en relations publiques et communication,BIOT,,06,,,,,,,,,,,,,,,,,,,,,,,,,,,,,,,,,,,,,,,,,,,,,,,908676042,90867604200017,70.21Z,,,,,,,,,,,sirene,
360  NORTH,,,a contacter,,,,,,,,,,,,marketing_com,Conseil en relations publiques et communication,STRASBOURG,,67,,,,,,,,,,,,,,,,,,,,,,,,,,,,,,,,,,,,,,,,,,,,,,,843739483,84373948300017,70.21Z,,,,,,,,,,,sirene,
366 SAS,,,a contacter,,,,,,,,,,,,marketing_com,Regie publicitaire de medias,PARIS,,75,,,,,,,,,,,,,,,,,,,,,,,,,,,,,,,,,,,,,,,,,,,,,,,803554187,80355418700028,73.12Z,,,,,,,,,,,sirene,
37.2 CELSIUS,,,a contacter,,,,,,,,,,,,marketing_com,Conseil en relations publiques et communication,MEUDON,,92,,,,,,,,,,,,,,,,,,,,,,,,,,,,,,,,,,,,,,,,,,,,,,,884426446,88442644600024,70.21Z,,,,,,,,,,,sirene,
3D,,,a contacter,,,,,,,,,,,,marketing_com,Activites des agences de publicite,IVRY-SUR-SEINE,,94,,,,,,,,,,,,,,,,,,,,,,,,,,,,,,,,,,,,,,,,,,,,,,,478179310,47817931000022,73.11Z,,,,,,,,,,,sirene,
3J CREATION,,,a contacter,,,,,,,,,,,,marketing_com,Activites des agences de publicite,DIGNAC,,16,,,,,,,,,,,,,,,,,,,,,,,,,,,,,,,,,,,,,,,,,,,,,,,442215786,44221578600025,73.11Z,,,,,,,,,,,sirene,
3K ELO,,,a contacter,,,,,,,,,,,,marketing_com,Conseil en relations publiques et communication,LA RICHE,,37,,,,,,,,,,,,,,,,,,,,,,,,,,,,,,,,,,,,,,,,,,,,,,,843662784,84366278400043,70.21Z,,,,,,,,,,,sirene,
3L,,,a contacter,,,,,,,,,,,,marketing_com,Activites des agences de publicite,GRATENTOUR,,31,,,,,,,,,,,,,,,,,,,,,,,,,,,,,,,,,,,,,,,,,,,,,,,889313664,88931366400027,73.11Z,,,,,,,,,,,sirene,
4 AOUT,,,a contacter,,,,,,,,,,,,marketing_com,Conseil en relations publiques et communication,PARIS,,75,,,,,,,,,,,,,,,,,,,,,,,,,,,,,,,,,,,,,,,,,,,,,,,492741947,49274194700054,70.21Z,,,,,,,,,,,sirene,
4 COLORS,,,a contacter,,,,,,,,,,,,marketing_com,Conseil en relations publiques et communication,LYON,,69,,,,,,,,,,,,,,,,,,,,,,,,,,,,,,,,,,,,,,,,,,,,,,,853944049,85394404900016,70.21Z,,,,,,,,,,,sirene,
4'INE,,,a contacter,,,,,,,,,,,,marketing_com,Conseil en relations publiques et communication,SAINT-PRIEST-EN-JAREZ,,42,,,,,,,,,,,,,,,,,,,,,,,,,,,,,,,,,,,,,,,,,,,,,,,819001116,81900111600014,70.21Z,,,,,,,,,,,sirene,
40 DEGRES SUR LA BANQUISE,,,a contacter,,,,,,,,,,,,marketing_com,Activites des agences de publicite,MONTROUGE,,92,,,,,,,,,,,,,,,,,,,,,,,,,,,,,,,,,,,,,,,,,,,,,,,351644315,35164431500043,73.11Z,,,,,,,,,,,sirene,
426 C,,,a contacter,,,,,,,,,,,,marketing_com,Activites des agences de publicite,COLOMBES,,92,,,,,,,,,,,,,,,,,,,,,,,,,,,,,,,,,,,,,,,,,,,,,,,501822746,50182274600019,73.11Z,,,,,,,,,,,sirene,
4321 WORLD KEY EVENTS,,,a contacter,,,,,,,,,,,,marketing_com,Conseil en relations publiques et communication,VALBONNE,,06,,,,,,,,,,,,,,,,,,,,,,,,,,,,,,,,,,,,,,,,,,,,,,,810503417,81050341700018,70.21Z,,,,,,,,,,,sirene,
4UATRE,,,a contacter,,,,,,,,,,,,marketing_com,Conseil en relations publiques et communication,PARIS,,75,,,,,,,,,,,,,,,,,,,,,,,,,,,,,,,,,,,,,,,,,,,,,,,484085550,48408555000040,70.21Z,,,,,,,,,,,sirene,
5EME RUE,,,a contacter,,,,,,,,,,,,marketing_com,Conseil en relations publiques et communication,PARIS,,75,,,,,,,,,,,,,,,,,,,,,,,,,,,,,,,,,,,,,,,,,,,,,,,524960796,52496079600034,70.21Z,,,,,,,,,,,sirene,
72 HEURES D'AVANCE,,,a contacter,,,,,,,,,,,,marketing_com,Conseil en relations publiques et communication,CHAMBERY,,73,,,,,,,,,,,,,,,,,,,,,,,,,,,,,,,,,,,,,,,,,,,,,,,898702519,89870251900015,70.21Z,,,,,,,,,,,sirene,
90C LE PRET A COMMUNIQUER,,,a contacter,,,,,,,,,,,,marketing_com,Conseil en relations publiques et communication,MONTROUGE,,92,,,,,,,,,,,,,,,,,,,,,,,,,,,,,,,,,,,,,,,,,,,,,,,420369506,42036950600043,70.21Z,,,,,,,,,,,sirene,
A 7 PUB,,,a contacter,,,,,,,,,,,,marketing_com,Regie publicitaire de medias,LE PETIT-QUEVILLY,,76,,,,,,,,,,,,,,,,,,,,,,,,,,,,,,,,,,,,,,,,,,,,,,,477516470,47751647000036,73.12Z,,,,,,,,,,,sirene,
A GEP,,,a contacter,,,,,,,,,,,,marketing_com,Activites des agences de publicite,BASTIA,,2B,,,,,,,,,,,,,,,,,,,,,,,,,,,,,,,,,,,,,,,,,,,,,,,347891798,34789179800030,73.11Z,,,,,,,,,,,sirene,
A I R F L E X,,,a contacter,,,,,,,,,,,,marketing_com,Activites des agences de publicite,PARIS,,75,,,,,,,,,,,,,,,,,,,,,,,,,,,,,,,,,,,,,,,,,,,,,,,388087645,38808764500049,73.11Z,,,,,,,,,,,sirene,
A L'ENCRE BLEUE,,,a contacter,,,,,,,,,,,,marketing_com,Activites des agences de publicite,VANNES,,56,,,,,,,,,,,,,,,,,,,,,,,,,,,,,,,,,,,,,,,,,,,,,,,481833531,48183353100025,73.11Z,,,,,,,,,,,sirene,
A LA UNE,,,a contacter,,,,,,,,,,,,marketing_com,Activites des agences de publicite,L'UNION,,31,,,,,,,,,,,,,,,,,,,,,,,,,,,,,,,,,,,,,,,,,,,,,,,393005046,39300504600023,73.11Z,,,,,,,,,,,sirene,
A LA UNE CONSEIL,,,a contacter,,,,,,,,,,,,marketing_com,Conseil en relations publiques et communication,L'UNION,,31,,,,,,,,,,,,,,,,,,,,,,,,,,,,,,,,,,,,,,,,,,,,,,,500547013,50054701300010,70.21Z,,,,,,,,,,,sirene,
A LE FLEUVE,,,a contacter,,,,,,,,,,,,marketing_com,Conseil en relations publiques et communication,AUGNY,,57,,,,,,,,,,,,,,,,,,,,,,,,,,,,,,,,,,,,,,,,,,,,,,,882913627,88291362700015,70.21Z,,,,,,,,,,,sirene,
A NOUS LA LUNE,,,a contacter,,,,,,,,,,,,marketing_com,Activites des agences de publicite,LONGUEIL-SAINTE-MARIE,,60,,,,,,,,,,,,,,,,,,,,,,,,,,,,,,,,,,,,,,,,,,,,,,,492754627,49275462700056,73.11Z,,,,,,,,,,,sirene,
A SAUCIER & COMPAGNIE,,,a contacter,,,,,,,,,,,,marketing_com,Activites des agences de publicite,LEVALLOIS-PERRET,,92,,,,,,,,,,,,,,,,,,,,,,,,,,,,,,,,,,,,,,,,,,,,,,,820110526,82011052600010,73.11Z,,,,,,,,,,,sirene,
A TIPIK COMMUNICATION,,,a contacter,,,,,,,,,,,,marketing_com,Activites des agences de publicite,CHEMAUDIN ET VAUX,,25,,,,,,,,,,,,,,,,,,,,,,,,,,,,,,,,,,,,,,,,,,,,,,,492033501,49203350100031,73.11Z,,,,,,,,,,,sirene,
A-F-T COMMUNICATION,,,a contacter,,,,,,,,,,,,marketing_com,Activites des agences de publicite,BREST,,29,,,,,,,,,,,,,,,,,,,,,,,,,,,,,,,,,,,,,,,,,,,,,,,820818243,82081824300017,73.11Z,,,,,,,,,,,sirene,
A-TEAM INSTALLATION,,,a contacter,,,,,,,,,,,,marketing_com,Activites des agences de publicite,BRUYERES-SUR-OISE,,95,,,,,,,,,,,,,,,,,,,,,,,,,,,,,,,,,,,,,,,,,,,,,,,814335071,81433507100019,73.11Z,,,,,,,,,,,sirene,
A. P. I.,,,a contacter,,,,,,,,,,,,marketing_com,Activites des agences de publicite,ROBERVAL,,60,,,,,,,,,,,,,,,,,,,,,,,,,,,,,,,,,,,,,,,,,,,,,,,480403146,48040314600032,73.11Z,,,,,,,,,,,sirene,
A.B.A.F.,,,a contacter,,,,,,,,,,,,marketing_com,Conseil en relations publiques et communication,CESSON-SEVIGNE,,35,,,,,,,,,,,,,,,,,,,,,,,,,,,,,,,,,,,,,,,,,,,,,,,884383480,88438348000032,70.21Z,,,,,,,,,,,sirene,
A.B.C.D'R DECORATION,,,a contacter,,,,,,,,,,,,marketing_com,Activites des agences de publicite,VERRIERES-LE-BUISSON,,91,,,,,,,,,,,,,,,,,,,,,,,,,,,,,,,,,,,,,,,,,,,,,,,404137846,40413784600030,73.11Z,,,,,,,,,,,sirene,
A.F  COMMUNICATION,,,a contacter,,,,,,,,,,,,marketing_com,Regie publicitaire de medias,MONTELIMAR,,26,,,,,,,,,,,,,,,,,,,,,,,,,,,,,,,,,,,,,,,,,,,,,,,393680939,39368093900054,73.12Z,,,,,,,,,,,sirene,
A.G.C.I.,,,a contacter,,,,,,,,,,,,marketing_com,Activites des agences de publicite,AIX-EN-PROVENCE,,13,,,,,,,,,,,,,,,,,,,,,,,,,,,,,,,,,,,,,,,,,,,,,,,434305405,43430540500053,73.11Z,,,,,,,,,,,sirene,
A.G.S.D PUBLICITE,,,a contacter,,,,,,,,,,,,marketing_com,Activites des agences de publicite,SOLRE-LE-CHATEAU,,59,,,,,,,,,,,,,,,,,,,,,,,,,,,,,,,,,,,,,,,,,,,,,,,812603272,81260327200012,73.11Z,,,,,,,,,,,sirene,
A.H. DEVELOPPEMENT,,,a contacter,,,,,,,,,,,,marketing_com,Activites des agences de publicite,PARIS,,75,,,,,,,,,,,,,,,,,,,,,,,,,,,,,,,,,,,,,,,,,,,,,,,891763245,89176324500018,73.11Z,,,,,,,,,,,sirene,
A.H.B,,,a contacter,,,,,,,,,,,,marketing_com,Activites des agences de publicite,SAINT-JEAN-DE-BRAYE,,45,,,,,,,,,,,,,,,,,,,,,,,,,,,,,,,,,,,,,,,,,,,,,,,528763063,52876306300047,73.11Z,,,,,,,,,,,sirene,
A.M.C. PUBLICITE,,,a contacter,,,,,,,,,,,,marketing_com,Activites des agences de publicite,OLEMPS,,12,,,,,,,,,,,,,,,,,,,,,,,,,,,,,,,,,,,,,,,,,,,,,,,503862567,50386256700016,73.11Z,,,,,,,,,,,sirene,
A.M.M.& ASSOCIES,,,a contacter,,,,,,,,,,,,marketing_com,Activites des agences de publicite,ANNECY,,74,,,,,,,,,,,,,,,,,,,,,,,,,,,,,,,,,,,,,,,,,,,,,,,431253012,43125301200014,73.11Z,,,,,,,,,,,sirene,
A.MOB,,,a contacter,,,,,,,,,,,,marketing_com,Activites des agences de publicite,SAINT-DENIS,,93,,,,,,,,,,,,,,,,,,,,,,,,,,,,,,,,,,,,,,,,,,,,,,,801111659,80111165900059,73.11Z,,,,,,,,,,,sirene,
A.N.P.,,,a contacter,,,,,,,,,,,,marketing_com,Regie publicitaire de medias,ESLETTES,,76,,,,,,,,,,,,,,,,,,,,,,,,,,,,,,,,,,,,,,,,,,,,,,,493652168,49365216800029,73.12Z,,,,,,,,,,,sirene,
A.S.M.O.I,,,a contacter,,,,,,,,,,,,marketing_com,Activites des agences de publicite,LE TAMPON,,974,,,,,,,,,,,,,,,,,,,,,,,,,,,,,,,,,,,,,,,,,,,,,,,837785955,83778595500019,73.11Z,,,,,,,,,,,sirene,
A.T. MEDIA COMMUNICATION,,,a contacter,,,,,,,,,,,,marketing_com,Activites des agences de publicite,ORLEANS,,45,,,,,,,,,,,,,,,,,,,,,,,,,,,,,,,,,,,,,,,,,,,,,,,398453407,39845340700031,73.11Z,,,,,,,,,,,sirene,
A26 DIGITAL,,,a contacter,,,,,,,,,,,,marketing_com,Conseil en relations publiques et communication,CHOISY-LE-ROI,,94,,,,,,,,,,,,,,,,,,,,,,,,,,,,,,,,,,,,,,,,,,,,,,,920004108,92000410800022,70.21Z,,,,,,,,,,,sirene,
A2MICILE CREATIVE,,,a contacter,,,,,,,,,,,,marketing_com,Activites des agences de publicite,STRASBOURG,,67,,,,,,,,,,,,,,,,,,,,,,,,,,,,,,,,,,,,,,,,,,,,,,,908403447,90840344700018,73.11Z,,,,,,,,,,,sirene,
A4 COMMUNICATION,,,a contacter,,,,,,,,,,,,marketing_com,Regie publicitaire de medias,ELNE,,66,,,,,,,,,,,,,,,,,,,,,,,,,,,,,,,,,,,,,,,,,,,,,,,504171125,50417112500025,73.12Z,,,,,,,,,,,sirene,
AAFP COMMUNICATIONS,,,a contacter,,,,,,,,,,,,marketing_com,Activites des agences de publicite,VEZIN-LE-COQUET,,35,,,,,,,,,,,,,,,,,,,,,,,,,,,,,,,,,,,,,,,,,,,,,,,404697971,40469797100038,73.11Z,,,,,,,,,,,sirene,
AAZ. DISPLAYS,,,a contacter,,,,,,,,,,,,marketing_com,Activites des agences de publicite,PRINGY,,77,,,,,,,,,,,,,,,,,,,,,,,,,,,,,,,,,,,,,,,,,,,,,,,450536552,45053655200026,73.11Z,,,,,,,,,,,sirene,
AAZ.IMPRESSION,,,a contacter,,,,,,,,,,,,marketing_com,Activites des agences de publicite,PARIS,,75,,,,,,,,,,,,,,,,,,,,,,,,,,,,,,,,,,,,,,,,,,,,,,,450536453,45053645300027,73.11Z,,,,,,,,,,,sirene,
AB 3C,,,a contacter,,,,,,,,,,,,marketing_com,Conseil en relations publiques et communication,PARIS,,75,,,,,,,,,,,,,,,,,,,,,,,,,,,,,,,,,,,,,,,,,,,,,,,384728465,38472846500038,70.21Z,,,,,,,,,,,sirene,
AB COMMUNICATION,,,a contacter,,,,,,,,,,,,marketing_com,Activites des agences de publicite,CAMBRAI,,59,,,,,,,,,,,,,,,,,,,,,,,,,,,,,,,,,,,,,,,,,,,,,,,420456584,42045658400028,73.11Z,,,,,,,,,,,sirene,
AB PRESTIGE COMMUNICATION,,,a contacter,,,,,,,,,,,,marketing_com,Conseil en relations publiques et communication,LYON,,69,,,,,,,,,,,,,,,,,,,,,,,,,,,,,,,,,,,,,,,,,,,,,,,793427394,79342739400036,70.21Z,,,,,,,,,,,sirene,
AB-FAB,,,a contacter,,,,,,,,,,,,marketing_com,Activites des agences de publicite,ARGENTEUIL,,95,,,,,,,,,,,,,,,,,,,,,,,,,,,,,,,,,,,,,,,,,,,,,,,498252782,49825278200038,73.11Z,,,,,,,,,,,sirene,
ABC COM,,,a contacter,,,,,,,,,,,,marketing_com,Conseil en relations publiques et communication,TARTAS,,40,,,,,,,,,,,,,,,,,,,,,,,,,,,,,,,,,,,,,,,,,,,,,,,489960666,48996066600035,70.21Z,,,,,,,,,,,sirene,
ABC MEDIA,,,a contacter,,,,,,,,,,,,marketing_com,Regie publicitaire de medias,ANTIBES,,06,,,,,,,,,,,,,,,,,,,,,,,,,,,,,,,,,,,,,,,,,,,,,,,491656013,49165601300068,73.12Z,,,,,,,,,,,sirene,
ABC MH,,,a contacter,,,,,,,,,,,,marketing_com,Activites des agences de publicite,PAUILLAC,,33,,,,,,,,,,,,,,,,,,,,,,,,,,,,,,,,,,,,,,,,,,,,,,,534135231,53413523100031,73.11Z,,,,,,,,,,,sirene,
ABC PUBLICITE,,,a contacter,,,,,,,,,,,,marketing_com,Activites des agences de publicite,SAINT-LAURENT-DES-VIGNES,,24,,,,,,,,,,,,,,,,,,,,,,,,,,,,,,,,,,,,,,,,,,,,,,,753660885,75366088500017,73.11Z,,,,,,,,,,,sirene,
ABECEDAIRE,,,a contacter,,,,,,,,,,,,marketing_com,Activites des agences de publicite,ROUEN,,76,,,,,,,,,,,,,,,,,,,,,,,,,,,,,,,,,,,,,,,,,,,,,,,842615510,84261551000026,73.11Z,,,,,,,,,,,sirene,
ABILITY,,,a contacter,,,,,,,,,,,,marketing_com,Conseil en relations publiques et communication,PARIS,,75,,,,,,,,,,,,,,,,,,,,,,,,,,,,,,,,,,,,,,,,,,,,,,,849757034,84975703400012,70.21Z,,,,,,,,,,,sirene,
ABMO,,,a contacter,,,,,,,,,,,,marketing_com,Conseil en relations publiques et communication,BORDEAUX,,33,,,,,,,,,,,,,,,,,,,,,,,,,,,,,,,,,,,,,,,,,,,,,,,792546442,79254644200072,70.21Z,,,,,,,,,,,sirene,
ABRASIVE,,,a contacter,,,,,,,,,,,,marketing_com,Conseil en relations publiques et communication,LYON,,69,,,,,,,,,,,,,,,,,,,,,,,,,,,,,,,,,,,,,,,,,,,,,,,509668232,50966823200044,70.21Z,,,,,,,,,,,sirene,
ABSCISSE ACCUEIL,,,a contacter,,,,,,,,,,,,marketing_com,Conseil en relations publiques et communication,VENISSIEUX,,69,,,,,,,,,,,,,,,,,,,,,,,,,,,,,,,,,,,,,,,,,,,,,,,841854136,84185413600022,70.21Z,,,,,,,,,,,sirene,
ABYXO,,,a contacter,,,,,,,,,,,,marketing_com,Regie publicitaire de medias,GIGNAC-LA-NERTHE,,13,,,,,,,,,,,,,,,,,,,,,,,,,,,,,,,,,,,,,,,,,,,,,,,812995231,81299523100048,73.12Z,,,,,,,,,,,sirene,
AC,,,a contacter,,,,,,,,,,,,marketing_com,Conseil en relations publiques et communication,NICE,,06,,,,,,,,,,,,,,,,,,,,,,,,,,,,,,,,,,,,,,,,,,,,,,,834719023,83471902300022,70.21Z,,,,,,,,,,,sirene,
AC&C,,,a contacter,,,,,,,,,,,,marketing_com,Activites des agences de publicite,AIX-EN-PROVENCE,,13,,,,,,,,,,,,,,,,,,,,,,,,,,,,,,,,,,,,,,,,,,,,,,,501169080,50116908000055,73.11Z,,,,,,,,,,,sirene,
ACACIA COM,,,a contacter,,,,,,,,,,,,marketing_com,Conseil en relations publiques et communication,PARIS,,75,,,,,,,,,,,,,,,,,,,,,,,,,,,,,,,,,,,,,,,,,,,,,,,811597186,81159718600014,70.21Z,,,,,,,,,,,sirene,
ACAT LH,,,a contacter,,,,,,,,,,,,marketing_com,Conseil en relations publiques et communication,LILLE,,59,,,,,,,,,,,,,,,,,,,,,,,,,,,,,,,,,,,,,,,,,,,,,,,915178545,91517854500017,70.21Z,,,,,,,,,,,sirene,
ACCENT,,,a contacter,,,,,,,,,,,,marketing_com,Activites des agences de publicite,BOURG-DE-PEAGE,,26,,,,,,,,,,,,,,,,,,,,,,,,,,,,,,,,,,,,,,,,,,,,,,,423005248,42300524800046,73.11Z,,,,,,,,,,,sirene,
ACCENTONIC,,,a contacter,,,,,,,,,,,,marketing_com,Activites des agences de publicite,LIMAS,,69,,,,,,,,,,,,,,,,,,,,,,,,,,,,,,,,,,,,,,,,,,,,,,,393573316,39357331600030,73.11Z,,,,,,,,,,,sirene,
ACCES PROMO,,,a contacter,,,,,,,,,,,,marketing_com,Activites des agences de publicite,PARIS,,75,,,,,,,,,,,,,,,,,,,,,,,,,,,,,,,,,,,,,,,,,,,,,,,488842469,48884246900030,73.11Z,,,,,,,,,,,sirene,
ACDICOM,,,a contacter,,,,,,,,,,,,marketing_com,Activites des agences de publicite,TOULOUSE,,31,,,,,,,,,,,,,,,,,,,,,,,,,,,,,,,,,,,,,,,,,,,,,,,490934726,49093472600038,73.11Z,,,,,,,,,,,sirene,
ACEBO,,,a contacter,,,,,,,,,,,,marketing_com,Activites des agences de publicite,SAINT-SAUVEUR,,80,,,,,,,,,,,,,,,,,,,,,,,,,,,,,,,,,,,,,,,,,,,,,,,440684736,44068473600042,73.11Z,,,,,,,,,,,sirene,
ACFM IMPRESSION,,,a contacter,,,,,,,,,,,,marketing_com,Activites des agences de publicite,MARGNY-LES-COMPIEGNE,,60,,,,,,,,,,,,,,,,,,,,,,,,,,,,,,,,,,,,,,,,,,,,,,,394348817,39434881700047,73.11Z,,,,,,,,,,,sirene,
ACID CREATION,,,a contacter,,,,,,,,,,,,marketing_com,Activites des agences de publicite,GRENOBLE,,38,,,,,,,,,,,,,,,,,,,,,,,,,,,,,,,,,,,,,,,,,,,,,,,409294972,40929497200032,73.11Z,,,,,,,,,,,sirene,
ACM SOURCING,,,a contacter,,,,,,,,,,,,marketing_com,Activites des agences de publicite,EVRY-COURCOURONNES,,91,,,,,,,,,,,,,,,,,,,,,,,,,,,,,,,,,,,,,,,,,,,,,,,823654231,82365423100021,73.11Z,,,,,,,,,,,sirene,
ACPB,,,a contacter,,,,,,,,,,,,marketing_com,Conseil en relations publiques et communication,PARIS,,75,,,,,,,,,,,,,,,,,,,,,,,,,,,,,,,,,,,,,,,,,,,,,,,903793479,90379347900044,70.21Z,,,,,,,,,,,sirene,
ACREA,,,a contacter,,,,,,,,,,,,marketing_com,Activites des agences de publicite,THIAIS,,94,,,,,,,,,,,,,,,,,,,,,,,,,,,,,,,,,,,,,,,,,,,,,,,792062044,79206204400021,73.11Z,,,,,,,,,,,sirene,
ACT FOR SPORT,,,a contacter,,,,,,,,,,,,marketing_com,Conseil en relations publiques et communication,MARSEILLE,,13,,,,,,,,,,,,,,,,,,,,,,,,,,,,,,,,,,,,,,,,,,,,,,,979923224,97992322400021,70.21Z,,,,,,,,,,,sirene,
ACT WEB SARL,,,a contacter,,,,,,,,,,,,marketing_com,Activites des agences de publicite,STRASBOURG,,67,,,,,,,,,,,,,,,,,,,,,,,,,,,,,,,,,,,,,,,,,,,,,,,424009397,42400939700037,73.11Z,,,,,,,,,,,sirene,
ACT.3 FRANCE SARL,,,a contacter,,,,,,,,,,,,marketing_com,Activites des agences de publicite,PARIS,,75,,,,,,,,,,,,,,,,,,,,,,,,,,,,,,,,,,,,,,,,,,,,,,,812865707,81286570700044,73.11Z,,,,,,,,,,,sirene,
ACTE 5,,,a contacter,,,,,,,,,,,,marketing_com,Activites des agences de publicite,STRASBOURG,,67,,,,,,,,,,,,,,,,,,,,,,,,,,,,,,,,,,,,,,,,,,,,,,,342083250,34208325000031,73.11Z,,,,,,,,,,,sirene,
ACTI'ANIM,,,a contacter,,,,,,,,,,,,marketing_com,Activites des agences de publicite,PLERIN,,22,,,,,,,,,,,,,,,,,,,,,,,,,,,,,,,,,,,,,,,,,,,,,,,811464460,81146446000021,73.11Z,,,,,,,,,,,sirene,
ACTICIA CONSEIL,,,a contacter,,,,,,,,,,,,marketing_com,Activites des agences de publicite,PARIS,,75,,,,,,,,,,,,,,,,,,,,,,,,,,,,,,,,,,,,,,,,,,,,,,,522909829,52290982900056,73.11Z,,,,,,,,,,,sirene,
ACTION D'ECLAT,,,a contacter,,,,,,,,,,,,marketing_com,Activites des agences de publicite,LES LOGES-EN-JOSAS,,78,,,,,,,,,,,,,,,,,,,,,,,,,,,,,,,,,,,,,,,,,,,,,,,385105010,38510501000024,73.11Z,,,,,,,,,,,sirene,
ACTION GROUPE COMMUNICATION,,,a contacter,,,,,,,,,,,,marketing_com,Activites des agences de publicite,AGEN,,47,,,,,,,,,,,,,,,,,,,,,,,,,,,,,,,,,,,,,,,,,,,,,,,389165820,38916582000033,73.11Z,,,,,,,,,,,sirene,
ACTION SUD MARKETING,,,a contacter,,,,,,,,,,,,marketing_com,Activites des agences de publicite,BRIGNOLES,,83,,,,,,,,,,,,,,,,,,,,,,,,,,,,,,,,,,,,,,,,,,,,,,,349130765,34913076500028,73.11Z,,,,,,,,,,,sirene,
ACTIONPHONING.COM,,,a contacter,,,,,,,,,,,,marketing_com,Activites des agences de publicite,AIX-LES-BAINS,,73,,,,,,,,,,,,,,,,,,,,,,,,,,,,,,,,,,,,,,,,,,,,,,,883741951,88374195100015,73.11Z,,,,,,,,,,,sirene,
ACTIPAPER,,,a contacter,,,,,,,,,,,,marketing_com,Activites des agences de publicite,SAINT-OUEN-SUR-SEINE,,93,,,,,,,,,,,,,,,,,,,,,,,,,,,,,,,,,,,,,,,,,,,,,,,497542092,49754209200018,73.11Z,,,,,,,,,,,sirene,
ACTIV MEDIAS,,,a contacter,,,,,,,,,,,,marketing_com,Regie publicitaire de medias,SAINT-ETIENNE,,42,,,,,,,,,,,,,,,,,,,,,,,,,,,,,,,,,,,,,,,,,,,,,,,449674167,44967416700027,73.12Z,,,,,,,,,,,sirene,
ACTIV'CONSULT'HOLD,,,a contacter,,,,,,,,,,,,marketing_com,Conseil en relations publiques et communication,SAINT-MAUR-DES-FOSSES,,94,,,,,,,,,,,,,,,,,,,,,,,,,,,,,,,,,,,,,,,,,,,,,,,504335795,50433579500028,70.21Z,,,,,,,,,,,sirene,
ACTIVA PUBLICITE,,,a contacter,,,,,,,,,,,,marketing_com,Activites des agences de publicite,APPOIGNY,,89,,,,,,,,,,,,,,,,,,,,,,,,,,,,,,,,,,,,,,,,,,,,,,,402151989,40215198900025,73.11Z,,,,,,,,,,,sirene,
ACTUS FINANCE & COMMUNICATION,,,a contacter,,,,,,,,,,,,marketing_com,Conseil en relations publiques et communication,PARIS,,75,,,,,,,,,,,,,,,,,,,,,,,,,,,,,,,,,,,,,,,,,,,,,,,384045365,38404536500077,70.21Z,,,,,,,,,,,sirene,
AD AUGUSTA LIMITED,,,a contacter,,,,,,,,,,,,marketing_com,Regie publicitaire de medias,,,,,,,,,,,,,,,,,,,,,,,,,,,,,,,,,,,,,,,,,,,,,,,,,,804185437,80418543700014,73.12Z,,,,,,,,,,,sirene,
AD COM PROVENCE,,,a contacter,,,,,,,,,,,,marketing_com,Activites des agences de publicite,AIX-EN-PROVENCE,,13,,,,,,,,,,,,,,,,,,,,,,,,,,,,,,,,,,,,,,,,,,,,,,,483993622,48399362200024,73.11Z,,,,,,,,,,,sirene,
AD MY SPORTS,,,a contacter,,,,,,,,,,,,marketing_com,Conseil en relations publiques et communication,GRENOBLE,,38,,,,,,,,,,,,,,,,,,,,,,,,,,,,,,,,,,,,,,,,,,,,,,,834918906,83491890600035,70.21Z,,,,,,,,,,,sirene,
AD RING,,,a contacter,,,,,,,,,,,,marketing_com,Activites des agences de publicite,NANCY,,54,,,,,,,,,,,,,,,,,,,,,,,,,,,,,,,,,,,,,,,,,,,,,,,509079588,50907958800059,73.11Z,,,,,,,,,,,sirene,
AD VITAM,,,a contacter,,,,,,,,,,,,marketing_com,Activites des agences de publicite,PARIS,,75,,,,,,,,,,,,,,,,,,,,,,,,,,,,,,,,,,,,,,,,,,,,,,,400429494,40042949400034,73.11Z,,,,,,,,,,,sirene,
AD'VERT CONSEIL,,,a contacter,,,,,,,,,,,,marketing_com,Activites des agences de publicite,BOULOGNE-BILLANCOURT,,92,,,,,,,,,,,,,,,,,,,,,,,,,,,,,,,,,,,,,,,,,,,,,,,824574941,82457494100020,73.11Z,,,,,,,,,,,sirene,
AD.ONE COMMUNICATION,,,a contacter,,,,,,,,,,,,marketing_com,Conseil en relations publiques et communication,SAINT-GEORGES-DE-DIDONNE,,17,,,,,,,,,,,,,,,,,,,,,,,,,,,,,,,,,,,,,,,,,,,,,,,913219390,91321939000014,70.21Z,,,,,,,,,,,sirene,
ADALONG,,,a contacter,,,,,,,,,,,,marketing_com,Conseil en relations publiques et communication,PARIS,,75,,,,,,,,,,,,,,,,,,,,,,,,,,,,,,,,,,,,,,,,,,,,,,,830028858,83002885800033,70.21Z,,,,,,,,,,,sirene,
ADCLEEK,,,a contacter,,,,,,,,,,,,marketing_com,Activites des agences de publicite,NEUILLY-SUR-SEINE,,92,,,,,,,,,,,,,,,,,,,,,,,,,,,,,,,,,,,,,,,,,,,,,,,532447521,53244752100040,73.11Z,,,,,,,,,,,sirene,
ADDITI,,,a contacter,,,,,,,,,,,,marketing_com,Activites des agences de publicite,RENNES,,35,,,,,,,,,,,,,,,,,,,,,,,,,,,,,,,,,,,,,,,,,,,,,,,751598061,75159806100016,73.11Z,,,,,,,,,,,sirene,
ADDITI COM,,,a contacter,,,,,,,,,,,,marketing_com,Regie publicitaire de medias,RENNES,,35,,,,,,,,,,,,,,,,,,,,,,,,,,,,,,,,,,,,,,,,,,,,,,,348883315,34888331500940,73.12Z,,,,,,,,,,,sirene,
ADECOM,,,a contacter,,,,,,,,,,,,marketing_com,Activites des agences de publicite,CHILLY-MAZARIN,,91,,,,,,,,,,,,,,,,,,,,,,,,,,,,,,,,,,,,,,,,,,,,,,,419554365,41955436500025,73.11Z,,,,,,,,,,,sirene,
ADEKOI,,,a contacter,,,,,,,,,,,,marketing_com,Conseil en relations publiques et communication,SANILHAC,,24,,,,,,,,,,,,,,,,,,,,,,,,,,,,,,,,,,,,,,,,,,,,,,,825306459,82530645900025,70.21Z,,,,,,,,,,,sirene,
ADELIOS,,,a contacter,,,,,,,,,,,,marketing_com,Activites des agences de publicite,MALAKOFF,,92,,,,,,,,,,,,,,,,,,,,,,,,,,,,,,,,,,,,,,,,,,,,,,,507902229,50790222900032,73.11Z,,,,,,,,,,,sirene,
ADEO-DESIGN SARL,,,a contacter,,,,,,,,,,,,marketing_com,Activites des agences de publicite,BELFORT,,90,,,,,,,,,,,,,,,,,,,,,,,,,,,,,,,,,,,,,,,,,,,,,,,501584940,50158494000024,73.11Z,,,,,,,,,,,sirene,
ADEONACOM',,,a contacter,,,,,,,,,,,,marketing_com,Activites des agences de publicite,LE THILLOT,,88,,,,,,,,,,,,,,,,,,,,,,,,,,,,,,,,,,,,,,,,,,,,,,,953783826,95378382600019,73.11Z,,,,,,,,,,,sirene,
ADESAIT,,,a contacter,,,,,,,,,,,,marketing_com,Activites des agences de publicite,TRAPPES,,78,,,,,,,,,,,,,,,,,,,,,,,,,,,,,,,,,,,,,,,,,,,,,,,978171056,97817105600036,73.11Z,,,,,,,,,,,sirene,
ADFIELDS  COMMUNICATION,,,a contacter,,,,,,,,,,,,marketing_com,Activites des agences de publicite,TOURS,,37,,,,,,,,,,,,,,,,,,,,,,,,,,,,,,,,,,,,,,,,,,,,,,,331998484,33199848400041,73.11Z,,,,,,,,,,,sirene,
ADFINITAS,,,a contacter,,,,,,,,,,,,marketing_com,Activites des agences de publicite,LA MADELEINE,,59,,,,,,,,,,,,,,,,,,,,,,,,,,,,,,,,,,,,,,,,,,,,,,,432326601,43232660100072,73.11Z,,,,,,,,,,,sirene,
ADFORALL,,,a contacter,,,,,,,,,,,,marketing_com,Activites des agences de publicite,PARIS,,75,,,,,,,,,,,,,,,,,,,,,,,,,,,,,,,,,,,,,,,,,,,,,,,520188210,52018821000014,73.11Z,,,,,,,,,,,sirene,
ADHOC,,,a contacter,,,,,,,,,,,,marketing_com,Activites des agences de publicite,CHOLET,,49,,,,,,,,,,,,,,,,,,,,,,,,,,,,,,,,,,,,,,,,,,,,,,,351979083,35197908300067,73.11Z,,,,,,,,,,,sirene,
ADIEU-ARCHE-B MARKETING,,,a contacter,,,,,,,,,,,,marketing_com,Activites des agences de publicite,MEYLAN,,38,,,,,,,,,,,,,,,,,,,,,,,,,,,,,,,,,,,,,,,,,,,,,,,794105148,79410514800058,73.11Z,,,,,,,,,,,sirene,
ADJECTIF,,,a contacter,,,,,,,,,,,,marketing_com,Activites des agences de publicite,LYON,,69,,,,,,,,,,,,,,,,,,,,,,,,,,,,,,,,,,,,,,,,,,,,,,,332801877,33280187700033,73.11Z,,,,,,,,,,,sirene,
ADN RH,,,a contacter,,,,,,,,,,,,marketing_com,Conseil en relations publiques et communication,LA ROCHE-SUR-YON,,85,,,,,,,,,,,,,,,,,,,,,,,,,,,,,,,,,,,,,,,,,,,,,,,809506371,80950637100024,70.21Z,,,,,,,,,,,sirene,
ADNCOM,,,a contacter,,,,,,,,,,,,marketing_com,Activites des agences de publicite,SEYSSINET-PARISET,,38,,,,,,,,,,,,,,,,,,,,,,,,,,,,,,,,,,,,,,,,,,,,,,,439512484,43951248400015,73.11Z,,,,,,,,,,,sirene,
ADON,,,a contacter,,,,,,,,,,,,marketing_com,Conseil en relations publiques et communication,BEZIERS,,34,,,,,,,,,,,,,,,,,,,,,,,,,,,,,,,,,,,,,,,,,,,,,,,503972887,50397288700031,70.21Z,,,,,,,,,,,sirene,
ADONIS CREATION,,,a contacter,,,,,,,,,,,,marketing_com,Activites des agences de publicite,PARIS,,75,,,,,,,,,,,,,,,,,,,,,,,,,,,,,,,,,,,,,,,,,,,,,,,352616619,35261661900057,73.11Z,,,,,,,,,,,sirene,
ADP ENSEIGNES,,,a contacter,,,,,,,,,,,,marketing_com,Activites des agences de publicite,BORDEAUX,,33,,,,,,,,,,,,,,,,,,,,,,,,,,,,,,,,,,,,,,,,,,,,,,,443394028,44339402800031,73.11Z,,,,,,,,,,,sirene,
ADQUIS,,,a contacter,,,,,,,,,,,,marketing_com,Activites des agences de publicite,REDON,,35,,,,,,,,,,,,,,,,,,,,,,,,,,,,,,,,,,,,,,,,,,,,,,,915081491,91508149100036,73.11Z,,,,,,,,,,,sirene,
ADRENALEAD,,,a contacter,,,,,,,,,,,,marketing_com,Activites des agences de publicite,LYON 9EME,,69,,,,,,,,,,,,,,,,,,,,,,,,,,,,,,,,,,,,,,,,,,,,,,,838433126,83843312600045,73.11Z,,,,,,,,,,,sirene,
ADRENALINE,,,a contacter,,,,,,,,,,,,marketing_com,Activites des agences de publicite,LILLE,,59,,,,,,,,,,,,,,,,,,,,,,,,,,,,,,,,,,,,,,,,,,,,,,,399668987,39966898700056,73.11Z,,,,,,,,,,,sirene,
ADRENALINE COMMUNICATION,,,a contacter,,,,,,,,,,,,marketing_com,Regie publicitaire de medias,ESTRABLIN,,38,,,,,,,,,,,,,,,,,,,,,,,,,,,,,,,,,,,,,,,,,,,,,,,512292368,51229236800028,73.12Z,,,,,,,,,,,sirene,
ADRIVER,,,a contacter,,,,,,,,,,,,marketing_com,Regie publicitaire de medias,PARIS,,75,,,,,,,,,,,,,,,,,,,,,,,,,,,,,,,,,,,,,,,,,,,,,,,848712832,84871283200056,73.12Z,,,,,,,,,,,sirene,
ADSBACK,,,a contacter,,,,,,,,,,,,marketing_com,Activites des agences de publicite,NICE,,06,,,,,,,,,,,,,,,,,,,,,,,,,,,,,,,,,,,,,,,,,,,,,,,903599603,90359960300029,73.11Z,,,,,,,,,,,sirene,
ADSGENCY,,,a contacter,,,,,,,,,,,,marketing_com,Activites des agences de publicite,NANTES,,44,,,,,,,,,,,,,,,,,,,,,,,,,,,,,,,,,,,,,,,,,,,,,,,909817421,90981742100045,73.11Z,,,,,,,,,,,sirene,
ADSIGN,,,a contacter,,,,,,,,,,,,marketing_com,Activites des agences de publicite,MONTAYRAL,,47,,,,,,,,,,,,,,,,,,,,,,,,,,,,,,,,,,,,,,,,,,,,,,,523182525,52318252500023,73.11Z,,,,,,,,,,,sirene,
ADSTEROID,,,a contacter,,,,,,,,,,,,marketing_com,Activites des agences de publicite,PARIS,,75,,,,,,,,,,,,,,,,,,,,,,,,,,,,,,,,,,,,,,,,,,,,,,,884114935,88411493500031,73.11Z,,,,,,,,,,,sirene,
ADTRACTION,,,a contacter,,,,,,,,,,,,marketing_com,Activites des agences de publicite,PARIS,,75,,,,,,,,,,,,,,,,,,,,,,,,,,,,,,,,,,,,,,,,,,,,,,,911436962,91143696200037,73.11Z,,,,,,,,,,,sirene,
ADUX,,,a contacter,,,,,,,,,,,,marketing_com,Regie publicitaire de medias,PARIS,,75,,,,,,,,,,,,,,,,,,,,,,,,,,,,,,,,,,,,,,,,,,,,,,,418093761,41809376100132,73.12Z,,,,,,,,,,,sirene,
ADUX REGIONS,,,a contacter,,,,,,,,,,,,marketing_com,Regie publicitaire de medias,PARIS,,75,,,,,,,,,,,,,,,,,,,,,,,,,,,,,,,,,,,,,,,,,,,,,,,790931158,79093115800048,73.12Z,,,,,,,,,,,sirene,
ADVANCE MARKETING SERVICES,,,a contacter,,,,,,,,,,,,marketing_com,Activites des agences de publicite,PARIS,,75,,,,,,,,,,,,,,,,,,,,,,,,,,,,,,,,,,,,,,,,,,,,,,,498042894,49804289400051,73.11Z,,,,,,,,,,,sirene,
ADVANSA MARKETING GMBH,,,a contacter,,,,,,,,,,,,marketing_com,Activites des agences de publicite,,,,,,,,,,,,,,,,,,,,,,,,,,,,,,,,,,,,,,,,,,,,,,,,,,799601687,79960168700012,73.11Z,,,,,,,,,,,sirene,
ADVANTAGES,,,a contacter,,,,,,,,,,,,marketing_com,Activites des agences de publicite,NANTERRE,,92,,,,,,,,,,,,,,,,,,,,,,,,,,,,,,,,,,,,,,,,,,,,,,,403872880,40387288000048,73.11Z,,,,,,,,,,,sirene,
ADVENTIF,,,a contacter,,,,,,,,,,,,marketing_com,Activites des agences de publicite,SAINT-DENIS,,974,,,,,,,,,,,,,,,,,,,,,,,,,,,,,,,,,,,,,,,,,,,,,,,833590839,83359083900027,73.11Z,,,,,,,,,,,sirene,
ADVERCITE,,,a contacter,,,,,,,,,,,,marketing_com,Activites des agences de publicite,CHEVILLY-LARUE,,94,,,,,,,,,,,,,,,,,,,,,,,,,,,,,,,,,,,,,,,,,,,,,,,443405295,44340529500033,73.11Z,,,,,,,,,,,sirene,
ADVERTI,,,a contacter,,,,,,,,,,,,marketing_com,Activites des agences de publicite,TROYES,,10,,,,,,,,,,,,,,,,,,,,,,,,,,,,,,,,,,,,,,,,,,,,,,,821267275,82126727500021,73.11Z,,,,,,,,,,,sirene,
ADVOCACI GROUPE,,,a contacter,,,,,,,,,,,,marketing_com,Conseil en relations publiques et communication,NANCY,,54,,,,,,,,,,,,,,,,,,,,,,,,,,,,,,,,,,,,,,,,,,,,,,,820245793,82024579300022,70.21Z,,,,,,,,,,,sirene,
ADWANTED GROUP SAS,,,a contacter,,,,,,,,,,,,marketing_com,Regie publicitaire de medias,LILLE,,59,,,,,,,,,,,,,,,,,,,,,,,,,,,,,,,,,,,,,,,,,,,,,,,750984403,75098440300048,73.12Z,,,,,,,,,,,sirene,
ADWANTED LABS,,,a contacter,,,,,,,,,,,,marketing_com,Regie publicitaire de medias,LILLE,,59,,,,,,,,,,,,,,,,,,,,,,,,,,,,,,,,,,,,,,,,,,,,,,,825314909,82531490900029,73.12Z,,,,,,,,,,,sirene,
ADWEB,,,a contacter,,,,,,,,,,,,marketing_com,Regie publicitaire de medias,FORT-DE-FRANCE,,972,,,,,,,,,,,,,,,,,,,,,,,,,,,,,,,,,,,,,,,,,,,,,,,882461817,88246181700018,73.12Z,,,,,,,,,,,sirene,
ADYEN N.V.,,,a contacter,,,,,,,,,,,,marketing_com,Activites des agences de publicite,,,,,,,,,,,,,,,,,,,,,,,,,,,,,,,,,,,,,,,,,,,,,,,,,,833559479,83355947900013,73.11Z,,,,,,,,,,,sirene,
ADYOULIKE,,,a contacter,,,,,,,,,,,,marketing_com,Regie publicitaire de medias,NEUILLY-SUR-SEINE,,92,,,,,,,,,,,,,,,,,,,,,,,,,,,,,,,,,,,,,,,,,,,,,,,531651792,53165179200107,73.12Z,,,,,,,,,,,sirene,
ADYOUNEED,,,a contacter,,,,,,,,,,,,marketing_com,Activites des agences de publicite,PARIS,,75,,,,,,,,,,,,,,,,,,,,,,,,,,,,,,,,,,,,,,,,,,,,,,,843804899,84380489900014,73.11Z,,,,,,,,,,,sirene,
AE2,,,a contacter,,,,,,,,,,,,marketing_com,Conseil en relations publiques et communication,NANTES,,44,,,,,,,,,,,,,,,,,,,,,,,,,,,,,,,,,,,,,,,,,,,,,,,494283989,49428398900056,70.21Z,,,,,,,,,,,sirene,
AENCRAGE BRETAGNE,,,a contacter,,,,,,,,,,,,marketing_com,Activites des agences de publicite,QUEVERT,,22,,,,,,,,,,,,,,,,,,,,,,,,,,,,,,,,,,,,,,,,,,,,,,,493601637,49360163700058,73.11Z,,,,,,,,,,,sirene,
AENCRAGE FRANCE,,,a contacter,,,,,,,,,,,,marketing_com,Activites des agences de publicite,SAUMUR,,49,,,,,,,,,,,,,,,,,,,,,,,,,,,,,,,,,,,,,,,,,,,,,,,347963084,34796308400038,73.11Z,,,,,,,,,,,sirene,
AF MEDIA,,,a contacter,,,,,,,,,,,,marketing_com,Regie publicitaire de medias,MONTELIMAR,,26,,,,,,,,,,,,,,,,,,,,,,,,,,,,,,,,,,,,,,,,,,,,,,,492765318,49276531800034,73.12Z,,,,,,,,,,,sirene,
AFB COMMUNICATION,,,a contacter,,,,,,,,,,,,marketing_com,Activites des agences de publicite,BALMA,,31,,,,,,,,,,,,,,,,,,,,,,,,,,,,,,,,,,,,,,,,,,,,,,,445031248,44503124800021,73.11Z,,,,,,,,,,,sirene,
AFCM,,,a contacter,,,,,,,,,,,,marketing_com,Activites des agences de publicite,SERRE-LES-SAPINS,,25,,,,,,,,,,,,,,,,,,,,,,,,,,,,,,,,,,,,,,,,,,,,,,,484877733,48487773300028,73.11Z,,,,,,,,,,,sirene,
AFFFECT,,,a contacter,,,,,,,,,,,,marketing_com,Activites des agences de publicite,PLOUDALMEZEAU,,29,,,,,,,,,,,,,,,,,,,,,,,,,,,,,,,,,,,,,,,,,,,,,,,890176258,89017625800014,73.11Z,,,,,,,,,,,sirene,
AFFI MOBILE,,,a contacter,,,,,,,,,,,,marketing_com,Regie publicitaire de medias,GRENOBLE,,38,,,,,,,,,,,,,,,,,,,,,,,,,,,,,,,,,,,,,,,,,,,,,,,390468767,39046876700038,73.12Z,,,,,,,,,,,sirene,
AFFI PLUS,,,a contacter,,,,,,,,,,,,marketing_com,Regie publicitaire de medias,PARIS,,75,,,,,,,,,,,,,,,,,,,,,,,,,,,,,,,,,,,,,,,,,,,,,,,518706957,51870695700033,73.12Z,,,,,,,,,,,sirene,
AFFI PUB MOBILE,,,a contacter,,,,,,,,,,,,marketing_com,Activites des agences de publicite,POUILLY-SOUS-CHARLIEU,,42,,,,,,,,,,,,,,,,,,,,,,,,,,,,,,,,,,,,,,,,,,,,,,,379394927,37939492700022,73.11Z,,,,,,,,,,,sirene,
AFFI-SAGE MANAGEMENT SAS,,,a contacter,,,,,,,,,,,,marketing_com,Activites des agences de publicite,EVRY-COURCOURONNES,,91,,,,,,,,,,,,,,,,,,,,,,,,,,,,,,,,,,,,,,,,,,,,,,,493340384,49334038400012,73.11Z,,,,,,,,,,,sirene,
AFFICH'LAGE,,,a contacter,,,,,,,,,,,,marketing_com,Activites des agences de publicite,BISCHHEIM,,67,,,,,,,,,,,,,,,,,,,,,,,,,,,,,,,,,,,,,,,,,,,,,,,434330015,43433001500034,73.11Z,,,,,,,,,,,sirene,
AFFICH'NET,,,a contacter,,,,,,,,,,,,marketing_com,Activites des agences de publicite,DURFORT-LACAPELETTE,,82,,,,,,,,,,,,,,,,,,,,,,,,,,,,,,,,,,,,,,,,,,,,,,,527959621,52795962100022,73.11Z,,,,,,,,,,,sirene,
AFFICHAGE ANDEGAVE,,,a contacter,,,,,,,,,,,,marketing_com,Activites des agences de publicite,ANGERS,,49,,,,,,,,,,,,,,,,,,,,,,,,,,,,,,,,,,,,,,,,,,,,,,,411045651,41104565100048,73.11Z,,,,,,,,,,,sirene,
AFFICHAGE ANDRE,,,a contacter,,,,,,,,,,,,marketing_com,Regie publicitaire de medias,EUZET,,30,,,,,,,,,,,,,,,,,,,,,,,,,,,,,,,,,,,,,,,,,,,,,,,401762034,40176203400015,73.12Z,,,,,,,,,,,sirene,
AFFICHAGE CLG,,,a contacter,,,,,,,,,,,,marketing_com,Regie publicitaire de medias,SAINT BARTHELEMY,,977,,,,,,,,,,,,,,,,,,,,,,,,,,,,,,,,,,,,,,,,,,,,,,,329107726,32910772600138,73.12Z,,,,,,,,,,,sirene,
AFFICHAGE DI VENTURA,,,a contacter,,,,,,,,,,,,marketing_com,Activites des agences de publicite,BASSENS,,33,,,,,,,,,,,,,,,,,,,,,,,,,,,,,,,,,,,,,,,,,,,,,,,435384045,43538404500017,73.11Z,,,,,,,,,,,sirene,
AFFICHAGE DU SOLEIL,,,a contacter,,,,,,,,,,,,marketing_com,Activites des agences de publicite,VITROLLES,,13,,,,,,,,,,,,,,,,,,,,,,,,,,,,,,,,,,,,,,,,,,,,,,,489695387,48969538700063,73.11Z,,,,,,,,,,,sirene,
AFFICHAGE FIACCHETTI,,,a contacter,,,,,,,,,,,,marketing_com,Activites des agences de publicite,CHELLES,,77,,,,,,,,,,,,,,,,,,,,,,,,,,,,,,,,,,,,,,,,,,,,,,,330884644,33088464400031,73.11Z,,,,,,,,,,,sirene,
AFFICHAGE K PUB ET TRACTAGE,,,a contacter,,,,,,,,,,,,marketing_com,Activites des agences de publicite,MARSEILLE,,13,,,,,,,,,,,,,,,,,,,,,,,,,,,,,,,,,,,,,,,,,,,,,,,414247841,41424784100045,73.11Z,,,,,,,,,,,sirene,
AFFICHAGE PUB 68,,,a contacter,,,,,,,,,,,,marketing_com,Activites des agences de publicite,PFASTATT,,68,,,,,,,,,,,,,,,,,,,,,,,,,,,,,,,,,,,,,,,,,,,,,,,815028576,81502857600032,73.11Z,,,,,,,,,,,sirene,
AFFICHAGES PUBLICITAIRES DE L'OUEST - A.P.O,,,a contacter,,,,,,,,,,,,marketing_com,Regie publicitaire de medias,SAINTE-LUCE-SUR-LOIRE,,44,,,,,,,,,,,,,,,,,,,,,,,,,,,,,,,,,,,,,,,,,,,,,,,385013669,38501366900028,73.12Z,,,,,,,,,,,sirene,
AFFICION,,,a contacter,,,,,,,,,,,,marketing_com,Regie publicitaire de medias,ANGLET,,64,,,,,,,,,,,,,,,,,,,,,,,,,,,,,,,,,,,,,,,,,,,,,,,509161667,50916166700027,73.12Z,,,,,,,,,,,sirene,
AFFIGAPE,,,a contacter,,,,,,,,,,,,marketing_com,Activites des agences de publicite,OCHTEZEELE,,59,,,,,,,,,,,,,,,,,,,,,,,,,,,,,,,,,,,,,,,,,,,,,,,797892494,79789249400023,73.11Z,,,,,,,,,,,sirene,
AFFIMEXT,,,a contacter,,,,,,,,,,,,marketing_com,Regie publicitaire de medias,PARIS,,75,,,,,,,,,,,,,,,,,,,,,,,,,,,,,,,,,,,,,,,,,,,,,,,332846211,33284621100057,73.12Z,,,,,,,,,,,sirene,
AFFIOUEST,,,a contacter,,,,,,,,,,,,marketing_com,Activites des agences de publicite,RENNES,,35,,,,,,,,,,,,,,,,,,,,,,,,,,,,,,,,,,,,,,,,,,,,,,,342654894,34265489400126,73.11Z,,,,,,,,,,,sirene,
AFFIPIGE,,,a contacter,,,,,,,,,,,,marketing_com,Regie publicitaire de medias,METEREN,,59,,,,,,,,,,,,,,,,,,,,,,,,,,,,,,,,,,,,,,,,,,,,,,,381361641,38136164100065,73.12Z,,,,,,,,,,,sirene,
AFLUENS,,,a contacter,,,,,,,,,,,,marketing_com,Activites des agences de publicite,SAINT-CLOUD,,92,,,,,,,,,,,,,,,,,,,,,,,,,,,,,,,,,,,,,,,,,,,,,,,478605686,47860568600029,73.11Z,,,,,,,,,,,sirene,
AFORTIORI,,,a contacter,,,,,,,,,,,,marketing_com,Activites des agences de publicite,AUBERVILLIERS,,93,,,,,,,,,,,,,,,,,,,,,,,,,,,,,,,,,,,,,,,,,,,,,,,394191852,39419185200026,73.11Z,,,,,,,,,,,sirene,
AG,,,a contacter,,,,,,,,,,,,marketing_com,Activites des agences de publicite,DECINES-CHARPIEU,,69,,,,,,,,,,,,,,,,,,,,,,,,,,,,,,,,,,,,,,,,,,,,,,,949925804,94992580400013,73.11Z,,,,,,,,,,,sirene,
AGENCE 1827,,,a contacter,,,,,,,,,,,,marketing_com,Conseil en relations publiques et communication,LEVALLOIS-PERRET,,92,,,,,,,,,,,,,,,,,,,,,,,,,,,,,,,,,,,,,,,,,,,,,,,809702749,80970274900056,70.21Z,,,,,,,,,,,sirene,
AGENCE 202,,,a contacter,,,,,,,,,,,,marketing_com,Conseil en relations publiques et communication,MONTIGNY-LE-BRETONNEUX,,78,,,,,,,,,,,,,,,,,,,,,,,,,,,,,,,,,,,,,,,,,,,,,,,498588391,49858839100033,70.21Z,,,,,,,,,,,sirene,
AGENCE 3I COM,,,a contacter,,,,,,,,,,,,marketing_com,Conseil en relations publiques et communication,CLICHY,,92,,,,,,,,,,,,,,,,,,,,,,,,,,,,,,,,,,,,,,,,,,,,,,,822458667,82245866700026,70.21Z,,,,,,,,,,,sirene,
AGENCE 71,,,a contacter,,,,,,,,,,,,marketing_com,Conseil en relations publiques et communication,MAULEON,,79,,,,,,,,,,,,,,,,,,,,,,,,,,,,,,,,,,,,,,,,,,,,,,,791984156,79198415600038,70.21Z,,,,,,,,,,,sirene,
AGENCE 79,,,a contacter,,,,,,,,,,,,marketing_com,Conseil en relations publiques et communication,PUTEAUX,,92,,,,,,,,,,,,,,,,,,,,,,,,,,,,,,,,,,,,,,,,,,,,,,,507807949,50780794900098,70.21Z,,,,,,,,,,,sirene,
AGENCE A,,,a contacter,,,,,,,,,,,,marketing_com,Activites des agences de publicite,PAU,,64,,,,,,,,,,,,,,,,,,,,,,,,,,,,,,,,,,,,,,,,,,,,,,,449122456,44912245600030,73.11Z,,,,,,,,,,,sirene,
AGENCE AIRPUR,,,a contacter,,,,,,,,,,,,marketing_com,Conseil en relations publiques et communication,ORNANS,,25,,,,,,,,,,,,,,,,,,,,,,,,,,,,,,,,,,,,,,,,,,,,,,,822079471,82207947100014,70.21Z,,,,,,,,,,,sirene,
AGENCE ARENE,,,a contacter,,,,,,,,,,,,marketing_com,Conseil en relations publiques et communication,RENNES,,35,,,,,,,,,,,,,,,,,,,,,,,,,,,,,,,,,,,,,,,,,,,,,,,512650060,51265006000035,70.21Z,,,,,,,,,,,sirene,
AGENCE ATLANTICA,,,a contacter,,,,,,,,,,,,marketing_com,Conseil en relations publiques et communication,ANGLET,,64,,,,,,,,,,,,,,,,,,,,,,,,,,,,,,,,,,,,,,,,,,,,,,,877634253,87763425300018,70.21Z,,,,,,,,,,,sirene,
AGENCE AZ NICE,,,a contacter,,,,,,,,,,,,marketing_com,Conseil en relations publiques et communication,NICE,,06,,,,,,,,,,,,,,,,,,,,,,,,,,,,,,,,,,,,,,,,,,,,,,,911086767,91108676700017,70.21Z,,,,,,,,,,,sirene,
AGENCE B-NOW,,,a contacter,,,,,,,,,,,,marketing_com,Conseil en relations publiques et communication,PERPIGNAN,,66,,,,,,,,,,,,,,,,,,,,,,,,,,,,,,,,,,,,,,,,,,,,,,,812690683,81269068300022,70.21Z,,,,,,,,,,,sirene,
AGENCE BERGAME,,,a contacter,,,,,,,,,,,,marketing_com,Regie publicitaire de medias,BREST,,29,,,,,,,,,,,,,,,,,,,,,,,,,,,,,,,,,,,,,,,,,,,,,,,500160494,50016049400026,73.12Z,,,,,,,,,,,sirene,
AGENCE BEUDET,,,a contacter,,,,,,,,,,,,marketing_com,Activites des agences de publicite,SAINT-FARGEAU-PONTHIERRY,,77,,,,,,,,,,,,,,,,,,,,,,,,,,,,,,,,,,,,,,,,,,,,,,,582056446,58205644600062,73.11Z,,,,,,,,,,,sirene,
AGENCE BLVU,,,a contacter,,,,,,,,,,,,marketing_com,Activites des agences de publicite,ANGERS,,49,,,,,,,,,,,,,,,,,,,,,,,,,,,,,,,,,,,,,,,,,,,,,,,909628232,90962823200011,73.11Z,,,,,,,,,,,sirene,
AGENCE BOUCHE A OREILLES,,,a contacter,,,,,,,,,,,,marketing_com,Conseil en relations publiques et communication,ANNECY,,74,,,,,,,,,,,,,,,,,,,,,,,,,,,,,,,,,,,,,,,,,,,,,,,854018835,85401883500025,70.21Z,,,,,,,,,,,sirene,
AGENCE CAMAIEU,,,a contacter,,,,,,,,,,,,marketing_com,Activites des agences de publicite,PARIS,,75,,,,,,,,,,,,,,,,,,,,,,,,,,,,,,,,,,,,,,,,,,,,,,,377590724,37759072400029,73.11Z,,,,,,,,,,,sirene,
AGENCE CAMILLE CARLIER,,,a contacter,,,,,,,,,,,,marketing_com,Conseil en relations publiques et communication,LYON,,69,,,,,,,,,,,,,,,,,,,,,,,,,,,,,,,,,,,,,,,,,,,,,,,844975706,84497570600012,70.21Z,,,,,,,,,,,sirene,
AGENCE CENT POUR CENT,,,a contacter,,,,,,,,,,,,marketing_com,Activites des agences de publicite,STRASBOURG,,67,,,,,,,,,,,,,,,,,,,,,,,,,,,,,,,,,,,,,,,,,,,,,,,530661511,53066151100028,73.11Z,,,,,,,,,,,sirene,
AGENCE CERF A LUNETTES,,,a contacter,,,,,,,,,,,,marketing_com,Conseil en relations publiques et communication,GRENOBLE,,38,,,,,,,,,,,,,,,,,,,,,,,,,,,,,,,,,,,,,,,,,,,,,,,810933796,81093379600023,70.21Z,,,,,,,,,,,sirene,
AGENCE CHOISIR,,,a contacter,,,,,,,,,,,,marketing_com,Conseil en relations publiques et communication,NIMES,,30,,,,,,,,,,,,,,,,,,,,,,,,,,,,,,,,,,,,,,,,,,,,,,,948616073,94861607300029,70.21Z,,,,,,,,,,,sirene,
AGENCE CLOSE-UP,,,a contacter,,,,,,,,,,,,marketing_com,Conseil en relations publiques et communication,PARIS,,75,,,,,,,,,,,,,,,,,,,,,,,,,,,,,,,,,,,,,,,,,,,,,,,852085992,85208599200034,70.21Z,,,,,,,,,,,sirene,
AGENCE COMEVENTS,,,a contacter,,,,,,,,,,,,marketing_com,Activites des agences de publicite,BRIVE-LA-GAILLARDE,,19,,,,,,,,,,,,,,,,,,,,,,,,,,,,,,,,,,,,,,,,,,,,,,,433216686,43321668600025,73.11Z,,,,,,,,,,,sirene,
AGENCE COMMERCIALE ANIMATION,,,a contacter,,,,,,,,,,,,marketing_com,Activites des agences de publicite,CENON,,33,,,,,,,,,,,,,,,,,,,,,,,,,,,,,,,,,,,,,,,,,,,,,,,397953845,39795384500021,73.11Z,,,,,,,,,,,sirene,
AGENCE COMMUNICATION PUBLICITE,,,a contacter,,,,,,,,,,,,marketing_com,Activites des agences de publicite,MAZINGHEM,,62,,,,,,,,,,,,,,,,,,,,,,,,,,,,,,,,,,,,,,,,,,,,,,,517617411,51761741100015,73.11Z,,,,,,,,,,,sirene,
AGENCE CONSEIL EN PUBLICITE ET MARKETING,,,a contacter,,,,,,,,,,,,marketing_com,Activites des agences de publicite,LIMOGES,,87,,,,,,,,,,,,,,,,,,,,,,,,,,,,,,,,,,,,,,,,,,,,,,,315634618,31563461800047,73.11Z,,,,,,,,,,,sirene,
AGENCE COQUELIKO,,,a contacter,,,,,,,,,,,,marketing_com,Conseil en relations publiques et communication,LANNION,,22,,,,,,,,,,,,,,,,,,,,,,,,,,,,,,,,,,,,,,,,,,,,,,,953884848,95388484800029,70.21Z,,,,,,,,,,,sirene,
AGENCE CREATIONS,,,a contacter,,,,,,,,,,,,marketing_com,Regie publicitaire de medias,VOUVRAY,,37,,,,,,,,,,,,,,,,,,,,,,,,,,,,,,,,,,,,,,,,,,,,,,,352407076,35240707600012,73.12Z,,,,,,,,,,,sirene,
AGENCE CROSS,,,a contacter,,,,,,,,,,,,marketing_com,Conseil en relations publiques et communication,NANTES,,44,,,,,,,,,,,,,,,,,,,,,,,,,,,,,,,,,,,,,,,,,,,,,,,453783995,45378399500062,70.21Z,,,,,,,,,,,sirene,
AGENCE D'EQUIPEMENT ET DE MARKETING DIRECT ENVIRONNEMENT (ADMD ENVIRONNEMENT),,,a contacter,,,,,,,,,,,,marketing_com,Activites des agences de publicite,LES PENNES MIRABEAU,,13,,,,,,,,,,,,,,,,,,,,,,,,,,,,,,,,,,,,,,,,,,,,,,,514557446,51455744600028,73.11Z,,,,,,,,,,,sirene,
AGENCE DE COMMUNICATION ET EVENEMENTIEL,,,a contacter,,,,,,,,,,,,marketing_com,Conseil en relations publiques et communication,CAYENNE,,973,,,,,,,,,,,,,,,,,,,,,,,,,,,,,,,,,,,,,,,,,,,,,,,503876914,50387691400014,70.21Z,,,,,,,,,,,sirene,
AGENCE DE FUNDRAISING-FACE A FACE-FORMATION,,,a contacter,,,,,,,,,,,,marketing_com,Conseil en relations publiques et communication,MONTREUIL,,93,,,,,,,,,,,,,,,,,,,,,,,,,,,,,,,,,,,,,,,,,,,,,,,885022186,88502218600021,70.21Z,,,,,,,,,,,sirene,
AGENCE DEMAIN,,,a contacter,,,,,,,,,,,,marketing_com,Conseil en relations publiques et communication,RENNES,,35,,,,,,,,,,,,,,,,,,,,,,,,,,,,,,,,,,,,,,,,,,,,,,,809255102,80925510200042,70.21Z,,,,,,,,,,,sirene,
AGENCE DES COTEAUX,,,a contacter,,,,,,,,,,,,marketing_com,Activites des agences de publicite,BROUSSES-ET-VILLARET,,11,,,,,,,,,,,,,,,,,,,,,,,,,,,,,,,,,,,,,,,,,,,,,,,489725994,48972599400011,73.11Z,,,,,,,,,,,sirene,
AGENCE DROIT DEVANT,,,a contacter,,,,,,,,,,,,marketing_com,Conseil en relations publiques et communication,VERSAILLES,,78,,,,,,,,,,,,,,,,,,,,,,,,,,,,,,,,,,,,,,,,,,,,,,,452317860,45231786000065,70.21Z,,,,,,,,,,,sirene,
AGENCE DROLEMENT NECESSAIRE,,,a contacter,,,,,,,,,,,,marketing_com,Conseil en relations publiques et communication,LEVALLOIS-PERRET,,92,,,,,,,,,,,,,,,,,,,,,,,,,,,,,,,,,,,,,,,,,,,,,,,494896814,49489681400055,70.21Z,,,,,,,,,,,sirene,
AGENCE EDEN,,,a contacter,,,,,,,,,,,,marketing_com,Conseil en relations publiques et communication,PLASSAC,,33,,,,,,,,,,,,,,,,,,,,,,,,,,,,,,,,,,,,,,,,,,,,,,,522078781,52207878100039,70.21Z,,,,,,,,,,,sirene,
AGENCE ELIXIR,,,a contacter,,,,,,,,,,,,marketing_com,Activites des agences de publicite,BESANCON,,25,,,,,,,,,,,,,,,,,,,,,,,,,,,,,,,,,,,,,,,,,,,,,,,444088983,44408898300036,73.11Z,,,,,,,,,,,sirene,
AGENCE EN STRATEGIE DES MOYENS NORD,,,a contacter,,,,,,,,,,,,marketing_com,Activites des agences de publicite,HAZEBROUCK,,59,,,,,,,,,,,,,,,,,,,,,,,,,,,,,,,,,,,,,,,,,,,,,,,508860608,50886060800035,73.11Z,,,,,,,,,,,sirene,
AGENCE EN STRATEGIE DES MOYENS NORD-OUEST,,,a contacter,,,,,,,,,,,,marketing_com,Activites des agences de publicite,VERTOU,,44,,,,,,,,,,,,,,,,,,,,,,,,,,,,,,,,,,,,,,,,,,,,,,,820451367,82045136700024,73.11Z,,,,,,,,,,,sirene,
AGENCE ENCOM'UN,,,a contacter,,,,,,,,,,,,marketing_com,Conseil en relations publiques et communication,PARIS,,75,,,,,,,,,,,,,,,,,,,,,,,,,,,,,,,,,,,,,,,,,,,,,,,539006932,53900693200096,70.21Z,,,,,,,,,,,sirene,
AGENCE ERI,,,a contacter,,,,,,,,,,,,marketing_com,Regie publicitaire de medias,NEUILLY-SUR-SEINE,,92,,,,,,,,,,,,,,,,,,,,,,,,,,,,,,,,,,,,,,,,,,,,,,,400122859,40012285900053,73.12Z,,,,,,,,,,,sirene,
AGENCE FRANCAISE CENTRALISEE DE COMMUNICATION,,,a contacter,,,,,,,,,,,,marketing_com,Activites des agences de publicite,DAMMARIE-LES-LYS,,77,,,,,,,,,,,,,,,,,,,,,,,,,,,,,,,,,,,,,,,,,,,,,,,513766543,51376654300013,73.11Z,,,,,,,,,,,sirene,
AGENCE GENERALE DE PRESSE ET PUBLICITE,,,a contacter,,,,,,,,,,,,marketing_com,Activites des agences de publicite,PARIS,,75,,,,,,,,,,,,,,,,,,,,,,,,,,,,,,,,,,,,,,,,,,,,,,,572062180,57206218000045,73.11Z,,,,,,,,,,,sirene,
AGENCE GLX,,,a contacter,,,,,,,,,,,,marketing_com,Activites des agences de publicite,DURY,,80,,,,,,,,,,,,,,,,,,,,,,,,,,,,,,,,,,,,,,,,,,,,,,,885270280,88527028000021,73.11Z,,,,,,,,,,,sirene,
AGENCE GRAVUPLAC PUBLICITE,,,a contacter,,,,,,,,,,,,marketing_com,Activites des agences de publicite,SAINT-JEAN-DE-LUZ,,64,,,,,,,,,,,,,,,,,,,,,,,,,,,,,,,,,,,,,,,,,,,,,,,802785758,80278575800011,73.11Z,,,,,,,,,,,sirene,
AGENCE HASHTAG,,,a contacter,,,,,,,,,,,,marketing_com,Activites des agences de publicite,LA GARDE,,83,,,,,,,,,,,,,,,,,,,,,,,,,,,,,,,,,,,,,,,,,,,,,,,882888472,88288847200041,73.11Z,,,,,,,,,,,sirene,
AGENCE HELLI HELLO,,,a contacter,,,,,,,,,,,,marketing_com,Activites des agences de publicite,CHAPONOST,,69,,,,,,,,,,,,,,,,,,,,,,,,,,,,,,,,,,,,,,,,,,,,,,,919919845,91991984500017,73.11Z,,,,,,,,,,,sirene,
AGENCE HULA-HOOP,,,a contacter,,,,,,,,,,,,marketing_com,Activites des agences de publicite,LYON,,69,,,,,,,,,,,,,,,,,,,,,,,,,,,,,,,,,,,,,,,,,,,,,,,529547432,52954743200045,73.11Z,,,,,,,,,,,sirene,
AGENCE I,,,a contacter,,,,,,,,,,,,marketing_com,Conseil en relations publiques et communication,NANTES,,44,,,,,,,,,,,,,,,,,,,,,,,,,,,,,,,,,,,,,,,,,,,,,,,529522807,52952280700047,70.21Z,,,,,,,,,,,sirene,
AGENCE ICI LONDRES,,,a contacter,,,,,,,,,,,,marketing_com,Activites des agences de publicite,NEUILLY-SUR-SEINE,,92,,,,,,,,,,,,,,,,,,,,,,,,,,,,,,,,,,,,,,,,,,,,,,,538962242,53896224200045,73.11Z,,,,,,,,,,,sirene,
AGENCE IDIX,,,a contacter,,,,,,,,,,,,marketing_com,Activites des agences de publicite,PARIS,,75,,,,,,,,,,,,,,,,,,,,,,,,,,,,,,,,,,,,,,,,,,,,,,,823020730,82302073000037,73.11Z,,,,,,,,,,,sirene,
AGENCE IF,,,a contacter,,,,,,,,,,,,marketing_com,Activites des agences de publicite,PARIS,,75,,,,,,,,,,,,,,,,,,,,,,,,,,,,,,,,,,,,,,,,,,,,,,,824813430,82481343000017,73.11Z,,,,,,,,,,,sirene,
AGENCE INDIGO,,,a contacter,,,,,,,,,,,,marketing_com,Conseil en relations publiques et communication,LOS MASOS,,66,,,,,,,,,,,,,,,,,,,,,,,,,,,,,,,,,,,,,,,,,,,,,,,539784546,53978454600050,70.21Z,,,,,,,,,,,sirene,
AGENCE INFINI,,,a contacter,,,,,,,,,,,,marketing_com,Activites des agences de publicite,BRIE,,16,,,,,,,,,,,,,,,,,,,,,,,,,,,,,,,,,,,,,,,,,,,,,,,832076202,83207620200049,73.11Z,,,,,,,,,,,sirene,
AGENCE INITIALE,,,a contacter,,,,,,,,,,,,marketing_com,Conseil en relations publiques et communication,PARIS,,75,,,,,,,,,,,,,,,,,,,,,,,,,,,,,,,,,,,,,,,,,,,,,,,837663996,83766399600069,70.21Z,,,,,,,,,,,sirene,
AGENCE JB,,,a contacter,,,,,,,,,,,,marketing_com,Activites des agences de publicite,GONDRIN,,32,,,,,,,,,,,,,,,,,,,,,,,,,,,,,,,,,,,,,,,,,,,,,,,821517869,82151786900011,73.11Z,,,,,,,,,,,sirene,
AGENCE JFKA,,,a contacter,,,,,,,,,,,,marketing_com,Activites des agences de publicite,NEUILLY-SUR-SEINE,,92,,,,,,,,,,,,,,,,,,,,,,,,,,,,,,,,,,,,,,,,,,,,,,,752431205,75243120500026,73.11Z,,,,,,,,,,,sirene,
AGENCE KOZY,,,a contacter,,,,,,,,,,,,marketing_com,Activites des agences de publicite,CASTELNAU-LE-LEZ,,34,,,,,,,,,,,,,,,,,,,,,,,,,,,,,,,,,,,,,,,,,,,,,,,824208540,82420854000024,73.11Z,,,,,,,,,,,sirene,
AGENCE L.F.M,,,a contacter,,,,,,,,,,,,marketing_com,Conseil en relations publiques et communication,PARIS,,75,,,,,,,,,,,,,,,,,,,,,,,,,,,,,,,,,,,,,,,,,,,,,,,822510145,82251014500037,70.21Z,,,,,,,,,,,sirene,
AGENCE LA BELLE VERTE,,,a contacter,,,,,,,,,,,,marketing_com,Conseil en relations publiques et communication,LE DORAT,,87,,,,,,,,,,,,,,,,,,,,,,,,,,,,,,,,,,,,,,,,,,,,,,,834285678,83428567800035,70.21Z,,,,,,,,,,,sirene,
AGENCE LEAD,,,a contacter,,,,,,,,,,,,marketing_com,Conseil en relations publiques et communication,TOULOUSE,,31,,,,,,,,,,,,,,,,,,,,,,,,,,,,,,,,,,,,,,,,,,,,,,,799800107,79980010700044,70.21Z,,,,,,,,,,,sirene,
AGENCE LIMITE,,,a contacter,,,,,,,,,,,,marketing_com,Conseil en relations publiques et communication,PARIS,,75,,,,,,,,,,,,,,,,,,,,,,,,,,,,,,,,,,,,,,,,,,,,,,,450828736,45082873600089,70.21Z,,,,,,,,,,,sirene,
AGENCE LORRAINE DE BOISANGER,,,a contacter,,,,,,,,,,,,marketing_com,Conseil en relations publiques et communication,PARIS,,75,,,,,,,,,,,,,,,,,,,,,,,,,,,,,,,,,,,,,,,,,,,,,,,403037021,40303702100074,70.21Z,,,,,,,,,,,sirene,
AGENCE LUG,,,a contacter,,,,,,,,,,,,marketing_com,Conseil en relations publiques et communication,LA TOUR-DE-SALVAGNY,,69,,,,,,,,,,,,,,,,,,,,,,,,,,,,,,,,,,,,,,,,,,,,,,,821213311,82121331100029,70.21Z,,,,,,,,,,,sirene,
AGENCE LULLY,,,a contacter,,,,,,,,,,,,marketing_com,Conseil en relations publiques et communication,PARIS,,75,,,,,,,,,,,,,,,,,,,,,,,,,,,,,,,,,,,,,,,,,,,,,,,827443110,82744311000032,70.21Z,,,,,,,,,,,sirene,
AGENCE MARKETING DIRECT,,,a contacter,,,,,,,,,,,,marketing_com,Activites des agences de publicite,NANTES,,44,,,,,,,,,,,,,,,,,,,,,,,,,,,,,,,,,,,,,,,,,,,,,,,485255616,48525561600073,73.11Z,,,,,,,,,,,sirene,
AGENCE MARQUISE,,,a contacter,,,,,,,,,,,,marketing_com,Activites des agences de publicite,NEUILLY-SUR-SEINE,,92,,,,,,,,,,,,,,,,,,,,,,,,,,,,,,,,,,,,,,,,,,,,,,,519569503,51956950300062,73.11Z,,,,,,,,,,,sirene,
AGENCE MARTINGALE,,,a contacter,,,,,,,,,,,,marketing_com,Activites des agences de publicite,PARIS,,75,,,,,,,,,,,,,,,,,,,,,,,,,,,,,,,,,,,,,,,,,,,,,,,311795504,31179550400126,73.11Z,,,,,,,,,,,sirene,
AGENCE MEESTERS,,,a contacter,,,,,,,,,,,,marketing_com,Activites des agences de publicite,PARIS,,75,,,,,,,,,,,,,,,,,,,,,,,,,,,,,,,,,,,,,,,,,,,,,,,323118042,32311804200023,73.11Z,,,,,,,,,,,sirene,
AGENCE MELANINE,,,a contacter,,,,,,,,,,,,marketing_com,Activites des agences de publicite,POINTE-A-PITRE,,971,,,,,,,,,,,,,,,,,,,,,,,,,,,,,,,,,,,,,,,,,,,,,,,902774439,90277443900019,73.11Z,,,,,,,,,,,sirene,
AGENCE NAKKO SAS,,,a contacter,,,,,,,,,,,,marketing_com,Activites des agences de publicite,COLMAR,,68,,,,,,,,,,,,,,,,,,,,,,,,,,,,,,,,,,,,,,,,,,,,,,,888834991,88883499100018,73.11Z,,,,,,,,,,,sirene,
AGENCE NEOCLES,,,a contacter,,,,,,,,,,,,marketing_com,Activites des agences de publicite,PENMARCH,,29,,,,,,,,,,,,,,,,,,,,,,,,,,,,,,,,,,,,,,,,,,,,,,,847673670,84767367000026,73.11Z,,,,,,,,,,,sirene,
AGENCE NEROLI,,,a contacter,,,,,,,,,,,,marketing_com,Conseil en relations publiques et communication,PARIS,,75,,,,,,,,,,,,,,,,,,,,,,,,,,,,,,,,,,,,,,,,,,,,,,,831180930,83118093000024,70.21Z,,,,,,,,,,,sirene,
AGENCE NEWIC,,,a contacter,,,,,,,,,,,,marketing_com,Conseil en relations publiques et communication,LYON,,69,,,,,,,,,,,,,,,,,,,,,,,,,,,,,,,,,,,,,,,,,,,,,,,491724977,49172497700062,70.21Z,,,,,,,,,,,sirene,
AGENCE NOCTA,,,a contacter,,,,,,,,,,,,marketing_com,Conseil en relations publiques et communication,NICE,,06,,,,,,,,,,,,,,,,,,,,,,,,,,,,,,,,,,,,,,,,,,,,,,,837494707,83749470700032,70.21Z,,,,,,,,,,,sirene,
AGENCE NOUVEAU REGARD,,,a contacter,,,,,,,,,,,,marketing_com,Activites des agences de publicite,CAEN,,14,,,,,,,,,,,,,,,,,,,,,,,,,,,,,,,,,,,,,,,,,,,,,,,324947993,32494799300030,73.11Z,,,,,,,,,,,sirene,
AGENCE OBJET PUB,,,a contacter,,,,,,,,,,,,marketing_com,Activites des agences de publicite,OULLINS-PIERRE-BENITE,,69,,,,,,,,,,,,,,,,,,,,,,,,,,,,,,,,,,,,,,,,,,,,,,,399894690,39989469000045,73.11Z,,,,,,,,,,,sirene,
AGENCE OFF,,,a contacter,,,,,,,,,,,,marketing_com,Activites des agences de publicite,YSSINGEAUX,,43,,,,,,,,,,,,,,,,,,,,,,,,,,,,,,,,,,,,,,,,,,,,,,,881899041,88189904100027,73.11Z,,,,,,,,,,,sirene,
AGENCE OLIVIA PAYERNE,,,a contacter,,,,,,,,,,,,marketing_com,Conseil en relations publiques et communication,PARIS,,75,,,,,,,,,,,,,,,,,,,,,,,,,,,,,,,,,,,,,,,,,,,,,,,822559159,82255915900055,70.21Z,,,,,,,,,,,sirene,
AGENCE OPALE COMMUNICATION,,,a contacter,,,,,,,,,,,,marketing_com,Conseil en relations publiques et communication,LA HAGUE,,50,,,,,,,,,,,,,,,,,,,,,,,,,,,,,,,,,,,,,,,,,,,,,,,880717970,88071797000029,70.21Z,,,,,,,,,,,sirene,
AGENCE OTTO,,,a contacter,,,,,,,,,,,,marketing_com,Conseil en relations publiques et communication,PARIS,,75,,,,,,,,,,,,,,,,,,,,,,,,,,,,,,,,,,,,,,,,,,,,,,,920839388,92083938800013,70.21Z,,,,,,,,,,,sirene,
AGENCE QUARKS,,,a contacter,,,,,,,,,,,,marketing_com,Activites des agences de publicite,PARIS,,75,,,,,,,,,,,,,,,,,,,,,,,,,,,,,,,,,,,,,,,,,,,,,,,823559034,82355903400033,73.11Z,,,,,,,,,,,sirene,
AGENCE RJS,,,a contacter,,,,,,,,,,,,marketing_com,Conseil en relations publiques et communication,PARIS,,75,,,,,,,,,,,,,,,,,,,,,,,,,,,,,,,,,,,,,,,,,,,,,,,802702183,80270218300012,70.21Z,,,,,,,,,,,sirene,
AGENCE S,,,a contacter,,,,,,,,,,,,marketing_com,Activites des agences de publicite,AVIGNON,,84,,,,,,,,,,,,,,,,,,,,,,,,,,,,,,,,,,,,,,,,,,,,,,,529541054,52954105400035,73.11Z,,,,,,,,,,,sirene,
AGENCE SCOOP COMMUNICATION,,,a contacter,,,,,,,,,,,,marketing_com,Conseil en relations publiques et communication,OLIVET,,45,,,,,,,,,,,,,,,,,,,,,,,,,,,,,,,,,,,,,,,,,,,,,,,888690948,88869094800011,70.21Z,,,,,,,,,,,sirene,
AGENCE SENSORI'ELLE COMMUNICATION,,,a contacter,,,,,,,,,,,,marketing_com,Conseil en relations publiques et communication,SAUMUR,,49,,,,,,,,,,,,,,,,,,,,,,,,,,,,,,,,,,,,,,,,,,,,,,,513713636,51371363600050,70.21Z,,,,,,,,,,,sirene,
AGENCE SEVEN,,,a contacter,,,,,,,,,,,,marketing_com,Conseil en relations publiques et communication,PARIS,,75,,,,,,,,,,,,,,,,,,,,,,,,,,,,,,,,,,,,,,,,,,,,,,,839898913,83989891300042,70.21Z,,,,,,,,,,,sirene,
AGENCE SHOPS,,,a contacter,,,,,,,,,,,,marketing_com,Activites des agences de publicite,PARIS,,75,,,,,,,,,,,,,,,,,,,,,,,,,,,,,,,,,,,,,,,,,,,,,,,790990071,79099007100025,73.11Z,,,,,,,,,,,sirene,
AGENCE SIGMUND,,,a contacter,,,,,,,,,,,,marketing_com,Activites des agences de publicite,COURBEVOIE,,92,,,,,,,,,,,,,,,,,,,,,,,,,,,,,,,,,,,,,,,,,,,,,,,381014158,38101415800012,73.11Z,,,,,,,,,,,sirene,
AGENCE SPLASH,,,a contacter,,,,,,,,,,,,marketing_com,Conseil en relations publiques et communication,STRASBOURG,,67,,,,,,,,,,,,,,,,,,,,,,,,,,,,,,,,,,,,,,,,,,,,,,,840012405,84001240500014,70.21Z,,,,,,,,,,,sirene,
AGENCE STEPHANIE PROTET,,,a contacter,,,,,,,,,,,,marketing_com,Conseil en relations publiques et communication,SOORTS-HOSSEGOR,,40,,,,,,,,,,,,,,,,,,,,,,,,,,,,,,,,,,,,,,,,,,,,,,,511086142,51108614200011,70.21Z,,,,,,,,,,,sirene,
AGENCE SWEEP,,,a contacter,,,,,,,,,,,,marketing_com,Activites des agences de publicite,MONTPELLIER,,34,,,,,,,,,,,,,,,,,,,,,,,,,,,,,,,,,,,,,,,,,,,,,,,791875362,79187536200018,73.11Z,,,,,,,,,,,sirene,
AGENCE TACT,,,a contacter,,,,,,,,,,,,marketing_com,Conseil en relations publiques et communication,NANTES,,44,,,,,,,,,,,,,,,,,,,,,,,,,,,,,,,,,,,,,,,,,,,,,,,805402468,80540246800039,70.21Z,,,,,,,,,,,sirene,
AGENCE TALKY & WALKY,,,a contacter,,,,,,,,,,,,marketing_com,Activites des agences de publicite,TROYES,,10,,,,,,,,,,,,,,,,,,,,,,,,,,,,,,,,,,,,,,,,,,,,,,,441731114,44173111400035,73.11Z,,,,,,,,,,,sirene,
AGENCE THURIA,,,a contacter,,,,,,,,,,,,marketing_com,Activites des agences de publicite,MARTHOD,,73,,,,,,,,,,,,,,,,,,,,,,,,,,,,,,,,,,,,,,,,,,,,,,,352621288,35262128800013,73.11Z,,,,,,,,,,,sirene,
AGENCE UTOPIA,,,a contacter,,,,,,,,,,,,marketing_com,Activites des agences de publicite,PARIS,,75,,,,,,,,,,,,,,,,,,,,,,,,,,,,,,,,,,,,,,,,,,,,,,,949761696,94976169600036,73.11Z,,,,,,,,,,,sirene,
AGENCE VALEURS DU SUD,,,a contacter,,,,,,,,,,,,marketing_com,Activites des agences de publicite,MORLAAS,,64,,,,,,,,,,,,,,,,,,,,,,,,,,,,,,,,,,,,,,,,,,,,,,,804435485,80443548500011,73.11Z,,,,,,,,,,,sirene,
AGENCE VENDREDI,,,a contacter,,,,,,,,,,,,marketing_com,Activites des agences de publicite,LES HERBIERS,,85,,,,,,,,,,,,,,,,,,,,,,,,,,,,,,,,,,,,,,,,,,,,,,,429552029,42955202900051,73.11Z,,,,,,,,,,,sirene,
AGENCE VERTE,,,a contacter,,,,,,,,,,,,marketing_com,Conseil en relations publiques et communication,PUTEAUX,,92,,,,,,,,,,,,,,,,,,,,,,,,,,,,,,,,,,,,,,,,,,,,,,,384096467,38409646700103,70.21Z,,,,,,,,,,,sirene,
AGENCE WEB,,,a contacter,,,,,,,,,,,,marketing_com,Conseil en relations publiques et communication,SAINT-NAZAIRE,,44,,,,,,,,,,,,,,,,,,,,,,,,,,,,,,,,,,,,,,,,,,,,,,,882372667,88237266700023,70.21Z,,,,,,,,,,,sirene,
AGENCE XPLR,,,a contacter,,,,,,,,,,,,marketing_com,Conseil en relations publiques et communication,NANTES,,44,,,,,,,,,,,,,,,,,,,,,,,,,,,,,,,,,,,,,,,,,,,,,,,848254868,84825486800039,70.21Z,,,,,,,,,,,sirene,
AGENCE Y2,,,a contacter,,,,,,,,,,,,marketing_com,Activites des agences de publicite,LE THOLONET,,13,,,,,,,,,,,,,,,,,,,,,,,,,,,,,,,,,,,,,,,,,,,,,,,818479768,81847976800025,73.11Z,,,,,,,,,,,sirene,
AGENCEMENT PUBLICITE IMPRESSIONS MAILING,,,a contacter,,,,,,,,,,,,marketing_com,Activites des agences de publicite,VILLECRESNES,,94,,,,,,,,,,,,,,,,,,,,,,,,,,,,,,,,,,,,,,,,,,,,,,,451958292,45195829200018,73.11Z,,,,,,,,,,,sirene,
AGENCY INSIDE,,,a contacter,,,,,,,,,,,,marketing_com,Conseil en relations publiques et communication,BOULOGNE-BILLANCOURT,,92,,,,,,,,,,,,,,,,,,,,,,,,,,,,,,,,,,,,,,,,,,,,,,,492098256,49209825600026,70.21Z,,,,,,,,,,,sirene,
AGENTLY,,,a contacter,,,,,,,,,,,,marketing_com,Activites des agences de publicite,PERPIGNAN,,66,,,,,,,,,,,,,,,,,,,,,,,,,,,,,,,,,,,,,,,,,,,,,,,890869993,89086999300026,73.11Z,,,,,,,,,,,sirene,
AGEPCOM S.A.S.,,,a contacter,,,,,,,,,,,,marketing_com,Activites des agences de publicite,DREUX,,28,,,,,,,,,,,,,,,,,,,,,,,,,,,,,,,,,,,,,,,,,,,,,,,533347183,53334718300014,73.11Z,,,,,,,,,,,sirene,
AGGELOS,,,a contacter,,,,,,,,,,,,marketing_com,Conseil en relations publiques et communication,BORDEAUX,,33,,,,,,,,,,,,,,,,,,,,,,,,,,,,,,,,,,,,,,,,,,,,,,,411234156,41123415600049,70.21Z,,,,,,,,,,,sirene,
AGI COM,,,a contacter,,,,,,,,,,,,marketing_com,Activites des agences de publicite,NANTES,,44,,,,,,,,,,,,,,,,,,,,,,,,,,,,,,,,,,,,,,,,,,,,,,,499472397,49947239700029,73.11Z,,,,,,,,,,,sirene,
AGICE MARKETING,,,a contacter,,,,,,,,,,,,marketing_com,Activites des agences de publicite,SAINTE-LUCE-SUR-LOIRE,,44,,,,,,,,,,,,,,,,,,,,,,,,,,,,,,,,,,,,,,,,,,,,,,,382774339,38277433900032,73.11Z,,,,,,,,,,,sirene,
AGIR PUBLICITE,,,a contacter,,,,,,,,,,,,marketing_com,Activites des agences de publicite,NEUILLY-SUR-SEINE,,92,,,,,,,,,,,,,,,,,,,,,,,,,,,,,,,,,,,,,,,,,,,,,,,317612810,31761281000059,73.11Z,,,,,,,,,,,sirene,
AGL SERVICES,,,a contacter,,,,,,,,,,,,marketing_com,Activites des agences de publicite,LAVAL,,53,,,,,,,,,,,,,,,,,,,,,,,,,,,,,,,,,,,,,,,,,,,,,,,403749146,40374914600011,73.11Z,,,,,,,,,,,sirene,
AGM COMMUNICATION,,,a contacter,,,,,,,,,,,,marketing_com,Activites des agences de publicite,CLERMONT-FERRAND,,63,,,,,,,,,,,,,,,,,,,,,,,,,,,,,,,,,,,,,,,,,,,,,,,421699935,42169993500019,73.11Z,,,,,,,,,,,sirene,
AGON,,,a contacter,,,,,,,,,,,,marketing_com,Activites des agences de publicite,RILLIEUX-LA-PAPE,,69,,,,,,,,,,,,,,,,,,,,,,,,,,,,,,,,,,,,,,,,,,,,,,,813074168,81307416800044,73.11Z,,,,,,,,,,,sirene,
AGRI RHONE ALPES BOURGOGNE,,,a contacter,,,,,,,,,,,,marketing_com,Activites des agences de publicite,LYON,,69,,,,,,,,,,,,,,,,,,,,,,,,,,,,,,,,,,,,,,,,,,,,,,,312907058,31290705800035,73.11Z,,,,,,,,,,,sirene,
AGTRACKS,,,a contacter,,,,,,,,,,,,marketing_com,Conseil en relations publiques et communication,CORMONTREUIL,,51,,,,,,,,,,,,,,,,,,,,,,,,,,,,,,,,,,,,,,,,,,,,,,,838435139,83843513900038,70.21Z,,,,,,,,,,,sirene,
AIMSE,,,a contacter,,,,,,,,,,,,marketing_com,Activites des agences de publicite,MEAUX,,77,,,,,,,,,,,,,,,,,,,,,,,,,,,,,,,,,,,,,,,,,,,,,,,919519108,91951910800014,73.11Z,,,,,,,,,,,sirene,
AIOA,,,a contacter,,,,,,,,,,,,marketing_com,Conseil en relations publiques et communication,HEROUVILLE-SAINT-CLAIR,,14,,,,,,,,,,,,,,,,,,,,,,,,,,,,,,,,,,,,,,,,,,,,,,,825371602,82537160200053,70.21Z,,,,,,,,,,,sirene,
AIR COM,,,a contacter,,,,,,,,,,,,marketing_com,Activites des agences de publicite,SAINT-PERAY,,07,,,,,,,,,,,,,,,,,,,,,,,,,,,,,,,,,,,,,,,,,,,,,,,819613415,81961341500051,73.11Z,,,,,,,,,,,sirene,
AIR EDITION,,,a contacter,,,,,,,,,,,,marketing_com,Activites des agences de publicite,SOMMIERES,,30,,,,,,,,,,,,,,,,,,,,,,,,,,,,,,,,,,,,,,,,,,,,,,,483385084,48338508400031,73.11Z,,,,,,,,,,,sirene,
AKOLLADE,,,a contacter,,,,,,,,,,,,marketing_com,Activites des agences de publicite,CERNAY-LES-REIMS,,51,,,,,,,,,,,,,,,,,,,,,,,,,,,,,,,,,,,,,,,,,,,,,,,920651486,92065148600028,73.11Z,,,,,,,,,,,sirene,
AKPS,,,a contacter,,,,,,,,,,,,marketing_com,Activites des agences de publicite,VERBERIE,,60,,,,,,,,,,,,,,,,,,,,,,,,,,,,,,,,,,,,,,,,,,,,,,,840212344,84021234400021,73.11Z,,,,,,,,,,,sirene,
AKQA,,,a contacter,,,,,,,,,,,,marketing_com,Activites des agences de publicite,PARIS,,75,,,,,,,,,,,,,,,,,,,,,,,,,,,,,,,,,,,,,,,,,,,,,,,750611030,75061103000024,73.11Z,,,,,,,,,,,sirene,
ALAIN ANDRIEU,,,a contacter,,,,,,,,,,,,marketing_com,Activites des agences de publicite,CARCASSONNE,,11,,,,,,,,,,,,,,,,,,,,,,,,,,,,,,,,,,,,,,,,,,,,,,,342878154,34287815400059,73.11Z,,,,,,,,,,,sirene,
ALATERE WEB,,,a contacter,,,,,,,,,,,,marketing_com,Activites des agences de publicite,ANTIBES,,06,,,,,,,,,,,,,,,,,,,,,,,,,,,,,,,,,,,,,,,,,,,,,,,443421334,44342133400030,73.11Z,,,,,,,,,,,sirene,
ALBINE & CO,,,a contacter,,,,,,,,,,,,marketing_com,Conseil en relations publiques et communication,BOULOGNE-BILLANCOURT,,92,,,,,,,,,,,,,,,,,,,,,,,,,,,,,,,,,,,,,,,,,,,,,,,449207455,44920745500055,70.21Z,,,,,,,,,,,sirene,
ALC BLUE MARINE,,,a contacter,,,,,,,,,,,,marketing_com,Regie publicitaire de medias,BAIE-MAHAULT,,971,,,,,,,,,,,,,,,,,,,,,,,,,,,,,,,,,,,,,,,,,,,,,,,442804456,44280445600048,73.12Z,,,,,,,,,,,sirene,
ALC REGIE,,,a contacter,,,,,,,,,,,,marketing_com,Regie publicitaire de medias,BRUGES,,33,,,,,,,,,,,,,,,,,,,,,,,,,,,,,,,,,,,,,,,,,,,,,,,389395922,38939592200039,73.12Z,,,,,,,,,,,sirene,
ALCHIMY COMMUNICATION,,,a contacter,,,,,,,,,,,,marketing_com,Conseil en relations publiques et communication,SAINT-DIE-DES-VOSGES,,88,,,,,,,,,,,,,,,,,,,,,,,,,,,,,,,,,,,,,,,,,,,,,,,848912143,84891214300023,70.21Z,,,,,,,,,,,sirene,
ALCOVE,,,a contacter,,,,,,,,,,,,marketing_com,Conseil en relations publiques et communication,ROUBAIX,,59,,,,,,,,,,,,,,,,,,,,,,,,,,,,,,,,,,,,,,,,,,,,,,,833543366,83354336600029,70.21Z,,,,,,,,,,,sirene,
ALDEBARAN,,,a contacter,,,,,,,,,,,,marketing_com,Conseil en relations publiques et communication,PARIS,,75,,,,,,,,,,,,,,,,,,,,,,,,,,,,,,,,,,,,,,,,,,,,,,,483185807,48318580700052,70.21Z,,,,,,,,,,,sirene,
ALEO AGENCY,,,a contacter,,,,,,,,,,,,marketing_com,Activites des agences de publicite,NANCY,,54,,,,,,,,,,,,,,,,,,,,,,,,,,,,,,,,,,,,,,,,,,,,,,,800525602,80052560200101,73.11Z,,,,,,,,,,,sirene,
ALEXIS LEBRON,,,a contacter,,,,,,,,,,,,marketing_com,Conseil en relations publiques et communication,VAL-FOUZON,,36,,,,,,,,,,,,,,,,,,,,,,,,,,,,,,,,,,,,,,,,,,,,,,,838394781,83839478100028,70.21Z,,,,,,,,,,,sirene,
ALFA CONSEIL,,,a contacter,,,,,,,,,,,,marketing_com,Regie publicitaire de medias,CHAVANOD,,74,,,,,,,,,,,,,,,,,,,,,,,,,,,,,,,,,,,,,,,,,,,,,,,404760647,40476064700051,73.12Z,,,,,,,,,,,sirene,
ALFA-PUB,,,a contacter,,,,,,,,,,,,marketing_com,Activites des agences de publicite,CLUSES,,74,,,,,,,,,,,,,,,,,,,,,,,,,,,,,,,,,,,,,,,,,,,,,,,380308619,38030861900010,73.11Z,,,,,,,,,,,sirene,
ALFRED FRANCE,,,a contacter,,,,,,,,,,,,marketing_com,Activites des agences de publicite,NICE,,06,,,,,,,,,,,,,,,,,,,,,,,,,,,,,,,,,,,,,,,,,,,,,,,908742117,90874211700025,73.11Z,,,,,,,,,,,sirene,
ALIATEK,,,a contacter,,,,,,,,,,,,marketing_com,Conseil en relations publiques et communication,ROCHEFORT-DU-GARD,,30,,,,,,,,,,,,,,,,,,,,,,,,,,,,,,,,,,,,,,,,,,,,,,,921250577,92125057700019,70.21Z,,,,,,,,,,,sirene,
ALIENS AND CO,,,a contacter,,,,,,,,,,,,marketing_com,Activites des agences de publicite,TOURVES,,83,,,,,,,,,,,,,,,,,,,,,,,,,,,,,,,,,,,,,,,,,,,,,,,532297785,53229778500042,73.11Z,,,,,,,,,,,sirene,
ALIENS BROS.,,,a contacter,,,,,,,,,,,,marketing_com,Activites des agences de publicite,MONTROUGE,,92,,,,,,,,,,,,,,,,,,,,,,,,,,,,,,,,,,,,,,,,,,,,,,,812832905,81283290500028,73.11Z,,,,,,,,,,,sirene,
ALILO,,,a contacter,,,,,,,,,,,,marketing_com,Conseil en relations publiques et communication,BORDEAUX,,33,,,,,,,,,,,,,,,,,,,,,,,,,,,,,,,,,,,,,,,,,,,,,,,829028315,82902831500010,70.21Z,,,,,,,,,,,sirene,
ALIX,,,a contacter,,,,,,,,,,,,marketing_com,Activites des agences de publicite,CONDE-SUR-VIRE,,50,,,,,,,,,,,,,,,,,,,,,,,,,,,,,,,,,,,,,,,,,,,,,,,513017004,51301700400039,73.11Z,,,,,,,,,,,sirene,
ALIX BRECEY,,,a contacter,,,,,,,,,,,,marketing_com,Activites des agences de publicite,BRECEY,,50,,,,,,,,,,,,,,,,,,,,,,,,,,,,,,,,,,,,,,,,,,,,,,,538806787,53880678700023,73.11Z,,,,,,,,,,,sirene,
ALIZE-CONCEPT SARL,,,a contacter,,,,,,,,,,,,marketing_com,Activites des agences de publicite,CAISSARGUES,,30,,,,,,,,,,,,,,,,,,,,,,,,,,,,,,,,,,,,,,,,,,,,,,,411364169,41136416900010,73.11Z,,,,,,,,,,,sirene,
ALIZEUM,,,a contacter,,,,,,,,,,,,marketing_com,Activites des agences de publicite,PARIS,,75,,,,,,,,,,,,,,,,,,,,,,,,,,,,,,,,,,,,,,,,,,,,,,,451009583,45100958300050,73.11Z,,,,,,,,,,,sirene,
ALL BECOM,,,a contacter,,,,,,,,,,,,marketing_com,Conseil en relations publiques et communication,VILLEURBANNE,,69,,,,,,,,,,,,,,,,,,,,,,,,,,,,,,,,,,,,,,,,,,,,,,,917851354,91785135400014,70.21Z,,,,,,,,,,,sirene,
ALL COM,,,a contacter,,,,,,,,,,,,marketing_com,Conseil en relations publiques et communication,L'UNION,,31,,,,,,,,,,,,,,,,,,,,,,,,,,,,,,,,,,,,,,,,,,,,,,,801921248,80192124800044,70.21Z,,,,,,,,,,,sirene,
ALL CONTENTS,,,a contacter,,,,,,,,,,,,marketing_com,Activites des agences de publicite,PARIS,,75,,,,,,,,,,,,,,,,,,,,,,,,,,,,,,,,,,,,,,,,,,,,,,,495289399,49528939900109,73.11Z,,,,,,,,,,,sirene,
ALL IN SERVICES,,,a contacter,,,,,,,,,,,,marketing_com,Activites des agences de publicite,PARIS,,75,,,,,,,,,,,,,,,,,,,,,,,,,,,,,,,,,,,,,,,,,,,,,,,493158695,49315869500053,73.11Z,,,,,,,,,,,sirene,
ALLIANCE CUBE,,,a contacter,,,,,,,,,,,,marketing_com,Activites des agences de publicite,SAINT-LAURENT-DU-VAR,,06,,,,,,,,,,,,,,,,,,,,,,,,,,,,,,,,,,,,,,,,,,,,,,,497514745,49751474500056,73.11Z,,,,,,,,,,,sirene,
ALLIANCE MARKET'IN,,,a contacter,,,,,,,,,,,,marketing_com,Activites des agences de publicite,SAUZET,,26,,,,,,,,,,,,,,,,,,,,,,,,,,,,,,,,,,,,,,,,,,,,,,,819488578,81948857800025,73.11Z,,,,,,,,,,,sirene,
ALLIANCE TECHNIQUE,,,a contacter,,,,,,,,,,,,marketing_com,Conseil en relations publiques et communication,ROUBAIX,,59,,,,,,,,,,,,,,,,,,,,,,,,,,,,,,,,,,,,,,,,,,,,,,,844029918,84402991800027,70.21Z,,,,,,,,,,,sirene,
ALLIANCY ENGAGE,,,a contacter,,,,,,,,,,,,marketing_com,Activites des agences de publicite,PARIS,,75,,,,,,,,,,,,,,,,,,,,,,,,,,,,,,,,,,,,,,,,,,,,,,,440685246,44068524600058,73.11Z,,,,,,,,,,,sirene,
ALLMATIK,,,a contacter,,,,,,,,,,,,marketing_com,Activites des agences de publicite,LYON,,69,,,,,,,,,,,,,,,,,,,,,,,,,,,,,,,,,,,,,,,,,,,,,,,894451434,89445143400027,73.11Z,,,,,,,,,,,sirene,
ALLODISTRIB,,,a contacter,,,,,,,,,,,,marketing_com,Activites des agences de publicite,AULNAY-SOUS-BOIS,,93,,,,,,,,,,,,,,,,,,,,,,,,,,,,,,,,,,,,,,,,,,,,,,,818122996,81812299600015,73.11Z,,,,,,,,,,,sirene,
ALLOGRAPHIQUE,,,a contacter,,,,,,,,,,,,marketing_com,Activites des agences de publicite,DIVION,,62,,,,,,,,,,,,,,,,,,,,,,,,,,,,,,,,,,,,,,,,,,,,,,,880087952,88008795200029,73.11Z,,,,,,,,,,,sirene,
ALLURES COMMUNICATIONS,,,a contacter,,,,,,,,,,,,marketing_com,Activites des agences de publicite,MORANCEZ,,28,,,,,,,,,,,,,,,,,,,,,,,,,,,,,,,,,,,,,,,,,,,,,,,797804838,79780483800028,73.11Z,,,,,,,,,,,sirene,
ALPDEST SERVICES AG,,,a contacter,,,,,,,,,,,,marketing_com,Regie publicitaire de medias,,,,,,,,,,,,,,,,,,,,,,,,,,,,,,,,,,,,,,,,,,,,,,,,,,919437350,91943735000011,73.12Z,,,,,,,,,,,sirene,
ALPHA DIFFUSION,,,a contacter,,,,,,,,,,,,marketing_com,Activites des agences de publicite,GRENOBLE,,38,,,,,,,,,,,,,,,,,,,,,,,,,,,,,,,,,,,,,,,,,,,,,,,439891011,43989101100033,73.11Z,,,,,,,,,,,sirene,
ALPHA PUB,,,a contacter,,,,,,,,,,,,marketing_com,Activites des agences de publicite,CHAMPFORGEUIL,,71,,,,,,,,,,,,,,,,,,,,,,,,,,,,,,,,,,,,,,,,,,,,,,,392450508,39245050800032,73.11Z,,,,,,,,,,,sirene,
ALRIS COMMUNICATION,,,a contacter,,,,,,,,,,,,marketing_com,Activites des agences de publicite,LA CIOTAT,,13,,,,,,,,,,,,,,,,,,,,,,,,,,,,,,,,,,,,,,,,,,,,,,,418278594,41827859400043,73.11Z,,,,,,,,,,,sirene,
ALSACE LOCALE,,,a contacter,,,,,,,,,,,,marketing_com,Activites des agences de publicite,COLMAR,,68,,,,,,,,,,,,,,,,,,,,,,,,,,,,,,,,,,,,,,,,,,,,,,,953895984,95389598400011,73.11Z,,,,,,,,,,,sirene,
ALT.URBAINE,,,a contacter,,,,,,,,,,,,marketing_com,Conseil en relations publiques et communication,GRENOBLE,,38,,,,,,,,,,,,,,,,,,,,,,,,,,,,,,,,,,,,,,,,,,,,,,,833537103,83353710300032,70.21Z,,,,,,,,,,,sirene,
ALTADIS OCEAN INDIEN,,,a contacter,,,,,,,,,,,,marketing_com,Activites des agences de publicite,SAINT-PIERRE,,974,,,,,,,,,,,,,,,,,,,,,,,,,,,,,,,,,,,,,,,,,,,,,,,339757742,33975774200079,73.11Z,,,,,,,,,,,sirene,
"ALTAIR, STRATEGIE ET FORMATION EN COMMUNICATION",,,a contacter,,,,,,,,,,,,marketing_com,Conseil en relations publiques et communication,TOULON,,83,,,,,,,,,,,,,,,,,,,,,,,,,,,,,,,,,,,,,,,,,,,,,,,790411052,79041105200042,70.21Z,,,,,,,,,,,sirene,
ALTAS,,,a contacter,,,,,,,,,,,,marketing_com,Activites des agences de publicite,SAINT-BERTHEVIN,,53,,,,,,,,,,,,,,,,,,,,,,,,,,,,,,,,,,,,,,,,,,,,,,,903491967,90349196700019,73.11Z,,,,,,,,,,,sirene,
ALTAVIA,,,a contacter,,,,,,,,,,,,marketing_com,Activites des agences de publicite,PARIS,,75,,,,,,,,,,,,,,,,,,,,,,,,,,,,,,,,,,,,,,,,,,,,,,,327168332,32716833200101,73.11Z,,,,,,,,,,,sirene,
ALTAVIA AUVERGNE RHONE ALPES,,,a contacter,,,,,,,,,,,,marketing_com,Activites des agences de publicite,SAINT-ETIENNE,,42,,,,,,,,,,,,,,,,,,,,,,,,,,,,,,,,,,,,,,,,,,,,,,,343410999,34341099900050,73.11Z,,,,,,,,,,,sirene,
ALTAVIA CONNECT,,,a contacter,,,,,,,,,,,,marketing_com,Activites des agences de publicite,SAINT-OUEN-SUR-SEINE,,93,,,,,,,,,,,,,,,,,,,,,,,,,,,,,,,,,,,,,,,,,,,,,,,491583100,49158310000012,73.11Z,,,,,,,,,,,sirene,
ALTAVIA DISKO,,,a contacter,,,,,,,,,,,,marketing_com,Activites des agences de publicite,SAINT-OUEN-SUR-SEINE,,93,,,,,,,,,,,,,,,,,,,,,,,,,,,,,,,,,,,,,,,,,,,,,,,521097774,52109777400082,73.11Z,,,,,,,,,,,sirene,
ALTAVIA EUROPE,,,a contacter,,,,,,,,,,,,marketing_com,Activites des agences de publicite,PARIS,,75,,,,,,,,,,,,,,,,,,,,,,,,,,,,,,,,,,,,,,,,,,,,,,,491289799,49128979900034,73.11Z,,,,,,,,,,,sirene,
ALTAVIA FIELD,,,a contacter,,,,,,,,,,,,marketing_com,Conseil en relations publiques et communication,SAINT-OUEN-SUR-SEINE,,93,,,,,,,,,,,,,,,,,,,,,,,,,,,,,,,,,,,,,,,,,,,,,,,834221871,83422187100025,70.21Z,,,,,,,,,,,sirene,
ALTAVIA FIL CONSEIL SAS,,,a contacter,,,,,,,,,,,,marketing_com,Conseil en relations publiques et communication,SAINT-OUEN-SUR-SEINE,,93,,,,,,,,,,,,,,,,,,,,,,,,,,,,,,,,,,,,,,,,,,,,,,,493820377,49382037700031,70.21Z,,,,,,,,,,,sirene,
ALTAVIA FIL ROUGE SAS,,,a contacter,,,,,,,,,,,,marketing_com,Activites des agences de publicite,SAINT-OUEN-SUR-SEINE,,93,,,,,,,,,,,,,,,,,,,,,,,,,,,,,,,,,,,,,,,,,,,,,,,429750631,42975063100088,73.11Z,,,,,,,,,,,sirene,
ALTAVIA FRANCE,,,a contacter,,,,,,,,,,,,marketing_com,Activites des agences de publicite,SAINT-OUEN-SUR-SEINE,,93,,,,,,,,,,,,,,,,,,,,,,,,,,,,,,,,,,,,,,,,,,,,,,,542054242,54205424200046,73.11Z,,,,,,,,,,,sirene,
ALTAVIA NANTES,,,a contacter,,,,,,,,,,,,marketing_com,Activites des agences de publicite,NANTES,,44,,,,,,,,,,,,,,,,,,,,,,,,,,,,,,,,,,,,,,,,,,,,,,,330792789,33079278900043,73.11Z,,,,,,,,,,,sirene,
ALTAVIA PARIS,,,a contacter,,,,,,,,,,,,marketing_com,Activites des agences de publicite,SAINT-OUEN-SUR-SEINE,,93,,,,,,,,,,,,,,,,,,,,,,,,,,,,,,,,,,,,,,,,,,,,,,,323790956,32379095600052,73.11Z,,,,,,,,,,,sirene,
ALTAVIA WETAIL,,,a contacter,,,,,,,,,,,,marketing_com,Activites des agences de publicite,LILLE,,59,,,,,,,,,,,,,,,,,,,,,,,,,,,,,,,,,,,,,,,,,,,,,,,420075640,42007564000078,73.11Z,,,,,,,,,,,sirene,
ALTER CREATION,,,a contacter,,,,,,,,,,,,marketing_com,Activites des agences de publicite,MONTRY,,77,,,,,,,,,,,,,,,,,,,,,,,,,,,,,,,,,,,,,,,,,,,,,,,488404344,48840434400035,73.11Z,,,,,,,,,,,sirene,
ALTERIADE,,,a contacter,,,,,,,,,,,,marketing_com,Conseil en relations publiques et communication,LYON,,69,,,,,,,,,,,,,,,,,,,,,,,,,,,,,,,,,,,,,,,,,,,,,,,482931128,48293112800011,70.21Z,,,,,,,,,,,sirene,
ALTHEA SAS,,,a contacter,,,,,,,,,,,,marketing_com,Activites des agences de publicite,CERGY,,95,,,,,,,,,,,,,,,,,,,,,,,,,,,,,,,,,,,,,,,,,,,,,,,829593078,82959307800027,73.11Z,,,,,,,,,,,sirene,
ALTI'POSE,,,a contacter,,,,,,,,,,,,marketing_com,Activites des agences de publicite,SAINT-JEAN-D'ARVEY,,73,,,,,,,,,,,,,,,,,,,,,,,,,,,,,,,,,,,,,,,,,,,,,,,851202283,85120228300012,73.11Z,,,,,,,,,,,sirene,
ALTIMAX,,,a contacter,,,,,,,,,,,,marketing_com,Conseil en relations publiques et communication,CHAVANOD,,74,,,,,,,,,,,,,,,,,,,,,,,,,,,,,,,,,,,,,,,,,,,,,,,418666996,41866699600065,70.21Z,,,,,,,,,,,sirene,
ALTITUDE,,,a contacter,,,,,,,,,,,,marketing_com,Conseil en relations publiques et communication,PERIGNY,,17,,,,,,,,,,,,,,,,,,,,,,,,,,,,,,,,,,,,,,,,,,,,,,,531452852,53145285200050,70.21Z,,,,,,,,,,,sirene,
ALVEOS EV,,,a contacter,,,,,,,,,,,,marketing_com,Conseil en relations publiques et communication,ISSY-LES-MOULINEAUX,,92,,,,,,,,,,,,,,,,,,,,,,,,,,,,,,,,,,,,,,,,,,,,,,,849162490,84916249000049,70.21Z,,,,,,,,,,,sirene,
ALX CREATIONS,,,a contacter,,,,,,,,,,,,marketing_com,Activites des agences de publicite,VERSAILLES,,78,,,,,,,,,,,,,,,,,,,,,,,,,,,,,,,,,,,,,,,,,,,,,,,334558426,33455842600063,73.11Z,,,,,,,,,,,sirene,
AMALTHEA COMMUNICATION,,,a contacter,,,,,,,,,,,,marketing_com,Activites des agences de publicite,CLICHY,,92,,,,,,,,,,,,,,,,,,,,,,,,,,,,,,,,,,,,,,,,,,,,,,,850630112,85063011200025,73.11Z,,,,,,,,,,,sirene,
AMAURY MEDIA,,,a contacter,,,,,,,,,,,,marketing_com,Regie publicitaire de medias,BOULOGNE-BILLANCOURT,,92,,,,,,,,,,,,,,,,,,,,,,,,,,,,,,,,,,,,,,,,,,,,,,,824295091,82429509100022,73.12Z,,,,,,,,,,,sirene,
AMAZON ONLINE FRANCE SAS,,,a contacter,,,,,,,,,,,,marketing_com,Regie publicitaire de medias,CLICHY,,92,,,,,,,,,,,,,,,,,,,,,,,,,,,,,,,,,,,,,,,,,,,,,,,790933329,79093332900027,73.12Z,,,,,,,,,,,sirene,
AMAZONIA AFFICHAGE,,,a contacter,,,,,,,,,,,,marketing_com,Activites des agences de publicite,NANTEUIL-LES-MEAUX,,77,,,,,,,,,,,,,,,,,,,,,,,,,,,,,,,,,,,,,,,,,,,,,,,483212510,48321251000018,73.11Z,,,,,,,,,,,sirene,
AMEGAPUB,,,a contacter,,,,,,,,,,,,marketing_com,Activites des agences de publicite,NIMES,,30,,,,,,,,,,,,,,,,,,,,,,,,,,,,,,,,,,,,,,,,,,,,,,,393767025,39376702500041,73.11Z,,,,,,,,,,,sirene,
AMG COM,,,a contacter,,,,,,,,,,,,marketing_com,Conseil en relations publiques et communication,GUILHERAND-GRANGES,,07,,,,,,,,,,,,,,,,,,,,,,,,,,,,,,,,,,,,,,,,,,,,,,,538553751,53855375100032,70.21Z,,,,,,,,,,,sirene,
AMICALEMENT VOTRE,,,a contacter,,,,,,,,,,,,marketing_com,Activites des agences de publicite,PARIS,,75,,,,,,,,,,,,,,,,,,,,,,,,,,,,,,,,,,,,,,,,,,,,,,,392517090,39251709000032,73.11Z,,,,,,,,,,,sirene,
AMKB,,,a contacter,,,,,,,,,,,,marketing_com,Activites des agences de publicite,VILLEBON-SUR-YVETTE,,91,,,,,,,,,,,,,,,,,,,,,,,,,,,,,,,,,,,,,,,,,,,,,,,751202631,75120263100030,73.11Z,,,,,,,,,,,sirene,
AML PRODUCTIONS,,,a contacter,,,,,,,,,,,,marketing_com,Regie publicitaire de medias,COURCON,,17,,,,,,,,,,,,,,,,,,,,,,,,,,,,,,,,,,,,,,,,,,,,,,,897646840,89764684000024,73.12Z,,,,,,,,,,,sirene,
AMNET FRANCE,,,a contacter,,,,,,,,,,,,marketing_com,Regie publicitaire de medias,PARIS,,75,,,,,,,,,,,,,,,,,,,,,,,,,,,,,,,,,,,,,,,,,,,,,,,539615948,53961594800020,73.12Z,,,,,,,,,,,sirene,
AMPLITUDE GRAPHIQUE PUBLICITE,,,a contacter,,,,,,,,,,,,marketing_com,Activites des agences de publicite,MONTEVRAIN,,77,,,,,,,,,,,,,,,,,,,,,,,,,,,,,,,,,,,,,,,,,,,,,,,450615646,45061564600020,73.11Z,,,,,,,,,,,sirene,
AMPLITY SARL,,,a contacter,,,,,,,,,,,,marketing_com,Conseil en relations publiques et communication,PARIS,,75,,,,,,,,,,,,,,,,,,,,,,,,,,,,,,,,,,,,,,,,,,,,,,,798705448,79870544800032,70.21Z,,,,,,,,,,,sirene,
AMRANI AGENCY,,,a contacter,,,,,,,,,,,,marketing_com,Conseil en relations publiques et communication,GRENOBLE,,38,,,,,,,,,,,,,,,,,,,,,,,,,,,,,,,,,,,,,,,,,,,,,,,849397997,84939799700016,70.21Z,,,,,,,,,,,sirene,
AMV FRANCE,,,a contacter,,,,,,,,,,,,marketing_com,Activites des agences de publicite,BEZIERS,,34,,,,,,,,,,,,,,,,,,,,,,,,,,,,,,,,,,,,,,,,,,,,,,,792249237,79224923700027,73.11Z,,,,,,,,,,,sirene,
ANAPACK,,,a contacter,,,,,,,,,,,,marketing_com,Activites des agences de publicite,VERTOU,,44,,,,,,,,,,,,,,,,,,,,,,,,,,,,,,,,,,,,,,,,,,,,,,,838588036,83858803600023,73.11Z,,,,,,,,,,,sirene,
ANCIENNE SOCIETE FLAMINGO COMMUNICATIONS,,,a contacter,,,,,,,,,,,,marketing_com,Activites des agences de publicite,BLOIS,,41,,,,,,,,,,,,,,,,,,,,,,,,,,,,,,,,,,,,,,,,,,,,,,,390632537,39063253700085,73.11Z,,,,,,,,,,,sirene,
AND AFTER,,,a contacter,,,,,,,,,,,,marketing_com,Activites des agences de publicite,SAINT MANDE,,94,,,,,,,,,,,,,,,,,,,,,,,,,,,,,,,,,,,,,,,,,,,,,,,331874370,33187437000033,73.11Z,,,,,,,,,,,sirene,
ANDROMAQUE,,,a contacter,,,,,,,,,,,,marketing_com,Activites des agences de publicite,STRASBOURG,,67,,,,,,,,,,,,,,,,,,,,,,,,,,,,,,,,,,,,,,,,,,,,,,,351004734,35100473400056,73.11Z,,,,,,,,,,,sirene,
ANGELINI DESIGN SRL,,,a contacter,,,,,,,,,,,,marketing_com,Activites des agences de publicite,,,,,,,,,,,,,,,,,,,,,,,,,,,,,,,,,,,,,,,,,,,,,,,,,,422201988,42220198800017,73.11Z,,,,,,,,,,,sirene,
ANGIE,,,a contacter,,,,,,,,,,,,marketing_com,Activites des agences de publicite,PARIS,,75,,,,,,,,,,,,,,,,,,,,,,,,,,,,,,,,,,,,,,,,,,,,,,,513702001,51370200100019,73.11Z,,,,,,,,,,,sirene,
ANGOT PUBLICITE,,,a contacter,,,,,,,,,,,,marketing_com,Activites des agences de publicite,PAVILLY,,76,,,,,,,,,,,,,,,,,,,,,,,,,,,,,,,,,,,,,,,,,,,,,,,433241916,43324191600041,73.11Z,,,,,,,,,,,sirene,
ANGY COMMUNICATION,,,a contacter,,,,,,,,,,,,marketing_com,Regie publicitaire de medias,MONTREUIL,,93,,,,,,,,,,,,,,,,,,,,,,,,,,,,,,,,,,,,,,,,,,,,,,,500336656,50033665600037,73.12Z,,,,,,,,,,,sirene,
ANIM MARKET,,,a contacter,,,,,,,,,,,,marketing_com,Conseil en relations publiques et communication,FLEURY-LES-AUBRAIS,,45,,,,,,,,,,,,,,,,,,,,,,,,,,,,,,,,,,,,,,,,,,,,,,,822369823,82236982300023,70.21Z,,,,,,,,,,,sirene,
ANIM TOO,,,a contacter,,,,,,,,,,,,marketing_com,Activites des agences de publicite,SAINT-DENIS,,974,,,,,,,,,,,,,,,,,,,,,,,,,,,,,,,,,,,,,,,,,,,,,,,887685451,88768545100015,73.11Z,,,,,,,,,,,sirene,
ANIMA PRODUCTION,,,a contacter,,,,,,,,,,,,marketing_com,Activites des agences de publicite,NANTES,,44,,,,,,,,,,,,,,,,,,,,,,,,,,,,,,,,,,,,,,,,,,,,,,,352578652,35257865200021,73.11Z,,,,,,,,,,,sirene,
ANIMACTION,,,a contacter,,,,,,,,,,,,marketing_com,Activites des agences de publicite,TASSIN-LA-DEMI-LUNE,,69,,,,,,,,,,,,,,,,,,,,,,,,,,,,,,,,,,,,,,,,,,,,,,,480872118,48087211800025,73.11Z,,,,,,,,,,,sirene,
ANIMAL PENSANT,,,a contacter,,,,,,,,,,,,marketing_com,Conseil en relations publiques et communication,PARIS,,75,,,,,,,,,,,,,,,,,,,,,,,,,,,,,,,,,,,,,,,,,,,,,,,795401363,79540136300044,70.21Z,,,,,,,,,,,sirene,
ANIMAS FRANCE,,,a contacter,,,,,,,,,,,,marketing_com,Activites des agences de publicite,MEYZIEU,,69,,,,,,,,,,,,,,,,,,,,,,,,,,,,,,,,,,,,,,,,,,,,,,,538350232,53835023200046,73.11Z,,,,,,,,,,,sirene,
ANIMATION FILBO SUD FRANCE,,,a contacter,,,,,,,,,,,,marketing_com,Activites des agences de publicite,VAILHAUQUES,,34,,,,,,,,,,,,,,,,,,,,,,,,,,,,,,,,,,,,,,,,,,,,,,,534652284,53465228400033,73.11Z,,,,,,,,,,,sirene,
ANIMATION LOCATION CONCEP REALI PUBL,,,a contacter,,,,,,,,,,,,marketing_com,Activites des agences de publicite,ANTONY,,92,,,,,,,,,,,,,,,,,,,,,,,,,,,,,,,,,,,,,,,,,,,,,,,422942052,42294205200024,73.11Z,,,,,,,,,,,sirene,
ANIMATIONS COMMERCIALES ET VENTES EN GRANDES ET MOYENNES SURFACES,,,a contacter,,,,,,,,,,,,marketing_com,Activites des agences de publicite,TOURCOING,,59,,,,,,,,,,,,,,,,,,,,,,,,,,,,,,,,,,,,,,,,,,,,,,,481791358,48179135800064,73.11Z,,,,,,,,,,,sirene,
ANIMATIONS REUNION,,,a contacter,,,,,,,,,,,,marketing_com,Activites des agences de publicite,SAINT-DENIS,,974,,,,,,,,,,,,,,,,,,,,,,,,,,,,,,,,,,,,,,,,,,,,,,,752542324,75254232400013,73.11Z,,,,,,,,,,,sirene,
ANJOU WEB,,,a contacter,,,,,,,,,,,,marketing_com,Conseil en relations publiques et communication,MONTREUIL-BELLAY,,49,,,,,,,,,,,,,,,,,,,,,,,,,,,,,,,,,,,,,,,,,,,,,,,499389179,49938917900023,70.21Z,,,,,,,,,,,sirene,
ANKAA COMMUNICATION,,,a contacter,,,,,,,,,,,,marketing_com,Activites des agences de publicite,BRIGNAIS,,69,,,,,,,,,,,,,,,,,,,,,,,,,,,,,,,,,,,,,,,,,,,,,,,520955568,52095556800057,73.11Z,,,,,,,,,,,sirene,
ANNE SAMSON COMMUNICATIONS,,,a contacter,,,,,,,,,,,,marketing_com,Activites des agences de publicite,PARIS,,75,,,,,,,,,,,,,,,,,,,,,,,,,,,,,,,,,,,,,,,,,,,,,,,453758963,45375896300012,73.11Z,,,,,,,,,,,sirene,
ANNE-HELENE CANDAT (GREGOIRE),,,a contacter,,,,,,,,,,,,marketing_com,Conseil en relations publiques et communication,VALENCIENNES,,59,,,,,,,,,,,,,,,,,,,,,,,,,,,,,,,,,,,,,,,,,,,,,,,820451680,82045168000053,70.21Z,,,,,,,,,,,sirene,
ANNIME,,,a contacter,,,,,,,,,,,,marketing_com,Activites des agences de publicite,VENDENHEIM,,67,,,,,,,,,,,,,,,,,,,,,,,,,,,,,,,,,,,,,,,,,,,,,,,433897071,43389707100034,73.11Z,,,,,,,,,,,sirene,
ANONYMES,,,a contacter,,,,,,,,,,,,marketing_com,Activites des agences de publicite,VILLENEUVE-LES-AVIGNON,,30,,,,,,,,,,,,,,,,,,,,,,,,,,,,,,,,,,,,,,,,,,,,,,,451250468,45125046800050,73.11Z,,,,,,,,,,,sirene,
ANOUK DEQUE COMMUNICATION,,,a contacter,,,,,,,,,,,,marketing_com,Conseil en relations publiques et communication,TOULOUSE,,31,,,,,,,,,,,,,,,,,,,,,,,,,,,,,,,,,,,,,,,,,,,,,,,408496933,40849693300024,70.21Z,,,,,,,,,,,sirene,
ANTENNE SOLUTIONS BUSINESS,,,a contacter,,,,,,,,,,,,marketing_com,Regie publicitaire de medias,SAINT-DENIS,,974,,,,,,,,,,,,,,,,,,,,,,,,,,,,,,,,,,,,,,,,,,,,,,,494431927,49443192700032,73.12Z,,,,,,,,,,,sirene,
ANTHARES - CREATION - CONSEIL - COMMUNICATION,,,a contacter,,,,,,,,,,,,marketing_com,Activites des agences de publicite,GRAVIGNY,,27,,,,,,,,,,,,,,,,,,,,,,,,,,,,,,,,,,,,,,,,,,,,,,,401704176,40170417600049,73.11Z,,,,,,,,,,,sirene,
ANTHRAX,,,a contacter,,,,,,,,,,,,marketing_com,Conseil en relations publiques et communication,DINARD,,35,,,,,,,,,,,,,,,,,,,,,,,,,,,,,,,,,,,,,,,,,,,,,,,493731772,49373177200031,70.21Z,,,,,,,,,,,sirene,
ANTIGEL,,,a contacter,,,,,,,,,,,,marketing_com,Conseil en relations publiques et communication,NANTES,,44,,,,,,,,,,,,,,,,,,,,,,,,,,,,,,,,,,,,,,,,,,,,,,,800884546,80088454600022,70.21Z,,,,,,,,,,,sirene,
ANTIGONE COMMUNICATION,,,a contacter,,,,,,,,,,,,marketing_com,Conseil en relations publiques et communication,LYON,,69,,,,,,,,,,,,,,,,,,,,,,,,,,,,,,,,,,,,,,,,,,,,,,,499495588,49949558800026,70.21Z,,,,,,,,,,,sirene,
ANTIROUILLE COMMUNICATION,,,a contacter,,,,,,,,,,,,marketing_com,Activites des agences de publicite,CHARGE,,37,,,,,,,,,,,,,,,,,,,,,,,,,,,,,,,,,,,,,,,,,,,,,,,390188092,39018809200048,73.11Z,,,,,,,,,,,sirene,
ANTITHESE V2,,,a contacter,,,,,,,,,,,,marketing_com,Activites des agences de publicite,NEFFIES,,34,,,,,,,,,,,,,,,,,,,,,,,,,,,,,,,,,,,,,,,,,,,,,,,795172881,79517288100042,73.11Z,,,,,,,,,,,sirene,
AONIX,,,a contacter,,,,,,,,,,,,marketing_com,Activites des agences de publicite,BAGNOLS-SUR-CEZE,,30,,,,,,,,,,,,,,,,,,,,,,,,,,,,,,,,,,,,,,,,,,,,,,,833411929,83341192900031,73.11Z,,,,,,,,,,,sirene,
AOWOA,,,a contacter,,,,,,,,,,,,marketing_com,Activites des agences de publicite,TOULON,,83,,,,,,,,,,,,,,,,,,,,,,,,,,,,,,,,,,,,,,,,,,,,,,,790412498,79041249800012,73.11Z,,,,,,,,,,,sirene,
AP,,,a contacter,,,,,,,,,,,,marketing_com,Activites des agences de publicite,MONTMAGNY,,95,,,,,,,,,,,,,,,,,,,,,,,,,,,,,,,,,,,,,,,,,,,,,,,493564850,49356485000029,73.11Z,,,,,,,,,,,sirene,
APAR,,,a contacter,,,,,,,,,,,,marketing_com,Regie publicitaire de medias,LEVALLOIS-PERRET,,92,,,,,,,,,,,,,,,,,,,,,,,,,,,,,,,,,,,,,,,,,,,,,,,404133910,40413391000012,73.12Z,,,,,,,,,,,sirene,
APC,C,0,a contacter,,,,,,,,,,,,marketing_com,Conseil en relations publiques et communication,OBJAT,,19,,,,,,,,,https://www.pappers.fr/entreprise/948231642,https://annuaire-entreprises.data.gouv.fr/entreprise/948231642,https://annuaire-entreprises.data.gouv.fr/annonces/948231642,https://annuaire-entreprises.data.gouv.fr/donnees-financieres/948231642,https://annuaire-entreprises.data.gouv.fr/dirigeants/948231642,https://www.google.com/maps/search/?api=1&query=APC+OBJAT,https://www.google.com/search?q=APC+OBJAT,https://news.google.com/search?hl=fr&q=%22APC%22,https://www.linkedin.com/search/results/companies/?keywords=APC,,https://www.pagesjaunes.fr/annuaire/chercherlespros?quoiqui=APC&ou=OBJAT,https://www.societe.com/cgi-bin/search?champs=948231642,,,,,,,,,,,,,,,,,,,,,,,,FR91948231642,,,948231642,94823164200018,70.21Z,,,,,,,,non,oui,2026-08-01,sirene,
APE STRATEGIE,,,a contacter,,,,,,,,,,,,marketing_com,Activites des agences de publicite,ORBAIS,,51,,,,,,,,,,,,,,,,,,,,,,,,,,,,,,,,,,,,,,,,,,,,,,,353418304,35341830400039,73.11Z,,,,,,,,,,,sirene,
APEX,,,a contacter,,,,,,,,,,,,marketing_com,Conseil en relations publiques et communication,FONTENAY-SOUS-BOIS,,94,,,,,,,,,,,,,,,,,,,,,,,,,,,,,,,,,,,,,,,,,,,,,,,901039065,90103906500023,70.21Z,,,,,,,,,,,sirene,
API & YOU,,,a contacter,,,,,,,,,,,,marketing_com,Conseil en relations publiques et communication,POLIGNY,,39,,,,,,,,,,,,,,,,,,,,,,,,,,,,,,,,,,,,,,,,,,,,,,,537487654,53748765400015,70.21Z,,,,,,,,,,,sirene,
APICOM,,,a contacter,,,,,,,,,,,,marketing_com,Activites des agences de publicite,CABRIES,,13,,,,,,,,,,,,,,,,,,,,,,,,,,,,,,,,,,,,,,,,,,,,,,,497617670,49761767000011,73.11Z,,,,,,,,,,,sirene,
APIKOM,,,a contacter,,,,,,,,,,,,marketing_com,Activites des agences de publicite,CALAIS,,62,,,,,,,,,,,,,,,,,,,,,,,,,,,,,,,,,,,,,,,,,,,,,,,791343635,79134363500037,73.11Z,,,,,,,,,,,sirene,
APOSTROPHE,,,a contacter,,,,,,,,,,,,marketing_com,Activites des agences de publicite,CORMEILLES-EN-PARISIS,,95,,,,,,,,,,,,,,,,,,,,,,,,,,,,,,,,,,,,,,,,,,,,,,,394534499,39453449900030,73.11Z,,,,,,,,,,,sirene,
APOSTROPHE & CIE,,,a contacter,,,,,,,,,,,,marketing_com,Conseil en relations publiques et communication,LISIEUX,,14,,,,,,,,,,,,,,,,,,,,,,,,,,,,,,,,,,,,,,,,,,,,,,,517552428,51755242800032,70.21Z,,,,,,,,,,,sirene,
APOSTROPHE PUB,,,a contacter,,,,,,,,,,,,marketing_com,Regie publicitaire de medias,MONTAUBAN,,82,,,,,,,,,,,,,,,,,,,,,,,,,,,,,,,,,,,,,,,,,,,,,,,833748387,83374838700028,73.12Z,,,,,,,,,,,sirene,
APPALOOSA,,,a contacter,,,,,,,,,,,,marketing_com,Activites des agences de publicite,PLOUIGNEAU,,29,,,,,,,,,,,,,,,,,,,,,,,,,,,,,,,,,,,,,,,,,,,,,,,380629113,38062911300016,73.11Z,,,,,,,,,,,sirene,
APPLE FRANCE,,,a contacter,,,,,,,,,,,,marketing_com,Activites des agences de publicite,PARIS,,75,,,,,,,,,,,,,,,,,,,,,,,,,,,,,,,,,,,,,,,,,,,,,,,322120916,32212091600208,73.11Z,,,,,,,,,,,sirene,
APPLITOUR,,,a contacter,,,,,,,,,,,,marketing_com,Conseil en relations publiques et communication,SAINT-GERMAIN-DES-PRES,,81,,,,,,,,,,,,,,,,,,,,,,,,,,,,,,,,,,,,,,,,,,,,,,,529558454,52955845400011,70.21Z,,,,,,,,,,,sirene,
APRESTA,,,a contacter,,,,,,,,,,,,marketing_com,Conseil en relations publiques et communication,SAINGHIN-EN-WEPPES,,59,,,,,,,,,,,,,,,,,,,,,,,,,,,,,,,,,,,,,,,,,,,,,,,537518540,53751854000027,70.21Z,,,,,,,,,,,sirene,
APS COMMUNICATION,,,a contacter,,,,,,,,,,,,marketing_com,Activites des agences de publicite,GRASSE,,06,,,,,,,,,,,,,,,,,,,,,,,,,,,,,,,,,,,,,,,,,,,,,,,487912586,48791258600038,73.11Z,,,,,,,,,,,sirene,
APS GROUP FRANCE SAS,,,a contacter,,,,,,,,,,,,marketing_com,Conseil en relations publiques et communication,LEVALLOIS-PERRET,,92,,,,,,,,,,,,,,,,,,,,,,,,,,,,,,,,,,,,,,,,,,,,,,,807871306,80787130600039,70.21Z,,,,,,,,,,,sirene,
APSARA CREATION,,,a contacter,,,,,,,,,,,,marketing_com,Activites des agences de publicite,SAINT-LEU-LA-FORET,,95,,,,,,,,,,,,,,,,,,,,,,,,,,,,,,,,,,,,,,,,,,,,,,,821497674,82149767400027,73.11Z,,,,,,,,,,,sirene,
APTETUDE,,,a contacter,,,,,,,,,,,,marketing_com,Activites des agences de publicite,BEAUTIRAN,,33,,,,,,,,,,,,,,,,,,,,,,,,,,,,,,,,,,,,,,,,,,,,,,,442310959,44231095900014,73.11Z,,,,,,,,,,,sirene,
APYK,,,a contacter,,,,,,,,,,,,marketing_com,Conseil en relations publiques et communication,LE MANS,,72,,,,,,,,,,,,,,,,,,,,,,,,,,,,,,,,,,,,,,,,,,,,,,,922371331,92237133100013,70.21Z,,,,,,,,,,,sirene,
AQUITAINE TOURISME,,,a contacter,,,,,,,,,,,,marketing_com,Activites des agences de publicite,BORDEAUX,,33,,,,,,,,,,,,,,,,,,,,,,,,,,,,,,,,,,,,,,,,,,,,,,,399829480,39982948000033,73.11Z,,,,,,,,,,,sirene,
AQUITAINECOM,,,a contacter,,,,,,,,,,,,marketing_com,Activites des agences de publicite,BEGLES,,33,,,,,,,,,,,,,,,,,,,,,,,,,,,,,,,,,,,,,,,,,,,,,,,840639223,84063922300022,73.11Z,,,,,,,,,,,sirene,
AR DECAD,,,a contacter,,,,,,,,,,,,marketing_com,Activites des agences de publicite,TREGUEUX,,22,,,,,,,,,,,,,,,,,,,,,,,,,,,,,,,,,,,,,,,,,,,,,,,344697453,34469745300019,73.11Z,,,,,,,,,,,sirene,
ARA VISUEL,,,a contacter,,,,,,,,,,,,marketing_com,Activites des agences de publicite,VILLETTE-D'ANTHON,,38,,,,,,,,,,,,,,,,,,,,,,,,,,,,,,,,,,,,,,,,,,,,,,,509964615,50996461500025,73.11Z,,,,,,,,,,,sirene,
ARBONNE DE LAURENCIN,,,a contacter,,,,,,,,,,,,marketing_com,Activites des agences de publicite,MEYZIEU,,69,,,,,,,,,,,,,,,,,,,,,,,,,,,,,,,,,,,,,,,,,,,,,,,347926735,34792673500031,73.11Z,,,,,,,,,,,sirene,
ARC EN CIEL,,,a contacter,,,,,,,,,,,,marketing_com,Activites des agences de publicite,MARSEILLE,,13,,,,,,,,,,,,,,,,,,,,,,,,,,,,,,,,,,,,,,,,,,,,,,,398898775,39889877500067,73.11Z,,,,,,,,,,,sirene,
ARCADE CONSEILS COMMUNICATION,,,a contacter,,,,,,,,,,,,marketing_com,Conseil en relations publiques et communication,PARIS,,75,,,,,,,,,,,,,,,,,,,,,,,,,,,,,,,,,,,,,,,,,,,,,,,805015773,80501577300031,70.21Z,,,,,,,,,,,sirene,
ARCHETYPE AGENCY,,,a contacter,,,,,,,,,,,,marketing_com,Conseil en relations publiques et communication,PARIS,,75,,,,,,,,,,,,,,,,,,,,,,,,,,,,,,,,,,,,,,,,,,,,,,,400209052,40020905200077,70.21Z,,,,,,,,,,,sirene,
ARCHIPELS,,,a contacter,,,,,,,,,,,,marketing_com,Activites des agences de publicite,PARIS,,75,,,,,,,,,,,,,,,,,,,,,,,,,,,,,,,,,,,,,,,,,,,,,,,441696275,44169627500052,73.11Z,,,,,,,,,,,sirene,
ARDATA,,,a contacter,,,,,,,,,,,,marketing_com,Conseil en relations publiques et communication,PUTEAUX,,92,,,,,,,,,,,,,,,,,,,,,,,,,,,,,,,,,,,,,,,,,,,,,,,808187322,80818732200033,70.21Z,,,,,,,,,,,sirene,
ARDENCE,,,a contacter,,,,,,,,,,,,marketing_com,Conseil en relations publiques et communication,SAINT-JUST,,34,,,,,,,,,,,,,,,,,,,,,,,,,,,,,,,,,,,,,,,,,,,,,,,350107314,35010731400055,70.21Z,,,,,,,,,,,sirene,
ARE MEDIA,,,a contacter,,,,,,,,,,,,marketing_com,Regie publicitaire de medias,VILLENEUVE-D'ASCQ,,59,,,,,,,,,,,,,,,,,,,,,,,,,,,,,,,,,,,,,,,,,,,,,,,751217795,75121779500028,73.12Z,,,,,,,,,,,sirene,
ARENA MEDIA COMMUNICATIONS,,,a contacter,,,,,,,,,,,,marketing_com,Activites des agences de publicite,PUTEAUX,,92,,,,,,,,,,,,,,,,,,,,,,,,,,,,,,,,,,,,,,,,,,,,,,,431302942,43130294200054,73.11Z,,,,,,,,,,,sirene,
ARISTID BORDEAUX,,,a contacter,,,,,,,,,,,,marketing_com,Activites des agences de publicite,PESSAC,,33,,,,,,,,,,,,,,,,,,,,,,,,,,,,,,,,,,,,,,,,,,,,,,,414947093,41494709300046,73.11Z,,,,,,,,,,,sirene,
ARISTID HUB,,,a contacter,,,,,,,,,,,,marketing_com,Activites des agences de publicite,PARIS,,75,,,,,,,,,,,,,,,,,,,,,,,,,,,,,,,,,,,,,,,,,,,,,,,451120810,45112081000010,73.11Z,,,,,,,,,,,sirene,
ARISTID SAINT ETIENNE,,,a contacter,,,,,,,,,,,,marketing_com,Activites des agences de publicite,SAINT-ETIENNE,,42,,,,,,,,,,,,,,,,,,,,,,,,,,,,,,,,,,,,,,,,,,,,,,,507475465,50747546500054,73.11Z,,,,,,,,,,,sirene,
ARISTID SERVICES,,,a contacter,,,,,,,,,,,,marketing_com,Activites des agences de publicite,PARIS,,75,,,,,,,,,,,,,,,,,,,,,,,,,,,,,,,,,,,,,,,,,,,,,,,410835987,41083598700018,73.11Z,,,,,,,,,,,sirene,
ARJCOM,,,a contacter,,,,,,,,,,,,marketing_com,Activites des agences de publicite,TOURS,,37,,,,,,,,,,,,,,,,,,,,,,,,,,,,,,,,,,,,,,,,,,,,,,,753024793,75302479300022,73.11Z,,,,,,,,,,,sirene,
ARMONY POSITIF,,,a contacter,,,,,,,,,,,,marketing_com,Activites des agences de publicite,EPINAY-SUR-SEINE,,93,,,,,,,,,,,,,,,,,,,,,,,,,,,,,,,,,,,,,,,,,,,,,,,328286729,32828672900038,73.11Z,,,,,,,,,,,sirene,
ARMONY-VISIOCOM,,,a contacter,,,,,,,,,,,,marketing_com,Activites des agences de publicite,PARIS,,75,,,,,,,,,,,,,,,,,,,,,,,,,,,,,,,,,,,,,,,,,,,,,,,902122209,90212220900049,73.11Z,,,,,,,,,,,sirene,
ARNAUD BRICE COMMUNICATION,,,a contacter,,,,,,,,,,,,marketing_com,Activites des agences de publicite,PLASNE,,39,,,,,,,,,,,,,,,,,,,,,,,,,,,,,,,,,,,,,,,,,,,,,,,414796946,41479694600039,73.11Z,,,,,,,,,,,sirene,
ARNOLD ANDRE,,,a contacter,,,,,,,,,,,,marketing_com,Activites des agences de publicite,LAMBESC,,13,,,,,,,,,,,,,,,,,,,,,,,,,,,,,,,,,,,,,,,,,,,,,,,488435686,48843568600024,73.11Z,,,,,,,,,,,sirene,
AROMATES,,,a contacter,,,,,,,,,,,,marketing_com,Conseil en relations publiques et communication,BOULOGNE-BILLANCOURT,,92,,,,,,,,,,,,,,,,,,,,,,,,,,,,,,,,,,,,,,,,,,,,,,,377748215,37774821500029,70.21Z,,,,,,,,,,,sirene,
ARPA3 TRAFIC,,,a contacter,,,,,,,,,,,,marketing_com,Conseil en relations publiques et communication,LATTES,,34,,,,,,,,,,,,,,,,,,,,,,,,,,,,,,,,,,,,,,,,,,,,,,,948052592,94805259200011,70.21Z,,,,,,,,,,,sirene,
ARSENAL,,,a contacter,,,,,,,,,,,,marketing_com,Activites des agences de publicite,MARCQ-EN-BARŒUL,,59,,,,,,,,,,,,,,,,,,,,,,,,,,,,,,,,,,,,,,,,,,,,,,,344353347,34435334700059,73.11Z,,,,,,,,,,,sirene,
ARSENAL,,,a contacter,,,,,,,,,,,,marketing_com,Conseil en relations publiques et communication,SAINT CLOUD,,92,,,,,,,,,,,,,,,,,,,,,,,,,,,,,,,,,,,,,,,,,,,,,,,338687536,33868753600072,70.21Z,,,,,,,,,,,sirene,
ART BOULEVARD,,,a contacter,,,,,,,,,,,,marketing_com,Activites des agences de publicite,SAINT-OUEN-SUR-SEINE,,93,,,,,,,,,,,,,,,,,,,,,,,,,,,,,,,,,,,,,,,,,,,,,,,429423106,42942310600070,73.11Z,,,,,,,,,,,sirene,
ART COLOR 34,,,a contacter,,,,,,,,,,,,marketing_com,Activites des agences de publicite,BESSAN,,34,,,,,,,,,,,,,,,,,,,,,,,,,,,,,,,,,,,,,,,,,,,,,,,834817348,83481734800024,73.11Z,,,,,,,,,,,sirene,
ART ET PUB,,,a contacter,,,,,,,,,,,,marketing_com,Activites des agences de publicite,LILLERS,,62,,,,,,,,,,,,,,,,,,,,,,,,,,,,,,,,,,,,,,,,,,,,,,,515312312,51531231200041,73.11Z,,,,,,,,,,,sirene,
ART MARKETING,,,a contacter,,,,,,,,,,,,marketing_com,Activites des agences de publicite,BISCHWILLER,,67,,,,,,,,,,,,,,,,,,,,,,,,,,,,,,,,,,,,,,,,,,,,,,,902738194,90273819400023,73.11Z,,,,,,,,,,,sirene,
ART MEDIA COMMUNICATION,,,a contacter,,,,,,,,,,,,marketing_com,Regie publicitaire de medias,SAINT-DENIS,,974,,,,,,,,,,,,,,,,,,,,,,,,,,,,,,,,,,,,,,,,,,,,,,,488393687,48839368700030,73.12Z,,,,,,,,,,,sirene,
ART MEDIA EDITION CREATION,,,a contacter,,,,,,,,,,,,marketing_com,Activites des agences de publicite,PRAYSSAS,,47,,,,,,,,,,,,,,,,,,,,,,,,,,,,,,,,,,,,,,,,,,,,,,,423099001,42309900100038,73.11Z,,,,,,,,,,,sirene,
ART PUB,,,a contacter,,,,,,,,,,,,marketing_com,Regie publicitaire de medias,ROUBAIX,,59,,,,,,,,,,,,,,,,,,,,,,,,,,,,,,,,,,,,,,,,,,,,,,,414393363,41439336300042,73.12Z,,,,,,,,,,,sirene,
ART PUB DECO,,,a contacter,,,,,,,,,,,,marketing_com,Activites des agences de publicite,SAINT-JEAN-DE-LA-NEUVILLE,,76,,,,,,,,,,,,,,,,,,,,,,,,,,,,,,,,,,,,,,,,,,,,,,,481515286,48151528600039,73.11Z,,,,,,,,,,,sirene,
ART VISION,,,a contacter,,,,,,,,,,,,marketing_com,Activites des agences de publicite,LA MOTTE-SERVOLEX,,73,,,,,,,,,,,,,,,,,,,,,,,,,,,,,,,,,,,,,,,,,,,,,,,380094821,38009482100036,73.11Z,,,,,,,,,,,sirene,
ART'DHESIF PUBLICITE,,,a contacter,,,,,,,,,,,,marketing_com,Activites des agences de publicite,AMIENS,,80,,,,,,,,,,,,,,,,,,,,,,,,,,,,,,,,,,,,,,,,,,,,,,,819039926,81903992600020,73.11Z,,,,,,,,,,,sirene,
ART-CAD COMMUNICATION ET SIGNALISATION,,,a contacter,,,,,,,,,,,,marketing_com,Activites des agences de publicite,VAL-DE-SAANE,,76,,,,,,,,,,,,,,,,,,,,,,,,,,,,,,,,,,,,,,,,,,,,,,,753674670,75367467000017,73.11Z,,,,,,,,,,,sirene,
ARTCHER,,,a contacter,,,,,,,,,,,,marketing_com,Conseil en relations publiques et communication,PARIS,,75,,,,,,,,,,,,,,,,,,,,,,,,,,,,,,,,,,,,,,,,,,,,,,,848225215,84822521500054,70.21Z,,,,,,,,,,,sirene,
ARTCOM,,,a contacter,,,,,,,,,,,,marketing_com,Activites des agences de publicite,CAGNES-SUR-MER,,06,,,,,,,,,,,,,,,,,,,,,,,,,,,,,,,,,,,,,,,,,,,,,,,384551636,38455163600036,73.11Z,,,,,,,,,,,sirene,
ARTEFACT DESIGN,,,a contacter,,,,,,,,,,,,marketing_com,Conseil en relations publiques et communication,PERIGUEUX,,24,,,,,,,,,,,,,,,,,,,,,,,,,,,,,,,,,,,,,,,,,,,,,,,818585465,81858546500029,70.21Z,,,,,,,,,,,sirene,
ARTEJUL CONSEIL,,,a contacter,,,,,,,,,,,,marketing_com,Activites des agences de publicite,BORDEAUX,,33,,,,,,,,,,,,,,,,,,,,,,,,,,,,,,,,,,,,,,,,,,,,,,,450656194,45065619400013,73.11Z,,,,,,,,,,,sirene,
ARTGRAFIK STRATEGIE,,,a contacter,,,,,,,,,,,,marketing_com,Activites des agences de publicite,VAUX-SUR-MER,,17,,,,,,,,,,,,,,,,,,,,,,,,,,,,,,,,,,,,,,,,,,,,,,,853174027,85317402700013,73.11Z,,,,,,,,,,,sirene,
ARTHURIMMO. COM,,,a contacter,,,,,,,,,,,,marketing_com,Activites des agences de publicite,NICE,,06,,,,,,,,,,,,,,,,,,,,,,,,,,,,,,,,,,,,,,,,,,,,,,,407525344,40752534400047,73.11Z,,,,,,,,,,,sirene,
ARTICLE 11,,,a contacter,,,,,,,,,,,,marketing_com,Conseil en relations publiques et communication,PARIS,,75,,,,,,,,,,,,,,,,,,,,,,,,,,,,,,,,,,,,,,,,,,,,,,,428769806,42876980600046,70.21Z,,,,,,,,,,,sirene,
ARTKOSE,,,a contacter,,,,,,,,,,,,marketing_com,Activites des agences de publicite,COUERON,,44,,,,,,,,,,,,,,,,,,,,,,,,,,,,,,,,,,,,,,,,,,,,,,,433049756,43304975600037,73.11Z,,,,,,,,,,,sirene,
ARTLY PRODUCTION,,,a contacter,,,,,,,,,,,,marketing_com,Regie publicitaire de medias,PARIS,,75,,,,,,,,,,,,,,,,,,,,,,,,,,,,,,,,,,,,,,,,,,,,,,,792147209,79214720900052,73.12Z,,,,,,,,,,,sirene,
ARTMONY,,,a contacter,,,,,,,,,,,,marketing_com,Activites des agences de publicite,ORVAULT,,44,,,,,,,,,,,,,,,,,,,,,,,,,,,,,,,,,,,,,,,,,,,,,,,882760127,88276012700028,73.11Z,,,,,,,,,,,sirene,
ARXAMA,,,a contacter,,,,,,,,,,,,marketing_com,Conseil en relations publiques et communication,SAINT-SYMPHORIEN-D'OZON,,69,,,,,,,,,,,,,,,,,,,,,,,,,,,,,,,,,,,,,,,,,,,,,,,509499463,50949946300024,70.21Z,,,,,,,,,,,sirene,
AS DIGITAL,,,a contacter,,,,,,,,,,,,marketing_com,Regie publicitaire de medias,SENS,,89,,,,,,,,,,,,,,,,,,,,,,,,,,,,,,,,,,,,,,,,,,,,,,,524500089,52450008900023,73.12Z,,,,,,,,,,,sirene,
AS U WISH,,,a contacter,,,,,,,,,,,,marketing_com,Activites des agences de publicite,HEROUVILLE-SAINT-CLAIR,,14,,,,,,,,,,,,,,,,,,,,,,,,,,,,,,,,,,,,,,,,,,,,,,,453447831,45344783100026,73.11Z,,,,,,,,,,,sirene,
ASANA FRANCE SAS,,,a contacter,,,,,,,,,,,,marketing_com,Activites des agences de publicite,PARIS,,75,,,,,,,,,,,,,,,,,,,,,,,,,,,,,,,,,,,,,,,,,,,,,,,893123935,89312393500015,73.11Z,,,,,,,,,,,sirene,
ASC PUB,,,a contacter,,,,,,,,,,,,marketing_com,Regie publicitaire de medias,LEOGNAN,,33,,,,,,,,,,,,,,,,,,,,,,,,,,,,,,,,,,,,,,,,,,,,,,,482219201,48221920100035,73.12Z,,,,,,,,,,,sirene,
ASCENDO,,,a contacter,,,,,,,,,,,,marketing_com,Activites des agences de publicite,PARIS,,75,,,,,,,,,,,,,,,,,,,,,,,,,,,,,,,,,,,,,,,,,,,,,,,352297352,35229735200093,73.11Z,,,,,,,,,,,sirene,
ASCREA,,,a contacter,,,,,,,,,,,,marketing_com,Activites des agences de publicite,VERSAILLES,,78,,,,,,,,,,,,,,,,,,,,,,,,,,,,,,,,,,,,,,,,,,,,,,,487713836,48771383600020,73.11Z,,,,,,,,,,,sirene,
ASG COMMUNICATION,,,a contacter,,,,,,,,,,,,marketing_com,Conseil en relations publiques et communication,PARIS,,75,,,,,,,,,,,,,,,,,,,,,,,,,,,,,,,,,,,,,,,,,,,,,,,809484041,80948404100037,70.21Z,,,,,,,,,,,sirene,
ASGARD,,,a contacter,,,,,,,,,,,,marketing_com,Activites des agences de publicite,CAEN,,14,,,,,,,,,,,,,,,,,,,,,,,,,,,,,,,,,,,,,,,,,,,,,,,820594380,82059438000025,73.11Z,,,,,,,,,,,sirene,
ASL COMMUNITY,,,a contacter,,,,,,,,,,,,marketing_com,Conseil en relations publiques et communication,MERIGNAC,,33,,,,,,,,,,,,,,,,,,,,,,,,,,,,,,,,,,,,,,,,,,,,,,,890452303,89045230300013,70.21Z,,,,,,,,,,,sirene,
ASS FRANCAISE DE COMMUNICATION INTERNE,,,a contacter,,,,,,,,,,,,marketing_com,Conseil en relations publiques et communication,PARIS,,75,,,,,,,,,,,,,,,,,,,,,,,,,,,,,,,,,,,,,,,,,,,,,,,388639718,38863971800039,70.21Z,,,,,,,,,,,sirene,
ASSISTANCE ELECTRONIQUE SERVICE FRANCE,,,a contacter,,,,,,,,,,,,marketing_com,Activites des agences de publicite,FREJUS,,83,,,,,,,,,,,,,,,,,,,,,,,,,,,,,,,,,,,,,,,,,,,,,,,750607632,75060763200023,73.11Z,,,,,,,,,,,sirene,
ASSOC LES TROIS VALLEES,,,a contacter,,,,,,,,,,,,marketing_com,Activites des agences de publicite,MOUTIERS,,73,,,,,,,,,,,,,,,,,,,,,,,,,,,,,,,,,,,,,,,,,,,,,,,330254061,33025406100030,73.11Z,,,,,,,,,,,sirene,
ASSOCIATION POUR LA PROMOTION D'UNE AGRICULTURE DURABLE,,,a contacter,,,,,,,,,,,,marketing_com,Conseil en relations publiques et communication,ETORMAY,,21,,,,,,,,,,,,,,,,,,,,,,,,,,,,,,,,,,,,,,,,,,,,,,,798530614,79853061400014,70.21Z,,,,,,,,,,,sirene,
ASTERCOM,,,a contacter,,,,,,,,,,,,marketing_com,Activites des agences de publicite,SAINT-PIERRE,,974,,,,,,,,,,,,,,,,,,,,,,,,,,,,,,,,,,,,,,,,,,,,,,,953572823,95357282300029,73.11Z,,,,,,,,,,,sirene,
ASTERIA COMMUNICATION,,,a contacter,,,,,,,,,,,,marketing_com,Activites des agences de publicite,ROUEN,,76,,,,,,,,,,,,,,,,,,,,,,,,,,,,,,,,,,,,,,,,,,,,,,,820280980,82028098000021,73.11Z,,,,,,,,,,,sirene,
ASTOKA,,,a contacter,,,,,,,,,,,,marketing_com,Regie publicitaire de medias,LA TESTE-DE-BUCH,,33,,,,,,,,,,,,,,,,,,,,,,,,,,,,,,,,,,,,,,,,,,,,,,,489708693,48970869300028,73.12Z,,,,,,,,,,,sirene,
ASTONWOOD,,,a contacter,,,,,,,,,,,,marketing_com,Activites des agences de publicite,PARIS,,75,,,,,,,,,,,,,,,,,,,,,,,,,,,,,,,,,,,,,,,,,,,,,,,485002026,48500202600048,73.11Z,,,,,,,,,,,sirene,
ASTUCE INTERACTIV',,,a contacter,,,,,,,,,,,,marketing_com,Activites des agences de publicite,PARIS,,75,,,,,,,,,,,,,,,,,,,,,,,,,,,,,,,,,,,,,,,,,,,,,,,419792130,41979213000082,73.11Z,,,,,,,,,,,sirene,
ASTUSYSTEM,,,a contacter,,,,,,,,,,,,marketing_com,Activites des agences de publicite,BRY-SUR-MARNE,,94,,,,,,,,,,,,,,,,,,,,,,,,,,,,,,,,,,,,,,,,,,,,,,,391332954,39133295400067,73.11Z,,,,,,,,,,,sirene,
AT MERCH,,,a contacter,,,,,,,,,,,,marketing_com,Activites des agences de publicite,SAINTE-MARIE,,974,,,,,,,,,,,,,,,,,,,,,,,,,,,,,,,,,,,,,,,,,,,,,,,822090718,82209071800021,73.11Z,,,,,,,,,,,sirene,
ATALAN,,,a contacter,,,,,,,,,,,,marketing_com,Conseil en relations publiques et communication,PARIS,,75,,,,,,,,,,,,,,,,,,,,,,,,,,,,,,,,,,,,,,,,,,,,,,,442074936,44207493600042,70.21Z,,,,,,,,,,,sirene,
ATAWA INTERACTIVE,,,a contacter,,,,,,,,,,,,marketing_com,Conseil en relations publiques et communication,ARTIGUES-PRES-BORDEAUX,,33,,,,,,,,,,,,,,,,,,,,,,,,,,,,,,,,,,,,,,,,,,,,,,,483078960,48307896000026,70.21Z,,,,,,,,,,,sirene,
ATC GROUPE,,,a contacter,,,,,,,,,,,,marketing_com,Activites des agences de publicite,RILLIEUX-LA-PAPE,,69,,,,,,,,,,,,,,,,,,,,,,,,,,,,,,,,,,,,,,,,,,,,,,,381864222,38186422200033,73.11Z,,,,,,,,,,,sirene,
ATELIER 3D PUBLICITE,,,a contacter,,,,,,,,,,,,marketing_com,Activites des agences de publicite,BEAUMONT SAINT-CYR,,86,,,,,,,,,,,,,,,,,,,,,,,,,,,,,,,,,,,,,,,,,,,,,,,477820047,47782004700025,73.11Z,,,,,,,,,,,sirene,
ATELIER A2G PUBLICITES,,,a contacter,,,,,,,,,,,,marketing_com,Activites des agences de publicite,LE PUY-EN-VELAY,,43,,,,,,,,,,,,,,,,,,,,,,,,,,,,,,,,,,,,,,,,,,,,,,,481764124,48176412400022,73.11Z,,,,,,,,,,,sirene,
ATELIER ASAP,,,a contacter,,,,,,,,,,,,marketing_com,Activites des agences de publicite,ANGERS,,49,,,,,,,,,,,,,,,,,,,,,,,,,,,,,,,,,,,,,,,,,,,,,,,798507463,79850746300031,73.11Z,,,,,,,,,,,sirene,
ATELIER DE LA COM,,,a contacter,,,,,,,,,,,,marketing_com,Activites des agences de publicite,LA RUE-SAINT-PIERRE,,76,,,,,,,,,,,,,,,,,,,,,,,,,,,,,,,,,,,,,,,,,,,,,,,809131808,80913180800028,73.11Z,,,,,,,,,,,sirene,
ATELIER DECO PUB,,,a contacter,,,,,,,,,,,,marketing_com,Activites des agences de publicite,BEUZEVILLE,,27,,,,,,,,,,,,,,,,,,,,,,,,,,,,,,,,,,,,,,,,,,,,,,,500026455,50002645500021,73.11Z,,,,,,,,,,,sirene,
ATELIER DU GRAPHISME,,,a contacter,,,,,,,,,,,,marketing_com,Activites des agences de publicite,GRENOBLE,,38,,,,,,,,,,,,,,,,,,,,,,,,,,,,,,,,,,,,,,,,,,,,,,,532128261,53212826100056,73.11Z,,,,,,,,,,,sirene,
ATELIER ENSEIGNES,,,a contacter,,,,,,,,,,,,marketing_com,Activites des agences de publicite,MARLY,,57,,,,,,,,,,,,,,,,,,,,,,,,,,,,,,,,,,,,,,,,,,,,,,,950018309,95001830900043,73.11Z,,,,,,,,,,,sirene,
ATELIER GAUTHIER,,,a contacter,,,,,,,,,,,,marketing_com,Activites des agences de publicite,TADEN,,22,,,,,,,,,,,,,,,,,,,,,,,,,,,,,,,,,,,,,,,,,,,,,,,893617233,89361723300018,73.11Z,,,,,,,,,,,sirene,
ATELIER GLOBAL PUB,,,a contacter,,,,,,,,,,,,marketing_com,Activites des agences de publicite,LAVAL,,53,,,,,,,,,,,,,,,,,,,,,,,,,,,,,,,,,,,,,,,,,,,,,,,511573388,51157338800028,73.11Z,,,,,,,,,,,sirene,
ATELIER GRAPHIC,,,a contacter,,,,,,,,,,,,marketing_com,Activites des agences de publicite,SAINT-MARTIN-EN-HAUT,,69,,,,,,,,,,,,,,,,,,,,,,,,,,,,,,,,,,,,,,,,,,,,,,,803308907,80330890700010,73.11Z,,,,,,,,,,,sirene,
ATELIER KATANGA,,,a contacter,,,,,,,,,,,,marketing_com,Activites des agences de publicite,CORNEBARRIEU,,31,,,,,,,,,,,,,,,,,,,,,,,,,,,,,,,,,,,,,,,,,,,,,,,815211313,81521131300037,73.11Z,,,,,,,,,,,sirene,
ATELIER LARRIEU,,,a contacter,,,,,,,,,,,,marketing_com,Activites des agences de publicite,TOULOUSE,,31,,,,,,,,,,,,,,,,,,,,,,,,,,,,,,,,,,,,,,,,,,,,,,,420635013,42063501300022,73.11Z,,,,,,,,,,,sirene,
ATELIER OLERONAIS,,,a contacter,,,,,,,,,,,,marketing_com,Activites des agences de publicite,DOLUS-D'OLERON,,17,,,,,,,,,,,,,,,,,,,,,,,,,,,,,,,,,,,,,,,,,,,,,,,882367147,88236714700015,73.11Z,,,,,,,,,,,sirene,
ATELIER PIXEL CREATION,,,a contacter,,,,,,,,,,,,marketing_com,Activites des agences de publicite,CRISSEY,,71,,,,,,,,,,,,,,,,,,,,,,,,,,,,,,,,,,,,,,,,,,,,,,,891612632,89161263200010,73.11Z,,,,,,,,,,,sirene,
ATELIER SAVARY SARL,,,a contacter,,,,,,,,,,,,marketing_com,Activites des agences de publicite,MONTIVILLIERS,,76,,,,,,,,,,,,,,,,,,,,,,,,,,,,,,,,,,,,,,,,,,,,,,,424997617,42499761700024,73.11Z,,,,,,,,,,,sirene,
ATELIER SERVICES,,,a contacter,,,,,,,,,,,,marketing_com,Conseil en relations publiques et communication,PARIS,,75,,,,,,,,,,,,,,,,,,,,,,,,,,,,,,,,,,,,,,,,,,,,,,,433912862,43391286200011,70.21Z,,,,,,,,,,,sirene,
ATELIER SIIOUX,,,a contacter,,,,,,,,,,,,marketing_com,Conseil en relations publiques et communication,LE MESNIL-LE-ROI,,78,,,,,,,,,,,,,,,,,,,,,,,,,,,,,,,,,,,,,,,,,,,,,,,881383558,88138355800023,70.21Z,,,,,,,,,,,sirene,
ATELIER YONICO,,,a contacter,,,,,,,,,,,,marketing_com,Activites des agences de publicite,MAILLANE,,13,,,,,,,,,,,,,,,,,,,,,,,,,,,,,,,,,,,,,,,,,,,,,,,483180550,48318055000053,73.11Z,,,,,,,,,,,sirene,
ATELIERS F.G,,,a contacter,,,,,,,,,,,,marketing_com,Activites des agences de publicite,CHAMPIGNY-SUR-MARNE,,94,,,,,,,,,,,,,,,,,,,,,,,,,,,,,,,,,,,,,,,,,,,,,,,422420018,42242001800026,73.11Z,,,,,,,,,,,sirene,
ATHENA,,,a contacter,,,,,,,,,,,,marketing_com,Activites des agences de publicite,BOIS-D'ARCY,,78,,,,,,,,,,,,,,,,,,,,,,,,,,,,,,,,,,,,,,,,,,,,,,,901339804,90133980400022,73.11Z,,,,,,,,,,,sirene,
ATLANTIC COMMUNICATION,,,a contacter,,,,,,,,,,,,marketing_com,Activites des agences de publicite,CHALLANS,,85,,,,,,,,,,,,,,,,,,,,,,,,,,,,,,,,,,,,,,,,,,,,,,,483300497,48330049700045,73.11Z,,,,,,,,,,,sirene,
ATLAS,,,a contacter,,,,,,,,,,,,marketing_com,Activites des agences de publicite,CAEN,,14,,,,,,,,,,,,,,,,,,,,,,,,,,,,,,,,,,,,,,,,,,,,,,,887601466,88760146600014,73.11Z,,,,,,,,,,,sirene,
ATM,,,a contacter,,,,,,,,,,,,marketing_com,Activites des agences de publicite,SAINTE-LUCE-SUR-LOIRE,,44,,,,,,,,,,,,,,,,,,,,,,,,,,,,,,,,,,,,,,,,,,,,,,,419498431,41949843100040,73.11Z,,,,,,,,,,,sirene,
ATMOSPHERES,,,a contacter,,,,,,,,,,,,marketing_com,Activites des agences de publicite,BOIS-D'ARCY,,78,,,,,,,,,,,,,,,,,,,,,,,,,,,,,,,,,,,,,,,,,,,,,,,443553904,44355390400048,73.11Z,,,,,,,,,,,sirene,
ATOCOM,,,a contacter,,,,,,,,,,,,marketing_com,Activites des agences de publicite,NOGENT-LE-PHAYE,,28,,,,,,,,,,,,,,,,,,,,,,,,,,,,,,,,,,,,,,,,,,,,,,,442879854,44287985400044,73.11Z,,,,,,,,,,,sirene,
ATOME,,,a contacter,,,,,,,,,,,,marketing_com,Activites des agences de publicite,VILLEURBANNE,,69,,,,,,,,,,,,,,,,,,,,,,,,,,,,,,,,,,,,,,,,,,,,,,,753268929,75326892900035,73.11Z,,,,,,,,,,,sirene,
ATOMYK PUB,,,a contacter,,,,,,,,,,,,marketing_com,Activites des agences de publicite,SAINT-GERMAIN-LAPRADE,,43,,,,,,,,,,,,,,,,,,,,,,,,,,,,,,,,,,,,,,,,,,,,,,,847897030,84789703000015,73.11Z,,,,,,,,,,,sirene,
ATOOMEDIA,,,a contacter,,,,,,,,,,,,marketing_com,Activites des agences de publicite,VILLERS-LES-NANCY,,54,,,,,,,,,,,,,,,,,,,,,,,,,,,,,,,,,,,,,,,,,,,,,,,438801938,43880193800046,73.11Z,,,,,,,,,,,sirene,
ATOUT GRAPHIC,,,a contacter,,,,,,,,,,,,marketing_com,Activites des agences de publicite,SAINT-PAIR-SUR-MER,,50,,,,,,,,,,,,,,,,,,,,,,,,,,,,,,,,,,,,,,,,,,,,,,,829777481,82977748100013,73.11Z,,,,,,,,,,,sirene,
ATOUT ON LINE,,,a contacter,,,,,,,,,,,,marketing_com,Activites des agences de publicite,VIROFLAY,,78,,,,,,,,,,,,,,,,,,,,,,,,,,,,,,,,,,,,,,,,,,,,,,,477794754,47779475400044,73.11Z,,,,,,,,,,,sirene,
ATOUT PROMOTION,,,a contacter,,,,,,,,,,,,marketing_com,Activites des agences de publicite,PALAISEAU,,91,,,,,,,,,,,,,,,,,,,,,,,,,,,,,,,,,,,,,,,,,,,,,,,398204016,39820401600032,73.11Z,,,,,,,,,,,sirene,
ATRESSS,,,a contacter,,,,,,,,,,,,marketing_com,Activites des agences de publicite,LA GORGUE,,59,,,,,,,,,,,,,,,,,,,,,,,,,,,,,,,,,,,,,,,,,,,,,,,498789957,49878995700038,73.11Z,,,,,,,,,,,sirene,
ATTA,,,a contacter,,,,,,,,,,,,marketing_com,Conseil en relations publiques et communication,BAGNOLET,,93,,,,,,,,,,,,,,,,,,,,,,,,,,,,,,,,,,,,,,,,,,,,,,,847973344,84797334400033,70.21Z,,,,,,,,,,,sirene,
ATTITUDE S.A.R.L.,,,a contacter,,,,,,,,,,,,marketing_com,Conseil en relations publiques et communication,SCHILTIGHEIM,,67,,,,,,,,,,,,,,,,,,,,,,,,,,,,,,,,,,,,,,,,,,,,,,,537704553,53770455300032,70.21Z,,,,,,,,,,,sirene,
ATTRACTIVE RENOVATION CONSTRUCTION GROUPE,,,a contacter,,,,,,,,,,,,marketing_com,Conseil en relations publiques et communication,BESSANCOURT,,95,,,,,,,,,,,,,,,,,,,,,,,,,,,,,,,,,,,,,,,,,,,,,,,890467244,89046724400012,70.21Z,,,,,,,,,,,sirene,
ATTRAPTEMPS,,,a contacter,,,,,,,,,,,,marketing_com,Activites des agences de publicite,PERPIGNAN,,66,,,,,,,,,,,,,,,,,,,,,,,,,,,,,,,,,,,,,,,,,,,,,,,407836089,40783608900042,73.11Z,,,,,,,,,,,sirene,
ATTRIA,,,a contacter,,,,,,,,,,,,marketing_com,Activites des agences de publicite,L'UNION,,31,,,,,,,,,,,,,,,,,,,,,,,,,,,,,,,,,,,,,,,,,,,,,,,507620847,50762084700057,73.11Z,,,,,,,,,,,sirene,
AU BOUT DU FIL,,,a contacter,,,,,,,,,,,,marketing_com,Activites des agences de publicite,VILLENEUVE-D'ASCQ,,59,,,,,,,,,,,,,,,,,,,,,,,,,,,,,,,,,,,,,,,,,,,,,,,829940733,82994073300027,73.11Z,,,,,,,,,,,sirene,
AU-DELA EVENEMENT,,,a contacter,,,,,,,,,,,,marketing_com,Conseil en relations publiques et communication,BORDEAUX,,33,,,,,,,,,,,,,,,,,,,,,,,,,,,,,,,,,,,,,,,,,,,,,,,504213927,50421392700065,70.21Z,,,,,,,,,,,sirene,
AUBERT.STORCH.ASSOCIES.PARTENAIRES,,,a contacter,,,,,,,,,,,,marketing_com,Activites des agences de publicite,LEVALLOIS-PERRET,,92,,,,,,,,,,,,,,,,,,,,,,,,,,,,,,,,,,,,,,,,,,,,,,,477845986,47784598600041,73.11Z,,,,,,,,,,,sirene,
AUDACIOZA,,,a contacter,,,,,,,,,,,,marketing_com,Activites des agences de publicite,CASSEL,,59,,,,,,,,,,,,,,,,,,,,,,,,,,,,,,,,,,,,,,,,,,,,,,,518229687,51822968700042,73.11Z,,,,,,,,,,,sirene,
AUDIENCE PERFORMANCE,,,a contacter,,,,,,,,,,,,marketing_com,Activites des agences de publicite,FLEURINES,,60,,,,,,,,,,,,,,,,,,,,,,,,,,,,,,,,,,,,,,,,,,,,,,,901726570,90172657000020,73.11Z,,,,,,,,,,,sirene,
AUDIKA GROUPE,,,a contacter,,,,,,,,,,,,marketing_com,Conseil en relations publiques et communication,SAINT-OUEN-SUR-SEINE,,93,,,,,,,,,,,,,,,,,,,,,,,,,,,,,,,,,,,,,,,,,,,,,,,310612387,31061238700137,70.21Z,,,,,,,,,,,sirene,
AUDIO MEDIA PRO,,,a contacter,,,,,,,,,,,,marketing_com,Activites des agences de publicite,CHARENTON-LE-PONT,,94,,,,,,,,,,,,,,,,,,,,,,,,,,,,,,,,,,,,,,,,,,,,,,,878208164,87820816400011,73.11Z,,,,,,,,,,,sirene,
AUDION,,,a contacter,,,,,,,,,,,,marketing_com,Activites des agences de publicite,PARIS,,75,,,,,,,,,,,,,,,,,,,,,,,,,,,,,,,,,,,,,,,,,,,,,,,834462061,83446206100039,73.11Z,,,,,,,,,,,sirene,
AUDIT PRINT,,,a contacter,,,,,,,,,,,,marketing_com,Conseil en relations publiques et communication,BORDEAUX,,33,,,,,,,,,,,,,,,,,,,,,,,,,,,,,,,,,,,,,,,,,,,,,,,752709774,75270977400018,70.21Z,,,,,,,,,,,sirene,
AUDITELEC,,,a contacter,,,,,,,,,,,,marketing_com,Conseil en relations publiques et communication,MARCQ-EN-BARŒUL,,59,,,,,,,,,,,,,,,,,,,,,,,,,,,,,,,,,,,,,,,,,,,,,,,495341448,49534144800043,70.21Z,,,,,,,,,,,sirene,
AUDRECO FORMATION,,,a contacter,,,,,,,,,,,,marketing_com,Conseil en relations publiques et communication,PARIS,,75,,,,,,,,,,,,,,,,,,,,,,,,,,,,,,,,,,,,,,,,,,,,,,,393351135,39335113500099,70.21Z,,,,,,,,,,,sirene,
AUGURAL,,,a contacter,,,,,,,,,,,,marketing_com,Activites des agences de publicite,NANTES,,44,,,,,,,,,,,,,,,,,,,,,,,,,,,,,,,,,,,,,,,,,,,,,,,349728410,34972841000037,73.11Z,,,,,,,,,,,sirene,
AURAVA,,,a contacter,,,,,,,,,,,,marketing_com,Conseil en relations publiques et communication,MONTAUBAN,,82,,,,,,,,,,,,,,,,,,,,,,,,,,,,,,,,,,,,,,,,,,,,,,,918420340,91842034000013,70.21Z,,,,,,,,,,,sirene,
AURELIE & AURELIEN - CONSEILS & COMMUNICATION,,,a contacter,,,,,,,,,,,,marketing_com,Activites des agences de publicite,LIMOGES,,87,,,,,,,,,,,,,,,,,,,,,,,,,,,,,,,,,,,,,,,,,,,,,,,851339606,85133960600010,73.11Z,,,,,,,,,,,sirene,
AUSTRALIE,,,a contacter,,,,,,,,,,,,marketing_com,Activites des agences de publicite,PARIS,,75,,,,,,,,,,,,,,,,,,,,,,,,,,,,,,,,,,,,,,,,,,,,,,,378899363,37889936300055,73.11Z,,,,,,,,,,,sirene,
AUTOCREA PUBLICITE,,,a contacter,,,,,,,,,,,,marketing_com,Regie publicitaire de medias,MONT-SAINT-AIGNAN,,76,,,,,,,,,,,,,,,,,,,,,,,,,,,,,,,,,,,,,,,,,,,,,,,439661943,43966194300035,73.12Z,,,,,,,,,,,sirene,
AUTOGRAPH COMMUNICATION VISUELLE,,,a contacter,,,,,,,,,,,,marketing_com,Activites des agences de publicite,TIERCE,,49,,,,,,,,,,,,,,,,,,,,,,,,,,,,,,,,,,,,,,,,,,,,,,,494681869,49468186900025,73.11Z,,,,,,,,,,,sirene,
AUTOMEDIA SUD,,,a contacter,,,,,,,,,,,,marketing_com,Activites des agences de publicite,SAINT-GEORGES-D'ORQUES,,34,,,,,,,,,,,,,,,,,,,,,,,,,,,,,,,,,,,,,,,,,,,,,,,435069646,43506964600030,73.11Z,,,,,,,,,,,sirene,
AVALONE,,,a contacter,,,,,,,,,,,,marketing_com,Activites des agences de publicite,PARIS,,75,,,,,,,,,,,,,,,,,,,,,,,,,,,,,,,,,,,,,,,,,,,,,,,394890081,39489008100026,73.11Z,,,,,,,,,,,sirene,
AVANCE,,,a contacter,,,,,,,,,,,,marketing_com,Activites des agences de publicite,MONTIGNY-LES-METZ,,57,,,,,,,,,,,,,,,,,,,,,,,,,,,,,,,,,,,,,,,,,,,,,,,514381789,51438178900031,73.11Z,,,,,,,,,,,sirene,
AVANTAGE,,,a contacter,,,,,,,,,,,,marketing_com,Regie publicitaire de medias,CHALLES-LES-EAUX,,73,,,,,,,,,,,,,,,,,,,,,,,,,,,,,,,,,,,,,,,,,,,,,,,393505367,39350536700044,73.12Z,,,,,,,,,,,sirene,
AVANTAGES,,,a contacter,,,,,,,,,,,,marketing_com,Regie publicitaire de medias,LENS,,62,,,,,,,,,,,,,,,,,,,,,,,,,,,,,,,,,,,,,,,,,,,,,,,394483101,39448310100116,73.12Z,,,,,,,,,,,sirene,
AVANTAGO,,,a contacter,,,,,,,,,,,,marketing_com,Activites des agences de publicite,VITRY-LE-FRANCOIS,,51,,,,,,,,,,,,,,,,,,,,,,,,,,,,,,,,,,,,,,,,,,,,,,,879289718,87928971800014,73.11Z,,,,,,,,,,,sirene,
AVE MULTIMEDIA,,,a contacter,,,,,,,,,,,,marketing_com,Activites des agences de publicite,WORMHOUT,,59,,,,,,,,,,,,,,,,,,,,,,,,,,,,,,,,,,,,,,,,,,,,,,,480200567,48020056700034,73.11Z,,,,,,,,,,,sirene,
AVEC DES MOTS,,,a contacter,,,,,,,,,,,,marketing_com,Activites des agences de publicite,BOULOGNE-BILLANCOURT,,92,,,,,,,,,,,,,,,,,,,,,,,,,,,,,,,,,,,,,,,,,,,,,,,431622604,43162260400053,73.11Z,,,,,,,,,,,sirene,
AVENT MEDIA GROUP,,,a contacter,,,,,,,,,,,,marketing_com,Conseil en relations publiques et communication,PARIS,,75,,,,,,,,,,,,,,,,,,,,,,,,,,,,,,,,,,,,,,,,,,,,,,,492104500,49210450000052,70.21Z,,,,,,,,,,,sirene,
AVENTI AFFICHAGE,,,a contacter,,,,,,,,,,,,marketing_com,Regie publicitaire de medias,BAIE-MAHAULT,,971,,,,,,,,,,,,,,,,,,,,,,,,,,,,,,,,,,,,,,,,,,,,,,,424077444,42407744400067,73.12Z,,,,,,,,,,,sirene,
AVICOM',,,a contacter,,,,,,,,,,,,marketing_com,Conseil en relations publiques et communication,LYON,,69,,,,,,,,,,,,,,,,,,,,,,,,,,,,,,,,,,,,,,,,,,,,,,,537731812,53773181200039,70.21Z,,,,,,,,,,,sirene,
AVILA,,,a contacter,,,,,,,,,,,,marketing_com,Activites des agences de publicite,PARIS,,75,,,,,,,,,,,,,,,,,,,,,,,,,,,,,,,,,,,,,,,,,,,,,,,482312360,48231236000019,73.11Z,,,,,,,,,,,sirene,
AVMK,,,a contacter,,,,,,,,,,,,marketing_com,Activites des agences de publicite,WEITBRUCH,,67,,,,,,,,,,,,,,,,,,,,,,,,,,,,,,,,,,,,,,,,,,,,,,,903159275,90315927500044,73.11Z,,,,,,,,,,,sirene,
AVOMARK,,,a contacter,,,,,,,,,,,,marketing_com,Activites des agences de publicite,BORDEAUX,,33,,,,,,,,,,,,,,,,,,,,,,,,,,,,,,,,,,,,,,,,,,,,,,,349556274,34955627400067,73.11Z,,,,,,,,,,,sirene,
AWAM,,,a contacter,,,,,,,,,,,,marketing_com,Activites des agences de publicite,BORDEAUX,,33,,,,,,,,,,,,,,,,,,,,,,,,,,,,,,,,,,,,,,,,,,,,,,,792789802,79278980200032,73.11Z,,,,,,,,,,,sirene,
AXELOME,,,a contacter,,,,,,,,,,,,marketing_com,Conseil en relations publiques et communication,MAUVES-SUR-LOIRE,,44,,,,,,,,,,,,,,,,,,,,,,,,,,,,,,,,,,,,,,,,,,,,,,,812592574,81259257400014,70.21Z,,,,,,,,,,,sirene,
AXEO'COM,,,a contacter,,,,,,,,,,,,marketing_com,Conseil en relations publiques et communication,MESSEIN,,54,,,,,,,,,,,,,,,,,,,,,,,,,,,,,,,,,,,,,,,,,,,,,,,909442584,90944258400019,70.21Z,,,,,,,,,,,sirene,
AXIAL PUBLICITE,,,a contacter,,,,,,,,,,,,marketing_com,Activites des agences de publicite,BOULOGNE-BILLANCOURT,,92,,,,,,,,,,,,,,,,,,,,,,,,,,,,,,,,,,,,,,,,,,,,,,,309566396,30956639600037,73.11Z,,,,,,,,,,,sirene,
AXOMEDIA,,,a contacter,,,,,,,,,,,,marketing_com,Activites des agences de publicite,REIMS,,51,,,,,,,,,,,,,,,,,,,,,,,,,,,,,,,,,,,,,,,,,,,,,,,508800125,50880012500041,73.11Z,,,,,,,,,,,sirene,
AYA,,,a contacter,,,,,,,,,,,,marketing_com,Activites des agences de publicite,BAIE-MAHAULT,,971,,,,,,,,,,,,,,,,,,,,,,,,,,,,,,,,,,,,,,,,,,,,,,,913284840,91328484000018,73.11Z,,,,,,,,,,,sirene,
AYA MEDIA,,,a contacter,,,,,,,,,,,,marketing_com,Conseil en relations publiques et communication,RENNES,,35,,,,,,,,,,,,,,,,,,,,,,,,,,,,,,,,,,,,,,,,,,,,,,,951035849,95103584900029,70.21Z,,,,,,,,,,,sirene,
AYM,,,a contacter,,,,,,,,,,,,marketing_com,Conseil en relations publiques et communication,CARQUEIRANNE,,83,,,,,,,,,,,,,,,,,,,,,,,,,,,,,,,,,,,,,,,,,,,,,,,848316782,84831678200012,70.21Z,,,,,,,,,,,sirene,
AZ COMMUNICATION,,,a contacter,,,,,,,,,,,,marketing_com,Conseil en relations publiques et communication,FONTAINE-LE-COMTE,,86,,,,,,,,,,,,,,,,,,,,,,,,,,,,,,,,,,,,,,,,,,,,,,,522803964,52280396400041,70.21Z,,,,,,,,,,,sirene,
AZ PUBLICITE,,,a contacter,,,,,,,,,,,,marketing_com,Activites des agences de publicite,VALDOIE,,90,,,,,,,,,,,,,,,,,,,,,,,,,,,,,,,,,,,,,,,,,,,,,,,326638491,32663849100034,73.11Z,,,,,,,,,,,sirene,
AZCOM CREATION,,,a contacter,,,,,,,,,,,,marketing_com,Activites des agences de publicite,SAINT-OUEN-L'AUMONE,,95,,,,,,,,,,,,,,,,,,,,,,,,,,,,,,,,,,,,,,,,,,,,,,,499795862,49979586200063,73.11Z,,,,,,,,,,,sirene,
AZERION FRANCE,,,a contacter,,,,,,,,,,,,marketing_com,Regie publicitaire de medias,PARIS,,75,,,,,,,,,,,,,,,,,,,,,,,,,,,,,,,,,,,,,,,,,,,,,,,442013389,44201338900089,73.12Z,,,,,,,,,,,sirene,
AZERION PLATFORM FR,,,a contacter,,,,,,,,,,,,marketing_com,Regie publicitaire de medias,PARIS,,75,,,,,,,,,,,,,,,,,,,,,,,,,,,,,,,,,,,,,,,,,,,,,,,512815218,51281521800056,73.12Z,,,,,,,,,,,sirene,
AZIMUTS COMMUNICATION,,,a contacter,,,,,,,,,,,,marketing_com,Activites des agences de publicite,VARCES-ALLIERES-ET-RISSET,,38,,,,,,,,,,,,,,,,,,,,,,,,,,,,,,,,,,,,,,,,,,,,,,,488298670,48829867000057,73.11Z,,,,,,,,,,,sirene,
AZTARNA,,,a contacter,,,,,,,,,,,,marketing_com,Activites des agences de publicite,VILLEFRANQUE,,64,,,,,,,,,,,,,,,,,,,,,,,,,,,,,,,,,,,,,,,,,,,,,,,538769480,53876948000038,73.11Z,,,,,,,,,,,sirene,
AZUR PLUS CONSULTING,,,a contacter,,,,,,,,,,,,marketing_com,Conseil en relations publiques et communication,SAINT-RAPHAEL,,83,,,,,,,,,,,,,,,,,,,,,,,,,,,,,,,,,,,,,,,,,,,,,,,498998921,49899892100023,70.21Z,,,,,,,,,,,sirene,
B A L -LA BOITE AUX LETTRES,,,a contacter,,,,,,,,,,,,marketing_com,Activites des agences de publicite,SAINT-ETIENNE,,42,,,,,,,,,,,,,,,,,,,,,,,,,,,,,,,,,,,,,,,,,,,,,,,414292318,41429231800022,73.11Z,,,,,,,,,,,sirene,
B COM BRUN,,,a contacter,,,,,,,,,,,,marketing_com,Conseil en relations publiques et communication,SAINT-MAURICE,,94,,,,,,,,,,,,,,,,,,,,,,,,,,,,,,,,,,,,,,,,,,,,,,,423906668,42390666800052,70.21Z,,,,,,,,,,,sirene,
B LE BURO,,,a contacter,,,,,,,,,,,,marketing_com,Conseil en relations publiques et communication,LEVALLOIS-PERRET,,92,,,,,,,,,,,,,,,,,,,,,,,,,,,,,,,,,,,,,,,,,,,,,,,502402514,50240251400041,70.21Z,,,,,,,,,,,sirene,
B M V PRODUCTION COMMUNICATION,,,a contacter,,,,,,,,,,,,marketing_com,Activites des agences de publicite,MONTAUBAN,,82,,,,,,,,,,,,,,,,,,,,,,,,,,,,,,,,,,,,,,,,,,,,,,,398478065,39847806500038,73.11Z,,,,,,,,,,,sirene,
B SIDE,,,a contacter,,,,,,,,,,,,marketing_com,Conseil en relations publiques et communication,NANTES,,44,,,,,,,,,,,,,,,,,,,,,,,,,,,,,,,,,,,,,,,,,,,,,,,334456050,33445605000106,70.21Z,,,,,,,,,,,sirene,
B WORLD COMMUNICATION,,,a contacter,,,,,,,,,,,,marketing_com,Conseil en relations publiques et communication,PARIS 16,,75,,,,,,,,,,,,,,,,,,,,,,,,,,,,,,,,,,,,,,,,,,,,,,,879345890,87934589000021,70.21Z,,,,,,,,,,,sirene,
B&C ASSOCIES,,,a contacter,,,,,,,,,,,,marketing_com,Conseil en relations publiques et communication,CHAVANOD,,74,,,,,,,,,,,,,,,,,,,,,,,,,,,,,,,,,,,,,,,,,,,,,,,834235020,83423502000056,70.21Z,,,,,,,,,,,sirene,
B'PRIM,,,a contacter,,,,,,,,,,,,marketing_com,Activites des agences de publicite,MACON,,71,,,,,,,,,,,,,,,,,,,,,,,,,,,,,,,,,,,,,,,,,,,,,,,437634058,43763405800048,73.11Z,,,,,,,,,,,sirene,
B-AD,,,a contacter,,,,,,,,,,,,marketing_com,Activites des agences de publicite,ANNECY,,74,,,,,,,,,,,,,,,,,,,,,,,,,,,,,,,,,,,,,,,,,,,,,,,523544005,52354400500029,73.11Z,,,,,,,,,,,sirene,
B-EST COMMUNICATION,,,a contacter,,,,,,,,,,,,marketing_com,Activites des agences de publicite,EMERAINVILLE,,77,,,,,,,,,,,,,,,,,,,,,,,,,,,,,,,,,,,,,,,,,,,,,,,453054298,45305429800022,73.11Z,,,,,,,,,,,sirene,
B-WONDER,,,a contacter,,,,,,,,,,,,marketing_com,Conseil en relations publiques et communication,LONGVIC,,21,,,,,,,,,,,,,,,,,,,,,,,,,,,,,,,,,,,,,,,,,,,,,,,792034662,79203466200025,70.21Z,,,,,,,,,,,sirene,
B.C. PUBLICITE,,,a contacter,,,,,,,,,,,,marketing_com,Activites des agences de publicite,VENTISERI,,2B,,,,,,,,,,,,,,,,,,,,,,,,,,,,,,,,,,,,,,,,,,,,,,,810285536,81028553600035,73.11Z,,,,,,,,,,,sirene,
B.L.P.,,,a contacter,,,,,,,,,,,,marketing_com,Regie publicitaire de medias,CALAIS,,62,,,,,,,,,,,,,,,,,,,,,,,,,,,,,,,,,,,,,,,,,,,,,,,432917284,43291728400072,73.12Z,,,,,,,,,,,sirene,
B.S.G. PARTNERS,,,a contacter,,,,,,,,,,,,marketing_com,Activites des agences de publicite,TOULOUSE,,31,,,,,,,,,,,,,,,,,,,,,,,,,,,,,,,,,,,,,,,,,,,,,,,391153137,39115313700024,73.11Z,,,,,,,,,,,sirene,
B2C COMMUNICATION,,,a contacter,,,,,,,,,,,,marketing_com,Activites des agences de publicite,PIGNY,,18,,,,,,,,,,,,,,,,,,,,,,,,,,,,,,,,,,,,,,,,,,,,,,,411220254,41122025400022,73.11Z,,,,,,,,,,,sirene,
BA ENSEIGNE,,,a contacter,,,,,,,,,,,,marketing_com,Activites des agences de publicite,NEAUPHLETTE,,78,,,,,,,,,,,,,,,,,,,,,,,,,,,,,,,,,,,,,,,,,,,,,,,853196376,85319637600026,73.11Z,,,,,,,,,,,sirene,
BABEL STRATEGIE & CREATION,,,a contacter,,,,,,,,,,,,marketing_com,Activites des agences de publicite,PARIS,,75,,,,,,,,,,,,,,,,,,,,,,,,,,,,,,,,,,,,,,,,,,,,,,,390435303,39043530300024,73.11Z,,,,,,,,,,,sirene,
BABOUK,,,a contacter,,,,,,,,,,,,marketing_com,Activites des agences de publicite,SAINT-DENIS,,974,,,,,,,,,,,,,,,,,,,,,,,,,,,,,,,,,,,,,,,,,,,,,,,841925258,84192525800045,73.11Z,,,,,,,,,,,sirene,
BACK OFFICE,,,a contacter,,,,,,,,,,,,marketing_com,Activites des agences de publicite,LYON,,69,,,,,,,,,,,,,,,,,,,,,,,,,,,,,,,,,,,,,,,,,,,,,,,880515655,88051565500046,73.11Z,,,,,,,,,,,sirene,
BAKONEX,,,a contacter,,,,,,,,,,,,marketing_com,Activites des agences de publicite,MONTREUIL,,93,,,,,,,,,,,,,,,,,,,,,,,,,,,,,,,,,,,,,,,,,,,,,,,351360896,35136089600044,73.11Z,,,,,,,,,,,sirene,
BALTAZARE,,,a contacter,,,,,,,,,,,,marketing_com,Conseil en relations publiques et communication,ORRY-LA-VILLE,,60,,,,,,,,,,,,,,,,,,,,,,,,,,,,,,,,,,,,,,,,,,,,,,,800724585,80072458500057,70.21Z,,,,,,,,,,,sirene,
BAM COMMUNICATION,,,a contacter,,,,,,,,,,,,marketing_com,Conseil en relations publiques et communication,BIARRITZ,,64,,,,,,,,,,,,,,,,,,,,,,,,,,,,,,,,,,,,,,,,,,,,,,,811723295,81172329500010,70.21Z,,,,,,,,,,,sirene,
BANG,,,a contacter,,,,,,,,,,,,marketing_com,Activites des agences de publicite,NIORT,,79,,,,,,,,,,,,,,,,,,,,,,,,,,,,,,,,,,,,,,,,,,,,,,,809310634,80931063400021,73.11Z,,,,,,,,,,,sirene,
BANLIEUE OUEST,,,a contacter,,,,,,,,,,,,marketing_com,Activites des agences de publicite,TOURS,,37,,,,,,,,,,,,,,,,,,,,,,,,,,,,,,,,,,,,,,,,,,,,,,,804462745,80446274500014,73.11Z,,,,,,,,,,,sirene,
BAO STUDIO,,,a contacter,,,,,,,,,,,,marketing_com,Activites des agences de publicite,FOULAYRONNES,,47,,,,,,,,,,,,,,,,,,,,,,,,,,,,,,,,,,,,,,,,,,,,,,,909325599,90932559900019,73.11Z,,,,,,,,,,,sirene,
BARACUDA,,,a contacter,,,,,,,,,,,,marketing_com,Activites des agences de publicite,PARIS,,75,,,,,,,,,,,,,,,,,,,,,,,,,,,,,,,,,,,,,,,,,,,,,,,813839164,81383916400080,73.11Z,,,,,,,,,,,sirene,
BARCELONA & CO,,,a contacter,,,,,,,,,,,,marketing_com,Conseil en relations publiques et communication,NIMES,,30,,,,,,,,,,,,,,,,,,,,,,,,,,,,,,,,,,,,,,,,,,,,,,,524093705,52409370500050,70.21Z,,,,,,,,,,,sirene,
BARRY,,,a contacter,,,,,,,,,,,,marketing_com,Activites des agences de publicite,RENNES,,35,,,,,,,,,,,,,,,,,,,,,,,,,,,,,,,,,,,,,,,,,,,,,,,814032363,81403236300032,73.11Z,,,,,,,,,,,sirene,
BASE & CO,,,a contacter,,,,,,,,,,,,marketing_com,Regie publicitaire de medias,PARIS,,75,,,,,,,,,,,,,,,,,,,,,,,,,,,,,,,,,,,,,,,,,,,,,,,482981776,48298177600065,73.12Z,,,,,,,,,,,sirene,
BASE LINE PRODUCTION,,,a contacter,,,,,,,,,,,,marketing_com,Activites des agences de publicite,LA MEZIERE,,35,,,,,,,,,,,,,,,,,,,,,,,,,,,,,,,,,,,,,,,,,,,,,,,520241639,52024163900027,73.11Z,,,,,,,,,,,sirene,
BASE SUD,,,a contacter,,,,,,,,,,,,marketing_com,Activites des agences de publicite,NICE,,06,,,,,,,,,,,,,,,,,,,,,,,,,,,,,,,,,,,,,,,,,,,,,,,808429328,80842932800020,73.11Z,,,,,,,,,,,sirene,
BASILE COYO,,,a contacter,,,,,,,,,,,,marketing_com,Activites des agences de publicite,DUCOS,,972,,,,,,,,,,,,,,,,,,,,,,,,,,,,,,,,,,,,,,,,,,,,,,,510351877,51035187700038,73.11Z,,,,,,,,,,,sirene,
BASSIN ANIM,,,a contacter,,,,,,,,,,,,marketing_com,Activites des agences de publicite,SANGUINET,,40,,,,,,,,,,,,,,,,,,,,,,,,,,,,,,,,,,,,,,,,,,,,,,,477748297,47774829700033,73.11Z,,,,,,,,,,,sirene,
BATEAU BANQUE POPULAIRE,,,a contacter,,,,,,,,,,,,marketing_com,Activites des agences de publicite,LORIENT,,56,,,,,,,,,,,,,,,,,,,,,,,,,,,,,,,,,,,,,,,,,,,,,,,410512735,41051273500029,73.11Z,,,,,,,,,,,sirene,
BAYARD MEDIA DEVELOPPEMENT,,,a contacter,,,,,,,,,,,,marketing_com,Activites des agences de publicite,MALAKOFF,,92,,,,,,,,,,,,,,,,,,,,,,,,,,,,,,,,,,,,,,,,,,,,,,,507389252,50738925200028,73.11Z,,,,,,,,,,,sirene,
BAZAILLE CONSULTING,,,a contacter,,,,,,,,,,,,marketing_com,Conseil en relations publiques et communication,PARIS,,75,,,,,,,,,,,,,,,,,,,,,,,,,,,,,,,,,,,,,,,,,,,,,,,811161306,81116130600014,70.21Z,,,,,,,,,,,sirene,
BB COMMUNICATION,,,a contacter,,,,,,,,,,,,marketing_com,Activites des agences de publicite,CLERMONT-FERRAND,,63,,,,,,,,,,,,,,,,,,,,,,,,,,,,,,,,,,,,,,,,,,,,,,,803598903,80359890300018,73.11Z,,,,,,,,,,,sirene,
BBDO PARIS,,,a contacter,,,,,,,,,,,,marketing_com,Activites des agences de publicite,PARIS,,75,,,,,,,,,,,,,,,,,,,,,,,,,,,,,,,,,,,,,,,,,,,,,,,394594345,39459434500073,73.11Z,,,,,,,,,,,sirene,
BBIRD,,,a contacter,,,,,,,,,,,,marketing_com,Conseil en relations publiques et communication,ROUEN,,76,,,,,,,,,,,,,,,,,,,,,,,,,,,,,,,,,,,,,,,,,,,,,,,829048081,82904808100030,70.21Z,,,,,,,,,,,sirene,
BBLEND,,,a contacter,,,,,,,,,,,,marketing_com,Conseil en relations publiques et communication,PARIS,,75,,,,,,,,,,,,,,,,,,,,,,,,,,,,,,,,,,,,,,,,,,,,,,,449531516,44953151600028,70.21Z,,,,,,,,,,,sirene,
BBN,,,a contacter,,,,,,,,,,,,marketing_com,Conseil en relations publiques et communication,MONTROUGE,,92,,,,,,,,,,,,,,,,,,,,,,,,,,,,,,,,,,,,,,,,,,,,,,,533515060,53351506000051,70.21Z,,,,,,,,,,,sirene,
BBWORKERS,,,a contacter,,,,,,,,,,,,marketing_com,Activites des agences de publicite,PARIS,,75,,,,,,,,,,,,,,,,,,,,,,,,,,,,,,,,,,,,,,,,,,,,,,,493583637,49358363700019,73.11Z,,,,,,,,,,,sirene,
BCM SPORTS,,,a contacter,,,,,,,,,,,,marketing_com,Activites des agences de publicite,BOULOGNE-BILLANCOURT,,92,,,,,,,,,,,,,,,,,,,,,,,,,,,,,,,,,,,,,,,,,,,,,,,481163020,48116302000037,73.11Z,,,,,,,,,,,sirene,
BCOM,,,a contacter,,,,,,,,,,,,marketing_com,Activites des agences de publicite,LE LAVANDOU,,83,,,,,,,,,,,,,,,,,,,,,,,,,,,,,,,,,,,,,,,,,,,,,,,817602907,81760290700047,73.11Z,,,,,,,,,,,sirene,
BCOME,,,a contacter,,,,,,,,,,,,marketing_com,Activites des agences de publicite,SAINT-ETIENNE,,42,,,,,,,,,,,,,,,,,,,,,,,,,,,,,,,,,,,,,,,,,,,,,,,799892476,79989247600018,73.11Z,,,,,,,,,,,sirene,
BCP,,,a contacter,,,,,,,,,,,,marketing_com,Activites des agences de publicite,ESSEY-LES-NANCY,,54,,,,,,,,,,,,,,,,,,,,,,,,,,,,,,,,,,,,,,,,,,,,,,,411270671,41127067100018,73.11Z,,,,,,,,,,,sirene,
BDSA L'AGENCE,,,a contacter,,,,,,,,,,,,marketing_com,Activites des agences de publicite,LE HAVRE,,76,,,,,,,,,,,,,,,,,,,,,,,,,,,,,,,,,,,,,,,,,,,,,,,325437507,32543750700024,73.11Z,,,,,,,,,,,sirene,
BDSG,,,a contacter,,,,,,,,,,,,marketing_com,Activites des agences de publicite,PARIS,,75,,,,,,,,,,,,,,,,,,,,,,,,,,,,,,,,,,,,,,,,,,,,,,,491102224,49110222400046,73.11Z,,,,,,,,,,,sirene,
BE COM,,,a contacter,,,,,,,,,,,,marketing_com,Conseil en relations publiques et communication,ALFORTVILLE,,94,,,,,,,,,,,,,,,,,,,,,,,,,,,,,,,,,,,,,,,,,,,,,,,953842770,95384277000026,70.21Z,,,,,,,,,,,sirene,
BE LABO,,,a contacter,,,,,,,,,,,,marketing_com,Conseil en relations publiques et communication,PARIS,,75,,,,,,,,,,,,,,,,,,,,,,,,,,,,,,,,,,,,,,,,,,,,,,,822955274,82295527400029,70.21Z,,,,,,,,,,,sirene,
BE RP,,,a contacter,,,,,,,,,,,,marketing_com,Conseil en relations publiques et communication,PARIS,,75,,,,,,,,,,,,,,,,,,,,,,,,,,,,,,,,,,,,,,,,,,,,,,,797817400,79781740000030,70.21Z,,,,,,,,,,,sirene,
BE SHINE,,,a contacter,,,,,,,,,,,,marketing_com,Conseil en relations publiques et communication,SAINT-DENIS,,93,,,,,,,,,,,,,,,,,,,,,,,,,,,,,,,,,,,,,,,,,,,,,,,900292582,90029258200013,70.21Z,,,,,,,,,,,sirene,
BEASTLY,,,a contacter,,,,,,,,,,,,marketing_com,Activites des agences de publicite,PARIS,,75,,,,,,,,,,,,,,,,,,,,,,,,,,,,,,,,,,,,,,,,,,,,,,,837980846,83798084600047,73.11Z,,,,,,,,,,,sirene,
BEATRICE MARTINI COMMUNICATION,,,a contacter,,,,,,,,,,,,marketing_com,Conseil en relations publiques et communication,SAINT-OUEN-SUR-SEINE,,93,,,,,,,,,,,,,,,,,,,,,,,,,,,,,,,,,,,,,,,,,,,,,,,834814048,83481404800031,70.21Z,,,,,,,,,,,sirene,
BEAUSOLEIL,,,a contacter,,,,,,,,,,,,marketing_com,Activites des agences de publicite,RENNES,,35,,,,,,,,,,,,,,,,,,,,,,,,,,,,,,,,,,,,,,,,,,,,,,,421904137,42190413700047,73.11Z,,,,,,,,,,,sirene,
BEBJBROS,,,a contacter,,,,,,,,,,,,marketing_com,Conseil en relations publiques et communication,BORDEAUX,,33,,,,,,,,,,,,,,,,,,,,,,,,,,,,,,,,,,,,,,,,,,,,,,,878069657,87806965700038,70.21Z,,,,,,,,,,,sirene,
BECOM,,,a contacter,,,,,,,,,,,,marketing_com,Activites des agences de publicite,PARIS,,75,,,,,,,,,,,,,,,,,,,,,,,,,,,,,,,,,,,,,,,,,,,,,,,394585947,39458594700051,73.11Z,,,,,,,,,,,sirene,
BECOMING FRANCE,,,a contacter,,,,,,,,,,,,marketing_com,Activites des agences de publicite,LILLE,,59,,,,,,,,,,,,,,,,,,,,,,,,,,,,,,,,,,,,,,,,,,,,,,,380210286,38021028600023,73.11Z,,,,,,,,,,,sirene,
BEE HAPPY,,,a contacter,,,,,,,,,,,,marketing_com,Conseil en relations publiques et communication,SAINT-CLOUD,,92,,,,,,,,,,,,,,,,,,,,,,,,,,,,,,,,,,,,,,,,,,,,,,,808482616,80848261600022,70.21Z,,,,,,,,,,,sirene,
BEECEE,,,a contacter,,,,,,,,,,,,marketing_com,Activites des agences de publicite,DUCOS,,972,,,,,,,,,,,,,,,,,,,,,,,,,,,,,,,,,,,,,,,,,,,,,,,881174908,88117490800015,73.11Z,,,,,,,,,,,sirene,
BEESCOM,,,a contacter,,,,,,,,,,,,marketing_com,Conseil en relations publiques et communication,AUXERRE,,89,,,,,,,,,,,,,,,,,,,,,,,,,,,,,,,,,,,,,,,,,,,,,,,517827424,51782742400048,70.21Z,,,,,,,,,,,sirene,
BEFOM,,,a contacter,,,,,,,,,,,,marketing_com,Regie publicitaire de medias,VILLEMOMBLE,,93,,,,,,,,,,,,,,,,,,,,,,,,,,,,,,,,,,,,,,,,,,,,,,,321194037,32119403700040,73.12Z,,,,,,,,,,,sirene,
BEGIN BUSINESS,,,a contacter,,,,,,,,,,,,marketing_com,Activites des agences de publicite,COLOMBES,,92,,,,,,,,,,,,,,,,,,,,,,,,,,,,,,,,,,,,,,,,,,,,,,,980967061,98096706100014,73.11Z,,,,,,,,,,,sirene,
BELA PUB,,,a contacter,,,,,,,,,,,,marketing_com,Activites des agences de publicite,CARROS,,06,,,,,,,,,,,,,,,,,,,,,,,,,,,,,,,,,,,,,,,,,,,,,,,881965701,88196570100017,73.11Z,,,,,,,,,,,sirene,
BELAZAR,,,a contacter,,,,,,,,,,,,marketing_com,Conseil en relations publiques et communication,SAINT-OUEN-SUR-SEINE,,93,,,,,,,,,,,,,,,,,,,,,,,,,,,,,,,,,,,,,,,,,,,,,,,801245341,80124534100038,70.21Z,,,,,,,,,,,sirene,
BELLA'COM,,,a contacter,,,,,,,,,,,,marketing_com,Activites des agences de publicite,BASTIA,,2B,,,,,,,,,,,,,,,,,,,,,,,,,,,,,,,,,,,,,,,,,,,,,,,429103732,42910373200021,73.11Z,,,,,,,,,,,sirene,
BELLENOUVELLE!,,,a contacter,,,,,,,,,,,,marketing_com,Conseil en relations publiques et communication,PARIS,,75,,,,,,,,,,,,,,,,,,,,,,,,,,,,,,,,,,,,,,,,,,,,,,,833373269,83337326900020,70.21Z,,,,,,,,,,,sirene,
BEMOBEE,,,a contacter,,,,,,,,,,,,marketing_com,Regie publicitaire de medias,PARIS,,75,,,,,,,,,,,,,,,,,,,,,,,,,,,,,,,,,,,,,,,,,,,,,,,514844760,51484476000066,73.12Z,,,,,,,,,,,sirene,
BEN&VIC,,,a contacter,,,,,,,,,,,,marketing_com,Conseil en relations publiques et communication,BORDEAUX,,33,,,,,,,,,,,,,,,,,,,,,,,,,,,,,,,,,,,,,,,,,,,,,,,883068421,88306842100030,70.21Z,,,,,,,,,,,sirene,
BERGAMOTE PRESSE SAS,,,a contacter,,,,,,,,,,,,marketing_com,Activites des agences de publicite,PARIS,,75,,,,,,,,,,,,,,,,,,,,,,,,,,,,,,,,,,,,,,,,,,,,,,,537788291,53778829100061,73.11Z,,,,,,,,,,,sirene,
BERGONZO,,,a contacter,,,,,,,,,,,,marketing_com,Activites des agences de publicite,BEAUVALLON,,69,,,,,,,,,,,,,,,,,,,,,,,,,,,,,,,,,,,,,,,,,,,,,,,408422855,40842285500101,73.11Z,,,,,,,,,,,sirene,
BERNARD SANANES CONSEILS,,,a contacter,,,,,,,,,,,,marketing_com,Conseil en relations publiques et communication,NEUILLY-SUR-SEINE,,92,,,,,,,,,,,,,,,,,,,,,,,,,,,,,,,,,,,,,,,,,,,,,,,812023588,81202358800021,70.21Z,,,,,,,,,,,sirene,
BERTELSMANN SERVICES FRANCE,,,a contacter,,,,,,,,,,,,marketing_com,Activites des agences de publicite,VILLEPINTE,,93,,,,,,,,,,,,,,,,,,,,,,,,,,,,,,,,,,,,,,,,,,,,,,,449765916,44976591600019,73.11Z,,,,,,,,,,,sirene,
BETC FULLSIX,,,a contacter,,,,,,,,,,,,marketing_com,Activites des agences de publicite,PANTIN,,93,,,,,,,,,,,,,,,,,,,,,,,,,,,,,,,,,,,,,,,,,,,,,,,493477574,49347757400039,73.11Z,,,,,,,,,,,sirene,
BETC LUXE PARIS,,,a contacter,,,,,,,,,,,,marketing_com,Activites des agences de publicite,PANTIN,,93,,,,,,,,,,,,,,,,,,,,,,,,,,,,,,,,,,,,,,,,,,,,,,,810065052,81006505200021,73.11Z,,,,,,,,,,,sirene,
BETRUE AGENCY,,,a contacter,,,,,,,,,,,,marketing_com,Conseil en relations publiques et communication,SAINT-BRES,,34,,,,,,,,,,,,,,,,,,,,,,,,,,,,,,,,,,,,,,,,,,,,,,,844981522,84498152200015,70.21Z,,,,,,,,,,,sirene,
BETTER & STRONGER,,,a contacter,,,,,,,,,,,,marketing_com,Activites des agences de publicite,LYON,,69,,,,,,,,,,,,,,,,,,,,,,,,,,,,,,,,,,,,,,,,,,,,,,,529770372,52977037200025,73.11Z,,,,,,,,,,,sirene,
BEYOND TALENTS,,,a contacter,,,,,,,,,,,,marketing_com,Activites des agences de publicite,NICE,,06,,,,,,,,,,,,,,,,,,,,,,,,,,,,,,,,,,,,,,,,,,,,,,,884537960,88453796000020,73.11Z,,,,,,,,,,,sirene,
BF COMMUNICATION,,,a contacter,,,,,,,,,,,,marketing_com,Regie publicitaire de medias,LA SEYNE-SUR-MER,,83,,,,,,,,,,,,,,,,,,,,,,,,,,,,,,,,,,,,,,,,,,,,,,,795273655,79527365500014,73.12Z,,,,,,,,,,,sirene,
BFC MARKETING,,,a contacter,,,,,,,,,,,,marketing_com,Regie publicitaire de medias,BAGNOLS-SUR-CEZE,,30,,,,,,,,,,,,,,,,,,,,,,,,,,,,,,,,,,,,,,,,,,,,,,,531428761,53142876100021,73.12Z,,,,,,,,,,,sirene,
BGB GROUP,,,a contacter,,,,,,,,,,,,marketing_com,Activites des agences de publicite,RIOZ,,70,,,,,,,,,,,,,,,,,,,,,,,,,,,,,,,,,,,,,,,,,,,,,,,499112985,49911298500027,73.11Z,,,,,,,,,,,sirene,
BHB COMMUNICATION,,,a contacter,,,,,,,,,,,,marketing_com,Activites des agences de publicite,NICE,,06,,,,,,,,,,,,,,,,,,,,,,,,,,,,,,,,,,,,,,,,,,,,,,,431737709,43173770900045,73.11Z,,,,,,,,,,,sirene,
BHS.MEDIA,,,a contacter,,,,,,,,,,,,marketing_com,Activites des agences de publicite,,,,,,,,,,,,,,,,,,,,,,,,,,,,,,,,,,,,,,,,,,,,,,,,,,447897174,44789717400010,73.11Z,,,,,,,,,,,sirene,
BIBICHE,,,a contacter,,,,,,,,,,,,marketing_com,Conseil en relations publiques et communication,PARIS,,75,,,,,,,,,,,,,,,,,,,,,,,,,,,,,,,,,,,,,,,,,,,,,,,442952628,44295262800042,70.21Z,,,,,,,,,,,sirene,
BICEPS,,,a contacter,,,,,,,,,,,,marketing_com,Activites des agences de publicite,OBJAT,,19,,,,,,,,,,,,,,,,,,,,,,,,,,,,,,,,,,,,,,,,,,,,,,,491121596,49112159600010,73.11Z,,,,,,,,,,,sirene,
BICOM IMAGE D'ENTREPRISES,,,a contacter,,,,,,,,,,,,marketing_com,Conseil en relations publiques et communication,CLISSON,,44,,,,,,,,,,,,,,,,,,,,,,,,,,,,,,,,,,,,,,,,,,,,,,,522994920,52299492000042,70.21Z,,,,,,,,,,,sirene,
BICPOM,,,a contacter,,,,,,,,,,,,marketing_com,Conseil en relations publiques et communication,CHATEAURENARD,,13,,,,,,,,,,,,,,,,,,,,,,,,,,,,,,,,,,,,,,,,,,,,,,,845147073,84514707300033,70.21Z,,,,,,,,,,,sirene,
BIEN FAIT POUR TA COM',,,a contacter,,,,,,,,,,,,marketing_com,Activites des agences de publicite,LILLE,,59,,,,,,,,,,,,,,,,,,,,,,,,,,,,,,,,,,,,,,,,,,,,,,,981035702,98103570200019,73.11Z,,,,,,,,,,,sirene,
BIEN LE BONJOUR,,,a contacter,,,,,,,,,,,,marketing_com,Activites des agences de publicite,SENS,,89,,,,,,,,,,,,,,,,,,,,,,,,,,,,,,,,,,,,,,,,,,,,,,,515378560,51537856000020,73.11Z,,,,,,,,,,,sirene,
BIG KIDS,,,a contacter,,,,,,,,,,,,marketing_com,Conseil en relations publiques et communication,NICE,,06,,,,,,,,,,,,,,,,,,,,,,,,,,,,,,,,,,,,,,,,,,,,,,,795153725,79515372500044,70.21Z,,,,,,,,,,,sirene,
BIG SUCCESS,,,a contacter,,,,,,,,,,,,marketing_com,Activites des agences de publicite,NEUILLY-SUR-SEINE,,92,,,,,,,,,,,,,,,,,,,,,,,,,,,,,,,,,,,,,,,,,,,,,,,479919938,47991993800064,73.11Z,,,,,,,,,,,sirene,
BIG X,,,a contacter,,,,,,,,,,,,marketing_com,Activites des agences de publicite,SAINT-HILAIRE-DE-BRETHMAS,,30,,,,,,,,,,,,,,,,,,,,,,,,,,,,,,,,,,,,,,,,,,,,,,,847790391,84779039100019,73.11Z,,,,,,,,,,,sirene,
BIGGIE,,,a contacter,,,,,,,,,,,,marketing_com,Activites des agences de publicite,PARIS,,75,,,,,,,,,,,,,,,,,,,,,,,,,,,,,,,,,,,,,,,,,,,,,,,492831003,49283100300057,73.11Z,,,,,,,,,,,sirene,
BIMBEAU,,,a contacter,,,,,,,,,,,,marketing_com,Conseil en relations publiques et communication,MARSEILLE,,13,,,,,,,,,,,,,,,,,,,,,,,,,,,,,,,,,,,,,,,,,,,,,,,882252778,88225277800015,70.21Z,,,,,,,,,,,sirene,
BIMIER MARQUAGE,,,a contacter,,,,,,,,,,,,marketing_com,Regie publicitaire de medias,ANGERS,,49,,,,,,,,,,,,,,,,,,,,,,,,,,,,,,,,,,,,,,,,,,,,,,,394834303,39483430300056,73.12Z,,,,,,,,,,,sirene,
BIOMONDE SOLIDARITE,,,a contacter,,,,,,,,,,,,marketing_com,Conseil en relations publiques et communication,PARIS,,75,,,,,,,,,,,,,,,,,,,,,,,,,,,,,,,,,,,,,,,,,,,,,,,503456006,50345600600066,70.21Z,,,,,,,,,,,sirene,
BISMAN SIGNACOM,,,a contacter,,,,,,,,,,,,marketing_com,Conseil en relations publiques et communication,FEYTIAT,,87,,,,,,,,,,,,,,,,,,,,,,,,,,,,,,,,,,,,,,,,,,,,,,,530157619,53015761900053,70.21Z,,,,,,,,,,,sirene,
BJ PUB / BJ SOLUTIONS,,,a contacter,,,,,,,,,,,,marketing_com,Activites des agences de publicite,CAMBRAI,,59,,,,,,,,,,,,,,,,,,,,,,,,,,,,,,,,,,,,,,,,,,,,,,,849190764,84919076400027,73.11Z,,,,,,,,,,,sirene,
BKM,,,a contacter,,,,,,,,,,,,marketing_com,Conseil en relations publiques et communication,LAGNY-SUR-MARNE,,77,,,,,,,,,,,,,,,,,,,,,,,,,,,,,,,,,,,,,,,,,,,,,,,795009422,79500942200028,70.21Z,,,,,,,,,,,sirene,
BKN,,,a contacter,,,,,,,,,,,,marketing_com,Activites des agences de publicite,STRASBOURG,,67,,,,,,,,,,,,,,,,,,,,,,,,,,,,,,,,,,,,,,,,,,,,,,,402074678,40207467800044,73.11Z,,,,,,,,,,,sirene,
BL IMPRESSION,,,a contacter,,,,,,,,,,,,marketing_com,Regie publicitaire de medias,VERTON,,62,,,,,,,,,,,,,,,,,,,,,,,,,,,,,,,,,,,,,,,,,,,,,,,824221048,82422104800021,73.12Z,,,,,,,,,,,sirene,
BL SETUP,,,a contacter,,,,,,,,,,,,marketing_com,Conseil en relations publiques et communication,RENNES,,35,,,,,,,,,,,,,,,,,,,,,,,,,,,,,,,,,,,,,,,,,,,,,,,811634971,81163497100014,70.21Z,,,,,,,,,,,sirene,
BLACK AND GOLD,,,a contacter,,,,,,,,,,,,marketing_com,Activites des agences de publicite,PARIS,,75,,,,,,,,,,,,,,,,,,,,,,,,,,,,,,,,,,,,,,,,,,,,,,,347437121,34743712100036,73.11Z,,,,,,,,,,,sirene,
BLACK BALLOON,,,a contacter,,,,,,,,,,,,marketing_com,Conseil en relations publiques et communication,COLOMBES,,92,,,,,,,,,,,,,,,,,,,,,,,,,,,,,,,,,,,,,,,,,,,,,,,810973701,81097370100032,70.21Z,,,,,,,,,,,sirene,
BLACK MILK AGENCY,,,a contacter,,,,,,,,,,,,marketing_com,Conseil en relations publiques et communication,PARIS,,75,,,,,,,,,,,,,,,,,,,,,,,,,,,,,,,,,,,,,,,,,,,,,,,497645010,49764501000040,70.21Z,,,,,,,,,,,sirene,
BLACK SOAP,,,a contacter,,,,,,,,,,,,marketing_com,Activites des agences de publicite,PARIS,,75,,,,,,,,,,,,,,,,,,,,,,,,,,,,,,,,,,,,,,,,,,,,,,,801265398,80126539800033,73.11Z,,,,,,,,,,,sirene,
BLACKMOON,,,a contacter,,,,,,,,,,,,marketing_com,Activites des agences de publicite,SAINT-JEOIRE-PRIEURE,,73,,,,,,,,,,,,,,,,,,,,,,,,,,,,,,,,,,,,,,,,,,,,,,,898012794,89801279400035,73.11Z,,,,,,,,,,,sirene,
BLANC METEORE,,,a contacter,,,,,,,,,,,,marketing_com,Conseil en relations publiques et communication,NEVERS,,58,,,,,,,,,,,,,,,,,,,,,,,,,,,,,,,,,,,,,,,,,,,,,,,899999080,89999908000018,70.21Z,,,,,,,,,,,sirene,
BLANCOM,,,a contacter,,,,,,,,,,,,marketing_com,Regie publicitaire de medias,PERPIGNAN,,66,,,,,,,,,,,,,,,,,,,,,,,,,,,,,,,,,,,,,,,,,,,,,,,794967612,79496761200035,73.12Z,,,,,,,,,,,sirene,
BLAST REUNION,,,a contacter,,,,,,,,,,,,marketing_com,Conseil en relations publiques et communication,SAINT-DENIS,,974,,,,,,,,,,,,,,,,,,,,,,,,,,,,,,,,,,,,,,,,,,,,,,,830564993,83056499300020,70.21Z,,,,,,,,,,,sirene,
BLEU BANQUISE,,,a contacter,,,,,,,,,,,,marketing_com,Activites des agences de publicite,JONZAC,,17,,,,,,,,,,,,,,,,,,,,,,,,,,,,,,,,,,,,,,,,,,,,,,,424287282,42428728200042,73.11Z,,,,,,,,,,,sirene,
BLEU CERISE PREMIUM,,,a contacter,,,,,,,,,,,,marketing_com,Activites des agences de publicite,CHAMBERY,,73,,,,,,,,,,,,,,,,,,,,,,,,,,,,,,,,,,,,,,,,,,,,,,,524058583,52405858300021,73.11Z,,,,,,,,,,,sirene,
BLEU COM ORANGE,,,a contacter,,,,,,,,,,,,marketing_com,Conseil en relations publiques et communication,MONTIVILLIERS,,76,,,,,,,,,,,,,,,,,,,,,,,,,,,,,,,,,,,,,,,,,,,,,,,888412293,88841229300027,70.21Z,,,,,,,,,,,sirene,
BLEU EQUIPAGE COMMUNICATION,,,a contacter,,,,,,,,,,,,marketing_com,Activites des agences de publicite,BRY-SUR-MARNE,,94,,,,,,,,,,,,,,,,,,,,,,,,,,,,,,,,,,,,,,,,,,,,,,,409142635,40914263500062,73.11Z,,,,,,,,,,,sirene,
BLEU VIF,,,a contacter,,,,,,,,,,,,marketing_com,Activites des agences de publicite,ANGLET,,64,,,,,,,,,,,,,,,,,,,,,,,,,,,,,,,,,,,,,,,,,,,,,,,489489815,48948981500022,73.11Z,,,,,,,,,,,sirene,
BLINKED,,,a contacter,,,,,,,,,,,,marketing_com,Regie publicitaire de medias,PARIS,,75,,,,,,,,,,,,,,,,,,,,,,,,,,,,,,,,,,,,,,,,,,,,,,,880446133,88044613300014,73.12Z,,,,,,,,,,,sirene,
BLOG ECOMMERCE,,,a contacter,,,,,,,,,,,,marketing_com,Conseil en relations publiques et communication,CACHAN,,94,,,,,,,,,,,,,,,,,,,,,,,,,,,,,,,,,,,,,,,,,,,,,,,510621006,51062100600020,70.21Z,,,,,,,,,,,sirene,
BLOOM,,,a contacter,,,,,,,,,,,,marketing_com,Conseil en relations publiques et communication,PARIS,,75,,,,,,,,,,,,,,,,,,,,,,,,,,,,,,,,,,,,,,,,,,,,,,,511646226,51164622600080,70.21Z,,,,,,,,,,,sirene,
BLU EVENTS CONSULTING,,,a contacter,,,,,,,,,,,,marketing_com,Conseil en relations publiques et communication,CARIGNAN-DE-BORDEAUX,,33,,,,,,,,,,,,,,,,,,,,,,,,,,,,,,,,,,,,,,,,,,,,,,,841312945,84131294500030,70.21Z,,,,,,,,,,,sirene,
BLUE COM,,,a contacter,,,,,,,,,,,,marketing_com,Activites des agences de publicite,BUXEROLLES,,86,,,,,,,,,,,,,,,,,,,,,,,,,,,,,,,,,,,,,,,,,,,,,,,378356505,37835650500032,73.11Z,,,,,,,,,,,sirene,
BLUE EVENTS SARL,,,a contacter,,,,,,,,,,,,marketing_com,Activites des agences de publicite,VERSAILLES,,78,,,,,,,,,,,,,,,,,,,,,,,,,,,,,,,,,,,,,,,,,,,,,,,789013950,78901395000025,73.11Z,,,,,,,,,,,sirene,
BLUE'SMILE,,,a contacter,,,,,,,,,,,,marketing_com,Activites des agences de publicite,PARIS,,75,,,,,,,,,,,,,,,,,,,,,,,,,,,,,,,,,,,,,,,,,,,,,,,502242662,50224266200059,73.11Z,,,,,,,,,,,sirene,
BLUEBERRY HILL CONSEIL,,,a contacter,,,,,,,,,,,,marketing_com,Conseil en relations publiques et communication,FLOIRAC,,33,,,,,,,,,,,,,,,,,,,,,,,,,,,,,,,,,,,,,,,,,,,,,,,823625124,82362512400032,70.21Z,,,,,,,,,,,sirene,
BLUELEMON,,,a contacter,,,,,,,,,,,,marketing_com,Activites des agences de publicite,LEVALLOIS-PERRET,,92,,,,,,,,,,,,,,,,,,,,,,,,,,,,,,,,,,,,,,,,,,,,,,,884438623,88443862300057,73.11Z,,,,,,,,,,,sirene,
BM SERVICES,,,a contacter,,,,,,,,,,,,marketing_com,Conseil en relations publiques et communication,LA CANOURGUE,,48,,,,,,,,,,,,,,,,,,,,,,,,,,,,,,,,,,,,,,,,,,,,,,,533174199,53317419900018,70.21Z,,,,,,,,,,,sirene,
BM TRADING,,,a contacter,,,,,,,,,,,,marketing_com,Activites des agences de publicite,LORMONT,,33,,,,,,,,,,,,,,,,,,,,,,,,,,,,,,,,,,,,,,,,,,,,,,,834248957,83424895700039,73.11Z,,,,,,,,,,,sirene,
BMG AFFICHAGE,C,0,a contacter,,,,,,,,,,,,marketing_com,Activites des agences de publicite,BLERANCOURT,,02,,,,,,,,,https://www.pappers.fr/entreprise/908448897,https://annuaire-entreprises.data.gouv.fr/entreprise/908448897,https://annuaire-entreprises.data.gouv.fr/annonces/908448897,https://annuaire-entreprises.data.gouv.fr/donnees-financieres/908448897,https://annuaire-entreprises.data.gouv.fr/dirigeants/908448897,https://www.google.com/maps/search/?api=1&query=BMG+AFFICHAGE+BLERANCOURT,https://www.google.com/search?q=BMG+AFFICHAGE+BLERANCOURT,https://news.google.com/search?hl=fr&q=%22BMG+AFFICHAGE%22,https://www.linkedin.com/search/results/companies/?keywords=BMG+AFFICHAGE,,https://www.pagesjaunes.fr/annuaire/chercherlespros?quoiqui=BMG+AFFICHAGE&ou=BLERANCOURT,https://www.societe.com/cgi-bin/search?champs=908448897,,,,,,,,,,,,,,,,,,,,,,,,FR74908448897,,,908448897,90844889700029,73.11Z,,,,,,,,non,oui,2026-08-02,sirene,
BMNV PARTNERSHIP,,,a contacter,,,,,,,,,,,,marketing_com,Activites des agences de publicite,MONTREUIL,,93,,,,,,,,,,,,,,,,,,,,,,,,,,,,,,,,,,,,,,,,,,,,,,,534415302,53441530200031,73.11Z,,,,,,,,,,,sirene,
BN AGENCY,,,a contacter,,,,,,,,,,,,marketing_com,Conseil en relations publiques et communication,SAINT-DENIS,,93,,,,,,,,,,,,,,,,,,,,,,,,,,,,,,,,,,,,,,,,,,,,,,,911090892,91109089200017,70.21Z,,,,,,,,,,,sirene,
BOGO+,,,a contacter,,,,,,,,,,,,marketing_com,Activites des agences de publicite,PARIS,,75,,,,,,,,,,,,,,,,,,,,,,,,,,,,,,,,,,,,,,,,,,,,,,,793650540,79365054000024,73.11Z,,,,,,,,,,,sirene,
BOGOODS,,,a contacter,,,,,,,,,,,,marketing_com,Activites des agences de publicite,ISSY-LES-MOULINEAUX,,92,,,,,,,,,,,,,,,,,,,,,,,,,,,,,,,,,,,,,,,,,,,,,,,792112757,79211275700036,73.11Z,,,,,,,,,,,sirene,
BOISCHA,,,a contacter,,,,,,,,,,,,marketing_com,Activites des agences de publicite,BEAUCOUZE,,49,,,,,,,,,,,,,,,,,,,,,,,,,,,,,,,,,,,,,,,,,,,,,,,493528012,49352801200047,73.11Z,,,,,,,,,,,sirene,
BOLT INFLUENCE,,,a contacter,,,,,,,,,,,,marketing_com,Activites des agences de publicite,PARIS,,75,,,,,,,,,,,,,,,,,,,,,,,,,,,,,,,,,,,,,,,,,,,,,,,853689248,85368924800021,73.11Z,,,,,,,,,,,sirene,
BOMBONERA,,,a contacter,,,,,,,,,,,,marketing_com,Conseil en relations publiques et communication,LIMOGES,,87,,,,,,,,,,,,,,,,,,,,,,,,,,,,,,,,,,,,,,,,,,,,,,,794193003,79419300300033,70.21Z,,,,,,,,,,,sirene,
BON PLAN,,,a contacter,,,,,,,,,,,,marketing_com,Activites des agences de publicite,BOULOGNE-BILLANCOURT,,92,,,,,,,,,,,,,,,,,,,,,,,,,,,,,,,,,,,,,,,,,,,,,,,494867559,49486755900044,73.11Z,,,,,,,,,,,sirene,
BONNE NOUVELLE,,,a contacter,,,,,,,,,,,,marketing_com,Activites des agences de publicite,VALENCE,,26,,,,,,,,,,,,,,,,,,,,,,,,,,,,,,,,,,,,,,,,,,,,,,,884165572,88416557200014,73.11Z,,,,,,,,,,,sirene,
BONTE DIVINE !,,,a contacter,,,,,,,,,,,,marketing_com,Activites des agences de publicite,PARIS,,75,,,,,,,,,,,,,,,,,,,,,,,,,,,,,,,,,,,,,,,,,,,,,,,420520090,42052009000051,73.11Z,,,,,,,,,,,sirene,
BOOST COMMUNICATION,,,a contacter,,,,,,,,,,,,marketing_com,Activites des agences de publicite,MARQUETTE-LEZ-LILLE,,59,,,,,,,,,,,,,,,,,,,,,,,,,,,,,,,,,,,,,,,,,,,,,,,498801505,49880150500039,73.11Z,,,,,,,,,,,sirene,
BOOST',,,a contacter,,,,,,,,,,,,marketing_com,Conseil en relations publiques et communication,SAINT-JEAN-DE-MONTS,,85,,,,,,,,,,,,,,,,,,,,,,,,,,,,,,,,,,,,,,,,,,,,,,,539126946,53912694600026,70.21Z,,,,,,,,,,,sirene,
BOOST'N CO,,,a contacter,,,,,,,,,,,,marketing_com,Activites des agences de publicite,PARIS,,75,,,,,,,,,,,,,,,,,,,,,,,,,,,,,,,,,,,,,,,,,,,,,,,830577342,83057734200025,73.11Z,,,,,,,,,,,sirene,
BOOSTY,,,a contacter,,,,,,,,,,,,marketing_com,Activites des agences de publicite,ARGENTEUIL,,95,,,,,,,,,,,,,,,,,,,,,,,,,,,,,,,,,,,,,,,,,,,,,,,492497607,49249760700076,73.11Z,,,,,,,,,,,sirene,
BOOTS & CATS,,,a contacter,,,,,,,,,,,,marketing_com,Conseil en relations publiques et communication,LYON,,69,,,,,,,,,,,,,,,,,,,,,,,,,,,,,,,,,,,,,,,,,,,,,,,890909765,89090976500020,70.21Z,,,,,,,,,,,sirene,
BOREAL,,,a contacter,,,,,,,,,,,,marketing_com,Activites des agences de publicite,PARIS,,75,,,,,,,,,,,,,,,,,,,,,,,,,,,,,,,,,,,,,,,,,,,,,,,383475860,38347586000037,73.11Z,,,,,,,,,,,sirene,
BORN SCENOGRAPHIE-SIGNALETIQUE,,,a contacter,,,,,,,,,,,,marketing_com,Activites des agences de publicite,CARQUEFOU,,44,,,,,,,,,,,,,,,,,,,,,,,,,,,,,,,,,,,,,,,,,,,,,,,494995855,49499585500033,73.11Z,,,,,,,,,,,sirene,
BOSPHORE,,,a contacter,,,,,,,,,,,,marketing_com,Activites des agences de publicite,LYON,,69,,,,,,,,,,,,,,,,,,,,,,,,,,,,,,,,,,,,,,,,,,,,,,,478110026,47811002600042,73.11Z,,,,,,,,,,,sirene,
BOTTICELLI,,,a contacter,,,,,,,,,,,,marketing_com,Activites des agences de publicite,LE PETIT-QUEVILLY,,76,,,,,,,,,,,,,,,,,,,,,,,,,,,,,,,,,,,,,,,,,,,,,,,441561834,44156183400025,73.11Z,,,,,,,,,,,sirene,
BOUCAN MEDIA,,,a contacter,,,,,,,,,,,,marketing_com,Activites des agences de publicite,PARIS,,75,,,,,,,,,,,,,,,,,,,,,,,,,,,,,,,,,,,,,,,,,,,,,,,880262357,88026235700028,73.11Z,,,,,,,,,,,sirene,
BOURBON CONSEIL,,,a contacter,,,,,,,,,,,,marketing_com,Activites des agences de publicite,SAINT-DENIS,,974,,,,,,,,,,,,,,,,,,,,,,,,,,,,,,,,,,,,,,,,,,,,,,,392490942,39249094200019,73.11Z,,,,,,,,,,,sirene,
BOVIS FINE ART,,,a contacter,,,,,,,,,,,,marketing_com,Conseil en relations publiques et communication,FLEURY-MEROGIS,,91,,,,,,,,,,,,,,,,,,,,,,,,,,,,,,,,,,,,,,,,,,,,,,,919060186,91906018600013,70.21Z,,,,,,,,,,,sirene,
BOX,,,a contacter,,,,,,,,,,,,marketing_com,Conseil en relations publiques et communication,SAINT-GREGOIRE,,35,,,,,,,,,,,,,,,,,,,,,,,,,,,,,,,,,,,,,,,,,,,,,,,825323058,82532305800024,70.21Z,,,,,,,,,,,sirene,
BPR FRANCE,,,a contacter,,,,,,,,,,,,marketing_com,Conseil en relations publiques et communication,PARIS,,75,,,,,,,,,,,,,,,,,,,,,,,,,,,,,,,,,,,,,,,,,,,,,,,528615396,52861539600025,70.21Z,,,,,,,,,,,sirene,
BRACHFELD PARIS,,,a contacter,,,,,,,,,,,,marketing_com,Conseil en relations publiques et communication,PARIS,,75,,,,,,,,,,,,,,,,,,,,,,,,,,,,,,,,,,,,,,,,,,,,,,,494444086,49444408600032,70.21Z,,,,,,,,,,,sirene,
BRAND ADVOCATE,,,a contacter,,,,,,,,,,,,marketing_com,Activites des agences de publicite,PARIS,,75,,,,,,,,,,,,,,,,,,,,,,,,,,,,,,,,,,,,,,,,,,,,,,,450248208,45024820800081,73.11Z,,,,,,,,,,,sirene,
BRAND TO DESIGN,,,a contacter,,,,,,,,,,,,marketing_com,Activites des agences de publicite,PESSAC,,33,,,,,,,,,,,,,,,,,,,,,,,,,,,,,,,,,,,,,,,,,,,,,,,791097389,79109738900013,73.11Z,,,,,,,,,,,sirene,
BRANDS AT WORK,,,a contacter,,,,,,,,,,,,marketing_com,Conseil en relations publiques et communication,ASNIERES-SUR-SEINE,,92,,,,,,,,,,,,,,,,,,,,,,,,,,,,,,,,,,,,,,,,,,,,,,,439290149,43929014900053,70.21Z,,,,,,,,,,,sirene,
BREAK-OUT COMPANY,,,a contacter,,,,,,,,,,,,marketing_com,Conseil en relations publiques et communication,TARBES,,65,,,,,,,,,,,,,,,,,,,,,,,,,,,,,,,,,,,,,,,,,,,,,,,914698758,91469875800010,70.21Z,,,,,,,,,,,sirene,
BREARD COMMUNICATION SA,,,a contacter,,,,,,,,,,,,marketing_com,Activites des agences de publicite,LE PETIT-QUEVILLY,,76,,,,,,,,,,,,,,,,,,,,,,,,,,,,,,,,,,,,,,,,,,,,,,,350153714,35015371400026,73.11Z,,,,,,,,,,,sirene,
BREIZH TANDEM,,,a contacter,,,,,,,,,,,,marketing_com,Conseil en relations publiques et communication,PONTIVY,,56,,,,,,,,,,,,,,,,,,,,,,,,,,,,,,,,,,,,,,,,,,,,,,,903297257,90329725700037,70.21Z,,,,,,,,,,,sirene,
BRIOCHE,,,a contacter,,,,,,,,,,,,marketing_com,Conseil en relations publiques et communication,MONTROUGE,,92,,,,,,,,,,,,,,,,,,,,,,,,,,,,,,,,,,,,,,,,,,,,,,,911838472,91183847200015,70.21Z,,,,,,,,,,,sirene,
BRONSON,,,a contacter,,,,,,,,,,,,marketing_com,Activites des agences de publicite,CLICHY,,92,,,,,,,,,,,,,,,,,,,,,,,,,,,,,,,,,,,,,,,,,,,,,,,481215184,48121518400021,73.11Z,,,,,,,,,,,sirene,
BROWSE AND GO SAS,,,a contacter,,,,,,,,,,,,marketing_com,Activites des agences de publicite,MONTPELLIER,,34,,,,,,,,,,,,,,,,,,,,,,,,,,,,,,,,,,,,,,,,,,,,,,,830216917,83021691700039,73.11Z,,,,,,,,,,,sirene,
BRUET SIGNALETIQUE,,,a contacter,,,,,,,,,,,,marketing_com,Activites des agences de publicite,VALENCIENNES,,59,,,,,,,,,,,,,,,,,,,,,,,,,,,,,,,,,,,,,,,,,,,,,,,835277120,83527712000019,73.11Z,,,,,,,,,,,sirene,
BRUGUIERE COMME GUIGUES,,,a contacter,,,,,,,,,,,,marketing_com,Activites des agences de publicite,PARIS,,75,,,,,,,,,,,,,,,,,,,,,,,,,,,,,,,,,,,,,,,,,,,,,,,412775835,41277583500025,73.11Z,,,,,,,,,,,sirene,
BS CORNERS,,,a contacter,,,,,,,,,,,,marketing_com,Conseil en relations publiques et communication,PARIS,,75,,,,,,,,,,,,,,,,,,,,,,,,,,,,,,,,,,,,,,,,,,,,,,,882696834,88269683400010,70.21Z,,,,,,,,,,,sirene,
BSMD AVANT GARDE,,,a contacter,,,,,,,,,,,,marketing_com,Activites des agences de publicite,COURTRY,,77,,,,,,,,,,,,,,,,,,,,,,,,,,,,,,,,,,,,,,,,,,,,,,,424872158,42487215800045,73.11Z,,,,,,,,,,,sirene,
BTG COMMUNICATION,,,a contacter,,,,,,,,,,,,marketing_com,Conseil en relations publiques et communication,TOURS,,37,,,,,,,,,,,,,,,,,,,,,,,,,,,,,,,,,,,,,,,,,,,,,,,532103900,53210390000033,70.21Z,,,,,,,,,,,sirene,
BUBBLY,,,a contacter,,,,,,,,,,,,marketing_com,Conseil en relations publiques et communication,STRASBOURG,,67,,,,,,,,,,,,,,,,,,,,,,,,,,,,,,,,,,,,,,,,,,,,,,,900459264,90045926400025,70.21Z,,,,,,,,,,,sirene,
BUDGETBOX,,,a contacter,,,,,,,,,,,,marketing_com,Activites des agences de publicite,PARIS,,75,,,,,,,,,,,,,,,,,,,,,,,,,,,,,,,,,,,,,,,,,,,,,,,497635292,49763529200087,73.11Z,,,,,,,,,,,sirene,
BUENOS AIRES,,,a contacter,,,,,,,,,,,,marketing_com,Activites des agences de publicite,CADEROUSSE,,84,,,,,,,,,,,,,,,,,,,,,,,,,,,,,,,,,,,,,,,,,,,,,,,490352408,49035240800044,73.11Z,,,,,,,,,,,sirene,
BUREAU 110,,,a contacter,,,,,,,,,,,,marketing_com,Activites des agences de publicite,PARIS,,75,,,,,,,,,,,,,,,,,,,,,,,,,,,,,,,,,,,,,,,,,,,,,,,400821393,40082139300032,73.11Z,,,,,,,,,,,sirene,
BUREAU 14,,,a contacter,,,,,,,,,,,,marketing_com,Conseil en relations publiques et communication,BASSUSSARRY,,64,,,,,,,,,,,,,,,,,,,,,,,,,,,,,,,,,,,,,,,,,,,,,,,809760846,80976084600034,70.21Z,,,,,,,,,,,sirene,
BUREAU BARBARA,,,a contacter,,,,,,,,,,,,marketing_com,Conseil en relations publiques et communication,VILLENEUVE-D'ASCQ,,59,,,,,,,,,,,,,,,,,,,,,,,,,,,,,,,,,,,,,,,,,,,,,,,881324594,88132459400046,70.21Z,,,,,,,,,,,sirene,
BUREAU CURARE,,,a contacter,,,,,,,,,,,,marketing_com,Conseil en relations publiques et communication,FONTENAY-LE-COMTE,,85,,,,,,,,,,,,,,,,,,,,,,,,,,,,,,,,,,,,,,,,,,,,,,,850566720,85056672000023,70.21Z,,,,,,,,,,,sirene,
BUREAU D'EDITION ET COMMUNICATION-BEC,,,a contacter,,,,,,,,,,,,marketing_com,Activites des agences de publicite,VINCENNES,,94,,,,,,,,,,,,,,,,,,,,,,,,,,,,,,,,,,,,,,,,,,,,,,,440839926,44083992600027,73.11Z,,,,,,,,,,,sirene,
BUREAU DE CREATION LANGUEDOCIEN,,,a contacter,,,,,,,,,,,,marketing_com,Activites des agences de publicite,PAULHAN,,34,,,,,,,,,,,,,,,,,,,,,,,,,,,,,,,,,,,,,,,,,,,,,,,789904281,78990428100035,73.11Z,,,,,,,,,,,sirene,
BURSON GROUP,,,a contacter,,,,,,,,,,,,marketing_com,Conseil en relations publiques et communication,LEVALLOIS-PERRET,,92,,,,,,,,,,,,,,,,,,,,,,,,,,,,,,,,,,,,,,,,,,,,,,,331233940,33123394000062,70.21Z,,,,,,,,,,,sirene,
BUSTER,,,a contacter,,,,,,,,,,,,marketing_com,Regie publicitaire de medias,QUIMPERLE,,29,,,,,,,,,,,,,,,,,,,,,,,,,,,,,,,,,,,,,,,,,,,,,,,751880873,75188087300078,73.12Z,,,,,,,,,,,sirene,
BUTTERFLY,,,a contacter,,,,,,,,,,,,marketing_com,Conseil en relations publiques et communication,NEUILLY-SUR-SEINE,,92,,,,,,,,,,,,,,,,,,,,,,,,,,,,,,,,,,,,,,,,,,,,,,,441840857,44184085700078,70.21Z,,,,,,,,,,,sirene,
BUZZ ET COMPAGNIE,,,a contacter,,,,,,,,,,,,marketing_com,Conseil en relations publiques et communication,THOREY-SOUS-CHARNY,,21,,,,,,,,,,,,,,,,,,,,,,,,,,,,,,,,,,,,,,,,,,,,,,,510555840,51055584000014,70.21Z,,,,,,,,,,,sirene,
BUZZ SANTE,,,a contacter,,,,,,,,,,,,marketing_com,Conseil en relations publiques et communication,MERIGNAC,,33,,,,,,,,,,,,,,,,,,,,,,,,,,,,,,,,,,,,,,,,,,,,,,,497750976,49775097600043,70.21Z,,,,,,,,,,,sirene,
BUZZNATIVE,,,a contacter,,,,,,,,,,,,marketing_com,Activites des agences de publicite,ORLEANS,,45,,,,,,,,,,,,,,,,,,,,,,,,,,,,,,,,,,,,,,,,,,,,,,,528151566,52815156600049,73.11Z,,,,,,,,,,,sirene,
BV AFFICHAGE,,,a contacter,,,,,,,,,,,,marketing_com,Activites des agences de publicite,MAISONCELLES-EN-BRIE,,77,,,,,,,,,,,,,,,,,,,,,,,,,,,,,,,,,,,,,,,,,,,,,,,520323932,52032393200027,73.11Z,,,,,,,,,,,sirene,
BWAT,,,a contacter,,,,,,,,,,,,marketing_com,Conseil en relations publiques et communication,CERGY,,95,,,,,,,,,,,,,,,,,,,,,,,,,,,,,,,,,,,,,,,,,,,,,,,523736957,52373695700045,70.21Z,,,,,,,,,,,sirene,
BY LUX,,,a contacter,,,,,,,,,,,,marketing_com,Activites des agences de publicite,MAISONS-ALFORT,,94,,,,,,,,,,,,,,,,,,,,,,,,,,,,,,,,,,,,,,,,,,,,,,,885357723,88535772300018,73.11Z,,,,,,,,,,,sirene,
BYRON BAY,,,a contacter,,,,,,,,,,,,marketing_com,Conseil en relations publiques et communication,LYON,,69,,,,,,,,,,,,,,,,,,,,,,,,,,,,,,,,,,,,,,,,,,,,,,,804462323,80446232300036,70.21Z,,,,,,,,,,,sirene,
BZZ,,,a contacter,,,,,,,,,,,,marketing_com,Conseil en relations publiques et communication,ANNECY,,74,,,,,,,,,,,,,,,,,,,,,,,,,,,,,,,,,,,,,,,,,,,,,,,913871000,91387100000034,70.21Z,,,,,,,,,,,sirene,
C COM'L,,,a contacter,,,,,,,,,,,,marketing_com,Activites des agences de publicite,CHAMPFLEURY,,51,,,,,,,,,,,,,,,,,,,,,,,,,,,,,,,,,,,,,,,,,,,,,,,825080302,82508030200037,73.11Z,,,,,,,,,,,sirene,
C COMM,,,a contacter,,,,,,,,,,,,marketing_com,Activites des agences de publicite,MONTPELLIER,,34,,,,,,,,,,,,,,,,,,,,,,,,,,,,,,,,,,,,,,,,,,,,,,,501209811,50120981100030,73.11Z,,,,,,,,,,,sirene,
C O 2 COMMUNICATION,,,a contacter,,,,,,,,,,,,marketing_com,Conseil en relations publiques et communication,MARSEILLE,,13,,,,,,,,,,,,,,,,,,,,,,,,,,,,,,,,,,,,,,,,,,,,,,,420327314,42032731400019,70.21Z,,,,,,,,,,,sirene,
C'DIRECT,,,a contacter,,,,,,,,,,,,marketing_com,Activites des agences de publicite,LE LAMENTIN,,972,,,,,,,,,,,,,,,,,,,,,,,,,,,,,,,,,,,,,,,,,,,,,,,378391429,37839142900057,73.11Z,,,,,,,,,,,sirene,
C'EST QUI LE PATRON ?!,,,a contacter,,,,,,,,,,,,marketing_com,Conseil en relations publiques et communication,PARIS,,75,,,,,,,,,,,,,,,,,,,,,,,,,,,,,,,,,,,,,,,,,,,,,,,829224419,82922441900020,70.21Z,,,,,,,,,,,sirene,
C'EST QUI MAURICE,,,a contacter,,,,,,,,,,,,marketing_com,Conseil en relations publiques et communication,STRASBOURG,,67,,,,,,,,,,,,,,,,,,,,,,,,,,,,,,,,,,,,,,,,,,,,,,,520827650,52082765000026,70.21Z,,,,,,,,,,,sirene,
C'UTILE,,,a contacter,,,,,,,,,,,,marketing_com,Regie publicitaire de medias,MARCQ-EN-BARŒUL,,59,,,,,,,,,,,,,,,,,,,,,,,,,,,,,,,,,,,,,,,,,,,,,,,409253879,40925387900046,73.12Z,,,,,,,,,,,sirene,
C*RED,,,a contacter,,,,,,,,,,,,marketing_com,Activites des agences de publicite,LILLE,,59,,,,,,,,,,,,,,,,,,,,,,,,,,,,,,,,,,,,,,,,,,,,,,,432870814,43287081400022,73.11Z,,,,,,,,,,,sirene,
C.A.S.,,,a contacter,,,,,,,,,,,,marketing_com,Activites des agences de publicite,KINGERSHEIM,,68,,,,,,,,,,,,,,,,,,,,,,,,,,,,,,,,,,,,,,,,,,,,,,,822559522,82255952200013,73.11Z,,,,,,,,,,,sirene,
C.B.S. COMMERCIALISATION BIENS ET SCE,,,a contacter,,,,,,,,,,,,marketing_com,Activites des agences de publicite,SAINT-MAUR-DES-FOSSES,,94,,,,,,,,,,,,,,,,,,,,,,,,,,,,,,,,,,,,,,,,,,,,,,,453759177,45375917700026,73.11Z,,,,,,,,,,,sirene,
C.D.CALL,,,a contacter,,,,,,,,,,,,marketing_com,Activites des agences de publicite,FEURS,,42,,,,,,,,,,,,,,,,,,,,,,,,,,,,,,,,,,,,,,,,,,,,,,,840803597,84080359700045,73.11Z,,,,,,,,,,,sirene,
C.D.P.  REGIONS AFFICHAGE,,,a contacter,,,,,,,,,,,,marketing_com,Regie publicitaire de medias,VILLERS-BRETONNEUX,,80,,,,,,,,,,,,,,,,,,,,,,,,,,,,,,,,,,,,,,,,,,,,,,,490330321,49033032100020,73.12Z,,,,,,,,,,,sirene,
C.E.V.E.P.,,,a contacter,,,,,,,,,,,,marketing_com,Activites des agences de publicite,LILLE,,59,,,,,,,,,,,,,,,,,,,,,,,,,,,,,,,,,,,,,,,,,,,,,,,353688591,35368859100075,73.11Z,,,,,,,,,,,sirene,
C.J.W,,,a contacter,,,,,,,,,,,,marketing_com,Activites des agences de publicite,DIE,,26,,,,,,,,,,,,,,,,,,,,,,,,,,,,,,,,,,,,,,,,,,,,,,,487491961,48749196100016,73.11Z,,,,,,,,,,,sirene,
C.M.P.,,,a contacter,,,,,,,,,,,,marketing_com,Activites des agences de publicite,BRY-SUR-MARNE,,94,,,,,,,,,,,,,,,,,,,,,,,,,,,,,,,,,,,,,,,,,,,,,,,332945187,33294518700042,73.11Z,,,,,,,,,,,sirene,
"C.O.M. (COMMUNICATION, ORGANISATION, MANAGEMENT)",,,a contacter,,,,,,,,,,,,marketing_com,Activites des agences de publicite,PETIT-COURONNE,,76,,,,,,,,,,,,,,,,,,,,,,,,,,,,,,,,,,,,,,,,,,,,,,,437818131,43781813100090,73.11Z,,,,,,,,,,,sirene,
C.S.P.,,,a contacter,,,,,,,,,,,,marketing_com,Activites des agences de publicite,CRETEIL,,94,,,,,,,,,,,,,,,,,,,,,,,,,,,,,,,,,,,,,,,,,,,,,,,454001033,45400103300033,73.11Z,,,,,,,,,,,sirene,
C.T.D CREATION TENDANCE DECOUVERTE,,,a contacter,,,,,,,,,,,,marketing_com,Activites des agences de publicite,DAMMARTIN-EN-GOELE,,77,,,,,,,,,,,,,,,,,,,,,,,,,,,,,,,,,,,,,,,,,,,,,,,435391537,43539153700022,73.11Z,,,,,,,,,,,sirene,
C.T.M.,,,a contacter,,,,,,,,,,,,marketing_com,Regie publicitaire de medias,LA VOULTE-SUR-RHONE,,07,,,,,,,,,,,,,,,,,,,,,,,,,,,,,,,,,,,,,,,,,,,,,,,502653488,50265348800010,73.12Z,,,,,,,,,,,sirene,
C10 PLAY,,,a contacter,,,,,,,,,,,,marketing_com,Activites des agences de publicite,LOGNES,,77,,,,,,,,,,,,,,,,,,,,,,,,,,,,,,,,,,,,,,,,,,,,,,,791799935,79179993500022,73.11Z,,,,,,,,,,,sirene,
C1994,,,a contacter,,,,,,,,,,,,marketing_com,Activites des agences de publicite,LA ROCHE-SUR-YON,,85,,,,,,,,,,,,,,,,,,,,,,,,,,,,,,,,,,,,,,,,,,,,,,,397765959,39776595900051,73.11Z,,,,,,,,,,,sirene,
C2J COMMUNICATION,,,a contacter,,,,,,,,,,,,marketing_com,Regie publicitaire de medias,MARSEILLE,,13,,,,,,,,,,,,,,,,,,,,,,,,,,,,,,,,,,,,,,,,,,,,,,,508323375,50832337500032,73.12Z,,,,,,,,,,,sirene,
C2M,,,a contacter,,,,,,,,,,,,marketing_com,Activites des agences de publicite,CLISSON,,44,,,,,,,,,,,,,,,,,,,,,,,,,,,,,,,,,,,,,,,,,,,,,,,485239628,48523962800038,73.11Z,,,,,,,,,,,sirene,
C4TEGORIE,,,a contacter,,,,,,,,,,,,marketing_com,Conseil en relations publiques et communication,STRASBOURG,,67,,,,,,,,,,,,,,,,,,,,,,,,,,,,,,,,,,,,,,,,,,,,,,,807883442,80788344200038,70.21Z,,,,,,,,,,,sirene,
CA COM MENCE AUJOURD HUI,,,a contacter,,,,,,,,,,,,marketing_com,Conseil en relations publiques et communication,WAZIERS,,59,,,,,,,,,,,,,,,,,,,,,,,,,,,,,,,,,,,,,,,,,,,,,,,521030098,52103009800029,70.21Z,,,,,,,,,,,sirene,
CA.C.FAIT.COM,,,a contacter,,,,,,,,,,,,marketing_com,Activites des agences de publicite,BAILLARGUES,,34,,,,,,,,,,,,,,,,,,,,,,,,,,,,,,,,,,,,,,,,,,,,,,,511466674,51146667400054,73.11Z,,,,,,,,,,,sirene,
CAB COM,,,a contacter,,,,,,,,,,,,marketing_com,Conseil en relations publiques et communication,TALENCE,,33,,,,,,,,,,,,,,,,,,,,,,,,,,,,,,,,,,,,,,,,,,,,,,,391651254,39165125400032,70.21Z,,,,,,,,,,,sirene,
CABINET VERLEY,,,a contacter,,,,,,,,,,,,marketing_com,Conseil en relations publiques et communication,GENNEVILLIERS,,92,,,,,,,,,,,,,,,,,,,,,,,,,,,,,,,,,,,,,,,,,,,,,,,328347471,32834747100075,70.21Z,,,,,,,,,,,sirene,
CABROL SERVICES,,,a contacter,,,,,,,,,,,,marketing_com,Activites des agences de publicite,ESTILLAC,,47,,,,,,,,,,,,,,,,,,,,,,,,,,,,,,,,,,,,,,,,,,,,,,,508270956,50827095600057,73.11Z,,,,,,,,,,,sirene,
CACTUS GRAPHISME ET COMMUNICATION SARL,,,a contacter,,,,,,,,,,,,marketing_com,Activites des agences de publicite,RUELISHEIM,,68,,,,,,,,,,,,,,,,,,,,,,,,,,,,,,,,,,,,,,,,,,,,,,,480490283,48049028300052,73.11Z,,,,,,,,,,,sirene,
CADOETIK,,,a contacter,,,,,,,,,,,,marketing_com,Activites des agences de publicite,SUCE-SUR-ERDRE,,44,,,,,,,,,,,,,,,,,,,,,,,,,,,,,,,,,,,,,,,,,,,,,,,480313014,48031301400049,73.11Z,,,,,,,,,,,sirene,
CADRES BLANCS - AFFICHEURS,,,a contacter,,,,,,,,,,,,marketing_com,Regie publicitaire de medias,ALENCON,,61,,,,,,,,,,,,,,,,,,,,,,,,,,,,,,,,,,,,,,,,,,,,,,,348324831,34832483100042,73.12Z,,,,,,,,,,,sirene,
CADRES BLANCS G&B,,,a contacter,,,,,,,,,,,,marketing_com,Activites des agences de publicite,ALENCON,,61,,,,,,,,,,,,,,,,,,,,,,,,,,,,,,,,,,,,,,,,,,,,,,,353452287,35345228700082,73.11Z,,,,,,,,,,,sirene,
CAFEINE,,,a contacter,,,,,,,,,,,,marketing_com,Activites des agences de publicite,LEVALLOIS-PERRET,,92,,,,,,,,,,,,,,,,,,,,,,,,,,,,,,,,,,,,,,,,,,,,,,,404328445,40432844500030,73.11Z,,,,,,,,,,,sirene,
CAILLE ASSOCIES,,,a contacter,,,,,,,,,,,,marketing_com,Conseil en relations publiques et communication,MARCQ-EN-BARŒUL,,59,,,,,,,,,,,,,,,,,,,,,,,,,,,,,,,,,,,,,,,,,,,,,,,410610240,41061024000039,70.21Z,,,,,,,,,,,sirene,
CAIRN.INFO,,,a contacter,,,,,,,,,,,,marketing_com,Conseil en relations publiques et communication,PARIS,,75,,,,,,,,,,,,,,,,,,,,,,,,,,,,,,,,,,,,,,,,,,,,,,,487704942,48770494200043,70.21Z,,,,,,,,,,,sirene,
CAL GRAPHIC DESIGN,,,a contacter,,,,,,,,,,,,marketing_com,Conseil en relations publiques et communication,NICE,,06,,,,,,,,,,,,,,,,,,,,,,,,,,,,,,,,,,,,,,,,,,,,,,,852342138,85234213800025,70.21Z,,,,,,,,,,,sirene,
CALIF SOLUTIONS,,,a contacter,,,,,,,,,,,,marketing_com,Conseil en relations publiques et communication,SAINT-ETIENNE,,42,,,,,,,,,,,,,,,,,,,,,,,,,,,,,,,,,,,,,,,,,,,,,,,514615921,51461592100012,70.21Z,,,,,,,,,,,sirene,
CALL MY AGENT,,,a contacter,,,,,,,,,,,,marketing_com,Activites des agences de publicite,PANTIN,,93,,,,,,,,,,,,,,,,,,,,,,,,,,,,,,,,,,,,,,,,,,,,,,,484735204,48473520400022,73.11Z,,,,,,,,,,,sirene,
CALLIMEDIA,,,a contacter,,,,,,,,,,,,marketing_com,Activites des agences de publicite,CASTELNAU-LE-LEZ,,34,,,,,,,,,,,,,,,,,,,,,,,,,,,,,,,,,,,,,,,,,,,,,,,509623385,50962338500010,73.11Z,,,,,,,,,,,sirene,
CAMDEN FRANCE,,,a contacter,,,,,,,,,,,,marketing_com,Conseil en relations publiques et communication,LYON,,69,,,,,,,,,,,,,,,,,,,,,,,,,,,,,,,,,,,,,,,,,,,,,,,752137489,75213748900023,70.21Z,,,,,,,,,,,sirene,
CAMELEON,,,a contacter,,,,,,,,,,,,marketing_com,Activites des agences de publicite,GRAVELINES,,59,,,,,,,,,,,,,,,,,,,,,,,,,,,,,,,,,,,,,,,,,,,,,,,378970214,37897021400011,73.11Z,,,,,,,,,,,sirene,
CAMELEON COMMUNICATION,,,a contacter,,,,,,,,,,,,marketing_com,Regie publicitaire de medias,BAYONNE,,64,,,,,,,,,,,,,,,,,,,,,,,,,,,,,,,,,,,,,,,,,,,,,,,441664026,44166402600081,73.12Z,,,,,,,,,,,sirene,
CAMELEON GROUP,,,a contacter,,,,,,,,,,,,marketing_com,Activites des agences de publicite,SAINT-HERBLAIN,,44,,,,,,,,,,,,,,,,,,,,,,,,,,,,,,,,,,,,,,,,,,,,,,,452971153,45297115300039,73.11Z,,,,,,,,,,,sirene,
CAMELIA SAS,,,a contacter,,,,,,,,,,,,marketing_com,Conseil en relations publiques et communication,CLAMART,,92,,,,,,,,,,,,,,,,,,,,,,,,,,,,,,,,,,,,,,,,,,,,,,,841303274,84130327400036,70.21Z,,,,,,,,,,,sirene,
CAMILLE CMP,,,a contacter,,,,,,,,,,,,marketing_com,Activites des agences de publicite,TRELIVAN,,22,,,,,,,,,,,,,,,,,,,,,,,,,,,,,,,,,,,,,,,,,,,,,,,852837111,85283711100016,73.11Z,,,,,,,,,,,sirene,
CAMPARDOU CONSEIL ET ASSOCIES,,,a contacter,,,,,,,,,,,,marketing_com,Conseil en relations publiques et communication,TOULOUSE,,31,,,,,,,,,,,,,,,,,,,,,,,,,,,,,,,,,,,,,,,,,,,,,,,391927795,39192779500032,70.21Z,,,,,,,,,,,sirene,
CANAL + BRAND SOLUTIONS,,,a contacter,,,,,,,,,,,,marketing_com,Regie publicitaire de medias,ISSY-LES-MOULINEAUX,,92,,,,,,,,,,,,,,,,,,,,,,,,,,,,,,,,,,,,,,,,,,,,,,,414949172,41494917200087,73.12Z,,,,,,,,,,,sirene,
CANAL PUB,,,a contacter,,,,,,,,,,,,marketing_com,Activites des agences de publicite,BAGNOLET,,93,,,,,,,,,,,,,,,,,,,,,,,,,,,,,,,,,,,,,,,,,,,,,,,331942664,33194266400060,73.11Z,,,,,,,,,,,sirene,
CANAL.BIO,,,a contacter,,,,,,,,,,,,marketing_com,Activites des agences de publicite,PUGET-SUR-ARGENS,,83,,,,,,,,,,,,,,,,,,,,,,,,,,,,,,,,,,,,,,,,,,,,,,,509204194,50920419400088,73.11Z,,,,,,,,,,,sirene,
CANDIDE,,,a contacter,,,,,,,,,,,,marketing_com,Activites des agences de publicite,STRASBOURG,,67,,,,,,,,,,,,,,,,,,,,,,,,,,,,,,,,,,,,,,,,,,,,,,,482855376,48285537600034,73.11Z,,,,,,,,,,,sirene,
CANEFORA,,,a contacter,,,,,,,,,,,,marketing_com,Conseil en relations publiques et communication,ANNECY,,74,,,,,,,,,,,,,,,,,,,,,,,,,,,,,,,,,,,,,,,,,,,,,,,829685080,82968508000030,70.21Z,,,,,,,,,,,sirene,
CANEVET ET ASSOCIES,,,a contacter,,,,,,,,,,,,marketing_com,Conseil en relations publiques et communication,NANTES,,44,,,,,,,,,,,,,,,,,,,,,,,,,,,,,,,,,,,,,,,,,,,,,,,810119685,81011968500040,70.21Z,,,,,,,,,,,sirene,
CAP,,,a contacter,,,,,,,,,,,,marketing_com,Activites des agences de publicite,SAINT-FERREOL,,74,,,,,,,,,,,,,,,,,,,,,,,,,,,,,,,,,,,,,,,,,,,,,,,408892321,40889232100022,73.11Z,,,,,,,,,,,sirene,
CAP & CIME PR,,,a contacter,,,,,,,,,,,,marketing_com,Conseil en relations publiques et communication,SAINT-DENIS,,93,,,,,,,,,,,,,,,,,,,,,,,,,,,,,,,,,,,,,,,,,,,,,,,422948018,42294801800045,70.21Z,,,,,,,,,,,sirene,
CAP HORN COMMUNICATIONS,,,a contacter,,,,,,,,,,,,marketing_com,Regie publicitaire de medias,SIX-FOURS-LES-PLAGES,,83,,,,,,,,,,,,,,,,,,,,,,,,,,,,,,,,,,,,,,,,,,,,,,,487611410,48761141000050,73.12Z,,,,,,,,,,,sirene,
CAP LINEA,,,a contacter,,,,,,,,,,,,marketing_com,Activites des agences de publicite,PARIS,,75,,,,,,,,,,,,,,,,,,,,,,,,,,,,,,,,,,,,,,,,,,,,,,,493542203,49354220300028,73.11Z,,,,,,,,,,,sirene,
CAP'POSE,,,a contacter,,,,,,,,,,,,marketing_com,Activites des agences de publicite,AUCAMVILLE,,82,,,,,,,,,,,,,,,,,,,,,,,,,,,,,,,,,,,,,,,,,,,,,,,499023984,49902398400010,73.11Z,,,,,,,,,,,sirene,
CAPRI CE,,,a contacter,,,,,,,,,,,,marketing_com,Conseil en relations publiques et communication,SURESNES,,92,,,,,,,,,,,,,,,,,,,,,,,,,,,,,,,,,,,,,,,,,,,,,,,807490974,80749097400027,70.21Z,,,,,,,,,,,sirene,
CAPS FRANCE,,,a contacter,,,,,,,,,,,,marketing_com,Activites des agences de publicite,AUBAGNE,,13,,,,,,,,,,,,,,,,,,,,,,,,,,,,,,,,,,,,,,,,,,,,,,,834844805,83484480500020,73.11Z,,,,,,,,,,,sirene,
CAR'EVENT,,,a contacter,,,,,,,,,,,,marketing_com,Activites des agences de publicite,SAINT MEDARD D'EYRANS,,33,,,,,,,,,,,,,,,,,,,,,,,,,,,,,,,,,,,,,,,,,,,,,,,450309356,45030935600043,73.11Z,,,,,,,,,,,sirene,
CARACTER A,,,a contacter,,,,,,,,,,,,marketing_com,Activites des agences de publicite,MONT-SAINT-AIGNAN,,76,,,,,,,,,,,,,,,,,,,,,,,,,,,,,,,,,,,,,,,,,,,,,,,520149386,52014938600044,73.11Z,,,,,,,,,,,sirene,
CARACTERE,,,a contacter,,,,,,,,,,,,marketing_com,Activites des agences de publicite,PERPIGNAN,,66,,,,,,,,,,,,,,,,,,,,,,,,,,,,,,,,,,,,,,,,,,,,,,,347742454,34774245400023,73.11Z,,,,,,,,,,,sirene,
CARAIBES MERCHANDISING SERVICE,,,a contacter,,,,,,,,,,,,marketing_com,Activites des agences de publicite,BAIE MAHAULT,,971,,,,,,,,,,,,,,,,,,,,,,,,,,,,,,,,,,,,,,,,,,,,,,,449105360,44910536000027,73.11Z,,,,,,,,,,,sirene,
CARAMBA,,,a contacter,,,,,,,,,,,,marketing_com,Activites des agences de publicite,SAINT GENEST LERPT,,42,,,,,,,,,,,,,,,,,,,,,,,,,,,,,,,,,,,,,,,,,,,,,,,839204757,83920475700026,73.11Z,,,,,,,,,,,sirene,
CARAT FRANCE,,,a contacter,,,,,,,,,,,,marketing_com,Activites des agences de publicite,PARIS,,75,,,,,,,,,,,,,,,,,,,,,,,,,,,,,,,,,,,,,,,,,,,,,,,399093129,39909312900035,73.11Z,,,,,,,,,,,sirene,
CARBONE CAFE,,,a contacter,,,,,,,,,,,,marketing_com,Conseil en relations publiques et communication,MULHOUSE,,68,,,,,,,,,,,,,,,,,,,,,,,,,,,,,,,,,,,,,,,,,,,,,,,524690468,52469046800052,70.21Z,,,,,,,,,,,sirene,
CARBURANT,,,a contacter,,,,,,,,,,,,marketing_com,Activites des agences de publicite,PARIS,,75,,,,,,,,,,,,,,,,,,,,,,,,,,,,,,,,,,,,,,,,,,,,,,,450288139,45028813900048,73.11Z,,,,,,,,,,,sirene,
CARIBARA COMMUNICATION,,,a contacter,,,,,,,,,,,,marketing_com,Activites des agences de publicite,PARIS,,75,,,,,,,,,,,,,,,,,,,,,,,,,,,,,,,,,,,,,,,,,,,,,,,483717518,48371751800011,73.11Z,,,,,,,,,,,sirene,
CARIBAVENUE,,,a contacter,,,,,,,,,,,,marketing_com,Activites des agences de publicite,SAINT BARTHELEMY,,977,,,,,,,,,,,,,,,,,,,,,,,,,,,,,,,,,,,,,,,,,,,,,,,804152452,80415245200012,73.11Z,,,,,,,,,,,sirene,
CARIBOU,,,a contacter,,,,,,,,,,,,marketing_com,Activites des agences de publicite,TOURCOING,,59,,,,,,,,,,,,,,,,,,,,,,,,,,,,,,,,,,,,,,,,,,,,,,,400570594,40057059400046,73.11Z,,,,,,,,,,,sirene,
CARON DIFFUSION,,,a contacter,,,,,,,,,,,,marketing_com,Conseil en relations publiques et communication,REMIRE-MONTJOLY,,973,,,,,,,,,,,,,,,,,,,,,,,,,,,,,,,,,,,,,,,,,,,,,,,812092260,81209226000023,70.21Z,,,,,,,,,,,sirene,
CARPE & DIEM,,,a contacter,,,,,,,,,,,,marketing_com,Activites des agences de publicite,SAINTES,,17,,,,,,,,,,,,,,,,,,,,,,,,,,,,,,,,,,,,,,,,,,,,,,,432384923,43238492300038,73.11Z,,,,,,,,,,,sirene,
CARPENTIER AFFICHAGE,,,a contacter,,,,,,,,,,,,marketing_com,Regie publicitaire de medias,CERE,,40,,,,,,,,,,,,,,,,,,,,,,,,,,,,,,,,,,,,,,,,,,,,,,,478358096,47835809600012,73.12Z,,,,,,,,,,,sirene,
CARREDAS,,,a contacter,,,,,,,,,,,,marketing_com,Activites des agences de publicite,PARIS,,75,,,,,,,,,,,,,,,,,,,,,,,,,,,,,,,,,,,,,,,,,,,,,,,349741470,34974147000018,73.11Z,,,,,,,,,,,sirene,
CARREDAS COMMUNICATION,,,a contacter,,,,,,,,,,,,marketing_com,Activites des agences de publicite,VILLENEUVE-D'ASCQ,,59,,,,,,,,,,,,,,,,,,,,,,,,,,,,,,,,,,,,,,,,,,,,,,,384493094,38449309400062,73.11Z,,,,,,,,,,,sirene,
CARTESIA EDUCATION,,,a contacter,,,,,,,,,,,,marketing_com,Conseil en relations publiques et communication,PARIS,,75,,,,,,,,,,,,,,,,,,,,,,,,,,,,,,,,,,,,,,,,,,,,,,,805080017,80508001700033,70.21Z,,,,,,,,,,,sirene,
CARTOON,,,a contacter,,,,,,,,,,,,marketing_com,Activites des agences de publicite,TOULOUSE,,31,,,,,,,,,,,,,,,,,,,,,,,,,,,,,,,,,,,,,,,,,,,,,,,324443936,32444393600020,73.11Z,,,,,,,,,,,sirene,
CARTOON & GAUTHIER PLV,,,a contacter,,,,,,,,,,,,marketing_com,Activites des agences de publicite,SARTROUVILLE,,78,,,,,,,,,,,,,,,,,,,,,,,,,,,,,,,,,,,,,,,,,,,,,,,429903057,42990305700033,73.11Z,,,,,,,,,,,sirene,
CARTOSUD,,,a contacter,,,,,,,,,,,,marketing_com,Activites des agences de publicite,FONS,,30,,,,,,,,,,,,,,,,,,,,,,,,,,,,,,,,,,,,,,,,,,,,,,,479837841,47983784100036,73.11Z,,,,,,,,,,,sirene,
CASAPUB,,,a contacter,,,,,,,,,,,,marketing_com,Activites des agences de publicite,NOGENT-LE-PHAYE,,28,,,,,,,,,,,,,,,,,,,,,,,,,,,,,,,,,,,,,,,,,,,,,,,411553068,41155306800023,73.11Z,,,,,,,,,,,sirene,
CASH PISCINES,,,a contacter,,,,,,,,,,,,marketing_com,Activites des agences de publicite,MERIGNAC,,33,,,,,,,,,,,,,,,,,,,,,,,,,,,,,,,,,,,,,,,,,,,,,,,423033570,42303357000056,73.11Z,,,,,,,,,,,sirene,
CASTOR &  POLLUX,,,a contacter,,,,,,,,,,,,marketing_com,Activites des agences de publicite,MONTREUIL,,93,,,,,,,,,,,,,,,,,,,,,,,,,,,,,,,,,,,,,,,,,,,,,,,528248750,52824875000036,73.11Z,,,,,,,,,,,sirene,
CATALINA MARKETING FRANCE SAS,,,a contacter,,,,,,,,,,,,marketing_com,Activites des agences de publicite,BOULOGNE-BILLANCOURT,,92,,,,,,,,,,,,,,,,,,,,,,,,,,,,,,,,,,,,,,,,,,,,,,,392523759,39252375900059,73.11Z,,,,,,,,,,,sirene,
CATHIE OLDRA (LECOINTRE),,,a contacter,,,,,,,,,,,,marketing_com,Activites des agences de publicite,VERNON,,27,,,,,,,,,,,,,,,,,,,,,,,,,,,,,,,,,,,,,,,,,,,,,,,804449296,80444929600032,73.11Z,,,,,,,,,,,sirene,
CATOVA,,,a contacter,,,,,,,,,,,,marketing_com,Activites des agences de publicite,MARSEILLE,,13,,,,,,,,,,,,,,,,,,,,,,,,,,,,,,,,,,,,,,,,,,,,,,,419460563,41946056300069,73.11Z,,,,,,,,,,,sirene,
CATROUX POIDEVIN PUBLICITE,,,a contacter,,,,,,,,,,,,marketing_com,Activites des agences de publicite,TREMUSON,,22,,,,,,,,,,,,,,,,,,,,,,,,,,,,,,,,,,,,,,,,,,,,,,,850214461,85021446100020,73.11Z,,,,,,,,,,,sirene,
CAZ & CO,,,a contacter,,,,,,,,,,,,marketing_com,Regie publicitaire de medias,MONTIGNY-LES-METZ,,57,,,,,,,,,,,,,,,,,,,,,,,,,,,,,,,,,,,,,,,,,,,,,,,502425036,50242503600014,73.12Z,,,,,,,,,,,sirene,
CB TEAM,,,a contacter,,,,,,,,,,,,marketing_com,Activites des agences de publicite,ALENCON,,61,,,,,,,,,,,,,,,,,,,,,,,,,,,,,,,,,,,,,,,,,,,,,,,815143730,81514373000019,73.11Z,,,,,,,,,,,sirene,
CB'A PARIS,,,a contacter,,,,,,,,,,,,marketing_com,Activites des agences de publicite,LEVALLOIS-PERRET,,92,,,,,,,,,,,,,,,,,,,,,,,,,,,,,,,,,,,,,,,,,,,,,,,790171607,79017160700019,73.11Z,,,,,,,,,,,sirene,
CB-SIGN,,,a contacter,,,,,,,,,,,,marketing_com,Activites des agences de publicite,FONDETTES,,37,,,,,,,,,,,,,,,,,,,,,,,,,,,,,,,,,,,,,,,,,,,,,,,529839250,52983925000030,73.11Z,,,,,,,,,,,sirene,
CCLD SOLUTIONS RH,,,a contacter,,,,,,,,,,,,marketing_com,Activites des agences de publicite,LYON,,69,,,,,,,,,,,,,,,,,,,,,,,,,,,,,,,,,,,,,,,,,,,,,,,532814118,53281411800016,73.11Z,,,,,,,,,,,sirene,
CDA PUBLIMEDIA,,,a contacter,,,,,,,,,,,,marketing_com,Regie publicitaire de medias,CANEJAN,,33,,,,,,,,,,,,,,,,,,,,,,,,,,,,,,,,,,,,,,,,,,,,,,,382508760,38250876000032,73.12Z,,,,,,,,,,,sirene,
CDG,,,a contacter,,,,,,,,,,,,marketing_com,Activites des agences de publicite,PARIS,,75,,,,,,,,,,,,,,,,,,,,,,,,,,,,,,,,,,,,,,,,,,,,,,,350884391,35088439100045,73.11Z,,,,,,,,,,,sirene,
CDPOSE PUB,,,a contacter,,,,,,,,,,,,marketing_com,Activites des agences de publicite,SAINT-LO,,50,,,,,,,,,,,,,,,,,,,,,,,,,,,,,,,,,,,,,,,,,,,,,,,907527535,90752753500039,73.11Z,,,,,,,,,,,sirene,
CECOP,,,a contacter,,,,,,,,,,,,marketing_com,Activites des agences de publicite,GENNEVILLIERS,,92,,,,,,,,,,,,,,,,,,,,,,,,,,,,,,,,,,,,,,,,,,,,,,,323234526,32323452600040,73.11Z,,,,,,,,,,,sirene,
CEDRIC ARNILLAS (CREA GRAF),,,a contacter,,,,,,,,,,,,marketing_com,Activites des agences de publicite,BRIMEUX,,62,,,,,,,,,,,,,,,,,,,,,,,,,,,,,,,,,,,,,,,,,,,,,,,504813841,50481384100039,73.11Z,,,,,,,,,,,sirene,
CEGEDIM MEDIA,,,a contacter,,,,,,,,,,,,marketing_com,Activites des agences de publicite,BOULOGNE-BILLANCOURT,,92,,,,,,,,,,,,,,,,,,,,,,,,,,,,,,,,,,,,,,,,,,,,,,,602006306,60200630600123,73.11Z,,,,,,,,,,,sirene,
CEIDO : CENTRE EUROPEEN D'INTERET ET DE DEVELOPPEMENT DE L'OFFICINE,,,a contacter,,,,,,,,,,,,marketing_com,Activites des agences de publicite,PARIS,,75,,,,,,,,,,,,,,,,,,,,,,,,,,,,,,,,,,,,,,,,,,,,,,,349534529,34953452900079,73.11Z,,,,,,,,,,,sirene,
CEKOME,,,a contacter,,,,,,,,,,,,marketing_com,Conseil en relations publiques et communication,HOUSSEN,,68,,,,,,,,,,,,,,,,,,,,,,,,,,,,,,,,,,,,,,,,,,,,,,,751436122,75143612200038,70.21Z,,,,,,,,,,,sirene,
CEKOME 67,,,a contacter,,,,,,,,,,,,marketing_com,Conseil en relations publiques et communication,HOUSSEN,,68,,,,,,,,,,,,,,,,,,,,,,,,,,,,,,,,,,,,,,,,,,,,,,,801784711,80178471100039,70.21Z,,,,,,,,,,,sirene,
CELC DEVELOPPEMENT,,,a contacter,,,,,,,,,,,,marketing_com,Activites des agences de publicite,PARIS,,75,,,,,,,,,,,,,,,,,,,,,,,,,,,,,,,,,,,,,,,,,,,,,,,692016850,69201685000046,73.11Z,,,,,,,,,,,sirene,
CELIZE,,,a contacter,,,,,,,,,,,,marketing_com,Activites des agences de publicite,MONTROUGE,,92,,,,,,,,,,,,,,,,,,,,,,,,,,,,,,,,,,,,,,,,,,,,,,,504584269,50458426900022,73.11Z,,,,,,,,,,,sirene,
CENSIER PUBLICINEX,,,a contacter,,,,,,,,,,,,marketing_com,Regie publicitaire de medias,PARIS,,75,,,,,,,,,,,,,,,,,,,,,,,,,,,,,,,,,,,,,,,,,,,,,,,389452061,38945206100051,73.12Z,,,,,,,,,,,sirene,
CENTER LINE,,,a contacter,,,,,,,,,,,,marketing_com,Activites des agences de publicite,LA GARDE,,83,,,,,,,,,,,,,,,,,,,,,,,,,,,,,,,,,,,,,,,,,,,,,,,491863908,49186390800027,73.11Z,,,,,,,,,,,sirene,
CENTRE D'ETUDES D'ANIMATION LUMINEUSE PLUS - CEAL PLUS,,,a contacter,,,,,,,,,,,,marketing_com,Activites des agences de publicite,SAINT-PIERRE-DES-CORPS,,37,,,,,,,,,,,,,,,,,,,,,,,,,,,,,,,,,,,,,,,,,,,,,,,838577278,83857727800024,73.11Z,,,,,,,,,,,sirene,
CENTRE INTERNATIONAL D EDITION,,,a contacter,,,,,,,,,,,,marketing_com,Activites des agences de publicite,SAINT-AVE,,56,,,,,,,,,,,,,,,,,,,,,,,,,,,,,,,,,,,,,,,,,,,,,,,410177760,41017776000023,73.11Z,,,,,,,,,,,sirene,
CENTRE VILLE,,,a contacter,,,,,,,,,,,,marketing_com,Regie publicitaire de medias,CHAVILLE,,92,,,,,,,,,,,,,,,,,,,,,,,,,,,,,,,,,,,,,,,,,,,,,,,434744009,43474400900052,73.12Z,,,,,,,,,,,sirene,
CENTURIO,,,a contacter,,,,,,,,,,,,marketing_com,Conseil en relations publiques et communication,GREASQUE,,13,,,,,,,,,,,,,,,,,,,,,,,,,,,,,,,,,,,,,,,,,,,,,,,843033887,84303388700038,70.21Z,,,,,,,,,,,sirene,
CERAN FRANCE,,,a contacter,,,,,,,,,,,,marketing_com,Conseil en relations publiques et communication,SAINT-OUEN-SUR-SEINE,,93,,,,,,,,,,,,,,,,,,,,,,,,,,,,,,,,,,,,,,,,,,,,,,,403500283,40350028300078,70.21Z,,,,,,,,,,,sirene,
CERVOS PUB,,,a contacter,,,,,,,,,,,,marketing_com,Activites des agences de publicite,MACON,,71,,,,,,,,,,,,,,,,,,,,,,,,,,,,,,,,,,,,,,,,,,,,,,,401195441,40119544100035,73.11Z,,,,,,,,,,,sirene,
CG PUB MEDIA,,,a contacter,,,,,,,,,,,,marketing_com,Activites des agences de publicite,BRON,,69,,,,,,,,,,,,,,,,,,,,,,,,,,,,,,,,,,,,,,,,,,,,,,,515286219,51528621900040,73.11Z,,,,,,,,,,,sirene,
CGM COMMUNICATION,,,a contacter,,,,,,,,,,,,marketing_com,Activites des agences de publicite,CHAMBERY,,73,,,,,,,,,,,,,,,,,,,,,,,,,,,,,,,,,,,,,,,,,,,,,,,333286169,33328616900045,73.11Z,,,,,,,,,,,sirene,
CH2O,,,a contacter,,,,,,,,,,,,marketing_com,Activites des agences de publicite,ROISSY-EN-FRANCE,,95,,,,,,,,,,,,,,,,,,,,,,,,,,,,,,,,,,,,,,,,,,,,,,,478293061,47829306100014,73.11Z,,,,,,,,,,,sirene,
CHAB EVENTS,,,a contacter,,,,,,,,,,,,marketing_com,Conseil en relations publiques et communication,PARIS,,75,,,,,,,,,,,,,,,,,,,,,,,,,,,,,,,,,,,,,,,,,,,,,,,825124795,82512479500030,70.21Z,,,,,,,,,,,sirene,
CHADWICK CONSULTING,,,a contacter,,,,,,,,,,,,marketing_com,Conseil en relations publiques et communication,PARIS,,75,,,,,,,,,,,,,,,,,,,,,,,,,,,,,,,,,,,,,,,,,,,,,,,814597068,81459706800018,70.21Z,,,,,,,,,,,sirene,
CHALLENGER EVENT,,,a contacter,,,,,,,,,,,,marketing_com,Activites des agences de publicite,CHASSENEUIL-DU-POITOU,,86,,,,,,,,,,,,,,,,,,,,,,,,,,,,,,,,,,,,,,,,,,,,,,,494492853,49449285300028,73.11Z,,,,,,,,,,,sirene,
CHAMOIN CONCEPT PUB,,,a contacter,,,,,,,,,,,,marketing_com,Activites des agences de publicite,PORTES,,30,,,,,,,,,,,,,,,,,,,,,,,,,,,,,,,,,,,,,,,,,,,,,,,947706701,94770670100010,73.11Z,,,,,,,,,,,sirene,
CHAMP LIBRE,,,a contacter,,,,,,,,,,,,marketing_com,Conseil en relations publiques et communication,BESANCON,,25,,,,,,,,,,,,,,,,,,,,,,,,,,,,,,,,,,,,,,,,,,,,,,,848147757,84814775700019,70.21Z,,,,,,,,,,,sirene,
CHAMPAR,,,a contacter,,,,,,,,,,,,marketing_com,Activites des agences de publicite,GARGES-LES-GONESSE,,95,,,,,,,,,,,,,,,,,,,,,,,,,,,,,,,,,,,,,,,,,,,,,,,353994551,35399455100078,73.11Z,,,,,,,,,,,sirene,
CHAMPIONX EUROPE  B.V.,,,a contacter,,,,,,,,,,,,marketing_com,Conseil en relations publiques et communication,,,,,,,,,,,,,,,,,,,,,,,,,,,,,,,,,,,,,,,,,,,,,,,,,,878841527,87884152700012,70.21Z,,,,,,,,,,,sirene,
CHANTELLES CONSULTING,,,a contacter,,,,,,,,,,,,marketing_com,Conseil en relations publiques et communication,LOGNES,,77,,,,,,,,,,,,,,,,,,,,,,,,,,,,,,,,,,,,,,,,,,,,,,,894299478,89429947800012,70.21Z,,,,,,,,,,,sirene,
CHAPCOM MEDIA,,,a contacter,,,,,,,,,,,,marketing_com,Activites des agences de publicite,LYON,,69,,,,,,,,,,,,,,,,,,,,,,,,,,,,,,,,,,,,,,,,,,,,,,,514178813,51417881300028,73.11Z,,,,,,,,,,,sirene,
CHARDON ET COMPAGNIE,,,a contacter,,,,,,,,,,,,marketing_com,Activites des agences de publicite,NOYON,,60,,,,,,,,,,,,,,,,,,,,,,,,,,,,,,,,,,,,,,,,,,,,,,,794092445,79409244500012,73.11Z,,,,,,,,,,,sirene,
CHARLES LARAVINE,,,a contacter,,,,,,,,,,,,marketing_com,Regie publicitaire de medias,SAINT-ANDRE,,974,,,,,,,,,,,,,,,,,,,,,,,,,,,,,,,,,,,,,,,,,,,,,,,399533116,39953311600071,73.12Z,,,,,,,,,,,sirene,
CHARLIE'S AGENCY,,,a contacter,,,,,,,,,,,,marketing_com,Conseil en relations publiques et communication,LE PERREUX-SUR-MARNE,,94,,,,,,,,,,,,,,,,,,,,,,,,,,,,,,,,,,,,,,,,,,,,,,,890508203,89050820300019,70.21Z,,,,,,,,,,,sirene,
CHARLOTTE PETIT,,,a contacter,,,,,,,,,,,,marketing_com,Conseil en relations publiques et communication,LYON,,69,,,,,,,,,,,,,,,,,,,,,,,,,,,,,,,,,,,,,,,,,,,,,,,821934247,82193424700049,70.21Z,,,,,,,,,,,sirene,
CHEEEEESE! SARL,,,a contacter,,,,,,,,,,,,marketing_com,Activites des agences de publicite,PARIS,,75,,,,,,,,,,,,,,,,,,,,,,,,,,,,,,,,,,,,,,,,,,,,,,,432799997,43279999700023,73.11Z,,,,,,,,,,,sirene,
CHEIL FRANCE,,,a contacter,,,,,,,,,,,,marketing_com,Activites des agences de publicite,SAINT-OUEN-SUR-SEINE,,93,,,,,,,,,,,,,,,,,,,,,,,,,,,,,,,,,,,,,,,,,,,,,,,508344157,50834415700054,73.11Z,,,,,,,,,,,sirene,
CHERBOURG ENSEIGNES,,,a contacter,,,,,,,,,,,,marketing_com,Activites des agences de publicite,BRIX,,50,,,,,,,,,,,,,,,,,,,,,,,,,,,,,,,,,,,,,,,,,,,,,,,905065512,90506551200014,73.11Z,,,,,,,,,,,sirene,
CHIC,,,a contacter,,,,,,,,,,,,marketing_com,Activites des agences de publicite,NIMES,,30,,,,,,,,,,,,,,,,,,,,,,,,,,,,,,,,,,,,,,,,,,,,,,,529138406,52913840600036,73.11Z,,,,,,,,,,,sirene,
CHIC,,,a contacter,,,,,,,,,,,,marketing_com,Activites des agences de publicite,ASNIERES-SUR-SEINE,,92,,,,,,,,,,,,,,,,,,,,,,,,,,,,,,,,,,,,,,,,,,,,,,,508253945,50825394500051,73.11Z,,,,,,,,,,,sirene,
CHIC MEDIAS,,,a contacter,,,,,,,,,,,,marketing_com,Activites des agences de publicite,STRASBOURG,,67,,,,,,,,,,,,,,,,,,,,,,,,,,,,,,,,,,,,,,,,,,,,,,,509169280,50916928000047,73.11Z,,,,,,,,,,,sirene,
CHL SPORT AUTO,,,a contacter,,,,,,,,,,,,marketing_com,Conseil en relations publiques et communication,VIENNE,,38,,,,,,,,,,,,,,,,,,,,,,,,,,,,,,,,,,,,,,,,,,,,,,,529969818,52996981800010,70.21Z,,,,,,,,,,,sirene,
CHO YOU,,,a contacter,,,,,,,,,,,,marketing_com,Conseil en relations publiques et communication,PARIS 08,,75,,,,,,,,,,,,,,,,,,,,,,,,,,,,,,,,,,,,,,,,,,,,,,,440363679,44036367900075,70.21Z,,,,,,,,,,,sirene,
CHORUS ENVIRONNEMENT,,,a contacter,,,,,,,,,,,,marketing_com,Activites des agences de publicite,MOUROUX,,77,,,,,,,,,,,,,,,,,,,,,,,,,,,,,,,,,,,,,,,,,,,,,,,417511078,41751107800020,73.11Z,,,,,,,,,,,sirene,
CHRYSALIDE BRODERIES,,,a contacter,,,,,,,,,,,,marketing_com,Activites des agences de publicite,CHERBOURG-EN-COTENTIN,,50,,,,,,,,,,,,,,,,,,,,,,,,,,,,,,,,,,,,,,,,,,,,,,,853482115,85348211500021,73.11Z,,,,,,,,,,,sirene,
CIBLE-PUBLICITE,,,a contacter,,,,,,,,,,,,marketing_com,Activites des agences de publicite,MONTPELLIER,,34,,,,,,,,,,,,,,,,,,,,,,,,,,,,,,,,,,,,,,,,,,,,,,,312616931,31261693100027,73.11Z,,,,,,,,,,,sirene,
CIBLES,,,a contacter,,,,,,,,,,,,marketing_com,Activites des agences de publicite,LE LAMENTIN,,972,,,,,,,,,,,,,,,,,,,,,,,,,,,,,,,,,,,,,,,,,,,,,,,404846693,40484669300020,73.11Z,,,,,,,,,,,sirene,
CICOMMUNICATION,,,a contacter,,,,,,,,,,,,marketing_com,Conseil en relations publiques et communication,PARIS,,75,,,,,,,,,,,,,,,,,,,,,,,,,,,,,,,,,,,,,,,,,,,,,,,378161350,37816135000053,70.21Z,,,,,,,,,,,sirene,
CIDEO BRANDING,,,a contacter,,,,,,,,,,,,marketing_com,Activites des agences de publicite,AY-CHAMPAGNE,,51,,,,,,,,,,,,,,,,,,,,,,,,,,,,,,,,,,,,,,,,,,,,,,,432031631,43203163100034,73.11Z,,,,,,,,,,,sirene,
CIDI GROUPE,,,a contacter,,,,,,,,,,,,marketing_com,Activites des agences de publicite,EVRY-COURCOURONNES,,91,,,,,,,,,,,,,,,,,,,,,,,,,,,,,,,,,,,,,,,,,,,,,,,792695389,79269538900017,73.11Z,,,,,,,,,,,sirene,
CIMER !,,,a contacter,,,,,,,,,,,,marketing_com,Conseil en relations publiques et communication,PARIS,,75,,,,,,,,,,,,,,,,,,,,,,,,,,,,,,,,,,,,,,,,,,,,,,,831023536,83102353600020,70.21Z,,,,,,,,,,,sirene,
CINE REGIE OUEST,,,a contacter,,,,,,,,,,,,marketing_com,Regie publicitaire de medias,VERN-SUR-SEICHE,,35,,,,,,,,,,,,,,,,,,,,,,,,,,,,,,,,,,,,,,,,,,,,,,,352750855,35275085500046,73.12Z,,,,,,,,,,,sirene,
CITEASEN,,,a contacter,,,,,,,,,,,,marketing_com,Activites des agences de publicite,STRASBOURG,,67,,,,,,,,,,,,,,,,,,,,,,,,,,,,,,,,,,,,,,,,,,,,,,,487722829,48772282900032,73.11Z,,,,,,,,,,,sirene,
CITRON PLUME,,,a contacter,,,,,,,,,,,,marketing_com,Conseil en relations publiques et communication,PARIS,,75,,,,,,,,,,,,,,,,,,,,,,,,,,,,,,,,,,,,,,,,,,,,,,,814092607,81409260700047,70.21Z,,,,,,,,,,,sirene,
CITRON PRESSE,,,a contacter,,,,,,,,,,,,marketing_com,Activites des agences de publicite,BEGLES,,33,,,,,,,,,,,,,,,,,,,,,,,,,,,,,,,,,,,,,,,,,,,,,,,422973388,42297338800040,73.11Z,,,,,,,,,,,sirene,
CITRON VERT,,,a contacter,,,,,,,,,,,,marketing_com,Activites des agences de publicite,PARIS,,75,,,,,,,,,,,,,,,,,,,,,,,,,,,,,,,,,,,,,,,,,,,,,,,398010694,39801069400022,73.11Z,,,,,,,,,,,sirene,
CITRONMER,,,a contacter,,,,,,,,,,,,marketing_com,Conseil en relations publiques et communication,BAIE MAHAULT,,971,,,,,,,,,,,,,,,,,,,,,,,,,,,,,,,,,,,,,,,,,,,,,,,819257114,81925711400028,70.21Z,,,,,,,,,,,sirene,
CITY COM,,,a contacter,,,,,,,,,,,,marketing_com,Conseil en relations publiques et communication,SARREBOURG,,57,,,,,,,,,,,,,,,,,,,,,,,,,,,,,,,,,,,,,,,,,,,,,,,847840956,84784095600019,70.21Z,,,,,,,,,,,sirene,
CIVALIM,,,a contacter,,,,,,,,,,,,marketing_com,Activites des agences de publicite,LA CELLE-SAINT-CLOUD,,78,,,,,,,,,,,,,,,,,,,,,,,,,,,,,,,,,,,,,,,,,,,,,,,518632500,51863250000030,73.11Z,,,,,,,,,,,sirene,
CL COMMUNICATION,,,a contacter,,,,,,,,,,,,marketing_com,Conseil en relations publiques et communication,PARIS,,75,,,,,,,,,,,,,,,,,,,,,,,,,,,,,,,,,,,,,,,,,,,,,,,852408830,85240883000010,70.21Z,,,,,,,,,,,sirene,
CL SERVICE,,,a contacter,,,,,,,,,,,,marketing_com,Activites des agences de publicite,ECHIROLLES,,38,,,,,,,,,,,,,,,,,,,,,,,,,,,,,,,,,,,,,,,,,,,,,,,842084261,84208426100028,73.11Z,,,,,,,,,,,sirene,
CLAI,,,a contacter,,,,,,,,,,,,marketing_com,Activites des agences de publicite,PARIS,,75,,,,,,,,,,,,,,,,,,,,,,,,,,,,,,,,,,,,,,,,,,,,,,,413660606,41366060600034,73.11Z,,,,,,,,,,,sirene,
CLAIR DE LUNE,,,a contacter,,,,,,,,,,,,marketing_com,Conseil en relations publiques et communication,LYON,,69,,,,,,,,,,,,,,,,,,,,,,,,,,,,,,,,,,,,,,,,,,,,,,,424456846,42445684600064,70.21Z,,,,,,,,,,,sirene,
CLARK INFLUENCE,,,a contacter,,,,,,,,,,,,marketing_com,Conseil en relations publiques et communication,PARIS,,75,,,,,,,,,,,,,,,,,,,,,,,,,,,,,,,,,,,,,,,,,,,,,,,892129958,89212995800013,70.21Z,,,,,,,,,,,sirene,
CLARON,,,a contacter,,,,,,,,,,,,marketing_com,Conseil en relations publiques et communication,MACON,,71,,,,,,,,,,,,,,,,,,,,,,,,,,,,,,,,,,,,,,,,,,,,,,,911436913,91143691300022,70.21Z,,,,,,,,,,,sirene,
CLASSE 7 COMMUNICATION,,,a contacter,,,,,,,,,,,,marketing_com,Activites des agences de publicite,SAINT-HERBLAIN,,44,,,,,,,,,,,,,,,,,,,,,,,,,,,,,,,,,,,,,,,,,,,,,,,792978744,79297874400052,73.11Z,,,,,,,,,,,sirene,
CLAUDINE COLIN COMMUNICATION,,,a contacter,,,,,,,,,,,,marketing_com,Conseil en relations publiques et communication,PARIS,,75,,,,,,,,,,,,,,,,,,,,,,,,,,,,,,,,,,,,,,,,,,,,,,,353914716,35391471600058,70.21Z,,,,,,,,,,,sirene,
CLERON DIFFUSION,,,a contacter,,,,,,,,,,,,marketing_com,Activites des agences de publicite,BRECY,,18,,,,,,,,,,,,,,,,,,,,,,,,,,,,,,,,,,,,,,,,,,,,,,,823475256,82347525600033,73.11Z,,,,,,,,,,,sirene,
CLEVERCONNECT,,,a contacter,,,,,,,,,,,,marketing_com,Conseil en relations publiques et communication,PARIS,,75,,,,,,,,,,,,,,,,,,,,,,,,,,,,,,,,,,,,,,,,,,,,,,,498739879,49873987900076,70.21Z,,,,,,,,,,,sirene,
CLEVERDIS,,,a contacter,,,,,,,,,,,,marketing_com,Regie publicitaire de medias,VITROLLES,,13,,,,,,,,,,,,,,,,,,,,,,,,,,,,,,,,,,,,,,,,,,,,,,,413604471,41360447100040,73.12Z,,,,,,,,,,,sirene,
CLIK EVENTS,,,a contacter,,,,,,,,,,,,marketing_com,Conseil en relations publiques et communication,CANNES,,06,,,,,,,,,,,,,,,,,,,,,,,,,,,,,,,,,,,,,,,,,,,,,,,493815526,49381552600022,70.21Z,,,,,,,,,,,sirene,
CM GROUP,,,a contacter,,,,,,,,,,,,marketing_com,Activites des agences de publicite,BOUILLARGUES,,30,,,,,,,,,,,,,,,,,,,,,,,,,,,,,,,,,,,,,,,,,,,,,,,834204349,83420434900015,73.11Z,,,,,,,,,,,sirene,
CM5,,,a contacter,,,,,,,,,,,,marketing_com,Activites des agences de publicite,PANAZOL,,87,,,,,,,,,,,,,,,,,,,,,,,,,,,,,,,,,,,,,,,,,,,,,,,484208848,48420884800024,73.11Z,,,,,,,,,,,sirene,
CMI MEDIA,,,a contacter,,,,,,,,,,,,marketing_com,Regie publicitaire de medias,PARIS,,75,,,,,,,,,,,,,,,,,,,,,,,,,,,,,,,,,,,,,,,,,,,,,,,345404040,34540404000338,73.12Z,,,,,,,,,,,sirene,
CMM CONSULTING,,,a contacter,,,,,,,,,,,,marketing_com,Activites des agences de publicite,LEVALLOIS-PERRET,,92,,,,,,,,,,,,,,,,,,,,,,,,,,,,,,,,,,,,,,,,,,,,,,,385215041,38521504100067,73.11Z,,,,,,,,,,,sirene,
CMRP,,,a contacter,,,,,,,,,,,,marketing_com,Activites des agences de publicite,MONTESSON,,78,,,,,,,,,,,,,,,,,,,,,,,,,,,,,,,,,,,,,,,,,,,,,,,451470348,45147034800017,73.11Z,,,,,,,,,,,sirene,
CMS MEDIAPLUS,,,a contacter,,,,,,,,,,,,marketing_com,Activites des agences de publicite,NEUILLY-SUR-SEINE,,92,,,,,,,,,,,,,,,,,,,,,,,,,,,,,,,,,,,,,,,,,,,,,,,542024054,54202405400083,73.11Z,,,,,,,,,,,sirene,
CN HAM,,,a contacter,,,,,,,,,,,,marketing_com,Activites des agences de publicite,HAM,,80,,,,,,,,,,,,,,,,,,,,,,,,,,,,,,,,,,,,,,,,,,,,,,,903246957,90324695700018,73.11Z,,,,,,,,,,,sirene,
CO&COM,,,a contacter,,,,,,,,,,,,marketing_com,Activites des agences de publicite,QUINT-FONSEGRIVES,,31,,,,,,,,,,,,,,,,,,,,,,,,,,,,,,,,,,,,,,,,,,,,,,,791950892,79195089200012,73.11Z,,,,,,,,,,,sirene,
CO-INFLUENCE,,,a contacter,,,,,,,,,,,,marketing_com,Conseil en relations publiques et communication,SAINTE-FOY-LES-LYON,,69,,,,,,,,,,,,,,,,,,,,,,,,,,,,,,,,,,,,,,,,,,,,,,,522906023,52290602300026,70.21Z,,,,,,,,,,,sirene,
CO-PILOTES SERVICES,,,a contacter,,,,,,,,,,,,marketing_com,Conseil en relations publiques et communication,GRANVILLE,,50,,,,,,,,,,,,,,,,,,,,,,,,,,,,,,,,,,,,,,,,,,,,,,,529611634,52961163400039,70.21Z,,,,,,,,,,,sirene,
COAM,,,a contacter,,,,,,,,,,,,marketing_com,Conseil en relations publiques et communication,LIMONEST,,69,,,,,,,,,,,,,,,,,,,,,,,,,,,,,,,,,,,,,,,,,,,,,,,889686119,88968611900013,70.21Z,,,,,,,,,,,sirene,
COBRA,,,a contacter,,,,,,,,,,,,marketing_com,Activites des agences de publicite,PERPIGNAN,,66,,,,,,,,,,,,,,,,,,,,,,,,,,,,,,,,,,,,,,,,,,,,,,,403893860,40389386000011,73.11Z,,,,,,,,,,,sirene,
COCHET CONCEPT,,,a contacter,,,,,,,,,,,,marketing_com,Activites des agences de publicite,EPERNAY,,51,,,,,,,,,,,,,,,,,,,,,,,,,,,,,,,,,,,,,,,,,,,,,,,429849771,42984977100028,73.11Z,,,,,,,,,,,sirene,
COCKTAIL DEVELOPPEMENT,,,a contacter,,,,,,,,,,,,marketing_com,Regie publicitaire de medias,LA ROCHE-SUR-YON,,85,,,,,,,,,,,,,,,,,,,,,,,,,,,,,,,,,,,,,,,,,,,,,,,509364865,50936486500055,73.12Z,,,,,,,,,,,sirene,
COCORICOM,,,a contacter,,,,,,,,,,,,marketing_com,Activites des agences de publicite,BARBASTE,,47,,,,,,,,,,,,,,,,,,,,,,,,,,,,,,,,,,,,,,,,,,,,,,,892301912,89230191200010,73.11Z,,,,,,,,,,,sirene,
COELTO SERVICES,,,a contacter,,,,,,,,,,,,marketing_com,Conseil en relations publiques et communication,CLERMONT-FERRAND,,63,,,,,,,,,,,,,,,,,,,,,,,,,,,,,,,,,,,,,,,,,,,,,,,881055933,88105593300017,70.21Z,,,,,,,,,,,sirene,
COFFEE-MARKETING,,,a contacter,,,,,,,,,,,,marketing_com,Conseil en relations publiques et communication,CANNES,,06,,,,,,,,,,,,,,,,,,,,,,,,,,,,,,,,,,,,,,,,,,,,,,,804128601,80412860100031,70.21Z,,,,,,,,,,,sirene,
COHERENCE COMMUNICATION,,,a contacter,,,,,,,,,,,,marketing_com,Conseil en relations publiques et communication,CESSON-SEVIGNE,,35,,,,,,,,,,,,,,,,,,,,,,,,,,,,,,,,,,,,,,,,,,,,,,,750529885,75052988500071,70.21Z,,,,,,,,,,,sirene,
COLL'O DOC,,,a contacter,,,,,,,,,,,,marketing_com,Activites des agences de publicite,PARIS,,75,,,,,,,,,,,,,,,,,,,,,,,,,,,,,,,,,,,,,,,,,,,,,,,351445689,35144568900034,73.11Z,,,,,,,,,,,sirene,
COLLECTIF #NOFILTER,,,a contacter,,,,,,,,,,,,marketing_com,Activites des agences de publicite,MANDELIEU LA NAPOULE,,06,,,,,,,,,,,,,,,,,,,,,,,,,,,,,,,,,,,,,,,,,,,,,,,901431726,90143172600032,73.11Z,,,,,,,,,,,sirene,
COLLECTIF M,,,a contacter,,,,,,,,,,,,marketing_com,Activites des agences de publicite,PARIS,,75,,,,,,,,,,,,,,,,,,,,,,,,,,,,,,,,,,,,,,,,,,,,,,,814039483,81403948300015,73.11Z,,,,,,,,,,,sirene,
COM & KIDS,,,a contacter,,,,,,,,,,,,marketing_com,Conseil en relations publiques et communication,VERNEUIL-SUR-SEINE,,78,,,,,,,,,,,,,,,,,,,,,,,,,,,,,,,,,,,,,,,,,,,,,,,813918232,81391823200048,70.21Z,,,,,,,,,,,sirene,
COM 1 PUB,,,a contacter,,,,,,,,,,,,marketing_com,Activites des agences de publicite,DIEPPE,,76,,,,,,,,,,,,,,,,,,,,,,,,,,,,,,,,,,,,,,,,,,,,,,,499371458,49937145800021,73.11Z,,,,,,,,,,,sirene,
COM 2000,,,a contacter,,,,,,,,,,,,marketing_com,Activites des agences de publicite,SAINT-ARNOULT,,14,,,,,,,,,,,,,,,,,,,,,,,,,,,,,,,,,,,,,,,,,,,,,,,423693779,42369377900039,73.11Z,,,,,,,,,,,sirene,
COM ENSEIGNE,,,a contacter,,,,,,,,,,,,marketing_com,Activites des agences de publicite,MARSEILLE,,13,,,,,,,,,,,,,,,,,,,,,,,,,,,,,,,,,,,,,,,,,,,,,,,811434356,81143435600028,73.11Z,,,,,,,,,,,sirene,
COM IMPRESSION,,,a contacter,,,,,,,,,,,,marketing_com,Conseil en relations publiques et communication,LA TESTE-DE-BUCH,,33,,,,,,,,,,,,,,,,,,,,,,,,,,,,,,,,,,,,,,,,,,,,,,,800937765,80093776500033,70.21Z,,,,,,,,,,,sirene,
COM LEAD,,,a contacter,,,,,,,,,,,,marketing_com,Conseil en relations publiques et communication,NEUILLY-SUR-SEINE,,92,,,,,,,,,,,,,,,,,,,,,,,,,,,,,,,,,,,,,,,,,,,,,,,849082516,84908251600022,70.21Z,,,,,,,,,,,sirene,
COM LINE,,,a contacter,,,,,,,,,,,,marketing_com,Activites des agences de publicite,PARIS,,75,,,,,,,,,,,,,,,,,,,,,,,,,,,,,,,,,,,,,,,,,,,,,,,388402273,38840227300055,73.11Z,,,,,,,,,,,sirene,
COM MAKER,,,a contacter,,,,,,,,,,,,marketing_com,Conseil en relations publiques et communication,ORLEANS,,45,,,,,,,,,,,,,,,,,,,,,,,,,,,,,,,,,,,,,,,,,,,,,,,839057486,83905748600020,70.21Z,,,,,,,,,,,sirene,
COM N' SPORT,,,a contacter,,,,,,,,,,,,marketing_com,Conseil en relations publiques et communication,CAZERES-SUR-L'ADOUR,,40,,,,,,,,,,,,,,,,,,,,,,,,,,,,,,,,,,,,,,,,,,,,,,,834541013,83454101300019,70.21Z,,,,,,,,,,,sirene,
COM N'DESIGN,,,a contacter,,,,,,,,,,,,marketing_com,Conseil en relations publiques et communication,HABARCQ,,62,,,,,,,,,,,,,,,,,,,,,,,,,,,,,,,,,,,,,,,,,,,,,,,503568693,50356869300033,70.21Z,,,,,,,,,,,sirene,
COM PLUS,,,a contacter,,,,,,,,,,,,marketing_com,Regie publicitaire de medias,PARIS,,75,,,,,,,,,,,,,,,,,,,,,,,,,,,,,,,,,,,,,,,,,,,,,,,394427603,39442760300045,73.12Z,,,,,,,,,,,sirene,
COM SEE,,,a contacter,,,,,,,,,,,,marketing_com,Activites des agences de publicite,SEICHAMPS,,54,,,,,,,,,,,,,,,,,,,,,,,,,,,,,,,,,,,,,,,,,,,,,,,892497421,89249742100024,73.11Z,,,,,,,,,,,sirene,
COM TOGETHER,,,a contacter,,,,,,,,,,,,marketing_com,Regie publicitaire de medias,BEGLES,,33,,,,,,,,,,,,,,,,,,,,,,,,,,,,,,,,,,,,,,,,,,,,,,,810373407,81037340700040,73.12Z,,,,,,,,,,,sirene,
COM Y MEDIA,,,a contacter,,,,,,,,,,,,marketing_com,Regie publicitaire de medias,LYON,,69,,,,,,,,,,,,,,,,,,,,,,,,,,,,,,,,,,,,,,,,,,,,,,,508459401,50845940100040,73.12Z,,,,,,,,,,,sirene,
COM&SENS,,,a contacter,,,,,,,,,,,,marketing_com,Conseil en relations publiques et communication,PARIS,,75,,,,,,,,,,,,,,,,,,,,,,,,,,,,,,,,,,,,,,,,,,,,,,,750664724,75066472400044,70.21Z,,,,,,,,,,,sirene,
COM' C'EST SIMPLE !,,,a contacter,,,,,,,,,,,,marketing_com,Conseil en relations publiques et communication,BURES-SUR-YVETTE,,91,,,,,,,,,,,,,,,,,,,,,,,,,,,,,,,,,,,,,,,,,,,,,,,903242436,90324243600017,70.21Z,,,,,,,,,,,sirene,
COM' DES PETITS PAINS,,,a contacter,,,,,,,,,,,,marketing_com,Conseil en relations publiques et communication,BEAUVAIS,,60,,,,,,,,,,,,,,,,,,,,,,,,,,,,,,,,,,,,,,,,,,,,,,,508975331,50897533100028,70.21Z,,,,,,,,,,,sirene,
COM'3ELLES,,,a contacter,,,,,,,,,,,,marketing_com,Activites des agences de publicite,TOULOUSE,,31,,,,,,,,,,,,,,,,,,,,,,,,,,,,,,,,,,,,,,,,,,,,,,,498968908,49896890800059,73.11Z,,,,,,,,,,,sirene,
COM'BAWA,,,a contacter,,,,,,,,,,,,marketing_com,Conseil en relations publiques et communication,CHATEAUROUX,,36,,,,,,,,,,,,,,,,,,,,,,,,,,,,,,,,,,,,,,,,,,,,,,,812472769,81247276900015,70.21Z,,,,,,,,,,,sirene,
COM'CAFEINE,,,a contacter,,,,,,,,,,,,marketing_com,Activites des agences de publicite,SAINT-HERBLAIN,,44,,,,,,,,,,,,,,,,,,,,,,,,,,,,,,,,,,,,,,,,,,,,,,,323530048,32353004800053,73.11Z,,,,,,,,,,,sirene,
COM'CLAIRE CREATIONS,,,a contacter,,,,,,,,,,,,marketing_com,Activites des agences de publicite,LA VILLE-DU-BOIS,,91,,,,,,,,,,,,,,,,,,,,,,,,,,,,,,,,,,,,,,,,,,,,,,,840068555,84006855500035,73.11Z,,,,,,,,,,,sirene,
COM'COMMERCE,,,a contacter,,,,,,,,,,,,marketing_com,Activites des agences de publicite,CLERMONT-FERRAND,,63,,,,,,,,,,,,,,,,,,,,,,,,,,,,,,,,,,,,,,,,,,,,,,,815285788,81528578800023,73.11Z,,,,,,,,,,,sirene,
COM'D'ANCIENNES,,,a contacter,,,,,,,,,,,,marketing_com,Activites des agences de publicite,CHENNEGY,,10,,,,,,,,,,,,,,,,,,,,,,,,,,,,,,,,,,,,,,,,,,,,,,,833510522,83351052200018,73.11Z,,,,,,,,,,,sirene,
COM'DES ENFANTS,,,a contacter,,,,,,,,,,,,marketing_com,Conseil en relations publiques et communication,MARCQ-EN-BARŒUL,,59,,,,,,,,,,,,,,,,,,,,,,,,,,,,,,,,,,,,,,,,,,,,,,,508128782,50812878200077,70.21Z,,,,,,,,,,,sirene,
COM'LOCALE,,,a contacter,,,,,,,,,,,,marketing_com,Conseil en relations publiques et communication,BLOIS,,41,,,,,,,,,,,,,,,,,,,,,,,,,,,,,,,,,,,,,,,,,,,,,,,828586537,82858653700015,70.21Z,,,,,,,,,,,sirene,
COM'OCEAN,,,a contacter,,,,,,,,,,,,marketing_com,Activites des agences de publicite,LE BEAUCET,,84,,,,,,,,,,,,,,,,,,,,,,,,,,,,,,,,,,,,,,,,,,,,,,,421894973,42189497300021,73.11Z,,,,,,,,,,,sirene,
COM'PERSONNE,,,a contacter,,,,,,,,,,,,marketing_com,Activites des agences de publicite,ECUILLE,,49,,,,,,,,,,,,,,,,,,,,,,,,,,,,,,,,,,,,,,,,,,,,,,,921590816,92159081600010,73.11Z,,,,,,,,,,,sirene,
COM'PLAIRE,,,a contacter,,,,,,,,,,,,marketing_com,Conseil en relations publiques et communication,ROUEN,,76,,,,,,,,,,,,,,,,,,,,,,,,,,,,,,,,,,,,,,,,,,,,,,,845309517,84530951700025,70.21Z,,,,,,,,,,,sirene,
COM'SUD,,,a contacter,,,,,,,,,,,,marketing_com,Activites des agences de publicite,BOE,,47,,,,,,,,,,,,,,,,,,,,,,,,,,,,,,,,,,,,,,,,,,,,,,,400301107,40030110700027,73.11Z,,,,,,,,,,,sirene,
COM'UNITI,,,a contacter,,,,,,,,,,,,marketing_com,Conseil en relations publiques et communication,ZONZA,,2A,,,,,,,,,,,,,,,,,,,,,,,,,,,,,,,,,,,,,,,,,,,,,,,834919425,83491942500027,70.21Z,,,,,,,,,,,sirene,
COM'UNZEBRE,,,a contacter,,,,,,,,,,,,marketing_com,Activites des agences de publicite,BAIE-MAHAULT,,971,,,,,,,,,,,,,,,,,,,,,,,,,,,,,,,,,,,,,,,,,,,,,,,822775748,82277574800012,73.11Z,,,,,,,,,,,sirene,
COM'UP,,,a contacter,,,,,,,,,,,,marketing_com,Activites des agences de publicite,ALFORTVILLE,,94,,,,,,,,,,,,,,,,,,,,,,,,,,,,,,,,,,,,,,,,,,,,,,,439843665,43984366500035,73.11Z,,,,,,,,,,,sirene,
COM-3D,,,a contacter,,,,,,,,,,,,marketing_com,Conseil en relations publiques et communication,BRUAY-SUR-L'ESCAUT,,59,,,,,,,,,,,,,,,,,,,,,,,,,,,,,,,,,,,,,,,,,,,,,,,897723979,89772397900018,70.21Z,,,,,,,,,,,sirene,
COM2CONSEILS,,,a contacter,,,,,,,,,,,,marketing_com,Conseil en relations publiques et communication,CALUIRE-ET-CUIRE,,69,,,,,,,,,,,,,,,,,,,,,,,,,,,,,,,,,,,,,,,,,,,,,,,799714928,79971492800022,70.21Z,,,,,,,,,,,sirene,
COMARTOIS,,,a contacter,,,,,,,,,,,,marketing_com,Activites des agences de publicite,FRESNES-LES-MONTAUBAN,,62,,,,,,,,,,,,,,,,,,,,,,,,,,,,,,,,,,,,,,,,,,,,,,,511798910,51179891000036,73.11Z,,,,,,,,,,,sirene,
COMBACK,,,a contacter,,,,,,,,,,,,marketing_com,Activites des agences de publicite,NICE,,06,,,,,,,,,,,,,,,,,,,,,,,,,,,,,,,,,,,,,,,,,,,,,,,439970732,43997073200038,73.11Z,,,,,,,,,,,sirene,
COMBACK'R,,,a contacter,,,,,,,,,,,,marketing_com,Activites des agences de publicite,GROSLAY,,95,,,,,,,,,,,,,,,,,,,,,,,,,,,,,,,,,,,,,,,,,,,,,,,514049188,51404918800022,73.11Z,,,,,,,,,,,sirene,
COME BACK GRAPHIC ASSOCIES,,,a contacter,,,,,,,,,,,,marketing_com,Activites des agences de publicite,SAINT-CLOUD,,92,,,,,,,,,,,,,,,,,,,,,,,,,,,,,,,,,,,,,,,,,,,,,,,440453561,44045356100050,73.11Z,,,,,,,,,,,sirene,
COMEDIANCE,,,a contacter,,,,,,,,,,,,marketing_com,Regie publicitaire de medias,SAINT-DENIS,,93,,,,,,,,,,,,,,,,,,,,,,,,,,,,,,,,,,,,,,,,,,,,,,,642036552,64203655200064,73.12Z,,,,,,,,,,,sirene,
COMELLINK MARKETING SERVICES,,,a contacter,,,,,,,,,,,,marketing_com,Conseil en relations publiques et communication,NEUILLY-SUR-SEINE,,92,,,,,,,,,,,,,,,,,,,,,,,,,,,,,,,,,,,,,,,,,,,,,,,520808171,52080817100059,70.21Z,,,,,,,,,,,sirene,
COMET,,,a contacter,,,,,,,,,,,,marketing_com,Conseil en relations publiques et communication,ANNECY,,74,,,,,,,,,,,,,,,,,,,,,,,,,,,,,,,,,,,,,,,,,,,,,,,902643006,90264300600015,70.21Z,,,,,,,,,,,sirene,
COMETE,,,a contacter,,,,,,,,,,,,marketing_com,Activites des agences de publicite,CALUIRE-ET-CUIRE,,69,,,,,,,,,,,,,,,,,,,,,,,,,,,,,,,,,,,,,,,,,,,,,,,447540162,44754016200024,73.11Z,,,,,,,,,,,sirene,
COMGAX,,,a contacter,,,,,,,,,,,,marketing_com,Activites des agences de publicite,CEYRAT,,63,,,,,,,,,,,,,,,,,,,,,,,,,,,,,,,,,,,,,,,,,,,,,,,840572861,84057286100010,73.11Z,,,,,,,,,,,sirene,
COMIMAGE,,,a contacter,,,,,,,,,,,,marketing_com,Conseil en relations publiques et communication,SURESNES,,92,,,,,,,,,,,,,,,,,,,,,,,,,,,,,,,,,,,,,,,,,,,,,,,519852750,51985275000057,70.21Z,,,,,,,,,,,sirene,
COMING SOON PRODUCTIONS,,,a contacter,,,,,,,,,,,,marketing_com,Conseil en relations publiques et communication,SAINT-LEU-LA-FORET,,95,,,,,,,,,,,,,,,,,,,,,,,,,,,,,,,,,,,,,,,,,,,,,,,408299709,40829970900027,70.21Z,,,,,,,,,,,sirene,
COMLOSSUS,,,a contacter,,,,,,,,,,,,marketing_com,Activites des agences de publicite,FOUGERES,,35,,,,,,,,,,,,,,,,,,,,,,,,,,,,,,,,,,,,,,,,,,,,,,,918130626,91813062600016,73.11Z,,,,,,,,,,,sirene,
COMM'ON,,,a contacter,,,,,,,,,,,,marketing_com,Activites des agences de publicite,SARI-SOLENZARA,,2A,,,,,,,,,,,,,,,,,,,,,,,,,,,,,,,,,,,,,,,,,,,,,,,531810125,53181012500017,73.11Z,,,,,,,,,,,sirene,
COMM'ON AGENCY,,,a contacter,,,,,,,,,,,,marketing_com,Conseil en relations publiques et communication,PARIS,,75,,,,,,,,,,,,,,,,,,,,,,,,,,,,,,,,,,,,,,,,,,,,,,,798581153,79858115300029,70.21Z,,,,,,,,,,,sirene,
COMM.LC.,,,a contacter,,,,,,,,,,,,marketing_com,Activites des agences de publicite,CORMEILLES-EN-PARISIS,,95,,,,,,,,,,,,,,,,,,,,,,,,,,,,,,,,,,,,,,,,,,,,,,,489077644,48907764400024,73.11Z,,,,,,,,,,,sirene,
COMM1POSSIBLE,,,a contacter,,,,,,,,,,,,marketing_com,Conseil en relations publiques et communication,TOULOUSE,,31,,,,,,,,,,,,,,,,,,,,,,,,,,,,,,,,,,,,,,,,,,,,,,,819040395,81904039500017,70.21Z,,,,,,,,,,,sirene,
COMME UN ARBRE,,,a contacter,,,,,,,,,,,,marketing_com,Conseil en relations publiques et communication,LAGNY-SUR-MARNE,,77,,,,,,,,,,,,,,,,,,,,,,,,,,,,,,,,,,,,,,,,,,,,,,,452777568,45277756800042,70.21Z,,,,,,,,,,,sirene,
COMME UNE BAVARDE,,,a contacter,,,,,,,,,,,,marketing_com,Conseil en relations publiques et communication,PARIS,,75,,,,,,,,,,,,,,,,,,,,,,,,,,,,,,,,,,,,,,,,,,,,,,,798382206,79838220600042,70.21Z,,,,,,,,,,,sirene,
COMMUN ACOR,,,a contacter,,,,,,,,,,,,marketing_com,Regie publicitaire de medias,LA MONNERIE-LE-MONTEL,,63,,,,,,,,,,,,,,,,,,,,,,,,,,,,,,,,,,,,,,,,,,,,,,,495252108,49525210800016,73.12Z,,,,,,,,,,,sirene,
COMMUNIC'AVI,,,a contacter,,,,,,,,,,,,marketing_com,Activites des agences de publicite,ROUVRAY,,89,,,,,,,,,,,,,,,,,,,,,,,,,,,,,,,,,,,,,,,,,,,,,,,433561446,43356144600041,73.11Z,,,,,,,,,,,sirene,
COMMUNICANTE,,,a contacter,,,,,,,,,,,,marketing_com,Activites des agences de publicite,DERVAL,,44,,,,,,,,,,,,,,,,,,,,,,,,,,,,,,,,,,,,,,,,,,,,,,,800904807,80090480700016,73.11Z,,,,,,,,,,,sirene,
COMMUNICATION . EXPERT,,,a contacter,,,,,,,,,,,,marketing_com,Activites des agences de publicite,TOULOUSE,,31,,,,,,,,,,,,,,,,,,,,,,,,,,,,,,,,,,,,,,,,,,,,,,,452350390,45235039000012,73.11Z,,,,,,,,,,,sirene,
COMMUNICATION D'INTERET GENERAL,,,a contacter,,,,,,,,,,,,marketing_com,Activites des agences de publicite,TOULOUSE,,31,,,,,,,,,,,,,,,,,,,,,,,,,,,,,,,,,,,,,,,,,,,,,,,382446961,38244696100056,73.11Z,,,,,,,,,,,sirene,
COMMUNICATION MARKETING GESTION CORSE,,,a contacter,,,,,,,,,,,,marketing_com,Conseil en relations publiques et communication,MONTE,,2B,,,,,,,,,,,,,,,,,,,,,,,,,,,,,,,,,,,,,,,,,,,,,,,848510244,84851024400033,70.21Z,,,,,,,,,,,sirene,
COMMUNICOLOR,,,a contacter,,,,,,,,,,,,marketing_com,Activites des agences de publicite,PLEDRAN,,22,,,,,,,,,,,,,,,,,,,,,,,,,,,,,,,,,,,,,,,,,,,,,,,412719296,41271929600011,73.11Z,,,,,,,,,,,sirene,
COMMUNIK,,,a contacter,,,,,,,,,,,,marketing_com,Activites des agences de publicite,ROSNY-SOUS-BOIS,,93,,,,,,,,,,,,,,,,,,,,,,,,,,,,,,,,,,,,,,,,,,,,,,,979357845,97935784500028,73.11Z,,,,,,,,,,,sirene,
COMMUNISIS FRANCE,,,a contacter,,,,,,,,,,,,marketing_com,Activites des agences de publicite,PARIS,,75,,,,,,,,,,,,,,,,,,,,,,,,,,,,,,,,,,,,,,,,,,,,,,,752529677,75252967700011,73.11Z,,,,,,,,,,,sirene,
COMNEXT,,,a contacter,,,,,,,,,,,,marketing_com,Activites des agences de publicite,ASNIERES-SUR-SEINE,,92,,,,,,,,,,,,,,,,,,,,,,,,,,,,,,,,,,,,,,,,,,,,,,,419935911,41993591100042,73.11Z,,,,,,,,,,,sirene,
COMONGO,,,a contacter,,,,,,,,,,,,marketing_com,Activites des agences de publicite,VIF,,38,,,,,,,,,,,,,,,,,,,,,,,,,,,,,,,,,,,,,,,,,,,,,,,812617868,81261786800011,73.11Z,,,,,,,,,,,sirene,
COMOSOL GROUP,,,a contacter,,,,,,,,,,,,marketing_com,Regie publicitaire de medias,CHAMPIGNY-SUR-MARNE,,94,,,,,,,,,,,,,,,,,,,,,,,,,,,,,,,,,,,,,,,,,,,,,,,440884922,44088492200053,73.12Z,,,,,,,,,,,sirene,
COMPAGNIE REGIONALE DE COMMUNICATION,,,a contacter,,,,,,,,,,,,marketing_com,Activites des agences de publicite,VALENCIENNES,,59,,,,,,,,,,,,,,,,,,,,,,,,,,,,,,,,,,,,,,,,,,,,,,,450128251,45012825100037,73.11Z,,,,,,,,,,,sirene,
COMPLICES GRAPHIC,,,a contacter,,,,,,,,,,,,marketing_com,Activites des agences de publicite,VERN-SUR-SEICHE,,35,,,,,,,,,,,,,,,,,,,,,,,,,,,,,,,,,,,,,,,,,,,,,,,480918366,48091836600034,73.11Z,,,,,,,,,,,sirene,
COMPOS'IT,,,a contacter,,,,,,,,,,,,marketing_com,Regie publicitaire de medias,CANEJAN,,33,,,,,,,,,,,,,,,,,,,,,,,,,,,,,,,,,,,,,,,,,,,,,,,518519053,51851905300038,73.12Z,,,,,,,,,,,sirene,
COMRUNGIS,,,a contacter,,,,,,,,,,,,marketing_com,Conseil en relations publiques et communication,RUNGIS,,94,,,,,,,,,,,,,,,,,,,,,,,,,,,,,,,,,,,,,,,,,,,,,,,824970792,82497079200027,70.21Z,,,,,,,,,,,sirene,
COMSEA,,,a contacter,,,,,,,,,,,,marketing_com,Activites des agences de publicite,CHARLEVILLE-MEZIERES,,08,,,,,,,,,,,,,,,,,,,,,,,,,,,,,,,,,,,,,,,,,,,,,,,894544840,89454484000024,73.11Z,,,,,,,,,,,sirene,
COMWELL,,,a contacter,,,,,,,,,,,,marketing_com,Activites des agences de publicite,MONTAIGU-VENDEE,,85,,,,,,,,,,,,,,,,,,,,,,,,,,,,,,,,,,,,,,,,,,,,,,,753575422,75357542200039,73.11Z,,,,,,,,,,,sirene,
COMWEST,,,a contacter,,,,,,,,,,,,marketing_com,Regie publicitaire de medias,LORIENT,,56,,,,,,,,,,,,,,,,,,,,,,,,,,,,,,,,,,,,,,,,,,,,,,,481024453,48102445300039,73.12Z,,,,,,,,,,,sirene,
CONCEPT,,,a contacter,,,,,,,,,,,,marketing_com,Activites des agences de publicite,BREST,,29,,,,,,,,,,,,,,,,,,,,,,,,,,,,,,,,,,,,,,,,,,,,,,,809754716,80975471600037,73.11Z,,,,,,,,,,,sirene,
CONCEPT DISTRIBUTION,,,a contacter,,,,,,,,,,,,marketing_com,Conseil en relations publiques et communication,AUBAGNE,,13,,,,,,,,,,,,,,,,,,,,,,,,,,,,,,,,,,,,,,,,,,,,,,,879871887,87987188700011,70.21Z,,,,,,,,,,,sirene,
CONCEPT GRAPHIQUE,,,a contacter,,,,,,,,,,,,marketing_com,Activites des agences de publicite,SAINT-DENIS,,93,,,,,,,,,,,,,,,,,,,,,,,,,,,,,,,,,,,,,,,,,,,,,,,410367619,41036761900021,73.11Z,,,,,,,,,,,sirene,
CONCEPTION EDITION MIDI PYRENEES,,,a contacter,,,,,,,,,,,,marketing_com,Activites des agences de publicite,TOULOUSE,,31,,,,,,,,,,,,,,,,,,,,,,,,,,,,,,,,,,,,,,,,,,,,,,,320687064,32068706400024,73.11Z,,,,,,,,,,,sirene,
CONCEPTION REALISATION EDITION PROMOTION,,,a contacter,,,,,,,,,,,,marketing_com,Activites des agences de publicite,PARIS,,75,,,,,,,,,,,,,,,,,,,,,,,,,,,,,,,,,,,,,,,,,,,,,,,830742417,83074241700025,73.11Z,,,,,,,,,,,sirene,
CONDUITE ECO & SECURISEE,,,a contacter,,,,,,,,,,,,marketing_com,Conseil en relations publiques et communication,COMINES,,59,,,,,,,,,,,,,,,,,,,,,,,,,,,,,,,,,,,,,,,,,,,,,,,830332649,83033264900029,70.21Z,,,,,,,,,,,sirene,
CONEXIO,,,a contacter,,,,,,,,,,,,marketing_com,Activites des agences de publicite,LA ROCHELLE,,17,,,,,,,,,,,,,,,,,,,,,,,,,,,,,,,,,,,,,,,,,,,,,,,453928863,45392886300027,73.11Z,,,,,,,,,,,sirene,
CONFLUENT DIGITAL,,,a contacter,,,,,,,,,,,,marketing_com,Conseil en relations publiques et communication,LYON,,69,,,,,,,,,,,,,,,,,,,,,,,,,,,,,,,,,,,,,,,,,,,,,,,840203939,84020393900045,70.21Z,,,,,,,,,,,sirene,
CONICREA,,,a contacter,,,,,,,,,,,,marketing_com,Activites des agences de publicite,SAINTE-GEMME-MORONVAL,,28,,,,,,,,,,,,,,,,,,,,,,,,,,,,,,,,,,,,,,,,,,,,,,,539135772,53913577200041,73.11Z,,,,,,,,,,,sirene,
CONJONCTURE SA MARKETTING DEVELOPPEMENT,,,a contacter,,,,,,,,,,,,marketing_com,Activites des agences de publicite,CLERMONT-FERRAND,,63,,,,,,,,,,,,,,,,,,,,,,,,,,,,,,,,,,,,,,,,,,,,,,,318100773,31810077300031,73.11Z,,,,,,,,,,,sirene,
CONSCIENCE,,,a contacter,,,,,,,,,,,,marketing_com,Activites des agences de publicite,LA ROCHELLE,,17,,,,,,,,,,,,,,,,,,,,,,,,,,,,,,,,,,,,,,,,,,,,,,,839638186,83963818600016,73.11Z,,,,,,,,,,,sirene,
CONSEIL EDITION MEDIA,,,a contacter,,,,,,,,,,,,marketing_com,Activites des agences de publicite,PARIS,,75,,,,,,,,,,,,,,,,,,,,,,,,,,,,,,,,,,,,,,,,,,,,,,,382177574,38217757400029,73.11Z,,,,,,,,,,,sirene,
CONSEIL EN COMMUNICATION & BUSINESS POUR LA MAISON,,,a contacter,,,,,,,,,,,,marketing_com,Activites des agences de publicite,SAINT-AUBIN-DE-BLAYE,,33,,,,,,,,,,,,,,,,,,,,,,,,,,,,,,,,,,,,,,,,,,,,,,,881383087,88138308700015,73.11Z,,,,,,,,,,,sirene,
CONSEIL ET ASSOCIES,,,a contacter,,,,,,,,,,,,marketing_com,Conseil en relations publiques et communication,CHANTILLY,,60,,,,,,,,,,,,,,,,,,,,,,,,,,,,,,,,,,,,,,,,,,,,,,,803873264,80387326400011,70.21Z,,,,,,,,,,,sirene,
CONSEIL REUNIONNAIS ACTION PUBLICITAIRE,,,a contacter,,,,,,,,,,,,marketing_com,Activites des agences de publicite,SAINT-DENIS,,974,,,,,,,,,,,,,,,,,,,,,,,,,,,,,,,,,,,,,,,,,,,,,,,345028526,34502852600068,73.11Z,,,,,,,,,,,sirene,
CONSO REGIE,,,a contacter,,,,,,,,,,,,marketing_com,Regie publicitaire de medias,IVRY-SUR-SEINE,,94,,,,,,,,,,,,,,,,,,,,,,,,,,,,,,,,,,,,,,,,,,,,,,,823332978,82333297800019,73.12Z,,,,,,,,,,,sirene,
CONSORTIUM INC,,,a contacter,,,,,,,,,,,,marketing_com,Activites des agences de publicite,PARIS,,75,,,,,,,,,,,,,,,,,,,,,,,,,,,,,,,,,,,,,,,,,,,,,,,808354526,80835452600036,73.11Z,,,,,,,,,,,sirene,
CONTACTS,,,a contacter,,,,,,,,,,,,marketing_com,Activites des agences de publicite,MEJANNES-LES-ALES,,30,,,,,,,,,,,,,,,,,,,,,,,,,,,,,,,,,,,,,,,,,,,,,,,507994374,50799437400068,73.11Z,,,,,,,,,,,sirene,
CONVERGENCE,,,a contacter,,,,,,,,,,,,marketing_com,Activites des agences de publicite,BORDEAUX,,33,,,,,,,,,,,,,,,,,,,,,,,,,,,,,,,,,,,,,,,,,,,,,,,344600598,34460059800041,73.11Z,,,,,,,,,,,sirene,
CONVERGENCE OOH,,,a contacter,,,,,,,,,,,,marketing_com,Activites des agences de publicite,LEVALLOIS-PERRET,,92,,,,,,,,,,,,,,,,,,,,,,,,,,,,,,,,,,,,,,,,,,,,,,,513812321,51381232100042,73.11Z,,,,,,,,,,,sirene,
CONVERSATIONNEL,,,a contacter,,,,,,,,,,,,marketing_com,Conseil en relations publiques et communication,LYON,,69,,,,,,,,,,,,,,,,,,,,,,,,,,,,,,,,,,,,,,,,,,,,,,,795391853,79539185300038,70.21Z,,,,,,,,,,,sirene,
COOA.FR,,,a contacter,,,,,,,,,,,,marketing_com,Conseil en relations publiques et communication,VALENCE,,26,,,,,,,,,,,,,,,,,,,,,,,,,,,,,,,,,,,,,,,,,,,,,,,898052238,89805223800034,70.21Z,,,,,,,,,,,sirene,
COPERNIC,,,a contacter,,,,,,,,,,,,marketing_com,Activites des agences de publicite,NANCY,,54,,,,,,,,,,,,,,,,,,,,,,,,,,,,,,,,,,,,,,,,,,,,,,,820124972,82012497200036,73.11Z,,,,,,,,,,,sirene,
COPTOS,,,a contacter,,,,,,,,,,,,marketing_com,Conseil en relations publiques et communication,BAGNEUX,,92,,,,,,,,,,,,,,,,,,,,,,,,,,,,,,,,,,,,,,,,,,,,,,,403672405,40367240500046,70.21Z,,,,,,,,,,,sirene,
COPYRIGHT PROMOTIONS EUROPE,,,a contacter,,,,,,,,,,,,marketing_com,Activites des agences de publicite,,,,,,,,,,,,,,,,,,,,,,,,,,,,,,,,,,,,,,,,,,,,,,,,,,384059291,38405929100011,73.11Z,,,,,,,,,,,sirene,
COPYWRIGHTE,,,a contacter,,,,,,,,,,,,marketing_com,Activites des agences de publicite,PARIS,,75,,,,,,,,,,,,,,,,,,,,,,,,,,,,,,,,,,,,,,,,,,,,,,,341043214,34104321400046,73.11Z,,,,,,,,,,,sirene,
COQUILLE,,,a contacter,,,,,,,,,,,,marketing_com,Conseil en relations publiques et communication,LES GARENNES SUR LOIRE,,49,,,,,,,,,,,,,,,,,,,,,,,,,,,,,,,,,,,,,,,,,,,,,,,900894932,90089493200012,70.21Z,,,,,,,,,,,sirene,
CORAUX,,,a contacter,,,,,,,,,,,,marketing_com,Activites des agences de publicite,SARTROUVILLE,,78,,,,,,,,,,,,,,,,,,,,,,,,,,,,,,,,,,,,,,,,,,,,,,,504141854,50414185400043,73.11Z,,,,,,,,,,,sirene,
CORCO,,,a contacter,,,,,,,,,,,,marketing_com,Activites des agences de publicite,TOULOUSE,,31,,,,,,,,,,,,,,,,,,,,,,,,,,,,,,,,,,,,,,,,,,,,,,,823293535,82329353500022,73.11Z,,,,,,,,,,,sirene,
CORIDA,,,a contacter,,,,,,,,,,,,marketing_com,Activites des agences de publicite,LE LAMENTIN,,972,,,,,,,,,,,,,,,,,,,,,,,,,,,,,,,,,,,,,,,,,,,,,,,379021348,37902134800022,73.11Z,,,,,,,,,,,sirene,
CORSE MATIN PUBLICITE,,,a contacter,,,,,,,,,,,,marketing_com,Regie publicitaire de medias,AJACCIO,,2A,,,,,,,,,,,,,,,,,,,,,,,,,,,,,,,,,,,,,,,,,,,,,,,808890297,80889029700050,73.12Z,,,,,,,,,,,sirene,
CORSE REGIPUB,,,a contacter,,,,,,,,,,,,marketing_com,Regie publicitaire de medias,ALGAJOLA,,2B,,,,,,,,,,,,,,,,,,,,,,,,,,,,,,,,,,,,,,,,,,,,,,,804405173,80440517300019,73.12Z,,,,,,,,,,,sirene,
CORSICOM,,,a contacter,,,,,,,,,,,,marketing_com,Regie publicitaire de medias,FURIANI,,2B,,,,,,,,,,,,,,,,,,,,,,,,,,,,,,,,,,,,,,,,,,,,,,,852261577,85226157700013,73.12Z,,,,,,,,,,,sirene,
COSE,,,a contacter,,,,,,,,,,,,marketing_com,Conseil en relations publiques et communication,NICE,,06,,,,,,,,,,,,,,,,,,,,,,,,,,,,,,,,,,,,,,,,,,,,,,,878636133,87863613300034,70.21Z,,,,,,,,,,,sirene,
COSM,,,a contacter,,,,,,,,,,,,marketing_com,Conseil en relations publiques et communication,STRASBOURG,,67,,,,,,,,,,,,,,,,,,,,,,,,,,,,,,,,,,,,,,,,,,,,,,,352565063,35256506300042,70.21Z,,,,,,,,,,,sirene,
COSMETICS INSPIRATION & CREATION,,,a contacter,,,,,,,,,,,,marketing_com,Activites des agences de publicite,PARIS,,75,,,,,,,,,,,,,,,,,,,,,,,,,,,,,,,,,,,,,,,,,,,,,,,493724751,49372475100034,73.11Z,,,,,,,,,,,sirene,
COSMETICS MEDIA,,,a contacter,,,,,,,,,,,,marketing_com,Activites des agences de publicite,NEUILLY-SUR-SEINE,,92,,,,,,,,,,,,,,,,,,,,,,,,,,,,,,,,,,,,,,,,,,,,,,,480547694,48054769400046,73.11Z,,,,,,,,,,,sirene,
COSPIRIT,,,a contacter,,,,,,,,,,,,marketing_com,Activites des agences de publicite,PARIS,,75,,,,,,,,,,,,,,,,,,,,,,,,,,,,,,,,,,,,,,,,,,,,,,,423437953,42343795300064,73.11Z,,,,,,,,,,,sirene,
COSYWEE,,,a contacter,,,,,,,,,,,,marketing_com,Conseil en relations publiques et communication,LES MAGES,,30,,,,,,,,,,,,,,,,,,,,,,,,,,,,,,,,,,,,,,,,,,,,,,,822096483,82209648300018,70.21Z,,,,,,,,,,,sirene,
COTE CHARENTE,,,a contacter,,,,,,,,,,,,marketing_com,Activites des agences de publicite,ANGOULEME,,16,,,,,,,,,,,,,,,,,,,,,,,,,,,,,,,,,,,,,,,,,,,,,,,513625053,51362505300048,73.11Z,,,,,,,,,,,sirene,
COTE REGIE,,,a contacter,,,,,,,,,,,,marketing_com,Regie publicitaire de medias,PARIS,,75,,,,,,,,,,,,,,,,,,,,,,,,,,,,,,,,,,,,,,,,,,,,,,,832233134,83223313400051,73.12Z,,,,,,,,,,,sirene,
COTEPUB,,,a contacter,,,,,,,,,,,,marketing_com,Activites des agences de publicite,PORTO VECCHIO,,2A,,,,,,,,,,,,,,,,,,,,,,,,,,,,,,,,,,,,,,,,,,,,,,,750172850,75017285000042,73.11Z,,,,,,,,,,,sirene,
COTTON BLUE,,,a contacter,,,,,,,,,,,,marketing_com,Activites des agences de publicite,VILLENEUVE-D'ASCQ,,59,,,,,,,,,,,,,,,,,,,,,,,,,,,,,,,,,,,,,,,,,,,,,,,432481893,43248189300035,73.11Z,,,,,,,,,,,sirene,
COUDAC,,,a contacter,,,,,,,,,,,,marketing_com,Activites des agences de publicite,NEUILLY-SUR-SEINE,,92,,,,,,,,,,,,,,,,,,,,,,,,,,,,,,,,,,,,,,,,,,,,,,,882811540,88281154000039,73.11Z,,,,,,,,,,,sirene,
COULEUR ET COMMUNICATION,,,a contacter,,,,,,,,,,,,marketing_com,Activites des agences de publicite,PARIS,,75,,,,,,,,,,,,,,,,,,,,,,,,,,,,,,,,,,,,,,,,,,,,,,,378058366,37805836600030,73.11Z,,,,,,,,,,,sirene,
COURBIS PUBLICITE,,,a contacter,,,,,,,,,,,,marketing_com,Activites des agences de publicite,LIVRY-GARGAN,,93,,,,,,,,,,,,,,,,,,,,,,,,,,,,,,,,,,,,,,,,,,,,,,,523256832,52325683200016,73.11Z,,,,,,,,,,,sirene,
COURT-CIRCUIT,,,a contacter,,,,,,,,,,,,marketing_com,Activites des agences de publicite,SAINT-DENIS,,974,,,,,,,,,,,,,,,,,,,,,,,,,,,,,,,,,,,,,,,,,,,,,,,479054611,47905461100039,73.11Z,,,,,,,,,,,sirene,
COVALTEX,,,a contacter,,,,,,,,,,,,marketing_com,Activites des agences de publicite,MARTILLAC,,33,,,,,,,,,,,,,,,,,,,,,,,,,,,,,,,,,,,,,,,,,,,,,,,492399118,49239911800032,73.11Z,,,,,,,,,,,sirene,
COVER AGENCY,,,a contacter,,,,,,,,,,,,marketing_com,Conseil en relations publiques et communication,PARIS,,75,,,,,,,,,,,,,,,,,,,,,,,,,,,,,,,,,,,,,,,,,,,,,,,893690339,89369033900021,70.21Z,,,,,,,,,,,sirene,
COVERING FACTORY,,,a contacter,,,,,,,,,,,,marketing_com,Activites des agences de publicite,SAINT-JEAN-DE-BASSEL,,57,,,,,,,,,,,,,,,,,,,,,,,,,,,,,,,,,,,,,,,,,,,,,,,899497895,89949789500016,73.11Z,,,,,,,,,,,sirene,
COWORK&COM,,,a contacter,,,,,,,,,,,,marketing_com,Activites des agences de publicite,SAYAT,,63,,,,,,,,,,,,,,,,,,,,,,,,,,,,,,,,,,,,,,,,,,,,,,,825210867,82521086700016,73.11Z,,,,,,,,,,,sirene,
COXI,,,a contacter,,,,,,,,,,,,marketing_com,Conseil en relations publiques et communication,SAINT-DIDIER-AU-MONT-D OR,,69,,,,,,,,,,,,,,,,,,,,,,,,,,,,,,,,,,,,,,,,,,,,,,,967505868,96750586800026,70.21Z,,,,,,,,,,,sirene,
CP CREATION,,,a contacter,,,,,,,,,,,,marketing_com,Activites des agences de publicite,MARDEUIL,,51,,,,,,,,,,,,,,,,,,,,,,,,,,,,,,,,,,,,,,,,,,,,,,,392267977,39226797700057,73.11Z,,,,,,,,,,,sirene,
CPM FIELD,,,a contacter,,,,,,,,,,,,marketing_com,Activites des agences de publicite,NEUILLY-SUR-SEINE,,92,,,,,,,,,,,,,,,,,,,,,,,,,,,,,,,,,,,,,,,,,,,,,,,414911255,41491125500068,73.11Z,,,,,,,,,,,sirene,
CPMB,,,a contacter,,,,,,,,,,,,marketing_com,Activites des agences de publicite,TRILPORT,,77,,,,,,,,,,,,,,,,,,,,,,,,,,,,,,,,,,,,,,,,,,,,,,,804264299,80426429900038,73.11Z,,,,,,,,,,,sirene,
CPUB,,,a contacter,,,,,,,,,,,,marketing_com,Activites des agences de publicite,COMBS-LA-VILLE,,77,,,,,,,,,,,,,,,,,,,,,,,,,,,,,,,,,,,,,,,,,,,,,,,833799752,83379975200039,73.11Z,,,,,,,,,,,sirene,
CRAPULES,,,a contacter,,,,,,,,,,,,marketing_com,Activites des agences de publicite,STRASBOURG,,67,,,,,,,,,,,,,,,,,,,,,,,,,,,,,,,,,,,,,,,,,,,,,,,902673730,90267373000047,73.11Z,,,,,,,,,,,sirene,
CREA DISPLAY & CO,,,a contacter,,,,,,,,,,,,marketing_com,Activites des agences de publicite,NANTERRE,,92,,,,,,,,,,,,,,,,,,,,,,,,,,,,,,,,,,,,,,,,,,,,,,,491240297,49124029700029,73.11Z,,,,,,,,,,,sirene,
CREA PROJECT,,,a contacter,,,,,,,,,,,,marketing_com,Activites des agences de publicite,SEIGNELAY,,89,,,,,,,,,,,,,,,,,,,,,,,,,,,,,,,,,,,,,,,,,,,,,,,841197569,84119756900020,73.11Z,,,,,,,,,,,sirene,
CREA PUB 76,,,a contacter,,,,,,,,,,,,marketing_com,Activites des agences de publicite,VALLIQUERVILLE,,76,,,,,,,,,,,,,,,,,,,,,,,,,,,,,,,,,,,,,,,,,,,,,,,903539344,90353934400015,73.11Z,,,,,,,,,,,sirene,
CREA SUD COMMUNICATION,,,a contacter,,,,,,,,,,,,marketing_com,Activites des agences de publicite,LESCAR,,64,,,,,,,,,,,,,,,,,,,,,,,,,,,,,,,,,,,,,,,,,,,,,,,399480490,39948049000107,73.11Z,,,,,,,,,,,sirene,
CREACOM,,,a contacter,,,,,,,,,,,,marketing_com,Activites des agences de publicite,VANDŒUVRE-LES-NANCY,,54,,,,,,,,,,,,,,,,,,,,,,,,,,,,,,,,,,,,,,,,,,,,,,,817396716,81739671600042,73.11Z,,,,,,,,,,,sirene,
CREAD ZIF PUBLICITE,,,a contacter,,,,,,,,,,,,marketing_com,Activites des agences de publicite,ROUEN,,76,,,,,,,,,,,,,,,,,,,,,,,,,,,,,,,,,,,,,,,,,,,,,,,798563466,79856346600027,73.11Z,,,,,,,,,,,sirene,
CREAFORCOM,,,a contacter,,,,,,,,,,,,marketing_com,Activites des agences de publicite,SAILLY-SUR-LA-LYS,,62,,,,,,,,,,,,,,,,,,,,,,,,,,,,,,,,,,,,,,,,,,,,,,,517467122,51746712200027,73.11Z,,,,,,,,,,,sirene,
CREALIS,,,a contacter,,,,,,,,,,,,marketing_com,Activites des agences de publicite,JARNAC,,16,,,,,,,,,,,,,,,,,,,,,,,,,,,,,,,,,,,,,,,,,,,,,,,349938522,34993852200027,73.11Z,,,,,,,,,,,sirene,
CREAMENSA,,,a contacter,,,,,,,,,,,,marketing_com,Conseil en relations publiques et communication,MARQUETTE-LEZ-LILLE,,59,,,,,,,,,,,,,,,,,,,,,,,,,,,,,,,,,,,,,,,,,,,,,,,492408802,49240880200055,70.21Z,,,,,,,,,,,sirene,
CREASET,,,a contacter,,,,,,,,,,,,marketing_com,Activites des agences de publicite,CHAMPS-SUR-MARNE,,77,,,,,,,,,,,,,,,,,,,,,,,,,,,,,,,,,,,,,,,,,,,,,,,381277367,38127736700086,73.11Z,,,,,,,,,,,sirene,
CREASIGNAL,,,a contacter,,,,,,,,,,,,marketing_com,Activites des agences de publicite,BEZONS,,95,,,,,,,,,,,,,,,,,,,,,,,,,,,,,,,,,,,,,,,,,,,,,,,798091435,79809143500031,73.11Z,,,,,,,,,,,sirene,
CREATE & SUCCEED,,,a contacter,,,,,,,,,,,,marketing_com,Activites des agences de publicite,GLEIZE,,69,,,,,,,,,,,,,,,,,,,,,,,,,,,,,,,,,,,,,,,,,,,,,,,829921907,82992190700038,73.11Z,,,,,,,,,,,sirene,
CREATEM,,,a contacter,,,,,,,,,,,,marketing_com,Activites des agences de publicite,CLEDER,,29,,,,,,,,,,,,,,,,,,,,,,,,,,,,,,,,,,,,,,,,,,,,,,,439964883,43996488300029,73.11Z,,,,,,,,,,,sirene,
CREATEUR D'IMAGE,,,a contacter,,,,,,,,,,,,marketing_com,Activites des agences de publicite,CAEN,,14,,,,,,,,,,,,,,,,,,,,,,,,,,,,,,,,,,,,,,,,,,,,,,,489746313,48974631300027,73.11Z,,,,,,,,,,,sirene,
CREATIC AGENCY,,,a contacter,,,,,,,,,,,,marketing_com,Conseil en relations publiques et communication,LIGUGE,,86,,,,,,,,,,,,,,,,,,,,,,,,,,,,,,,,,,,,,,,,,,,,,,,795092832,79509283200018,70.21Z,,,,,,,,,,,sirene,
CREATIF COMMUNICATION,,,a contacter,,,,,,,,,,,,marketing_com,Conseil en relations publiques et communication,RAIZEUX,,78,,,,,,,,,,,,,,,,,,,,,,,,,,,,,,,,,,,,,,,,,,,,,,,841057268,84105726800010,70.21Z,,,,,,,,,,,sirene,
CREATION ET DISTRIBUTION,,,a contacter,,,,,,,,,,,,marketing_com,Activites des agences de publicite,PARIS,,75,,,,,,,,,,,,,,,,,,,,,,,,,,,,,,,,,,,,,,,,,,,,,,,421175720,42117572000042,73.11Z,,,,,,,,,,,sirene,
CREATIV JUNGLE,,,a contacter,,,,,,,,,,,,marketing_com,Conseil en relations publiques et communication,ISLE ADAM,,95,,,,,,,,,,,,,,,,,,,,,,,,,,,,,,,,,,,,,,,,,,,,,,,909882193,90988219300016,70.21Z,,,,,,,,,,,sirene,
CREATIV3,,,a contacter,,,,,,,,,,,,marketing_com,Activites des agences de publicite,LE LAMENTIN,,972,,,,,,,,,,,,,,,,,,,,,,,,,,,,,,,,,,,,,,,,,,,,,,,520809484,52080948400022,73.11Z,,,,,,,,,,,sirene,
CREATIVE,,,a contacter,,,,,,,,,,,,marketing_com,Activites des agences de publicite,CANNES,,06,,,,,,,,,,,,,,,,,,,,,,,,,,,,,,,,,,,,,,,,,,,,,,,907587026,90758702600028,73.11Z,,,,,,,,,,,sirene,
CREATIVE CONSUMER CARE,,,a contacter,,,,,,,,,,,,marketing_com,Activites des agences de publicite,BASTIA,,2B,,,,,,,,,,,,,,,,,,,,,,,,,,,,,,,,,,,,,,,,,,,,,,,801969577,80196957700015,73.11Z,,,,,,,,,,,sirene,
CREATIVE EVENT S,,,a contacter,,,,,,,,,,,,marketing_com,Activites des agences de publicite,BOULOGNE-BILLANCOURT,,92,,,,,,,,,,,,,,,,,,,,,,,,,,,,,,,,,,,,,,,,,,,,,,,421323890,42132389000036,73.11Z,,,,,,,,,,,sirene,
CREATIVE WEB SOLUTION,,,a contacter,,,,,,,,,,,,marketing_com,Activites des agences de publicite,CHAMBLES,,42,,,,,,,,,,,,,,,,,,,,,,,,,,,,,,,,,,,,,,,,,,,,,,,751582131,75158213100031,73.11Z,,,,,,,,,,,sirene,
CREIDEO,,,a contacter,,,,,,,,,,,,marketing_com,Activites des agences de publicite,CYSOING,,59,,,,,,,,,,,,,,,,,,,,,,,,,,,,,,,,,,,,,,,,,,,,,,,448346940,44834694000027,73.11Z,,,,,,,,,,,sirene,
CREPUSCULE,,,a contacter,,,,,,,,,,,,marketing_com,Activites des agences de publicite,CLICHY,,92,,,,,,,,,,,,,,,,,,,,,,,,,,,,,,,,,,,,,,,,,,,,,,,400021606,40002160600035,73.11Z,,,,,,,,,,,sirene,
CRIC,,,a contacter,,,,,,,,,,,,marketing_com,Activites des agences de publicite,LE PUY-EN-VELAY,,43,,,,,,,,,,,,,,,,,,,,,,,,,,,,,,,,,,,,,,,,,,,,,,,413519950,41351995000021,73.11Z,,,,,,,,,,,sirene,
CRITIZR,,,a contacter,,,,,,,,,,,,marketing_com,Activites des agences de publicite,LILLE,,59,,,,,,,,,,,,,,,,,,,,,,,,,,,,,,,,,,,,,,,,,,,,,,,521950626,52195062600031,73.11Z,,,,,,,,,,,sirene,
CROISSANCE PLUS,,,a contacter,,,,,,,,,,,,marketing_com,Conseil en relations publiques et communication,PARIS,,75,,,,,,,,,,,,,,,,,,,,,,,,,,,,,,,,,,,,,,,,,,,,,,,414692558,41469255800094,70.21Z,,,,,,,,,,,sirene,
CROOQ PUB,,,a contacter,,,,,,,,,,,,marketing_com,Activites des agences de publicite,SAINT-GERMAIN-EN-LAYE,,78,,,,,,,,,,,,,,,,,,,,,,,,,,,,,,,,,,,,,,,,,,,,,,,817730591,81773059100010,73.11Z,,,,,,,,,,,sirene,
CROSS GLOBAL EVENT,,,a contacter,,,,,,,,,,,,marketing_com,Regie publicitaire de medias,ECOUEN,,95,,,,,,,,,,,,,,,,,,,,,,,,,,,,,,,,,,,,,,,,,,,,,,,480074913,48007491300041,73.12Z,,,,,,,,,,,sirene,
CRUS,,,a contacter,,,,,,,,,,,,marketing_com,Conseil en relations publiques et communication,LYON,,69,,,,,,,,,,,,,,,,,,,,,,,,,,,,,,,,,,,,,,,,,,,,,,,840714232,84071423200047,70.21Z,,,,,,,,,,,sirene,
CRUSH,,,a contacter,,,,,,,,,,,,marketing_com,Activites des agences de publicite,MARSEILLE,,13,,,,,,,,,,,,,,,,,,,,,,,,,,,,,,,,,,,,,,,,,,,,,,,911307221,91130722100018,73.11Z,,,,,,,,,,,sirene,
CS AND PARTNERS,,,a contacter,,,,,,,,,,,,marketing_com,Activites des agences de publicite,MARSEILLE,,13,,,,,,,,,,,,,,,,,,,,,,,,,,,,,,,,,,,,,,,,,,,,,,,433993466,43399346600070,73.11Z,,,,,,,,,,,sirene,
CTER&CO,,,a contacter,,,,,,,,,,,,marketing_com,Conseil en relations publiques et communication,BORDEAUX,,33,,,,,,,,,,,,,,,,,,,,,,,,,,,,,,,,,,,,,,,,,,,,,,,813602356,81360235600020,70.21Z,,,,,,,,,,,sirene,
CTMA COMMUNICATION,,,a contacter,,,,,,,,,,,,marketing_com,Activites des agences de publicite,LEZENNES,,59,,,,,,,,,,,,,,,,,,,,,,,,,,,,,,,,,,,,,,,,,,,,,,,485243471,48524347100045,73.11Z,,,,,,,,,,,sirene,
CTOUTVU,,,a contacter,,,,,,,,,,,,marketing_com,Conseil en relations publiques et communication,ORLEANS,,45,,,,,,,,,,,,,,,,,,,,,,,,,,,,,,,,,,,,,,,,,,,,,,,792630808,79263080800022,70.21Z,,,,,,,,,,,sirene,
CUISINAIDE,,,a contacter,,,,,,,,,,,,marketing_com,Activites des agences de publicite,AVIGNON,,84,,,,,,,,,,,,,,,,,,,,,,,,,,,,,,,,,,,,,,,,,,,,,,,528580467,52858046700017,73.11Z,,,,,,,,,,,sirene,
CULINARY AGENCY,,,a contacter,,,,,,,,,,,,marketing_com,Conseil en relations publiques et communication,PARIS,,75,,,,,,,,,,,,,,,,,,,,,,,,,,,,,,,,,,,,,,,,,,,,,,,915311518,91531151800020,70.21Z,,,,,,,,,,,sirene,
CULTURAL CARE FRANCE SARL,,,a contacter,,,,,,,,,,,,marketing_com,Conseil en relations publiques et communication,PARIS,,75,,,,,,,,,,,,,,,,,,,,,,,,,,,,,,,,,,,,,,,,,,,,,,,523555944,52355594400025,70.21Z,,,,,,,,,,,sirene,
CULTURE COM',,,a contacter,,,,,,,,,,,,marketing_com,Activites des agences de publicite,BLOIS,,41,,,,,,,,,,,,,,,,,,,,,,,,,,,,,,,,,,,,,,,,,,,,,,,825409006,82540900600046,73.11Z,,,,,,,,,,,sirene,
CULTURE PROJET SASU,,,a contacter,,,,,,,,,,,,marketing_com,Activites des agences de publicite,SAINT-DIDIER-AU-MONT-D'OR,,69,,,,,,,,,,,,,,,,,,,,,,,,,,,,,,,,,,,,,,,,,,,,,,,819408212,81940821200036,73.11Z,,,,,,,,,,,sirene,
CULTURE WEB,,,a contacter,,,,,,,,,,,,marketing_com,Conseil en relations publiques et communication,ARCON,,25,,,,,,,,,,,,,,,,,,,,,,,,,,,,,,,,,,,,,,,,,,,,,,,852546167,85254616700051,70.21Z,,,,,,,,,,,sirene,
CUPA PIZARRAS FRANCIA,,,a contacter,,,,,,,,,,,,marketing_com,Conseil en relations publiques et communication,RENNES,,35,,,,,,,,,,,,,,,,,,,,,,,,,,,,,,,,,,,,,,,,,,,,,,,510960925,51096092500012,70.21Z,,,,,,,,,,,sirene,
CURRRY ASS AGENCY,,,a contacter,,,,,,,,,,,,marketing_com,Conseil en relations publiques et communication,LYON 1ER,,69,,,,,,,,,,,,,,,,,,,,,,,,,,,,,,,,,,,,,,,,,,,,,,,884888710,88488871000024,70.21Z,,,,,,,,,,,sirene,
CVS DEVELOPPEMENT,,,a contacter,,,,,,,,,,,,marketing_com,Activites des agences de publicite,PARIS,,75,,,,,,,,,,,,,,,,,,,,,,,,,,,,,,,,,,,,,,,,,,,,,,,833190481,83319048100055,73.11Z,,,,,,,,,,,sirene,
CVS MARKETING,,,a contacter,,,,,,,,,,,,marketing_com,Activites des agences de publicite,SAINT-GERMAIN-LES-ARPAJON,,91,,,,,,,,,,,,,,,,,,,,,,,,,,,,,,,,,,,,,,,,,,,,,,,838199032,83819903200015,73.11Z,,,,,,,,,,,sirene,
CYCLONE PUB,,,a contacter,,,,,,,,,,,,marketing_com,Activites des agences de publicite,SAINT-PIERRE,,974,,,,,,,,,,,,,,,,,,,,,,,,,,,,,,,,,,,,,,,,,,,,,,,484101340,48410134000038,73.11Z,,,,,,,,,,,sirene,
CYDONIA D.,,,a contacter,,,,,,,,,,,,marketing_com,Regie publicitaire de medias,MONTPELLIER,,34,,,,,,,,,,,,,,,,,,,,,,,,,,,,,,,,,,,,,,,,,,,,,,,531730885,53173088500021,73.12Z,,,,,,,,,,,sirene,
CYGA CONSULTING,,,a contacter,,,,,,,,,,,,marketing_com,Conseil en relations publiques et communication,LA VALETTE-DU-VAR,,83,,,,,,,,,,,,,,,,,,,,,,,,,,,,,,,,,,,,,,,,,,,,,,,907783732,90778373200023,70.21Z,,,,,,,,,,,sirene,
D&D,,,a contacter,,,,,,,,,,,,marketing_com,Activites des agences de publicite,BROGNARD,,25,,,,,,,,,,,,,,,,,,,,,,,,,,,,,,,,,,,,,,,,,,,,,,,845369370,84536937000026,73.11Z,,,,,,,,,,,sirene,
D'AILLON ET D'AILLEURS,,,a contacter,,,,,,,,,,,,marketing_com,Conseil en relations publiques et communication,SAINTE-FOY-LES-LYON,,69,,,,,,,,,,,,,,,,,,,,,,,,,,,,,,,,,,,,,,,,,,,,,,,890214125,89021412500019,70.21Z,,,,,,,,,,,sirene,
D'UNE IDEE L'AUTRE,,,a contacter,,,,,,,,,,,,marketing_com,Conseil en relations publiques et communication,BREST,,29,,,,,,,,,,,,,,,,,,,,,,,,,,,,,,,,,,,,,,,,,,,,,,,533920146,53392014600040,70.21Z,,,,,,,,,,,sirene,
D.V.N. COMMUNICATION,,,a contacter,,,,,,,,,,,,marketing_com,Activites des agences de publicite,TOULOUSE,,31,,,,,,,,,,,,,,,,,,,,,,,,,,,,,,,,,,,,,,,,,,,,,,,449862127,44986212700031,73.11Z,,,,,,,,,,,sirene,
D2 COM,,,a contacter,,,,,,,,,,,,marketing_com,Conseil en relations publiques et communication,LE PASSAGE,,47,,,,,,,,,,,,,,,,,,,,,,,,,,,,,,,,,,,,,,,,,,,,,,,524788718,52478871800038,70.21Z,,,,,,,,,,,sirene,
D3COM,,,a contacter,,,,,,,,,,,,marketing_com,Activites des agences de publicite,BOULOGNE-BILLANCOURT,,92,,,,,,,,,,,,,,,,,,,,,,,,,,,,,,,,,,,,,,,,,,,,,,,445204985,44520498500045,73.11Z,,,,,,,,,,,sirene,
DA PIEDADE,,,a contacter,,,,,,,,,,,,marketing_com,Activites des agences de publicite,BLANZAT,,63,,,,,,,,,,,,,,,,,,,,,,,,,,,,,,,,,,,,,,,,,,,,,,,877536763,87753676300015,73.11Z,,,,,,,,,,,sirene,
DAC STUDIO,,,a contacter,,,,,,,,,,,,marketing_com,Conseil en relations publiques et communication,SAINT-GERMAIN-EN-LAYE,,78,,,,,,,,,,,,,,,,,,,,,,,,,,,,,,,,,,,,,,,,,,,,,,,833844749,83384474900014,70.21Z,,,,,,,,,,,sirene,
DAEDALUS,,,a contacter,,,,,,,,,,,,marketing_com,Activites des agences de publicite,ANGOULEME,,16,,,,,,,,,,,,,,,,,,,,,,,,,,,,,,,,,,,,,,,,,,,,,,,433971421,43397142100014,73.11Z,,,,,,,,,,,sirene,
DAGOBERT,,,a contacter,,,,,,,,,,,,marketing_com,Activites des agences de publicite,PARIS,,75,,,,,,,,,,,,,,,,,,,,,,,,,,,,,,,,,,,,,,,,,,,,,,,505284778,50528477800030,73.11Z,,,,,,,,,,,sirene,
DAGRE,,,a contacter,,,,,,,,,,,,marketing_com,Activites des agences de publicite,STRASBOURG,,67,,,,,,,,,,,,,,,,,,,,,,,,,,,,,,,,,,,,,,,,,,,,,,,390920411,39092041100043,73.11Z,,,,,,,,,,,sirene,
DAHIVE,,,a contacter,,,,,,,,,,,,marketing_com,Conseil en relations publiques et communication,NANTES,,44,,,,,,,,,,,,,,,,,,,,,,,,,,,,,,,,,,,,,,,,,,,,,,,811739150,81173915000035,70.21Z,,,,,,,,,,,sirene,
DAICOM,,,a contacter,,,,,,,,,,,,marketing_com,Activites des agences de publicite,ROISSY-EN-BRIE,,77,,,,,,,,,,,,,,,,,,,,,,,,,,,,,,,,,,,,,,,,,,,,,,,788608453,78860845300015,73.11Z,,,,,,,,,,,sirene,
DAILYMOTION ADVERTISING,,,a contacter,,,,,,,,,,,,marketing_com,Regie publicitaire de medias,ISSY-LES-MOULINEAUX,,92,,,,,,,,,,,,,,,,,,,,,,,,,,,,,,,,,,,,,,,,,,,,,,,814369989,81436998900037,73.12Z,,,,,,,,,,,sirene,
DAKIN,,,a contacter,,,,,,,,,,,,marketing_com,Conseil en relations publiques et communication,LA FARLEDE,,83,,,,,,,,,,,,,,,,,,,,,,,,,,,,,,,,,,,,,,,,,,,,,,,792254377,79225437700023,70.21Z,,,,,,,,,,,sirene,
DANDYE,,,a contacter,,,,,,,,,,,,marketing_com,Conseil en relations publiques et communication,LYON,,69,,,,,,,,,,,,,,,,,,,,,,,,,,,,,,,,,,,,,,,,,,,,,,,838689313,83868931300032,70.21Z,,,,,,,,,,,sirene,
DANIELI UK HOLDING LIMITED,,,a contacter,,,,,,,,,,,,marketing_com,Activites des agences de publicite,,,,,,,,,,,,,,,,,,,,,,,,,,,,,,,,,,,,,,,,,,,,,,,,,,850200783,85020078300015,73.11Z,,,,,,,,,,,sirene,
DANKA STUDIO,,,a contacter,,,,,,,,,,,,marketing_com,Activites des agences de publicite,LYON,,69,,,,,,,,,,,,,,,,,,,,,,,,,,,,,,,,,,,,,,,,,,,,,,,492170022,49217002200023,73.11Z,,,,,,,,,,,sirene,
DANNASAN CORPORATION,,,a contacter,,,,,,,,,,,,marketing_com,Conseil en relations publiques et communication,NEUILLY-SUR-SEINE,,92,,,,,,,,,,,,,,,,,,,,,,,,,,,,,,,,,,,,,,,,,,,,,,,794591610,79459161000025,70.21Z,,,,,,,,,,,sirene,
DANNEMANN TRADING AG,,,a contacter,,,,,,,,,,,,marketing_com,Activites des agences de publicite,,,,,,,,,,,,,,,,,,,,,,,,,,,,,,,,,,,,,,,,,,,,,,,,,,510595630,51059563000011,73.11Z,,,,,,,,,,,sirene,
DANSNOSCOEURS,,,a contacter,,,,,,,,,,,,marketing_com,Regie publicitaire de medias,CLERMONT-FERRAND,,63,,,,,,,,,,,,,,,,,,,,,,,,,,,,,,,,,,,,,,,,,,,,,,,517833448,51783344800049,73.12Z,,,,,,,,,,,sirene,
DANYLAK ET PY PUBLICITE PEINTE,,,a contacter,,,,,,,,,,,,marketing_com,Activites des agences de publicite,CLERMONT-FERRAND,,63,,,,,,,,,,,,,,,,,,,,,,,,,,,,,,,,,,,,,,,,,,,,,,,338617244,33861724400037,73.11Z,,,,,,,,,,,sirene,
DARTAGNAN,,,a contacter,,,,,,,,,,,,marketing_com,Activites des agences de publicite,BESANCON,,25,,,,,,,,,,,,,,,,,,,,,,,,,,,,,,,,,,,,,,,,,,,,,,,349827501,34982750100033,73.11Z,,,,,,,,,,,sirene,
DARWIN INTERACTIVE,,,a contacter,,,,,,,,,,,,marketing_com,Activites des agences de publicite,AIX-EN-PROVENCE,,13,,,,,,,,,,,,,,,,,,,,,,,,,,,,,,,,,,,,,,,,,,,,,,,448238857,44823885700073,73.11Z,,,,,,,,,,,sirene,
DATA PROJEKT,,,a contacter,,,,,,,,,,,,marketing_com,Conseil en relations publiques et communication,STRASBOURG,,67,,,,,,,,,,,,,,,,,,,,,,,,,,,,,,,,,,,,,,,,,,,,,,,490125531,49012553100049,70.21Z,,,,,,,,,,,sirene,
DATABIM LAB,,,a contacter,,,,,,,,,,,,marketing_com,Conseil en relations publiques et communication,PARIS,,75,,,,,,,,,,,,,,,,,,,,,,,,,,,,,,,,,,,,,,,,,,,,,,,825071681,82507168100027,70.21Z,,,,,,,,,,,sirene,
DATACK,,,a contacter,,,,,,,,,,,,marketing_com,Conseil en relations publiques et communication,MARSEILLE,,13,,,,,,,,,,,,,,,,,,,,,,,,,,,,,,,,,,,,,,,,,,,,,,,810340679,81034067900036,70.21Z,,,,,,,,,,,sirene,
DATAGIF,,,a contacter,,,,,,,,,,,,marketing_com,Activites des agences de publicite,PARIS,,75,,,,,,,,,,,,,,,,,,,,,,,,,,,,,,,,,,,,,,,,,,,,,,,522153501,52215350100047,73.11Z,,,,,,,,,,,sirene,
DAVIC G.S.B.A SARL,,,a contacter,,,,,,,,,,,,marketing_com,Activites des agences de publicite,LIBOURNE,,33,,,,,,,,,,,,,,,,,,,,,,,,,,,,,,,,,,,,,,,,,,,,,,,750504359,75050435900035,73.11Z,,,,,,,,,,,sirene,
DAVID GRAPHIC,,,a contacter,,,,,,,,,,,,marketing_com,Activites des agences de publicite,DOLE,,39,,,,,,,,,,,,,,,,,,,,,,,,,,,,,,,,,,,,,,,,,,,,,,,528778848,52877884800036,73.11Z,,,,,,,,,,,sirene,
DAVINCY COMMUNICATION,,,a contacter,,,,,,,,,,,,marketing_com,Conseil en relations publiques et communication,SASSENAGE,,38,,,,,,,,,,,,,,,,,,,,,,,,,,,,,,,,,,,,,,,,,,,,,,,894938208,89493820800010,70.21Z,,,,,,,,,,,sirene,
DAY1,,,a contacter,,,,,,,,,,,,marketing_com,Conseil en relations publiques et communication,MONTREUIL,,93,,,,,,,,,,,,,,,,,,,,,,,,,,,,,,,,,,,,,,,,,,,,,,,894762574,89476257400024,70.21Z,,,,,,,,,,,sirene,
DAYMON WORLDWIDE EUROPE INC,,,a contacter,,,,,,,,,,,,marketing_com,Activites des agences de publicite,,,,,,,,,,,,,,,,,,,,,,,,,,,,,,,,,,,,,,,,,,,,,,,,,,823925623,82392562300014,73.11Z,,,,,,,,,,,sirene,
DAYTONA,,,a contacter,,,,,,,,,,,,marketing_com,Activites des agences de publicite,NEUILLY-SUR-SEINE,,92,,,,,,,,,,,,,,,,,,,,,,,,,,,,,,,,,,,,,,,,,,,,,,,391895612,39189561200136,73.11Z,,,,,,,,,,,sirene,
DB.COM,,,a contacter,,,,,,,,,,,,marketing_com,Activites des agences de publicite,LE HAVRE,,76,,,,,,,,,,,,,,,,,,,,,,,,,,,,,,,,,,,,,,,,,,,,,,,430023101,43002310100024,73.11Z,,,,,,,,,,,sirene,
DBA INTERACTIVE WIMERSION,,,a contacter,,,,,,,,,,,,marketing_com,Conseil en relations publiques et communication,ORCHIES,,59,,,,,,,,,,,,,,,,,,,,,,,,,,,,,,,,,,,,,,,,,,,,,,,499880482,49988048200041,70.21Z,,,,,,,,,,,sirene,
DC AGENCY,,,a contacter,,,,,,,,,,,,marketing_com,Activites des agences de publicite,PARIS,,75,,,,,,,,,,,,,,,,,,,,,,,,,,,,,,,,,,,,,,,,,,,,,,,851509877,85150987700011,73.11Z,,,,,,,,,,,sirene,
DDB HEALTH PARIS,,,a contacter,,,,,,,,,,,,marketing_com,Activites des agences de publicite,BOULOGNE-BILLANCOURT,,92,,,,,,,,,,,,,,,,,,,,,,,,,,,,,,,,,,,,,,,,,,,,,,,404752297,40475229700097,73.11Z,,,,,,,,,,,sirene,
DE A A Z PUBLICITE,,,a contacter,,,,,,,,,,,,marketing_com,Activites des agences de publicite,CHATELAUDREN-PLOUAGAT,,22,,,,,,,,,,,,,,,,,,,,,,,,,,,,,,,,,,,,,,,,,,,,,,,502609688,50260968800010,73.11Z,,,,,,,,,,,sirene,
DE SAINT SEINE & KANOUI,,,a contacter,,,,,,,,,,,,marketing_com,Conseil en relations publiques et communication,PARIS,,75,,,,,,,,,,,,,,,,,,,,,,,,,,,,,,,,,,,,,,,,,,,,,,,824643308,82464330800052,70.21Z,,,,,,,,,,,sirene,
DE SELLE SAS,,,a contacter,,,,,,,,,,,,marketing_com,Activites des agences de publicite,SORGUES,,84,,,,,,,,,,,,,,,,,,,,,,,,,,,,,,,,,,,,,,,,,,,,,,,328402185,32840218500032,73.11Z,,,,,,,,,,,sirene,
DE VISU,,,a contacter,,,,,,,,,,,,marketing_com,Regie publicitaire de medias,LEMPDES,,63,,,,,,,,,,,,,,,,,,,,,,,,,,,,,,,,,,,,,,,,,,,,,,,379785637,37978563700032,73.12Z,,,,,,,,,,,sirene,
DE VOG,,,a contacter,,,,,,,,,,,,marketing_com,Conseil en relations publiques et communication,PARIS,,75,,,,,,,,,,,,,,,,,,,,,,,,,,,,,,,,,,,,,,,,,,,,,,,824894349,82489434900011,70.21Z,,,,,,,,,,,sirene,
DECLIC COMMUNICATION SARL,,,a contacter,,,,,,,,,,,,marketing_com,Activites des agences de publicite,SAINT-AVOLD,,57,,,,,,,,,,,,,,,,,,,,,,,,,,,,,,,,,,,,,,,,,,,,,,,338307390,33830739000025,73.11Z,,,,,,,,,,,sirene,
DECLIC GRAPHIQUE,,,a contacter,,,,,,,,,,,,marketing_com,Activites des agences de publicite,ANNET-SUR-MARNE,,77,,,,,,,,,,,,,,,,,,,,,,,,,,,,,,,,,,,,,,,,,,,,,,,533175774,53317577400033,73.11Z,,,,,,,,,,,sirene,
DECLIC.EX.PRO.,,,a contacter,,,,,,,,,,,,marketing_com,Activites des agences de publicite,MAUSSANE-LES-ALPILLES,,13,,,,,,,,,,,,,,,,,,,,,,,,,,,,,,,,,,,,,,,,,,,,,,,813249919,81324991900032,73.11Z,,,,,,,,,,,sirene,
DECLIK,,,a contacter,,,,,,,,,,,,marketing_com,Conseil en relations publiques et communication,TOULON,,83,,,,,,,,,,,,,,,,,,,,,,,,,,,,,,,,,,,,,,,,,,,,,,,395016520,39501652000037,70.21Z,,,,,,,,,,,sirene,
DECOGRAPHIC 79,,,a contacter,,,,,,,,,,,,marketing_com,Activites des agences de publicite,BEAUVOIR SUR NIORT,,79,,,,,,,,,,,,,,,,,,,,,,,,,,,,,,,,,,,,,,,,,,,,,,,813023637,81302363700016,73.11Z,,,,,,,,,,,sirene,
DECOSAIL,,,a contacter,,,,,,,,,,,,marketing_com,Activites des agences de publicite,LORIENT,,56,,,,,,,,,,,,,,,,,,,,,,,,,,,,,,,,,,,,,,,,,,,,,,,840659254,84065925400030,73.11Z,,,,,,,,,,,sirene,
DEDOFACE - CREATIVE SHOP,,,a contacter,,,,,,,,,,,,marketing_com,Conseil en relations publiques et communication,NICE,,06,,,,,,,,,,,,,,,,,,,,,,,,,,,,,,,,,,,,,,,,,,,,,,,500840152,50084015200036,70.21Z,,,,,,,,,,,sirene,
DEEPSKYBLUE COMMUNICATION,,,a contacter,,,,,,,,,,,,marketing_com,Conseil en relations publiques et communication,ASNIERES-SUR-SEINE,,92,,,,,,,,,,,,,,,,,,,,,,,,,,,,,,,,,,,,,,,,,,,,,,,531147916,53114791600039,70.21Z,,,,,,,,,,,sirene,
DEFACTO,,,a contacter,,,,,,,,,,,,marketing_com,Activites des agences de publicite,NARBONNE,,11,,,,,,,,,,,,,,,,,,,,,,,,,,,,,,,,,,,,,,,,,,,,,,,432945079,43294507900031,73.11Z,,,,,,,,,,,sirene,
DEFI GROUP,,,a contacter,,,,,,,,,,,,marketing_com,Regie publicitaire de medias,CLICHY,,92,,,,,,,,,,,,,,,,,,,,,,,,,,,,,,,,,,,,,,,,,,,,,,,302608989,30260898900075,73.12Z,,,,,,,,,,,sirene,
DEFI-ACTION,,,a contacter,,,,,,,,,,,,marketing_com,Activites des agences de publicite,THOUARE-SUR-LOIRE,,44,,,,,,,,,,,,,,,,,,,,,,,,,,,,,,,,,,,,,,,,,,,,,,,481143238,48114323800014,73.11Z,,,,,,,,,,,sirene,
DEFOURS COM,,,a contacter,,,,,,,,,,,,marketing_com,Activites des agences de publicite,ALBERTVILLE,,73,,,,,,,,,,,,,,,,,,,,,,,,,,,,,,,,,,,,,,,,,,,,,,,439956830,43995683000020,73.11Z,,,,,,,,,,,sirene,
DEJA,,,a contacter,,,,,,,,,,,,marketing_com,Activites des agences de publicite,PARIS,,75,,,,,,,,,,,,,,,,,,,,,,,,,,,,,,,,,,,,,,,,,,,,,,,453847147,45384714700064,73.11Z,,,,,,,,,,,sirene,
DEKACOM,,,a contacter,,,,,,,,,,,,marketing_com,Activites des agences de publicite,DOUAI,,59,,,,,,,,,,,,,,,,,,,,,,,,,,,,,,,,,,,,,,,,,,,,,,,482116548,48211654800033,73.11Z,,,,,,,,,,,sirene,
DEKUPLE INGENIERIE MARKETING,,,a contacter,,,,,,,,,,,,marketing_com,Conseil en relations publiques et communication,MONTREUIL,,93,,,,,,,,,,,,,,,,,,,,,,,,,,,,,,,,,,,,,,,,,,,,,,,433642477,43364247700023,70.21Z,,,,,,,,,,,sirene,
DEKUPLE INGENIERIE MARKETING B2B,,,a contacter,,,,,,,,,,,,marketing_com,Regie publicitaire de medias,MONTREUIL,,93,,,,,,,,,,,,,,,,,,,,,,,,,,,,,,,,,,,,,,,,,,,,,,,432193233,43219323300074,73.12Z,,,,,,,,,,,sirene,
DELPHINE MAGISSON,,,a contacter,,,,,,,,,,,,marketing_com,Conseil en relations publiques et communication,SCHILTIGHEIM,,67,,,,,,,,,,,,,,,,,,,,,,,,,,,,,,,,,,,,,,,,,,,,,,,491637815,49163781500078,70.21Z,,,,,,,,,,,sirene,
DELTA COMMUNICATION,,,a contacter,,,,,,,,,,,,marketing_com,Activites des agences de publicite,ENGHIEN-LES-BAINS,,95,,,,,,,,,,,,,,,,,,,,,,,,,,,,,,,,,,,,,,,,,,,,,,,804912251,80491225100019,73.11Z,,,,,,,,,,,sirene,
DEM'COM,,,a contacter,,,,,,,,,,,,marketing_com,Activites des agences de publicite,AUXERRE,,89,,,,,,,,,,,,,,,,,,,,,,,,,,,,,,,,,,,,,,,,,,,,,,,813101953,81310195300020,73.11Z,,,,,,,,,,,sirene,
DEMLIN,,,a contacter,,,,,,,,,,,,marketing_com,Activites des agences de publicite,DANGE-SAINT-ROMAIN,,86,,,,,,,,,,,,,,,,,,,,,,,,,,,,,,,,,,,,,,,,,,,,,,,384528394,38452839400032,73.11Z,,,,,,,,,,,sirene,
DEMOISELLE MEDIA,,,a contacter,,,,,,,,,,,,marketing_com,Regie publicitaire de medias,ROCHEFORT,,17,,,,,,,,,,,,,,,,,,,,,,,,,,,,,,,,,,,,,,,,,,,,,,,921888954,92188895400010,73.12Z,,,,,,,,,,,sirene,
DEMOSTHENE,,,a contacter,,,,,,,,,,,,marketing_com,Activites des agences de publicite,QUETIGNY,,21,,,,,,,,,,,,,,,,,,,,,,,,,,,,,,,,,,,,,,,,,,,,,,,413759861,41375986100045,73.11Z,,,,,,,,,,,sirene,
DENALI POSE,,,a contacter,,,,,,,,,,,,marketing_com,Activites des agences de publicite,BRUNOY,,91,,,,,,,,,,,,,,,,,,,,,,,,,,,,,,,,,,,,,,,,,,,,,,,914500046,91450004600026,73.11Z,,,,,,,,,,,sirene,
DENTSU CREATIVE FRANCE,,,a contacter,,,,,,,,,,,,marketing_com,Activites des agences de publicite,PARIS,,75,,,,,,,,,,,,,,,,,,,,,,,,,,,,,,,,,,,,,,,,,,,,,,,490746344,49074634400061,73.11Z,,,,,,,,,,,sirene,
DENTSU EXPERTISES,,,a contacter,,,,,,,,,,,,marketing_com,Conseil en relations publiques et communication,PARIS,,75,,,,,,,,,,,,,,,,,,,,,,,,,,,,,,,,,,,,,,,,,,,,,,,828776625,82877662500026,70.21Z,,,,,,,,,,,sirene,
DENTSU FRANCE,,,a contacter,,,,,,,,,,,,marketing_com,Activites des agences de publicite,PARIS,,75,,,,,,,,,,,,,,,,,,,,,,,,,,,,,,,,,,,,,,,,,,,,,,,352567986,35256798600158,73.11Z,,,,,,,,,,,sirene,
DENTSUX FRANCE,,,a contacter,,,,,,,,,,,,marketing_com,Activites des agences de publicite,PARIS,,75,,,,,,,,,,,,,,,,,,,,,,,,,,,,,,,,,,,,,,,,,,,,,,,839985603,83998560300027,73.11Z,,,,,,,,,,,sirene,
DEPARTEMENT BEAUTE,,,a contacter,,,,,,,,,,,,marketing_com,Activites des agences de publicite,L'ISLE-JOURDAIN,,32,,,,,,,,,,,,,,,,,,,,,,,,,,,,,,,,,,,,,,,,,,,,,,,443600705,44360070500026,73.11Z,,,,,,,,,,,sirene,
DERETEC,,,a contacter,,,,,,,,,,,,marketing_com,Conseil en relations publiques et communication,COULOMBS-EN-VALOIS,,77,,,,,,,,,,,,,,,,,,,,,,,,,,,,,,,,,,,,,,,,,,,,,,,539654392,53965439200015,70.21Z,,,,,,,,,,,sirene,
DES IDEES POUR GRANDIR,,,a contacter,,,,,,,,,,,,marketing_com,Conseil en relations publiques et communication,BOULOGNE-BILLANCOURT,,92,,,,,,,,,,,,,,,,,,,,,,,,,,,,,,,,,,,,,,,,,,,,,,,794407916,79440791600038,70.21Z,,,,,,,,,,,sirene,
DESDOIGTS ET ASSOCIES,,,a contacter,,,,,,,,,,,,marketing_com,Activites des agences de publicite,PARIS,,75,,,,,,,,,,,,,,,,,,,,,,,,,,,,,,,,,,,,,,,,,,,,,,,349656603,34965660300033,73.11Z,,,,,,,,,,,sirene,
DESIGN AND PLV,,,a contacter,,,,,,,,,,,,marketing_com,Activites des agences de publicite,BRIE-COMTE-ROBERT,,77,,,,,,,,,,,,,,,,,,,,,,,,,,,,,,,,,,,,,,,,,,,,,,,832415525,83241552500027,73.11Z,,,,,,,,,,,sirene,
DESIGN MEDIA,,,a contacter,,,,,,,,,,,,marketing_com,Activites des agences de publicite,PARIS,,75,,,,,,,,,,,,,,,,,,,,,,,,,,,,,,,,,,,,,,,,,,,,,,,389953738,38995373800041,73.11Z,,,,,,,,,,,sirene,
DESIGN' PARTNER,,,a contacter,,,,,,,,,,,,marketing_com,Activites des agences de publicite,VIRE NORMANDIE,,14,,,,,,,,,,,,,,,,,,,,,,,,,,,,,,,,,,,,,,,,,,,,,,,419595780,41959578000042,73.11Z,,,,,,,,,,,sirene,
DESTINATION NORD SUD,,,a contacter,,,,,,,,,,,,marketing_com,Activites des agences de publicite,CHATEAUBOURG,,35,,,,,,,,,,,,,,,,,,,,,,,,,,,,,,,,,,,,,,,,,,,,,,,421736075,42173607500035,73.11Z,,,,,,,,,,,sirene,
DESTINATION PAYS D'UZES PONT DU GARD,,,a contacter,,,,,,,,,,,,marketing_com,Regie publicitaire de medias,REMOULINS,,30,,,,,,,,,,,,,,,,,,,,,,,,,,,,,,,,,,,,,,,,,,,,,,,834398729,83439872900014,73.12Z,,,,,,,,,,,sirene,
DETONE,,,a contacter,,,,,,,,,,,,marketing_com,Conseil en relations publiques et communication,BESANCON,,25,,,,,,,,,,,,,,,,,,,,,,,,,,,,,,,,,,,,,,,,,,,,,,,842043655,84204365500013,70.21Z,,,,,,,,,,,sirene,
DEV WEB,,,a contacter,,,,,,,,,,,,marketing_com,Activites des agences de publicite,LABEGE,,31,,,,,,,,,,,,,,,,,,,,,,,,,,,,,,,,,,,,,,,,,,,,,,,441902772,44190277200041,73.11Z,,,,,,,,,,,sirene,
DEVISOCOM,,,a contacter,,,,,,,,,,,,marketing_com,Activites des agences de publicite,AVIGNON,,84,,,,,,,,,,,,,,,,,,,,,,,,,,,,,,,,,,,,,,,,,,,,,,,503595373,50359537300039,73.11Z,,,,,,,,,,,sirene,
DEXEL EDITION,,,a contacter,,,,,,,,,,,,marketing_com,Activites des agences de publicite,MAISONS-ALFORT,,94,,,,,,,,,,,,,,,,,,,,,,,,,,,,,,,,,,,,,,,,,,,,,,,827755711,82775571100021,73.11Z,,,,,,,,,,,sirene,
DFS+,,,a contacter,,,,,,,,,,,,marketing_com,Activites des agences de publicite,AIX-EN-PROVENCE,,13,,,,,,,,,,,,,,,,,,,,,,,,,,,,,,,,,,,,,,,,,,,,,,,450603634,45060363400020,73.11Z,,,,,,,,,,,sirene,
DG CONSEILS,,,a contacter,,,,,,,,,,,,marketing_com,Activites des agences de publicite,VALBONNE,,06,,,,,,,,,,,,,,,,,,,,,,,,,,,,,,,,,,,,,,,,,,,,,,,509670592,50967059200062,73.11Z,,,,,,,,,,,sirene,
DG PROMO,,,a contacter,,,,,,,,,,,,marketing_com,Activites des agences de publicite,BELLEVILLE-EN-BEAUJOLAIS,,69,,,,,,,,,,,,,,,,,,,,,,,,,,,,,,,,,,,,,,,,,,,,,,,402607857,40260785700024,73.11Z,,,,,,,,,,,sirene,
DG PUB SERVICES,,,a contacter,,,,,,,,,,,,marketing_com,Activites des agences de publicite,CAMPSAS,,82,,,,,,,,,,,,,,,,,,,,,,,,,,,,,,,,,,,,,,,,,,,,,,,917750150,91775015000018,73.11Z,,,,,,,,,,,sirene,
DGC COMMUNICATION,,,a contacter,,,,,,,,,,,,marketing_com,Activites des agences de publicite,SAINT-LO,,50,,,,,,,,,,,,,,,,,,,,,,,,,,,,,,,,,,,,,,,,,,,,,,,907180129,90718012900039,73.11Z,,,,,,,,,,,sirene,
DGM PUBLI GIFT,,,a contacter,,,,,,,,,,,,marketing_com,Activites des agences de publicite,LIGNIERES,,18,,,,,,,,,,,,,,,,,,,,,,,,,,,,,,,,,,,,,,,,,,,,,,,320980386,32098038600033,73.11Z,,,,,,,,,,,sirene,
DHR SERVICES,,,a contacter,,,,,,,,,,,,marketing_com,Conseil en relations publiques et communication,FORT-DE-FRANCE,,972,,,,,,,,,,,,,,,,,,,,,,,,,,,,,,,,,,,,,,,,,,,,,,,511177016,51117701600025,70.21Z,,,,,,,,,,,sirene,
DHS DIGITAL FRANCE,,,a contacter,,,,,,,,,,,,marketing_com,Activites des agences de publicite,NICE,,06,,,,,,,,,,,,,,,,,,,,,,,,,,,,,,,,,,,,,,,,,,,,,,,922228721,92222872100010,73.11Z,,,,,,,,,,,sirene,
DIABO,,,a contacter,,,,,,,,,,,,marketing_com,Regie publicitaire de medias,NICE,,06,,,,,,,,,,,,,,,,,,,,,,,,,,,,,,,,,,,,,,,,,,,,,,,449354133,44935413300034,73.12Z,,,,,,,,,,,sirene,
DIADAO PRODUCTIVE,,,a contacter,,,,,,,,,,,,marketing_com,Activites des agences de publicite,SAINT-AUNES,,34,,,,,,,,,,,,,,,,,,,,,,,,,,,,,,,,,,,,,,,,,,,,,,,443748397,44374839700041,73.11Z,,,,,,,,,,,sirene,
DIAGRAMME,,,a contacter,,,,,,,,,,,,marketing_com,Activites des agences de publicite,QUINT-FONSEGRIVES,,31,,,,,,,,,,,,,,,,,,,,,,,,,,,,,,,,,,,,,,,,,,,,,,,381294677,38129467700046,73.11Z,,,,,,,,,,,sirene,
DIALEKTIC,,,a contacter,,,,,,,,,,,,marketing_com,Activites des agences de publicite,GRENOBLE,,38,,,,,,,,,,,,,,,,,,,,,,,,,,,,,,,,,,,,,,,,,,,,,,,482356953,48235695300034,73.11Z,,,,,,,,,,,sirene,
DIALTER,,,a contacter,,,,,,,,,,,,marketing_com,Conseil en relations publiques et communication,CHASPINHAC,,43,,,,,,,,,,,,,,,,,,,,,,,,,,,,,,,,,,,,,,,,,,,,,,,502154198,50215419800027,70.21Z,,,,,,,,,,,sirene,
DIANA SCHNEIDER (AUTOUR DE CHEZ MOI),,,a contacter,,,,,,,,,,,,marketing_com,Activites des agences de publicite,INGWILLER,,67,,,,,,,,,,,,,,,,,,,,,,,,,,,,,,,,,,,,,,,,,,,,,,,794831453,79483145300046,73.11Z,,,,,,,,,,,sirene,
DIDIER BON,,,a contacter,,,,,,,,,,,,marketing_com,Regie publicitaire de medias,VITROLLES,,13,,,,,,,,,,,,,,,,,,,,,,,,,,,,,,,,,,,,,,,,,,,,,,,398276857,39827685700024,73.12Z,,,,,,,,,,,sirene,
DIFCOM,,,a contacter,,,,,,,,,,,,marketing_com,Conseil en relations publiques et communication,PARIS,,75,,,,,,,,,,,,,,,,,,,,,,,,,,,,,,,,,,,,,,,,,,,,,,,320217078,32021707800049,70.21Z,,,,,,,,,,,sirene,
DIFFERENT.,,,a contacter,,,,,,,,,,,,marketing_com,Conseil en relations publiques et communication,PARIS,,75,,,,,,,,,,,,,,,,,,,,,,,,,,,,,,,,,,,,,,,,,,,,,,,844125757,84412575700022,70.21Z,,,,,,,,,,,sirene,
DIFFUSION COMMUNICATION ET PLUS,,,a contacter,,,,,,,,,,,,marketing_com,Activites des agences de publicite,FONTENILLES,,31,,,,,,,,,,,,,,,,,,,,,,,,,,,,,,,,,,,,,,,,,,,,,,,509610390,50961039000023,73.11Z,,,,,,,,,,,sirene,
DIFFUSION PUBLICITE,,,a contacter,,,,,,,,,,,,marketing_com,Activites des agences de publicite,GUITERA-LES-BAINS,,2A,,,,,,,,,,,,,,,,,,,,,,,,,,,,,,,,,,,,,,,,,,,,,,,351616602,35161660200014,73.11Z,,,,,,,,,,,sirene,
DIFFUZZ 77,,,a contacter,,,,,,,,,,,,marketing_com,Activites des agences de publicite,VERT-SAINT-DENIS,,77,,,,,,,,,,,,,,,,,,,,,,,,,,,,,,,,,,,,,,,,,,,,,,,819256660,81925666000013,73.11Z,,,,,,,,,,,sirene,
DIG,,,a contacter,,,,,,,,,,,,marketing_com,Conseil en relations publiques et communication,LILLE,,59,,,,,,,,,,,,,,,,,,,,,,,,,,,,,,,,,,,,,,,,,,,,,,,534737416,53473741600030,70.21Z,,,,,,,,,,,sirene,
DIGICOM,,,a contacter,,,,,,,,,,,,marketing_com,Conseil en relations publiques et communication,LA GARDE,,83,,,,,,,,,,,,,,,,,,,,,,,,,,,,,,,,,,,,,,,,,,,,,,,891925190,89192519000029,70.21Z,,,,,,,,,,,sirene,
DIGIDREAM,,,a contacter,,,,,,,,,,,,marketing_com,Conseil en relations publiques et communication,STRASBOURG,,67,,,,,,,,,,,,,,,,,,,,,,,,,,,,,,,,,,,,,,,,,,,,,,,849443239,84944323900025,70.21Z,,,,,,,,,,,sirene,
DIGILEO,,,a contacter,,,,,,,,,,,,marketing_com,Conseil en relations publiques et communication,VENDIN-LE-VIEIL,,62,,,,,,,,,,,,,,,,,,,,,,,,,,,,,,,,,,,,,,,,,,,,,,,892956467,89295646700039,70.21Z,,,,,,,,,,,sirene,
DIGIMOOD,,,a contacter,,,,,,,,,,,,marketing_com,Activites des agences de publicite,MARSEILLE 16,,13,,,,,,,,,,,,,,,,,,,,,,,,,,,,,,,,,,,,,,,,,,,,,,,501194500,50119450000036,73.11Z,,,,,,,,,,,sirene,
DIGISANTE,,,a contacter,,,,,,,,,,,,marketing_com,Conseil en relations publiques et communication,VANNES,,56,,,,,,,,,,,,,,,,,,,,,,,,,,,,,,,,,,,,,,,,,,,,,,,801517996,80151799600063,70.21Z,,,,,,,,,,,sirene,
DIGITADDICT,,,a contacter,,,,,,,,,,,,marketing_com,Activites des agences de publicite,CANNES,,06,,,,,,,,,,,,,,,,,,,,,,,,,,,,,,,,,,,,,,,,,,,,,,,510491806,51049180600012,73.11Z,,,,,,,,,,,sirene,
DIGITAL ARENA,,,a contacter,,,,,,,,,,,,marketing_com,Activites des agences de publicite,BORDEAUX,,33,,,,,,,,,,,,,,,,,,,,,,,,,,,,,,,,,,,,,,,,,,,,,,,534166731,53416673100024,73.11Z,,,,,,,,,,,sirene,
DIGITAL ARTISTRY,,,a contacter,,,,,,,,,,,,marketing_com,Conseil en relations publiques et communication,NANTERRE,,92,,,,,,,,,,,,,,,,,,,,,,,,,,,,,,,,,,,,,,,,,,,,,,,828845610,82884561000033,70.21Z,,,,,,,,,,,sirene,
DIGITAL CONCEPT,,,a contacter,,,,,,,,,,,,marketing_com,Activites des agences de publicite,DIJON,,21,,,,,,,,,,,,,,,,,,,,,,,,,,,,,,,,,,,,,,,,,,,,,,,404951584,40495158400071,73.11Z,,,,,,,,,,,sirene,
DIGITAL COVER,,,a contacter,,,,,,,,,,,,marketing_com,Activites des agences de publicite,LYON,,69,,,,,,,,,,,,,,,,,,,,,,,,,,,,,,,,,,,,,,,,,,,,,,,490575800,49057580000035,73.11Z,,,,,,,,,,,sirene,
DIGITAL DEVELOPPEMENTS,,,a contacter,,,,,,,,,,,,marketing_com,Activites des agences de publicite,STRASBOURG,,67,,,,,,,,,,,,,,,,,,,,,,,,,,,,,,,,,,,,,,,,,,,,,,,528971997,52897199700036,73.11Z,,,,,,,,,,,sirene,
DIGITAL FACTORY PARIS,,,a contacter,,,,,,,,,,,,marketing_com,Activites des agences de publicite,CLAMART,,92,,,,,,,,,,,,,,,,,,,,,,,,,,,,,,,,,,,,,,,,,,,,,,,890308083,89030808300025,73.11Z,,,,,,,,,,,sirene,
DIGITAL GARDEN,,,a contacter,,,,,,,,,,,,marketing_com,Activites des agences de publicite,NANTES,,44,,,,,,,,,,,,,,,,,,,,,,,,,,,,,,,,,,,,,,,,,,,,,,,814767844,81476784400016,73.11Z,,,,,,,,,,,sirene,
DIGITAL JOUSS,,,a contacter,,,,,,,,,,,,marketing_com,Activites des agences de publicite,MERIGNAC,,33,,,,,,,,,,,,,,,,,,,,,,,,,,,,,,,,,,,,,,,,,,,,,,,953026630,95302663000038,73.11Z,,,,,,,,,,,sirene,
DIGITAL MEDIA INNOVATIONS FRANCE,,,a contacter,,,,,,,,,,,,marketing_com,Conseil en relations publiques et communication,PARIS,,75,,,,,,,,,,,,,,,,,,,,,,,,,,,,,,,,,,,,,,,,,,,,,,,879448413,87944841300028,70.21Z,,,,,,,,,,,sirene,
DIGITAL PASSENGERS,,,a contacter,,,,,,,,,,,,marketing_com,Conseil en relations publiques et communication,BORDEAUX,,33,,,,,,,,,,,,,,,,,,,,,,,,,,,,,,,,,,,,,,,,,,,,,,,827665373,82766537300052,70.21Z,,,,,,,,,,,sirene,
DIGITAL PIPELETTES,,,a contacter,,,,,,,,,,,,marketing_com,Activites des agences de publicite,BORDEAUX,,33,,,,,,,,,,,,,,,,,,,,,,,,,,,,,,,,,,,,,,,,,,,,,,,840094858,84009485800031,73.11Z,,,,,,,,,,,sirene,
DIGITAL ROUTE AB,,,a contacter,,,,,,,,,,,,marketing_com,Conseil en relations publiques et communication,,,,,,,,,,,,,,,,,,,,,,,,,,,,,,,,,,,,,,,,,,,,,,,,,,519278600,51927860000019,70.21Z,,,,,,,,,,,sirene,
DIGITAL STORY,,,a contacter,,,,,,,,,,,,marketing_com,Conseil en relations publiques et communication,PARIS,,75,,,,,,,,,,,,,,,,,,,,,,,,,,,,,,,,,,,,,,,,,,,,,,,878190412,87819041200022,70.21Z,,,,,,,,,,,sirene,
DIGITALIS,,,a contacter,,,,,,,,,,,,marketing_com,Activites des agences de publicite,MUDAISON,,34,,,,,,,,,,,,,,,,,,,,,,,,,,,,,,,,,,,,,,,,,,,,,,,881720510,88172051000018,73.11Z,,,,,,,,,,,sirene,
DIGITALISIM,,,a contacter,,,,,,,,,,,,marketing_com,Activites des agences de publicite,LYON,,69,,,,,,,,,,,,,,,,,,,,,,,,,,,,,,,,,,,,,,,,,,,,,,,880244728,88024472800031,73.11Z,,,,,,,,,,,sirene,
DIGITALOCAL,,,a contacter,,,,,,,,,,,,marketing_com,Activites des agences de publicite,MARSEILLE,,13,,,,,,,,,,,,,,,,,,,,,,,,,,,,,,,,,,,,,,,,,,,,,,,513410779,51341077900096,73.11Z,,,,,,,,,,,sirene,
DIJKSTRA,,,a contacter,,,,,,,,,,,,marketing_com,Conseil en relations publiques et communication,ANNECY,,74,,,,,,,,,,,,,,,,,,,,,,,,,,,,,,,,,,,,,,,,,,,,,,,901251751,90125175100011,70.21Z,,,,,,,,,,,sirene,
DILLY PUBLICITE,,,a contacter,,,,,,,,,,,,marketing_com,Regie publicitaire de medias,MEAUX,,77,,,,,,,,,,,,,,,,,,,,,,,,,,,,,,,,,,,,,,,,,,,,,,,344405154,34440515400040,73.12Z,,,,,,,,,,,sirene,
DIMENSION 4,,,a contacter,,,,,,,,,,,,marketing_com,Activites des agences de publicite,AULNAY-SUR-MAULDRE,,78,,,,,,,,,,,,,,,,,,,,,,,,,,,,,,,,,,,,,,,,,,,,,,,338067531,33806753100040,73.11Z,,,,,,,,,,,sirene,
DIMENSIONCOM,,,a contacter,,,,,,,,,,,,marketing_com,Activites des agences de publicite,ROUSSET,,13,,,,,,,,,,,,,,,,,,,,,,,,,,,,,,,,,,,,,,,,,,,,,,,801534405,80153440500023,73.11Z,,,,,,,,,,,sirene,
DIMENSIONS,,,a contacter,,,,,,,,,,,,marketing_com,Activites des agences de publicite,PEYNIER,,13,,,,,,,,,,,,,,,,,,,,,,,,,,,,,,,,,,,,,,,,,,,,,,,952342814,95234281400029,73.11Z,,,,,,,,,,,sirene,
DINAMICOM,,,a contacter,,,,,,,,,,,,marketing_com,Conseil en relations publiques et communication,PONT L'EVEQUE,,14,,,,,,,,,,,,,,,,,,,,,,,,,,,,,,,,,,,,,,,,,,,,,,,913520201,91352020100017,70.21Z,,,,,,,,,,,sirene,
DISPLAY MARTINIQUE,,,a contacter,,,,,,,,,,,,marketing_com,Activites des agences de publicite,FORT-DE-FRANCE,,972,,,,,,,,,,,,,,,,,,,,,,,,,,,,,,,,,,,,,,,,,,,,,,,518771084,51877108400028,73.11Z,,,,,,,,,,,sirene,
DISPLAY MODERN PUB,,,a contacter,,,,,,,,,,,,marketing_com,Activites des agences de publicite,ROUSIES,,59,,,,,,,,,,,,,,,,,,,,,,,,,,,,,,,,,,,,,,,,,,,,,,,904069929,90406992900019,73.11Z,,,,,,,,,,,sirene,
DISSIDENTIA,,,a contacter,,,,,,,,,,,,marketing_com,Conseil en relations publiques et communication,LYON,,69,,,,,,,,,,,,,,,,,,,,,,,,,,,,,,,,,,,,,,,,,,,,,,,795346493,79534649300047,70.21Z,,,,,,,,,,,sirene,
DISTRI 2L,,,a contacter,,,,,,,,,,,,marketing_com,Activites des agences de publicite,PARIS,,75,,,,,,,,,,,,,,,,,,,,,,,,,,,,,,,,,,,,,,,,,,,,,,,901988501,90198850100028,73.11Z,,,,,,,,,,,sirene,
DISTRI COM,,,a contacter,,,,,,,,,,,,marketing_com,Activites des agences de publicite,CAYENNE,,973,,,,,,,,,,,,,,,,,,,,,,,,,,,,,,,,,,,,,,,,,,,,,,,498123058,49812305800022,73.11Z,,,,,,,,,,,sirene,
DISTRIBUTION CONCEPT INNOVATION DCI,,,a contacter,,,,,,,,,,,,marketing_com,Activites des agences de publicite,TORCY,,77,,,,,,,,,,,,,,,,,,,,,,,,,,,,,,,,,,,,,,,,,,,,,,,823598800,82359880000014,73.11Z,,,,,,,,,,,sirene,
DISTRIMAG FRANCE,,,a contacter,,,,,,,,,,,,marketing_com,Activites des agences de publicite,LE HAILLAN,,33,,,,,,,,,,,,,,,,,,,,,,,,,,,,,,,,,,,,,,,,,,,,,,,912616489,91261648900015,73.11Z,,,,,,,,,,,sirene,
DISTRIMAGE,,,a contacter,,,,,,,,,,,,marketing_com,Regie publicitaire de medias,CHASSIEU,,69,,,,,,,,,,,,,,,,,,,,,,,,,,,,,,,,,,,,,,,,,,,,,,,451921423,45192142300021,73.12Z,,,,,,,,,,,sirene,
DIVALI,,,a contacter,,,,,,,,,,,,marketing_com,Activites des agences de publicite,PARIS,,75,,,,,,,,,,,,,,,,,,,,,,,,,,,,,,,,,,,,,,,,,,,,,,,812370542,81237054200035,73.11Z,,,,,,,,,,,sirene,
DIVINEMENCIEL,,,a contacter,,,,,,,,,,,,marketing_com,Conseil en relations publiques et communication,MARSEILLE,,13,,,,,,,,,,,,,,,,,,,,,,,,,,,,,,,,,,,,,,,,,,,,,,,517488896,51748889600047,70.21Z,,,,,,,,,,,sirene,
DIX,,,a contacter,,,,,,,,,,,,marketing_com,Conseil en relations publiques et communication,BISCHHEIM,,67,,,,,,,,,,,,,,,,,,,,,,,,,,,,,,,,,,,,,,,,,,,,,,,908094188,90809418800020,70.21Z,,,,,,,,,,,sirene,
DIX SEPT PARIS,,,a contacter,,,,,,,,,,,,marketing_com,Conseil en relations publiques et communication,PARIS,,75,,,,,,,,,,,,,,,,,,,,,,,,,,,,,,,,,,,,,,,,,,,,,,,818294332,81829433200031,70.21Z,,,,,,,,,,,sirene,
DIX-SIGN,,,a contacter,,,,,,,,,,,,marketing_com,Activites des agences de publicite,MILLERY,,69,,,,,,,,,,,,,,,,,,,,,,,,,,,,,,,,,,,,,,,,,,,,,,,500746235,50074623500034,73.11Z,,,,,,,,,,,sirene,
DIXICOM,,,a contacter,,,,,,,,,,,,marketing_com,Regie publicitaire de medias,VENDARGUES,,34,,,,,,,,,,,,,,,,,,,,,,,,,,,,,,,,,,,,,,,,,,,,,,,397732140,39773214000041,73.12Z,,,,,,,,,,,sirene,
DIXXIT,,,a contacter,,,,,,,,,,,,marketing_com,Conseil en relations publiques et communication,PARIS,,75,,,,,,,,,,,,,,,,,,,,,,,,,,,,,,,,,,,,,,,,,,,,,,,422570929,42257092900022,70.21Z,,,,,,,,,,,sirene,
DJAK,,,a contacter,,,,,,,,,,,,marketing_com,Activites des agences de publicite,NIMES,,30,,,,,,,,,,,,,,,,,,,,,,,,,,,,,,,,,,,,,,,,,,,,,,,479702789,47970278900070,73.11Z,,,,,,,,,,,sirene,
DJEHOUTI,,,a contacter,,,,,,,,,,,,marketing_com,Conseil en relations publiques et communication,NANTES,,44,,,,,,,,,,,,,,,,,,,,,,,,,,,,,,,,,,,,,,,,,,,,,,,788743458,78874345800044,70.21Z,,,,,,,,,,,sirene,
DK POSE,,,a contacter,,,,,,,,,,,,marketing_com,Activites des agences de publicite,LIMAY,,78,,,,,,,,,,,,,,,,,,,,,,,,,,,,,,,,,,,,,,,,,,,,,,,822427522,82242752200013,73.11Z,,,,,,,,,,,sirene,
DK PRINTING,,,a contacter,,,,,,,,,,,,marketing_com,Activites des agences de publicite,FLERS-EN-ESCREBIEUX,,59,,,,,,,,,,,,,,,,,,,,,,,,,,,,,,,,,,,,,,,,,,,,,,,800273559,80027355900016,73.11Z,,,,,,,,,,,sirene,
DKN SERVICES,,,a contacter,,,,,,,,,,,,marketing_com,Activites des agences de publicite,MARINES,,95,,,,,,,,,,,,,,,,,,,,,,,,,,,,,,,,,,,,,,,,,,,,,,,878979863,87897986300015,73.11Z,,,,,,,,,,,sirene,
DLW ET ASSOCIES,,,a contacter,,,,,,,,,,,,marketing_com,Activites des agences de publicite,PARIS,,75,,,,,,,,,,,,,,,,,,,,,,,,,,,,,,,,,,,,,,,,,,,,,,,301690046,30169004600042,73.11Z,,,,,,,,,,,sirene,
DMA,,,a contacter,,,,,,,,,,,,marketing_com,Activites des agences de publicite,IVRY-SUR-SEINE,,94,,,,,,,,,,,,,,,,,,,,,,,,,,,,,,,,,,,,,,,,,,,,,,,490415627,49041562700044,73.11Z,,,,,,,,,,,sirene,
DME COMMUNICATION,,,a contacter,,,,,,,,,,,,marketing_com,Conseil en relations publiques et communication,NANTES,,44,,,,,,,,,,,,,,,,,,,,,,,,,,,,,,,,,,,,,,,,,,,,,,,753111319,75311131900053,70.21Z,,,,,,,,,,,sirene,
DMS COMMUNICATION,,,a contacter,,,,,,,,,,,,marketing_com,Conseil en relations publiques et communication,PORTO-VECCHIO,,2A,,,,,,,,,,,,,,,,,,,,,,,,,,,,,,,,,,,,,,,,,,,,,,,839085792,83908579200027,70.21Z,,,,,,,,,,,sirene,
DN'D,,,a contacter,,,,,,,,,,,,marketing_com,Activites des agences de publicite,PARIS,,75,,,,,,,,,,,,,,,,,,,,,,,,,,,,,,,,,,,,,,,,,,,,,,,452907546,45290754600124,73.11Z,,,,,,,,,,,sirene,
DO IT,,,a contacter,,,,,,,,,,,,marketing_com,Activites des agences de publicite,SCHILTIGHEIM,,67,,,,,,,,,,,,,,,,,,,,,,,,,,,,,,,,,,,,,,,,,,,,,,,391966439,39196643900062,73.11Z,,,,,,,,,,,sirene,
DOBLE YOU,,,a contacter,,,,,,,,,,,,marketing_com,Activites des agences de publicite,SAINT-DENIS,,974,,,,,,,,,,,,,,,,,,,,,,,,,,,,,,,,,,,,,,,,,,,,,,,889396305,88939630500019,73.11Z,,,,,,,,,,,sirene,
DOCDIRECT,,,a contacter,,,,,,,,,,,,marketing_com,Regie publicitaire de medias,JOIGNY,,89,,,,,,,,,,,,,,,,,,,,,,,,,,,,,,,,,,,,,,,,,,,,,,,592018378,59201837800071,73.12Z,,,,,,,,,,,sirene,
DOCTEUR COM,,,a contacter,,,,,,,,,,,,marketing_com,Regie publicitaire de medias,NEUILLY-SUR-SEINE,,92,,,,,,,,,,,,,,,,,,,,,,,,,,,,,,,,,,,,,,,,,,,,,,,981431059,98143105900014,73.12Z,,,,,,,,,,,sirene,
DODILLE PUBLICITE SARL,,,a contacter,,,,,,,,,,,,marketing_com,Activites des agences de publicite,CHATENOY-LE-ROYAL,,71,,,,,,,,,,,,,,,,,,,,,,,,,,,,,,,,,,,,,,,,,,,,,,,387500838,38750083800041,73.11Z,,,,,,,,,,,sirene,
DOLLAR INT,,,a contacter,,,,,,,,,,,,marketing_com,Activites des agences de publicite,BLANGY-LE-CHATEAU,,14,,,,,,,,,,,,,,,,,,,,,,,,,,,,,,,,,,,,,,,,,,,,,,,352382048,35238204800085,73.11Z,,,,,,,,,,,sirene,
DOM PHARM ANTILLES,,,a contacter,,,,,,,,,,,,marketing_com,Activites des agences de publicite,NEUILLY-SUR-SEINE,,92,,,,,,,,,,,,,,,,,,,,,,,,,,,,,,,,,,,,,,,,,,,,,,,434618088,43461808800059,73.11Z,,,,,,,,,,,sirene,
DOM PHARM OCEAN INDIEN,,,a contacter,,,,,,,,,,,,marketing_com,Activites des agences de publicite,NEUILLY-SUR-SEINE,,92,,,,,,,,,,,,,,,,,,,,,,,,,,,,,,,,,,,,,,,,,,,,,,,417656964,41765696400067,73.11Z,,,,,,,,,,,sirene,
DONCAMELEON,,,a contacter,,,,,,,,,,,,marketing_com,Conseil en relations publiques et communication,CHANTILLY,,60,,,,,,,,,,,,,,,,,,,,,,,,,,,,,,,,,,,,,,,,,,,,,,,889170544,88917054400023,70.21Z,,,,,,,,,,,sirene,
DOO LA,,,a contacter,,,,,,,,,,,,marketing_com,Conseil en relations publiques et communication,BORDEAUX,,33,,,,,,,,,,,,,,,,,,,,,,,,,,,,,,,,,,,,,,,,,,,,,,,528755580,52875558000032,70.21Z,,,,,,,,,,,sirene,
DOOWEET AGENCY,,,a contacter,,,,,,,,,,,,marketing_com,Activites des agences de publicite,MONTPELLIER,,34,,,,,,,,,,,,,,,,,,,,,,,,,,,,,,,,,,,,,,,,,,,,,,,813866829,81386682900076,73.11Z,,,,,,,,,,,sirene,
DOTCOM,,,a contacter,,,,,,,,,,,,marketing_com,Conseil en relations publiques et communication,LA ROCHELLE,,17,,,,,,,,,,,,,,,,,,,,,,,,,,,,,,,,,,,,,,,,,,,,,,,909991804,90999180400016,70.21Z,,,,,,,,,,,sirene,
DOTSCREEN,,,a contacter,,,,,,,,,,,,marketing_com,Conseil en relations publiques et communication,BOULOGNE-BILLANCOURT,,92,,,,,,,,,,,,,,,,,,,,,,,,,,,,,,,,,,,,,,,,,,,,,,,531065936,53106593600027,70.21Z,,,,,,,,,,,sirene,
DOUBLE-IMPACT,,,a contacter,,,,,,,,,,,,marketing_com,Activites des agences de publicite,SAINT-DIDIER-AU-MONT-D OR,,69,,,,,,,,,,,,,,,,,,,,,,,,,,,,,,,,,,,,,,,,,,,,,,,481131308,48113130800035,73.11Z,,,,,,,,,,,sirene,
DOW JONES INTERNATIONAL LTD,,,a contacter,,,,,,,,,,,,marketing_com,Regie publicitaire de medias,,,,,,,,,,,,,,,,,,,,,,,,,,,,,,,,,,,,,,,,,,,,,,,,,,317219277,31721927700017,73.12Z,,,,,,,,,,,sirene,
DPB AGENCY,,,a contacter,,,,,,,,,,,,marketing_com,Conseil en relations publiques et communication,CANNES,,06,,,,,,,,,,,,,,,,,,,,,,,,,,,,,,,,,,,,,,,,,,,,,,,814082996,81408299600020,70.21Z,,,,,,,,,,,sirene,
DPS,,,a contacter,,,,,,,,,,,,marketing_com,Activites des agences de publicite,LILLE,,59,,,,,,,,,,,,,,,,,,,,,,,,,,,,,,,,,,,,,,,,,,,,,,,390295244,39029524400011,73.11Z,,,,,,,,,,,sirene,
DPS FRANCE,,,a contacter,,,,,,,,,,,,marketing_com,Activites des agences de publicite,ENNERY,,95,,,,,,,,,,,,,,,,,,,,,,,,,,,,,,,,,,,,,,,,,,,,,,,812846954,81284695400020,73.11Z,,,,,,,,,,,sirene,
DRAG CRE'ACTION,,,a contacter,,,,,,,,,,,,marketing_com,Activites des agences de publicite,MORANGIS,,91,,,,,,,,,,,,,,,,,,,,,,,,,,,,,,,,,,,,,,,,,,,,,,,439654674,43965467400019,73.11Z,,,,,,,,,,,sirene,
DREAM CATCHER SALES,,,a contacter,,,,,,,,,,,,marketing_com,Conseil en relations publiques et communication,PARIS,,75,,,,,,,,,,,,,,,,,,,,,,,,,,,,,,,,,,,,,,,,,,,,,,,810456244,81045624400047,70.21Z,,,,,,,,,,,sirene,
DREAM ME UP,,,a contacter,,,,,,,,,,,,marketing_com,Conseil en relations publiques et communication,SAINT-AVE,,56,,,,,,,,,,,,,,,,,,,,,,,,,,,,,,,,,,,,,,,,,,,,,,,501021588,50102158800030,70.21Z,,,,,,,,,,,sirene,
DROM'ADHERE,,,a contacter,,,,,,,,,,,,marketing_com,Activites des agences de publicite,VALENCE,,26,,,,,,,,,,,,,,,,,,,,,,,,,,,,,,,,,,,,,,,,,,,,,,,911327500,91132750000029,73.11Z,,,,,,,,,,,sirene,
DS SERVICES,,,a contacter,,,,,,,,,,,,marketing_com,Activites des agences de publicite,SAVIGNY-LE-TEMPLE,,77,,,,,,,,,,,,,,,,,,,,,,,,,,,,,,,,,,,,,,,,,,,,,,,830001319,83000131900029,73.11Z,,,,,,,,,,,sirene,
DS-CONSULTING,,,a contacter,,,,,,,,,,,,marketing_com,Activites des agences de publicite,BISCHHEIM,,67,,,,,,,,,,,,,,,,,,,,,,,,,,,,,,,,,,,,,,,,,,,,,,,488424524,48842452400038,73.11Z,,,,,,,,,,,sirene,
DU BRUIT AU BALCON,,,a contacter,,,,,,,,,,,,marketing_com,Conseil en relations publiques et communication,LYON,,69,,,,,,,,,,,,,,,,,,,,,,,,,,,,,,,,,,,,,,,,,,,,,,,503379372,50337937200017,70.21Z,,,,,,,,,,,sirene,
DU CANAL,,,a contacter,,,,,,,,,,,,marketing_com,Activites des agences de publicite,PARIS,,75,,,,,,,,,,,,,,,,,,,,,,,,,,,,,,,,,,,,,,,,,,,,,,,415222447,41522244700047,73.11Z,,,,,,,,,,,sirene,
DUACOM,,,a contacter,,,,,,,,,,,,marketing_com,Conseil en relations publiques et communication,DOUAI,,59,,,,,,,,,,,,,,,,,,,,,,,,,,,,,,,,,,,,,,,,,,,,,,,489082347,48908234700027,70.21Z,,,,,,,,,,,sirene,
DUFFAY PUBLICITE,,,a contacter,,,,,,,,,,,,marketing_com,Activites des agences de publicite,DREUX,,28,,,,,,,,,,,,,,,,,,,,,,,,,,,,,,,,,,,,,,,,,,,,,,,318649191,31864919100059,73.11Z,,,,,,,,,,,sirene,
DUNK!,,,a contacter,,,,,,,,,,,,marketing_com,Activites des agences de publicite,MARSEILLE,,13,,,,,,,,,,,,,,,,,,,,,,,,,,,,,,,,,,,,,,,,,,,,,,,522774744,52277474400034,73.11Z,,,,,,,,,,,sirene,
DUO'COM,,,a contacter,,,,,,,,,,,,marketing_com,Conseil en relations publiques et communication,PORTE-DE-SAVOIE,,73,,,,,,,,,,,,,,,,,,,,,,,,,,,,,,,,,,,,,,,,,,,,,,,819803909,81980390900046,70.21Z,,,,,,,,,,,sirene,
DUPLEX COMMUNICATION,,,a contacter,,,,,,,,,,,,marketing_com,Activites des agences de publicite,CHALON-SUR-SAONE,,71,,,,,,,,,,,,,,,,,,,,,,,,,,,,,,,,,,,,,,,,,,,,,,,844411165,84441116500039,73.11Z,,,,,,,,,,,sirene,
DURBAN,,,a contacter,,,,,,,,,,,,marketing_com,Activites des agences de publicite,LESPINASSE,,31,,,,,,,,,,,,,,,,,,,,,,,,,,,,,,,,,,,,,,,,,,,,,,,378670202,37867020200027,73.11Z,,,,,,,,,,,sirene,
DYCOM,,,a contacter,,,,,,,,,,,,marketing_com,Conseil en relations publiques et communication,LE MANS,,72,,,,,,,,,,,,,,,,,,,,,,,,,,,,,,,,,,,,,,,,,,,,,,,877973982,87797398200045,70.21Z,,,,,,,,,,,sirene,
DYNAMIC STOCKAGE,,,a contacter,,,,,,,,,,,,marketing_com,Regie publicitaire de medias,SAINT-GENIS-LAVAL,,69,,,,,,,,,,,,,,,,,,,,,,,,,,,,,,,,,,,,,,,,,,,,,,,384020046,38402004600023,73.12Z,,,,,,,,,,,sirene,
DYNAMIQUE DIFFUSION,,,a contacter,,,,,,,,,,,,marketing_com,Regie publicitaire de medias,SAINT-CYR-AU-MONT-D'OR,,69,,,,,,,,,,,,,,,,,,,,,,,,,,,,,,,,,,,,,,,,,,,,,,,823714530,82371453000040,73.12Z,,,,,,,,,,,sirene,
DYNAMO PLUS,,,a contacter,,,,,,,,,,,,marketing_com,Activites des agences de publicite,BREST,,29,,,,,,,,,,,,,,,,,,,,,,,,,,,,,,,,,,,,,,,,,,,,,,,417577392,41757739200026,73.11Z,,,,,,,,,,,sirene,
E CAN GROUP INTERNATIONAL,,,a contacter,,,,,,,,,,,,marketing_com,Activites des agences de publicite,VILLEJUIF,,94,,,,,,,,,,,,,,,,,,,,,,,,,,,,,,,,,,,,,,,,,,,,,,,451023154,45102315400045,73.11Z,,,,,,,,,,,sirene,
E CARAIBES,,,a contacter,,,,,,,,,,,,marketing_com,Activites des agences de publicite,FORT-DE-FRANCE,,972,,,,,,,,,,,,,,,,,,,,,,,,,,,,,,,,,,,,,,,,,,,,,,,480990522,48099052200017,73.11Z,,,,,,,,,,,sirene,
E S E COMMUNICATION,,,a contacter,,,,,,,,,,,,marketing_com,Activites des agences de publicite,FREJUS,,83,,,,,,,,,,,,,,,,,,,,,,,,,,,,,,,,,,,,,,,,,,,,,,,380972844,38097284400050,73.11Z,,,,,,,,,,,sirene,
E-ALCHIMIE,,,a contacter,,,,,,,,,,,,marketing_com,Activites des agences de publicite,CARQUEFOU,,44,,,,,,,,,,,,,,,,,,,,,,,,,,,,,,,,,,,,,,,,,,,,,,,812574259,81257425900014,73.11Z,,,,,,,,,,,sirene,
E-COM,,,a contacter,,,,,,,,,,,,marketing_com,Conseil en relations publiques et communication,CAYENNE,,973,,,,,,,,,,,,,,,,,,,,,,,,,,,,,,,,,,,,,,,,,,,,,,,811346907,81134690700041,70.21Z,,,,,,,,,,,sirene,
E-NEO COMMUNICATION,,,a contacter,,,,,,,,,,,,marketing_com,Activites des agences de publicite,VALENCIENNES,,59,,,,,,,,,,,,,,,,,,,,,,,,,,,,,,,,,,,,,,,,,,,,,,,851057703,85105770300031,73.11Z,,,,,,,,,,,sirene,
E-NOVATE,,,a contacter,,,,,,,,,,,,marketing_com,Regie publicitaire de medias,PARIS,,75,,,,,,,,,,,,,,,,,,,,,,,,,,,,,,,,,,,,,,,,,,,,,,,803351642,80335164200035,73.12Z,,,,,,,,,,,sirene,
E-TE@M,,,a contacter,,,,,,,,,,,,marketing_com,Conseil en relations publiques et communication,BORDEAUX,,33,,,,,,,,,,,,,,,,,,,,,,,,,,,,,,,,,,,,,,,,,,,,,,,753785609,75378560900045,70.21Z,,,,,,,,,,,sirene,
E.C.N DIFFUSION,,,a contacter,,,,,,,,,,,,marketing_com,Activites des agences de publicite,MULHOUSE,,68,,,,,,,,,,,,,,,,,,,,,,,,,,,,,,,,,,,,,,,,,,,,,,,481211100,48121110000013,73.11Z,,,,,,,,,,,sirene,
E.G. ACTIVE,,,a contacter,,,,,,,,,,,,marketing_com,Regie publicitaire de medias,LYON,,69,,,,,,,,,,,,,,,,,,,,,,,,,,,,,,,,,,,,,,,,,,,,,,,491132890,49113289000022,73.12Z,,,,,,,,,,,sirene,
E.M.A.,,,a contacter,,,,,,,,,,,,marketing_com,Conseil en relations publiques et communication,DIJON,,21,,,,,,,,,,,,,,,,,,,,,,,,,,,,,,,,,,,,,,,,,,,,,,,393060264,39306026400073,70.21Z,,,,,,,,,,,sirene,
E.MAGINEURS TOURS,,,a contacter,,,,,,,,,,,,marketing_com,Activites des agences de publicite,SAINT-AVERTIN,,37,,,,,,,,,,,,,,,,,,,,,,,,,,,,,,,,,,,,,,,,,,,,,,,339087868,33908786800024,73.11Z,,,,,,,,,,,sirene,
E.P.H ESPACE PUBLICITE HEBERT,,,a contacter,,,,,,,,,,,,marketing_com,Regie publicitaire de medias,ROUXMESNIL-BOUTEILLES,,76,,,,,,,,,,,,,,,,,,,,,,,,,,,,,,,,,,,,,,,,,,,,,,,390363059,39036305900028,73.12Z,,,,,,,,,,,sirene,
E.P.S.,,,a contacter,,,,,,,,,,,,marketing_com,Activites des agences de publicite,CHESSY,,77,,,,,,,,,,,,,,,,,,,,,,,,,,,,,,,,,,,,,,,,,,,,,,,838689230,83868923000020,73.11Z,,,,,,,,,,,sirene,
E.S.A. ENSEIGNE ET SIGNALETIQUE D'ALSACE,,,a contacter,,,,,,,,,,,,marketing_com,Activites des agences de publicite,STRASBOURG,,67,,,,,,,,,,,,,,,,,,,,,,,,,,,,,,,,,,,,,,,,,,,,,,,794263582,79426358200031,73.11Z,,,,,,,,,,,sirene,
E.U.R.L VERONIQUE RUSSEIL,,,a contacter,,,,,,,,,,,,marketing_com,Activites des agences de publicite,LA ROCHELLE,,17,,,,,,,,,,,,,,,,,,,,,,,,,,,,,,,,,,,,,,,,,,,,,,,502555550,50255555000024,73.11Z,,,,,,,,,,,sirene,
E2 COMMUNICATION,,,a contacter,,,,,,,,,,,,marketing_com,Activites des agences de publicite,MILLAU,,12,,,,,,,,,,,,,,,,,,,,,,,,,,,,,,,,,,,,,,,,,,,,,,,827589524,82758952400020,73.11Z,,,,,,,,,,,sirene,
E2SC,,,a contacter,,,,,,,,,,,,marketing_com,Activites des agences de publicite,PONT-SAINT-MARTIN,,44,,,,,,,,,,,,,,,,,,,,,,,,,,,,,,,,,,,,,,,,,,,,,,,412453599,41245359900042,73.11Z,,,,,,,,,,,sirene,
EASY MEDIA,,,a contacter,,,,,,,,,,,,marketing_com,Activites des agences de publicite,SOMAIN,,59,,,,,,,,,,,,,,,,,,,,,,,,,,,,,,,,,,,,,,,,,,,,,,,914548573,91454857300023,73.11Z,,,,,,,,,,,sirene,
EASY RANK,,,a contacter,,,,,,,,,,,,marketing_com,Activites des agences de publicite,AUBAIS,,30,,,,,,,,,,,,,,,,,,,,,,,,,,,,,,,,,,,,,,,,,,,,,,,831154802,83115480200019,73.11Z,,,,,,,,,,,sirene,
EASYCOM,,,a contacter,,,,,,,,,,,,marketing_com,Activites des agences de publicite,LAVAL,,53,,,,,,,,,,,,,,,,,,,,,,,,,,,,,,,,,,,,,,,,,,,,,,,404178121,40417812100053,73.11Z,,,,,,,,,,,sirene,
EASYSOLAR,,,a contacter,,,,,,,,,,,,marketing_com,Activites des agences de publicite,MENNECY,,91,,,,,,,,,,,,,,,,,,,,,,,,,,,,,,,,,,,,,,,,,,,,,,,503177792,50317779200028,73.11Z,,,,,,,,,,,sirene,
EASYWALL,,,a contacter,,,,,,,,,,,,marketing_com,Activites des agences de publicite,MONDEVILLE,,14,,,,,,,,,,,,,,,,,,,,,,,,,,,,,,,,,,,,,,,,,,,,,,,892881202,89288120200014,73.11Z,,,,,,,,,,,sirene,
EBIQUITY SAS,,,a contacter,,,,,,,,,,,,marketing_com,Activites des agences de publicite,NEUILLY-SUR-SEINE,,92,,,,,,,,,,,,,,,,,,,,,,,,,,,,,,,,,,,,,,,,,,,,,,,518335112,51833511200042,73.11Z,,,,,,,,,,,sirene,
EC'LAURE,,,a contacter,,,,,,,,,,,,marketing_com,Activites des agences de publicite,RODEZ,,12,,,,,,,,,,,,,,,,,,,,,,,,,,,,,,,,,,,,,,,,,,,,,,,825371768,82537176800045,73.11Z,,,,,,,,,,,sirene,
ECENTIME,,,a contacter,,,,,,,,,,,,marketing_com,Conseil en relations publiques et communication,PUTEAUX,,92,,,,,,,,,,,,,,,,,,,,,,,,,,,,,,,,,,,,,,,,,,,,,,,830105219,83010521900026,70.21Z,,,,,,,,,,,sirene,
ECO RETAIL,,,a contacter,,,,,,,,,,,,marketing_com,Activites des agences de publicite,SAINT-CLOUD,,92,,,,,,,,,,,,,,,,,,,,,,,,,,,,,,,,,,,,,,,,,,,,,,,902793694,90279369400032,73.11Z,,,,,,,,,,,sirene,
ECOGESTIK,,,a contacter,,,,,,,,,,,,marketing_com,Conseil en relations publiques et communication,SCEAUX,,92,,,,,,,,,,,,,,,,,,,,,,,,,,,,,,,,,,,,,,,,,,,,,,,789491297,78949129700030,70.21Z,,,,,,,,,,,sirene,
ECOLE DE LA CONSTRUCTION DES INFRASTRUCTURES ET RESEAUX,,,a contacter,,,,,,,,,,,,marketing_com,Conseil en relations publiques et communication,MALLEMORT,,13,,,,,,,,,,,,,,,,,,,,,,,,,,,,,,,,,,,,,,,,,,,,,,,531789634,53178963400015,70.21Z,,,,,,,,,,,sirene,
ECOLOGIE ET COMMUNICATION,,,a contacter,,,,,,,,,,,,marketing_com,Activites des agences de publicite,MARSEILLE,,13,,,,,,,,,,,,,,,,,,,,,,,,,,,,,,,,,,,,,,,,,,,,,,,501798565,50179856500039,73.11Z,,,,,,,,,,,sirene,
ECONEO,,,a contacter,,,,,,,,,,,,marketing_com,Activites des agences de publicite,BOULOGNE-BILLANCOURT,,92,,,,,,,,,,,,,,,,,,,,,,,,,,,,,,,,,,,,,,,,,,,,,,,411900905,41190090500059,73.11Z,,,,,,,,,,,sirene,
ECONOVIA,,,a contacter,,,,,,,,,,,,marketing_com,Conseil en relations publiques et communication,NOGENT-SUR-MARNE,,94,,,,,,,,,,,,,,,,,,,,,,,,,,,,,,,,,,,,,,,,,,,,,,,512608639,51260863900054,70.21Z,,,,,,,,,,,sirene,
ECRAN TOTAL,,,a contacter,,,,,,,,,,,,marketing_com,Activites des agences de publicite,ESCALQUENS,,31,,,,,,,,,,,,,,,,,,,,,,,,,,,,,,,,,,,,,,,,,,,,,,,434396602,43439660200022,73.11Z,,,,,,,,,,,sirene,
ECSELIS,,,a contacter,,,,,,,,,,,,marketing_com,Regie publicitaire de medias,PUTEAUX,,92,,,,,,,,,,,,,,,,,,,,,,,,,,,,,,,,,,,,,,,,,,,,,,,537415309,53741530900021,73.12Z,,,,,,,,,,,sirene,
EDELMAN SA,,,a contacter,,,,,,,,,,,,marketing_com,Conseil en relations publiques et communication,PARIS,,75,,,,,,,,,,,,,,,,,,,,,,,,,,,,,,,,,,,,,,,,,,,,,,,349595876,34959587600096,70.21Z,,,,,,,,,,,sirene,
EDGL,,,a contacter,,,,,,,,,,,,marketing_com,Activites des agences de publicite,LYON,,69,,,,,,,,,,,,,,,,,,,,,,,,,,,,,,,,,,,,,,,,,,,,,,,830693065,83069306500021,73.11Z,,,,,,,,,,,sirene,
EDICOM,,,a contacter,,,,,,,,,,,,marketing_com,Regie publicitaire de medias,NICE,,06,,,,,,,,,,,,,,,,,,,,,,,,,,,,,,,,,,,,,,,,,,,,,,,404176349,40417634900052,73.12Z,,,,,,,,,,,sirene,
EDIFICE,,,a contacter,,,,,,,,,,,,marketing_com,Conseil en relations publiques et communication,GOMETZ-LE-CHATEL,,91,,,,,,,,,,,,,,,,,,,,,,,,,,,,,,,,,,,,,,,,,,,,,,,524775228,52477522800025,70.21Z,,,,,,,,,,,sirene,
EDILYFE,,,a contacter,,,,,,,,,,,,marketing_com,Conseil en relations publiques et communication,SAINT-SAULVE,,59,,,,,,,,,,,,,,,,,,,,,,,,,,,,,,,,,,,,,,,,,,,,,,,790324537,79032453700030,70.21Z,,,,,,,,,,,sirene,
EDISTRA SERVICES,,,a contacter,,,,,,,,,,,,marketing_com,Activites des agences de publicite,BAGNOLET,,93,,,,,,,,,,,,,,,,,,,,,,,,,,,,,,,,,,,,,,,,,,,,,,,825167653,82516765300013,73.11Z,,,,,,,,,,,sirene,
EDIT PUB,,,a contacter,,,,,,,,,,,,marketing_com,Activites des agences de publicite,COLOMIERS,,31,,,,,,,,,,,,,,,,,,,,,,,,,,,,,,,,,,,,,,,,,,,,,,,399743681,39974368100021,73.11Z,,,,,,,,,,,sirene,
EDIT ROUTAGE COMMUNICATION,,,a contacter,,,,,,,,,,,,marketing_com,Activites des agences de publicite,LE PONTET,,84,,,,,,,,,,,,,,,,,,,,,,,,,,,,,,,,,,,,,,,,,,,,,,,414350785,41435078500021,73.11Z,,,,,,,,,,,sirene,
EDIT.COM,,,a contacter,,,,,,,,,,,,marketing_com,Regie publicitaire de medias,MONTELIMAR,,26,,,,,,,,,,,,,,,,,,,,,,,,,,,,,,,,,,,,,,,,,,,,,,,452013865,45201386500053,73.12Z,,,,,,,,,,,sirene,
EDITH DIGITAL,,,a contacter,,,,,,,,,,,,marketing_com,Activites des agences de publicite,PARIS,,75,,,,,,,,,,,,,,,,,,,,,,,,,,,,,,,,,,,,,,,,,,,,,,,819126152,81912615200043,73.11Z,,,,,,,,,,,sirene,
EDITIALIS MEDIA,,,a contacter,,,,,,,,,,,,marketing_com,Activites des agences de publicite,BOULOGNE-BILLANCOURT,,92,,,,,,,,,,,,,,,,,,,,,,,,,,,,,,,,,,,,,,,,,,,,,,,815358254,81535825400036,73.11Z,,,,,,,,,,,sirene,
EDITION CONSEIL PUBLICITE,,,a contacter,,,,,,,,,,,,marketing_com,Activites des agences de publicite,NICE,,06,,,,,,,,,,,,,,,,,,,,,,,,,,,,,,,,,,,,,,,,,,,,,,,844388082,84438808200019,73.11Z,,,,,,,,,,,sirene,
EDITIONS ET PUBLICITE S M D,,,a contacter,,,,,,,,,,,,marketing_com,Activites des agences de publicite,SAINTE-MAXIME,,83,,,,,,,,,,,,,,,,,,,,,,,,,,,,,,,,,,,,,,,,,,,,,,,338481724,33848172400015,73.11Z,,,,,,,,,,,sirene,
EDITIONS LAFITTE HEBRARD,,,a contacter,,,,,,,,,,,,marketing_com,Activites des agences de publicite,BOULOGNE-BILLANCOURT,,92,,,,,,,,,,,,,,,,,,,,,,,,,,,,,,,,,,,,,,,,,,,,,,,552036691,55203669100053,73.11Z,,,,,,,,,,,sirene,
EDITIONS LNA,,,a contacter,,,,,,,,,,,,marketing_com,Activites des agences de publicite,LONGEVILLE-LES-METZ,,57,,,,,,,,,,,,,,,,,,,,,,,,,,,,,,,,,,,,,,,,,,,,,,,750298952,75029895200037,73.11Z,,,,,,,,,,,sirene,
EDITOCOM,,,a contacter,,,,,,,,,,,,marketing_com,Regie publicitaire de medias,GAGNY,,93,,,,,,,,,,,,,,,,,,,,,,,,,,,,,,,,,,,,,,,,,,,,,,,524000635,52400063500036,73.12Z,,,,,,,,,,,sirene,
EEON CONSEIL,,,a contacter,,,,,,,,,,,,marketing_com,Activites des agences de publicite,LYON,,69,,,,,,,,,,,,,,,,,,,,,,,,,,,,,,,,,,,,,,,,,,,,,,,512161423,51216142300037,73.11Z,,,,,,,,,,,sirene,
EF INTERNATIONAL,,,a contacter,,,,,,,,,,,,marketing_com,Activites des agences de publicite,PARIS,,75,,,,,,,,,,,,,,,,,,,,,,,,,,,,,,,,,,,,,,,,,,,,,,,495123275,49512327500028,73.11Z,,,,,,,,,,,sirene,
EFFET BOOMERANG COMMUNICATION,,,a contacter,,,,,,,,,,,,marketing_com,Activites des agences de publicite,SAINT-ALBAN-LEYSSE,,73,,,,,,,,,,,,,,,,,,,,,,,,,,,,,,,,,,,,,,,,,,,,,,,491524765,49152476500030,73.11Z,,,,,,,,,,,sirene,
EFFEVENT,,,a contacter,,,,,,,,,,,,marketing_com,Conseil en relations publiques et communication,REIMS,,51,,,,,,,,,,,,,,,,,,,,,,,,,,,,,,,,,,,,,,,,,,,,,,,878975549,87897554900030,70.21Z,,,,,,,,,,,sirene,
EFFICIENCE MULTI-MEDIA,,,a contacter,,,,,,,,,,,,marketing_com,Activites des agences de publicite,PARIS,,75,,,,,,,,,,,,,,,,,,,,,,,,,,,,,,,,,,,,,,,,,,,,,,,403723505,40372350500018,73.11Z,,,,,,,,,,,sirene,
EFFIMERCH,,,a contacter,,,,,,,,,,,,marketing_com,Activites des agences de publicite,SAINT-DENIS,,974,,,,,,,,,,,,,,,,,,,,,,,,,,,,,,,,,,,,,,,,,,,,,,,534600960,53460096000023,73.11Z,,,,,,,,,,,sirene,
EFFINITY,,,a contacter,,,,,,,,,,,,marketing_com,Activites des agences de publicite,PARIS,,75,,,,,,,,,,,,,,,,,,,,,,,,,,,,,,,,,,,,,,,,,,,,,,,432831550,43283155000095,73.11Z,,,,,,,,,,,sirene,
EFFISCIENCE COMMUNICATION,,,a contacter,,,,,,,,,,,,marketing_com,Activites des agences de publicite,BOULOGNE-BILLANCOURT,,92,,,,,,,,,,,,,,,,,,,,,,,,,,,,,,,,,,,,,,,,,,,,,,,519802615,51980261500038,73.11Z,,,,,,,,,,,sirene,
EGAMI CREATION,,,a contacter,,,,,,,,,,,,marketing_com,Conseil en relations publiques et communication,ISNEAUVILLE,,76,,,,,,,,,,,,,,,,,,,,,,,,,,,,,,,,,,,,,,,,,,,,,,,504420290,50442029000042,70.21Z,,,,,,,,,,,sirene,
EGOPROD,,,a contacter,,,,,,,,,,,,marketing_com,Activites des agences de publicite,DOMPIERRE-SUR-YON,,85,,,,,,,,,,,,,,,,,,,,,,,,,,,,,,,,,,,,,,,,,,,,,,,505107714,50510771400014,73.11Z,,,,,,,,,,,sirene,
EHDEN CONSEIL & DEVELOPPEMENT,,,a contacter,,,,,,,,,,,,marketing_com,Conseil en relations publiques et communication,OCTEVILLE-SUR-MER,,76,,,,,,,,,,,,,,,,,,,,,,,,,,,,,,,,,,,,,,,,,,,,,,,903360105,90336010500022,70.21Z,,,,,,,,,,,sirene,
EK FRANCE SARL,,,a contacter,,,,,,,,,,,,marketing_com,Activites des agences de publicite,NANTERRE,,92,,,,,,,,,,,,,,,,,,,,,,,,,,,,,,,,,,,,,,,,,,,,,,,384048294,38404829400043,73.11Z,,,,,,,,,,,sirene,
EKOLE,,,a contacter,,,,,,,,,,,,marketing_com,Activites des agences de publicite,LA CHAPELLE-SUR-ERDRE,,44,,,,,,,,,,,,,,,,,,,,,,,,,,,,,,,,,,,,,,,,,,,,,,,824567309,82456730900011,73.11Z,,,,,,,,,,,sirene,
EKONSILIO,,,a contacter,,,,,,,,,,,,marketing_com,Conseil en relations publiques et communication,LE MANS,,72,,,,,,,,,,,,,,,,,,,,,,,,,,,,,,,,,,,,,,,,,,,,,,,819732751,81973275100048,70.21Z,,,,,,,,,,,sirene,
EKSTEND CONSULTING,,,a contacter,,,,,,,,,,,,marketing_com,Activites des agences de publicite,MARSEILLE,,13,,,,,,,,,,,,,,,,,,,,,,,,,,,,,,,,,,,,,,,,,,,,,,,495109241,49510924100051,73.11Z,,,,,,,,,,,sirene,
EKSTEND MEDIA,,,a contacter,,,,,,,,,,,,marketing_com,Activites des agences de publicite,MARSEILLE,,13,,,,,,,,,,,,,,,,,,,,,,,,,,,,,,,,,,,,,,,,,,,,,,,537717704,53771770400036,73.11Z,,,,,,,,,,,sirene,
ELBA FRANCE,,,a contacter,,,,,,,,,,,,marketing_com,Activites des agences de publicite,SARTROUVILLE,,78,,,,,,,,,,,,,,,,,,,,,,,,,,,,,,,,,,,,,,,,,,,,,,,488540790,48854079000042,73.11Z,,,,,,,,,,,sirene,
ELEMA AGENCY,,,a contacter,,,,,,,,,,,,marketing_com,Activites des agences de publicite,PARIS,,75,,,,,,,,,,,,,,,,,,,,,,,,,,,,,,,,,,,,,,,,,,,,,,,897998126,89799812600014,73.11Z,,,,,,,,,,,sirene,
ELENI GATSOU EURL,,,a contacter,,,,,,,,,,,,marketing_com,Regie publicitaire de medias,SAMOIS-SUR-SEINE,,77,,,,,,,,,,,,,,,,,,,,,,,,,,,,,,,,,,,,,,,,,,,,,,,530644830,53064483000024,73.12Z,,,,,,,,,,,sirene,
ELEPHANT COM AND EVENTS,,,a contacter,,,,,,,,,,,,marketing_com,Conseil en relations publiques et communication,MULHOUSE,,68,,,,,,,,,,,,,,,,,,,,,,,,,,,,,,,,,,,,,,,,,,,,,,,504467879,50446787900012,70.21Z,,,,,,,,,,,sirene,
ELILOCOM,,,a contacter,,,,,,,,,,,,marketing_com,Conseil en relations publiques et communication,BRETIGNY-SUR-ORGE,,91,,,,,,,,,,,,,,,,,,,,,,,,,,,,,,,,,,,,,,,,,,,,,,,883204364,88320436400011,70.21Z,,,,,,,,,,,sirene,
ELIOPHOT,,,a contacter,,,,,,,,,,,,marketing_com,Activites des agences de publicite,AIX-EN-PROVENCE,,13,,,,,,,,,,,,,,,,,,,,,,,,,,,,,,,,,,,,,,,,,,,,,,,072800337,07280033700056,73.11Z,,,,,,,,,,,sirene,
ELIOTT ET MARKUS,,,a contacter,,,,,,,,,,,,marketing_com,Conseil en relations publiques et communication,PARIS,,75,,,,,,,,,,,,,,,,,,,,,,,,,,,,,,,,,,,,,,,,,,,,,,,483385902,48338590200042,70.21Z,,,,,,,,,,,sirene,
ELITE MODEL MANAGEMENT,,,a contacter,,,,,,,,,,,,marketing_com,Conseil en relations publiques et communication,PARIS,,75,,,,,,,,,,,,,,,,,,,,,,,,,,,,,,,,,,,,,,,,,,,,,,,722002110,72200211000103,70.21Z,,,,,,,,,,,sirene,
ELIXIR DESIGN,,,a contacter,,,,,,,,,,,,marketing_com,Activites des agences de publicite,BOULOGNE-BILLANCOURT,,92,,,,,,,,,,,,,,,,,,,,,,,,,,,,,,,,,,,,,,,,,,,,,,,434536058,43453605800036,73.11Z,,,,,,,,,,,sirene,
ELLIPSE AFFICHAGE,,,a contacter,,,,,,,,,,,,marketing_com,Regie publicitaire de medias,SEMBLANCAY,,37,,,,,,,,,,,,,,,,,,,,,,,,,,,,,,,,,,,,,,,,,,,,,,,430126516,43012651600045,73.12Z,,,,,,,,,,,sirene,
ELLIPSE AFFICHAGE AQUITAINE,,,a contacter,,,,,,,,,,,,marketing_com,Regie publicitaire de medias,BORDEAUX,,33,,,,,,,,,,,,,,,,,,,,,,,,,,,,,,,,,,,,,,,,,,,,,,,451354013,45135401300026,73.12Z,,,,,,,,,,,sirene,
ELLIPSE MEDIA,,,a contacter,,,,,,,,,,,,marketing_com,Conseil en relations publiques et communication,RIVES-DU-LOIR-EN-ANJOU,,49,,,,,,,,,,,,,,,,,,,,,,,,,,,,,,,,,,,,,,,,,,,,,,,921577037,92157703700036,70.21Z,,,,,,,,,,,sirene,
ELM AGENCY,,,a contacter,,,,,,,,,,,,marketing_com,Conseil en relations publiques et communication,MONTPELLIER,,34,,,,,,,,,,,,,,,,,,,,,,,,,,,,,,,,,,,,,,,,,,,,,,,809935026,80993502600025,70.21Z,,,,,,,,,,,sirene,
ELSKER AGENCY,,,a contacter,,,,,,,,,,,,marketing_com,Activites des agences de publicite,ROUBAIX,,59,,,,,,,,,,,,,,,,,,,,,,,,,,,,,,,,,,,,,,,,,,,,,,,817878465,81787846500019,73.11Z,,,,,,,,,,,sirene,
ELUERE ET ASSOCIES,,,a contacter,,,,,,,,,,,,marketing_com,Activites des agences de publicite,NANTES,,44,,,,,,,,,,,,,,,,,,,,,,,,,,,,,,,,,,,,,,,,,,,,,,,790157820,79015782000032,73.11Z,,,,,,,,,,,sirene,
ELVIS,,,a contacter,,,,,,,,,,,,marketing_com,Activites des agences de publicite,VILLEURBANNE,,69,,,,,,,,,,,,,,,,,,,,,,,,,,,,,,,,,,,,,,,,,,,,,,,492054747,49205474700059,73.11Z,,,,,,,,,,,sirene,
EM- COM,,,a contacter,,,,,,,,,,,,marketing_com,Activites des agences de publicite,SAINT-MAUR-DES-FOSSES,,94,,,,,,,,,,,,,,,,,,,,,,,,,,,,,,,,,,,,,,,,,,,,,,,484414545,48441454500026,73.11Z,,,,,,,,,,,sirene,
EMANDARINE,,,a contacter,,,,,,,,,,,,marketing_com,Activites des agences de publicite,POITIERS,,86,,,,,,,,,,,,,,,,,,,,,,,,,,,,,,,,,,,,,,,,,,,,,,,524864550,52486455000024,73.11Z,,,,,,,,,,,sirene,
EMARSYS,,,a contacter,,,,,,,,,,,,marketing_com,Activites des agences de publicite,LEVALLOIS-PERRET,,92,,,,,,,,,,,,,,,,,,,,,,,,,,,,,,,,,,,,,,,,,,,,,,,530844232,53084423200039,73.11Z,,,,,,,,,,,sirene,
EMBALLEGO,,,a contacter,,,,,,,,,,,,marketing_com,Activites des agences de publicite,LE CHAMBON-FEUGEROLLES,,42,,,,,,,,,,,,,,,,,,,,,,,,,,,,,,,,,,,,,,,,,,,,,,,437953441,43795344100049,73.11Z,,,,,,,,,,,sirene,
EMBRASE,,,a contacter,,,,,,,,,,,,marketing_com,Conseil en relations publiques et communication,MAXEVILLE,,54,,,,,,,,,,,,,,,,,,,,,,,,,,,,,,,,,,,,,,,,,,,,,,,913509139,91350913900022,70.21Z,,,,,,,,,,,sirene,
EMENDO,,,a contacter,,,,,,,,,,,,marketing_com,Activites des agences de publicite,MENNECY,,91,,,,,,,,,,,,,,,,,,,,,,,,,,,,,,,,,,,,,,,,,,,,,,,398484238,39848423800041,73.11Z,,,,,,,,,,,sirene,
EMERAUDE SIGNALETIQUE,,,a contacter,,,,,,,,,,,,marketing_com,Activites des agences de publicite,MELESSE,,35,,,,,,,,,,,,,,,,,,,,,,,,,,,,,,,,,,,,,,,,,,,,,,,903050797,90305079700013,73.11Z,,,,,,,,,,,sirene,
EMERGENCE,,,a contacter,,,,,,,,,,,,marketing_com,Activites des agences de publicite,CALUIRE-ET-CUIRE,,69,,,,,,,,,,,,,,,,,,,,,,,,,,,,,,,,,,,,,,,,,,,,,,,499114783,49911478300032,73.11Z,,,,,,,,,,,sirene,
EMMANUEL HUBERT,,,a contacter,,,,,,,,,,,,marketing_com,Conseil en relations publiques et communication,BORDEAUX,,33,,,,,,,,,,,,,,,,,,,,,,,,,,,,,,,,,,,,,,,,,,,,,,,820733863,82073386300014,70.21Z,,,,,,,,,,,sirene,
EMOCOM,,,a contacter,,,,,,,,,,,,marketing_com,Conseil en relations publiques et communication,SARCELLES,,95,,,,,,,,,,,,,,,,,,,,,,,,,,,,,,,,,,,,,,,,,,,,,,,830146924,83014692400014,70.21Z,,,,,,,,,,,sirene,
EMPIRIK,,,a contacter,,,,,,,,,,,,marketing_com,Activites des agences de publicite,LYON,,69,,,,,,,,,,,,,,,,,,,,,,,,,,,,,,,,,,,,,,,,,,,,,,,789205150,78920515000038,73.11Z,,,,,,,,,,,sirene,
EMPOWER CORP,,,a contacter,,,,,,,,,,,,marketing_com,Conseil en relations publiques et communication,CESSON-SEVIGNE,,35,,,,,,,,,,,,,,,,,,,,,,,,,,,,,,,,,,,,,,,,,,,,,,,847828670,84782867000020,70.21Z,,,,,,,,,,,sirene,
EMPREINTE CONSEIL,,,a contacter,,,,,,,,,,,,marketing_com,Activites des agences de publicite,LYON,,69,,,,,,,,,,,,,,,,,,,,,,,,,,,,,,,,,,,,,,,,,,,,,,,498667682,49866768200039,73.11Z,,,,,,,,,,,sirene,
EN PERSONNE,,,a contacter,,,,,,,,,,,,marketing_com,Activites des agences de publicite,BOULOGNE-BILLANCOURT,,92,,,,,,,,,,,,,,,,,,,,,,,,,,,,,,,,,,,,,,,,,,,,,,,408684389,40868438900039,73.11Z,,,,,,,,,,,sirene,
ENCORE UNE BELLE JOURNEE,,,a contacter,,,,,,,,,,,,marketing_com,Activites des agences de publicite,STRASBOURG,,67,,,,,,,,,,,,,,,,,,,,,,,,,,,,,,,,,,,,,,,,,,,,,,,524349974,52434997400021,73.11Z,,,,,,,,,,,sirene,
ENCRE BLEUE,,,a contacter,,,,,,,,,,,,marketing_com,Activites des agences de publicite,MARSEILLE,,13,,,,,,,,,,,,,,,,,,,,,,,,,,,,,,,,,,,,,,,,,,,,,,,383356193,38335619300060,73.11Z,,,,,,,,,,,sirene,
ENESIS COMMUNICATION,,,a contacter,,,,,,,,,,,,marketing_com,Activites des agences de publicite,AUBAGNE,,13,,,,,,,,,,,,,,,,,,,,,,,,,,,,,,,,,,,,,,,,,,,,,,,751479254,75147925400045,73.11Z,,,,,,,,,,,sirene,
ENEZ SUN,,,a contacter,,,,,,,,,,,,marketing_com,Regie publicitaire de medias,LE MESNIL-LE-ROI,,78,,,,,,,,,,,,,,,,,,,,,,,,,,,,,,,,,,,,,,,,,,,,,,,503503252,50350325200028,73.12Z,,,,,,,,,,,sirene,
ENGAGEMENT & ENTREPRISE,,,a contacter,,,,,,,,,,,,marketing_com,Conseil en relations publiques et communication,BOBIGNY,,93,,,,,,,,,,,,,,,,,,,,,,,,,,,,,,,,,,,,,,,,,,,,,,,533516506,53351650600052,70.21Z,,,,,,,,,,,sirene,
ENJIN,,,a contacter,,,,,,,,,,,,marketing_com,Activites des agences de publicite,CHOLET,,49,,,,,,,,,,,,,,,,,,,,,,,,,,,,,,,,,,,,,,,,,,,,,,,797405883,79740588300035,73.11Z,,,,,,,,,,,sirene,
ENJOY SHARING SAS,,,a contacter,,,,,,,,,,,,marketing_com,Conseil en relations publiques et communication,PUTEAUX,,92,,,,,,,,,,,,,,,,,,,,,,,,,,,,,,,,,,,,,,,,,,,,,,,828282756,82828275600026,70.21Z,,,,,,,,,,,sirene,
ENJOY YOUR COMMUNICATION,,,a contacter,,,,,,,,,,,,marketing_com,Activites des agences de publicite,MARSEILLE,,13,,,,,,,,,,,,,,,,,,,,,,,,,,,,,,,,,,,,,,,,,,,,,,,839556800,83955680000028,73.11Z,,,,,,,,,,,sirene,
ENLEYS,,,a contacter,,,,,,,,,,,,marketing_com,Activites des agences de publicite,EPAGNY METZ-TESSY,,74,,,,,,,,,,,,,,,,,,,,,,,,,,,,,,,,,,,,,,,,,,,,,,,529602955,52960295500021,73.11Z,,,,,,,,,,,sirene,
ENOR SALES,,,a contacter,,,,,,,,,,,,marketing_com,Activites des agences de publicite,SALAISE-SUR-SANNE,,38,,,,,,,,,,,,,,,,,,,,,,,,,,,,,,,,,,,,,,,,,,,,,,,539596759,53959675900032,73.11Z,,,,,,,,,,,sirene,
ENSEIGNE MALIN,,,a contacter,,,,,,,,,,,,marketing_com,Activites des agences de publicite,BOURGES,,18,,,,,,,,,,,,,,,,,,,,,,,,,,,,,,,,,,,,,,,,,,,,,,,802738310,80273831000027,73.11Z,,,,,,,,,,,sirene,
ENSEIGNES DU RHONE,,,a contacter,,,,,,,,,,,,marketing_com,Activites des agences de publicite,LA ROCHE-DE-GLUN,,26,,,,,,,,,,,,,,,,,,,,,,,,,,,,,,,,,,,,,,,,,,,,,,,880039185,88003918500017,73.11Z,,,,,,,,,,,sirene,
ENSEIGNES MONNIER,,,a contacter,,,,,,,,,,,,marketing_com,Activites des agences de publicite,FROIDECONCHE,,70,,,,,,,,,,,,,,,,,,,,,,,,,,,,,,,,,,,,,,,,,,,,,,,824860381,82486038100014,73.11Z,,,,,,,,,,,sirene,
ENSEIGNES PUBLICITAIRES JEAN DOLIS,,,a contacter,,,,,,,,,,,,marketing_com,Regie publicitaire de medias,STRASBOURG,,67,,,,,,,,,,,,,,,,,,,,,,,,,,,,,,,,,,,,,,,,,,,,,,,788157725,78815772500011,73.12Z,,,,,,,,,,,sirene,
ENSEIGNES PUBLICITE ADHESIFS,,,a contacter,,,,,,,,,,,,marketing_com,Activites des agences de publicite,CLAMART,,92,,,,,,,,,,,,,,,,,,,,,,,,,,,,,,,,,,,,,,,,,,,,,,,377613369,37761336900026,73.11Z,,,,,,,,,,,sirene,
ENTREMONT SYNERGIES,,,a contacter,,,,,,,,,,,,marketing_com,Activites des agences de publicite,ANNECY,,74,,,,,,,,,,,,,,,,,,,,,,,,,,,,,,,,,,,,,,,,,,,,,,,504231341,50423134100018,73.11Z,,,,,,,,,,,sirene,
ENTREPRISES ET COMMUNICATION,,,a contacter,,,,,,,,,,,,marketing_com,Conseil en relations publiques et communication,POMPIGNAC,,33,,,,,,,,,,,,,,,,,,,,,,,,,,,,,,,,,,,,,,,,,,,,,,,351248026,35124802600079,70.21Z,,,,,,,,,,,sirene,
ENVU2,,,a contacter,,,,,,,,,,,,marketing_com,Conseil en relations publiques et communication,AVESNES-LE-SEC,,59,,,,,,,,,,,,,,,,,,,,,,,,,,,,,,,,,,,,,,,,,,,,,,,538572603,53857260300024,70.21Z,,,,,,,,,,,sirene,
EODYS,,,a contacter,,,,,,,,,,,,marketing_com,Activites des agences de publicite,GUER,,56,,,,,,,,,,,,,,,,,,,,,,,,,,,,,,,,,,,,,,,,,,,,,,,887719987,88771998700034,73.11Z,,,,,,,,,,,sirene,
EPCOM,,,a contacter,,,,,,,,,,,,marketing_com,Activites des agences de publicite,BOULOGNE-BILLANCOURT,,92,,,,,,,,,,,,,,,,,,,,,,,,,,,,,,,,,,,,,,,,,,,,,,,350191938,35019193800058,73.11Z,,,,,,,,,,,sirene,
EPHATTA,,,a contacter,,,,,,,,,,,,marketing_com,Activites des agences de publicite,PARIS,,75,,,,,,,,,,,,,,,,,,,,,,,,,,,,,,,,,,,,,,,,,,,,,,,811572585,81157258500024,73.11Z,,,,,,,,,,,sirene,
EPICURE STUDIO,,,a contacter,,,,,,,,,,,,marketing_com,Activites des agences de publicite,CROISSY-SUR-SEINE,,78,,,,,,,,,,,,,,,,,,,,,,,,,,,,,,,,,,,,,,,,,,,,,,,388048308,38804830800042,73.11Z,,,,,,,,,,,sirene,
EPOKA,,,a contacter,,,,,,,,,,,,marketing_com,Conseil en relations publiques et communication,PARIS,,75,,,,,,,,,,,,,,,,,,,,,,,,,,,,,,,,,,,,,,,,,,,,,,,437814858,43781485800076,70.21Z,,,,,,,,,,,sirene,
EPOQUE SAS,,,a contacter,,,,,,,,,,,,marketing_com,Conseil en relations publiques et communication,PARIS,,75,,,,,,,,,,,,,,,,,,,,,,,,,,,,,,,,,,,,,,,,,,,,,,,893392241,89339224100012,70.21Z,,,,,,,,,,,sirene,
EPSILON GLOBAL COM,,,a contacter,,,,,,,,,,,,marketing_com,Activites des agences de publicite,REIMS,,51,,,,,,,,,,,,,,,,,,,,,,,,,,,,,,,,,,,,,,,,,,,,,,,752881375,75288137500030,73.11Z,,,,,,,,,,,sirene,
EQUESTRIAN NEWS,,,a contacter,,,,,,,,,,,,marketing_com,Conseil en relations publiques et communication,CHANTILLY,,60,,,,,,,,,,,,,,,,,,,,,,,,,,,,,,,,,,,,,,,,,,,,,,,888491842,88849184200025,70.21Z,,,,,,,,,,,sirene,
EQUIRODI,,,a contacter,,,,,,,,,,,,marketing_com,Regie publicitaire de medias,DOLE,,39,,,,,,,,,,,,,,,,,,,,,,,,,,,,,,,,,,,,,,,,,,,,,,,504811373,50481137300019,73.12Z,,,,,,,,,,,sirene,
ERES,,,a contacter,,,,,,,,,,,,marketing_com,Activites des agences de publicite,VANNES,,56,,,,,,,,,,,,,,,,,,,,,,,,,,,,,,,,,,,,,,,,,,,,,,,809152143,80915214300024,73.11Z,,,,,,,,,,,sirene,
ERIC FARGEAS RELATIONS PUBLIQUES,,,a contacter,,,,,,,,,,,,marketing_com,Conseil en relations publiques et communication,PARIS,,75,,,,,,,,,,,,,,,,,,,,,,,,,,,,,,,,,,,,,,,,,,,,,,,512910704,51291070400034,70.21Z,,,,,,,,,,,sirene,
ERIC GARNIER CREATIVE,,,a contacter,,,,,,,,,,,,marketing_com,Conseil en relations publiques et communication,BOURGNEUF,,17,,,,,,,,,,,,,,,,,,,,,,,,,,,,,,,,,,,,,,,,,,,,,,,838433258,83843325800012,70.21Z,,,,,,,,,,,sirene,
ERMON PUBLICITE,,,a contacter,,,,,,,,,,,,marketing_com,Activites des agences de publicite,ROANNE,,42,,,,,,,,,,,,,,,,,,,,,,,,,,,,,,,,,,,,,,,,,,,,,,,810539312,81053931200035,73.11Z,,,,,,,,,,,sirene,
ERRAKLES,,,a contacter,,,,,,,,,,,,marketing_com,Activites des agences de publicite,HERICOURT,,70,,,,,,,,,,,,,,,,,,,,,,,,,,,,,,,,,,,,,,,,,,,,,,,829247766,82924776600027,73.11Z,,,,,,,,,,,sirene,
ESCAL CONSULTING,,,a contacter,,,,,,,,,,,,marketing_com,Conseil en relations publiques et communication,PARIS,,75,,,,,,,,,,,,,,,,,,,,,,,,,,,,,,,,,,,,,,,,,,,,,,,428076897,42807689700043,70.21Z,,,,,,,,,,,sirene,
ESCAPE-COM,,,a contacter,,,,,,,,,,,,marketing_com,Conseil en relations publiques et communication,PONTOISE,,95,,,,,,,,,,,,,,,,,,,,,,,,,,,,,,,,,,,,,,,,,,,,,,,482816915,48281691500052,70.21Z,,,,,,,,,,,sirene,
ESILAB,,,a contacter,,,,,,,,,,,,marketing_com,Conseil en relations publiques et communication,OBERHAUSBERGEN,,67,,,,,,,,,,,,,,,,,,,,,,,,,,,,,,,,,,,,,,,,,,,,,,,790002901,79000290100029,70.21Z,,,,,,,,,,,sirene,
ESOPE,,,a contacter,,,,,,,,,,,,marketing_com,Activites des agences de publicite,CHAMONIX-MONT-BLANC,,74,,,,,,,,,,,,,,,,,,,,,,,,,,,,,,,,,,,,,,,,,,,,,,,778147322,77814732200045,73.11Z,,,,,,,,,,,sirene,
ESPACE COMMUNICATION,,,a contacter,,,,,,,,,,,,marketing_com,Regie publicitaire de medias,BETHUNE,,62,,,,,,,,,,,,,,,,,,,,,,,,,,,,,,,,,,,,,,,,,,,,,,,347659187,34765918700053,73.12Z,,,,,,,,,,,sirene,
ESPACE DECO,,,a contacter,,,,,,,,,,,,marketing_com,Activites des agences de publicite,PONTPOINT,,60,,,,,,,,,,,,,,,,,,,,,,,,,,,,,,,,,,,,,,,,,,,,,,,753127844,75312784400029,73.11Z,,,,,,,,,,,sirene,
ESPACE GRAPHIQUE,,,a contacter,,,,,,,,,,,,marketing_com,Activites des agences de publicite,DIJON,,21,,,,,,,,,,,,,,,,,,,,,,,,,,,,,,,,,,,,,,,,,,,,,,,331860957,33186095700017,73.11Z,,,,,,,,,,,sirene,
ESPACE P.H.R,,,a contacter,,,,,,,,,,,,marketing_com,Activites des agences de publicite,PARIS,,75,,,,,,,,,,,,,,,,,,,,,,,,,,,,,,,,,,,,,,,,,,,,,,,421087883,42108788300045,73.11Z,,,,,,,,,,,sirene,
ESPACE REGIE,,,a contacter,,,,,,,,,,,,marketing_com,Regie publicitaire de medias,CUINCY,,59,,,,,,,,,,,,,,,,,,,,,,,,,,,,,,,,,,,,,,,,,,,,,,,484873864,48487386400033,73.12Z,,,,,,,,,,,sirene,
ESPACES CONSEILS,,,a contacter,,,,,,,,,,,,marketing_com,Activites des agences de publicite,VILLENEUVE-LOUBET,,06,,,,,,,,,,,,,,,,,,,,,,,,,,,,,,,,,,,,,,,,,,,,,,,411477805,41147780500047,73.11Z,,,,,,,,,,,sirene,
ESPRIT DES SENS,,,a contacter,,,,,,,,,,,,marketing_com,Conseil en relations publiques et communication,LYON,,69,,,,,,,,,,,,,,,,,,,,,,,,,,,,,,,,,,,,,,,,,,,,,,,503231854,50323185400046,70.21Z,,,,,,,,,,,sirene,
ESQUISSE PUBLICITE,,,a contacter,,,,,,,,,,,,marketing_com,Activites des agences de publicite,NIORT,,79,,,,,,,,,,,,,,,,,,,,,,,,,,,,,,,,,,,,,,,,,,,,,,,339727760,33972776000029,73.11Z,,,,,,,,,,,sirene,
ESSENTIALS,,,a contacter,,,,,,,,,,,,marketing_com,Conseil en relations publiques et communication,ABBARETZ,,44,,,,,,,,,,,,,,,,,,,,,,,,,,,,,,,,,,,,,,,,,,,,,,,850668989,85066898900013,70.21Z,,,,,,,,,,,sirene,
ESSENTIEL,,,a contacter,,,,,,,,,,,,marketing_com,Conseil en relations publiques et communication,ACIGNE,,35,,,,,,,,,,,,,,,,,,,,,,,,,,,,,,,,,,,,,,,,,,,,,,,501199426,50119942600047,70.21Z,,,,,,,,,,,sirene,
ESSENTIEL CONSEIL,,,a contacter,,,,,,,,,,,,marketing_com,Conseil en relations publiques et communication,FORT-DE-FRANCE,,972,,,,,,,,,,,,,,,,,,,,,,,,,,,,,,,,,,,,,,,,,,,,,,,379834336,37983433600040,70.21Z,,,,,,,,,,,sirene,
ESSENTIEL MARKETING,,,a contacter,,,,,,,,,,,,marketing_com,Conseil en relations publiques et communication,DANJOUTIN,,90,,,,,,,,,,,,,,,,,,,,,,,,,,,,,,,,,,,,,,,,,,,,,,,791960701,79196070100054,70.21Z,,,,,,,,,,,sirene,
ET COMPAGNIE,,,a contacter,,,,,,,,,,,,marketing_com,Conseil en relations publiques et communication,LYON,,69,,,,,,,,,,,,,,,,,,,,,,,,,,,,,,,,,,,,,,,,,,,,,,,421203555,42120355500030,70.21Z,,,,,,,,,,,sirene,
ET POURQUOI PAS,,,a contacter,,,,,,,,,,,,marketing_com,Activites des agences de publicite,LE DORAT,,87,,,,,,,,,,,,,,,,,,,,,,,,,,,,,,,,,,,,,,,,,,,,,,,450101720,45010172000024,73.11Z,,,,,,,,,,,sirene,
ETAT D ESPRIT,,,a contacter,,,,,,,,,,,,marketing_com,Conseil en relations publiques et communication,PARIS,,75,,,,,,,,,,,,,,,,,,,,,,,,,,,,,,,,,,,,,,,,,,,,,,,349629113,34962911300094,70.21Z,,,,,,,,,,,sirene,
ETC IMPRIMERIES,,,a contacter,,,,,,,,,,,,marketing_com,Conseil en relations publiques et communication,YVETOT,,76,,,,,,,,,,,,,,,,,,,,,,,,,,,,,,,,,,,,,,,,,,,,,,,838978310,83897831000012,70.21Z,,,,,,,,,,,sirene,
ETHERO,,,a contacter,,,,,,,,,,,,marketing_com,Activites des agences de publicite,PARIS,,75,,,,,,,,,,,,,,,,,,,,,,,,,,,,,,,,,,,,,,,,,,,,,,,433503851,43350385100035,73.11Z,,,,,,,,,,,sirene,
ETHIC WEB,,,a contacter,,,,,,,,,,,,marketing_com,Conseil en relations publiques et communication,DARDILLY,,69,,,,,,,,,,,,,,,,,,,,,,,,,,,,,,,,,,,,,,,,,,,,,,,410171268,41017126800080,70.21Z,,,,,,,,,,,sirene,
ETHIQUE ET TACT PUBLICITE,,,a contacter,,,,,,,,,,,,marketing_com,Activites des agences de publicite,PLOUAY,,56,,,,,,,,,,,,,,,,,,,,,,,,,,,,,,,,,,,,,,,,,,,,,,,750517922,75051792200019,73.11Z,,,,,,,,,,,sirene,
ETIC,,,a contacter,,,,,,,,,,,,marketing_com,Conseil en relations publiques et communication,AIX-EN-PROVENCE,,13,,,,,,,,,,,,,,,,,,,,,,,,,,,,,,,,,,,,,,,,,,,,,,,449551886,44955188600046,70.21Z,,,,,,,,,,,sirene,
ETIENNE BELLE CREATIONS,,,a contacter,,,,,,,,,,,,marketing_com,Conseil en relations publiques et communication,MORANGIS,,91,,,,,,,,,,,,,,,,,,,,,,,,,,,,,,,,,,,,,,,,,,,,,,,352739346,35273934600042,70.21Z,,,,,,,,,,,sirene,
ETIKEO,,,a contacter,,,,,,,,,,,,marketing_com,Activites des agences de publicite,ASNIERES-SUR-OISE,,95,,,,,,,,,,,,,,,,,,,,,,,,,,,,,,,,,,,,,,,,,,,,,,,513495671,51349567100028,73.11Z,,,,,,,,,,,sirene,
ETINCELLE,,,a contacter,,,,,,,,,,,,marketing_com,Activites des agences de publicite,MONTPELLIER,,34,,,,,,,,,,,,,,,,,,,,,,,,,,,,,,,,,,,,,,,,,,,,,,,387662752,38766275200030,73.11Z,,,,,,,,,,,sirene,
ETOILE ROUGE,,,a contacter,,,,,,,,,,,,marketing_com,Activites des agences de publicite,PANTIN,,93,,,,,,,,,,,,,,,,,,,,,,,,,,,,,,,,,,,,,,,,,,,,,,,432932861,43293286100060,73.11Z,,,,,,,,,,,sirene,
ETRE ETUDIANT,,,a contacter,,,,,,,,,,,,marketing_com,Activites des agences de publicite,RENNES,,35,,,,,,,,,,,,,,,,,,,,,,,,,,,,,,,,,,,,,,,,,,,,,,,830470142,83047014200027,73.11Z,,,,,,,,,,,sirene,
ETS BUQUET,,,a contacter,,,,,,,,,,,,marketing_com,Activites des agences de publicite,SAINTE-MERE-EGLISE,,50,,,,,,,,,,,,,,,,,,,,,,,,,,,,,,,,,,,,,,,,,,,,,,,478921331,47892133100011,73.11Z,,,,,,,,,,,sirene,
ETS LEBON ET FILS,,,a contacter,,,,,,,,,,,,marketing_com,Activites des agences de publicite,MONTUSSAN,,33,,,,,,,,,,,,,,,,,,,,,,,,,,,,,,,,,,,,,,,,,,,,,,,323981902,32398190200063,73.11Z,,,,,,,,,,,sirene,
ETUDES ET MEDIAS,,,a contacter,,,,,,,,,,,,marketing_com,Activites des agences de publicite,BORDEAUX,,33,,,,,,,,,,,,,,,,,,,,,,,,,,,,,,,,,,,,,,,,,,,,,,,322344987,32234498700076,73.11Z,,,,,,,,,,,sirene,
ETUDES METHODES ET STRATEGIES,,,a contacter,,,,,,,,,,,,marketing_com,Conseil en relations publiques et communication,METZ,,57,,,,,,,,,,,,,,,,,,,,,,,,,,,,,,,,,,,,,,,,,,,,,,,802974972,80297497200043,70.21Z,,,,,,,,,,,sirene,
ETYCOM,,,a contacter,,,,,,,,,,,,marketing_com,Conseil en relations publiques et communication,PARIS,,75,,,,,,,,,,,,,,,,,,,,,,,,,,,,,,,,,,,,,,,,,,,,,,,751755075,75175507500031,70.21Z,,,,,,,,,,,sirene,
EUPHORIE,,,a contacter,,,,,,,,,,,,marketing_com,Activites des agences de publicite,PAU,,64,,,,,,,,,,,,,,,,,,,,,,,,,,,,,,,,,,,,,,,,,,,,,,,330440827,33044082700047,73.11Z,,,,,,,,,,,sirene,
EUREKA,,,a contacter,,,,,,,,,,,,marketing_com,Activites des agences de publicite,ACHERES,,78,,,,,,,,,,,,,,,,,,,,,,,,,,,,,,,,,,,,,,,,,,,,,,,400207700,40020770000032,73.11Z,,,,,,,,,,,sirene,
EURIDICE DEVELOPPEMENT,,,a contacter,,,,,,,,,,,,marketing_com,Conseil en relations publiques et communication,MONTAGNY,,69,,,,,,,,,,,,,,,,,,,,,,,,,,,,,,,,,,,,,,,,,,,,,,,525217246,52521724600020,70.21Z,,,,,,,,,,,sirene,
EURL ALEX EDITIONS,,,a contacter,,,,,,,,,,,,marketing_com,Activites des agences de publicite,FEYTIAT,,87,,,,,,,,,,,,,,,,,,,,,,,,,,,,,,,,,,,,,,,,,,,,,,,498887835,49888783500029,73.11Z,,,,,,,,,,,sirene,
EURL DECOH,,,a contacter,,,,,,,,,,,,marketing_com,Activites des agences de publicite,EVREUX,,27,,,,,,,,,,,,,,,,,,,,,,,,,,,,,,,,,,,,,,,,,,,,,,,832237119,83223711900025,73.11Z,,,,,,,,,,,sirene,
EURL START PUBLICITE,,,a contacter,,,,,,,,,,,,marketing_com,Activites des agences de publicite,NIMES,,30,,,,,,,,,,,,,,,,,,,,,,,,,,,,,,,,,,,,,,,,,,,,,,,823631510,82363151000026,73.11Z,,,,,,,,,,,sirene,
EURL STICK LINE,,,a contacter,,,,,,,,,,,,marketing_com,Activites des agences de publicite,BALZAC,,16,,,,,,,,,,,,,,,,,,,,,,,,,,,,,,,,,,,,,,,,,,,,,,,502411689,50241168900024,73.11Z,,,,,,,,,,,sirene,
EURL STRATEGIA,,,a contacter,,,,,,,,,,,,marketing_com,Activites des agences de publicite,TOULOUSE,,31,,,,,,,,,,,,,,,,,,,,,,,,,,,,,,,,,,,,,,,,,,,,,,,493628903,49362890300046,73.11Z,,,,,,,,,,,sirene,
EURL TEMPO,,,a contacter,,,,,,,,,,,,marketing_com,Activites des agences de publicite,PARIS,,75,,,,,,,,,,,,,,,,,,,,,,,,,,,,,,,,,,,,,,,,,,,,,,,393834650,39383465000052,73.11Z,,,,,,,,,,,sirene,
EURL VALOTAIRE,,,a contacter,,,,,,,,,,,,marketing_com,Activites des agences de publicite,BAIS,,35,,,,,,,,,,,,,,,,,,,,,,,,,,,,,,,,,,,,,,,,,,,,,,,533785770,53378577000017,73.11Z,,,,,,,,,,,sirene,
EURO COMPO,,,a contacter,,,,,,,,,,,,marketing_com,Activites des agences de publicite,MONTPELLIER,,34,,,,,,,,,,,,,,,,,,,,,,,,,,,,,,,,,,,,,,,,,,,,,,,350763587,35076358700036,73.11Z,,,,,,,,,,,sirene,
EURO PPS,,,a contacter,,,,,,,,,,,,marketing_com,Activites des agences de publicite,ILLKIRCH-GRAFFENSTADEN,,67,,,,,,,,,,,,,,,,,,,,,,,,,,,,,,,,,,,,,,,,,,,,,,,817755325,81775532500021,73.11Z,,,,,,,,,,,sirene,
EURO-PUB COM,,,a contacter,,,,,,,,,,,,marketing_com,Activites des agences de publicite,CHAVANOZ,,38,,,,,,,,,,,,,,,,,,,,,,,,,,,,,,,,,,,,,,,,,,,,,,,482963154,48296315400034,73.11Z,,,,,,,,,,,sirene,
EUROCONTACT,,,a contacter,,,,,,,,,,,,marketing_com,Regie publicitaire de medias,EVRY-COURCOURONNES,,91,,,,,,,,,,,,,,,,,,,,,,,,,,,,,,,,,,,,,,,,,,,,,,,352196323,35219632300021,73.12Z,,,,,,,,,,,sirene,
EUROLEADS,,,a contacter,,,,,,,,,,,,marketing_com,Activites des agences de publicite,TOURS,,37,,,,,,,,,,,,,,,,,,,,,,,,,,,,,,,,,,,,,,,,,,,,,,,320179922,32017992200077,73.11Z,,,,,,,,,,,sirene,
EURONEWS PARIS,,,a contacter,,,,,,,,,,,,marketing_com,Regie publicitaire de medias,LYON,,69,,,,,,,,,,,,,,,,,,,,,,,,,,,,,,,,,,,,,,,,,,,,,,,423344399,42334439900062,73.12Z,,,,,,,,,,,sirene,
EUROPE DEVELOPPEMENT PARTENAIRES,,,a contacter,,,,,,,,,,,,marketing_com,Regie publicitaire de medias,VITROLLES,,13,,,,,,,,,,,,,,,,,,,,,,,,,,,,,,,,,,,,,,,,,,,,,,,514112549,51411254900019,73.12Z,,,,,,,,,,,sirene,
EUROPE ET COMMUNICATION,,,a contacter,,,,,,,,,,,,marketing_com,Activites des agences de publicite,ORGEVAL,,78,,,,,,,,,,,,,,,,,,,,,,,,,,,,,,,,,,,,,,,,,,,,,,,409804416,40980441600025,73.11Z,,,,,,,,,,,sirene,
EUROPROCUREMENT,,,a contacter,,,,,,,,,,,,marketing_com,Regie publicitaire de medias,PARIS,,75,,,,,,,,,,,,,,,,,,,,,,,,,,,,,,,,,,,,,,,,,,,,,,,492444351,49244435100067,73.12Z,,,,,,,,,,,sirene,
EUROPUB MPE,,,a contacter,,,,,,,,,,,,marketing_com,Activites des agences de publicite,VARENNES-VAUZELLES,,58,,,,,,,,,,,,,,,,,,,,,,,,,,,,,,,,,,,,,,,,,,,,,,,922477708,92247770800015,73.11Z,,,,,,,,,,,sirene,
EUROS AGENCY,,,a contacter,,,,,,,,,,,,marketing_com,Conseil en relations publiques et communication,PARIS,,75,,,,,,,,,,,,,,,,,,,,,,,,,,,,,,,,,,,,,,,,,,,,,,,537864555,53786455500082,70.21Z,,,,,,,,,,,sirene,
EVE AGENCY,,,a contacter,,,,,,,,,,,,marketing_com,Activites des agences de publicite,BOULOGNE-BILLANCOURT,,92,,,,,,,,,,,,,,,,,,,,,,,,,,,,,,,,,,,,,,,,,,,,,,,827564089,82756408900023,73.11Z,,,,,,,,,,,sirene,
EVELYNE,,,a contacter,,,,,,,,,,,,marketing_com,Regie publicitaire de medias,SAINT-JEAN-DE-VEDAS,,34,,,,,,,,,,,,,,,,,,,,,,,,,,,,,,,,,,,,,,,,,,,,,,,404010209,40401020900017,73.12Z,,,,,,,,,,,sirene,
EVELYNE TOULOUSE,,,a contacter,,,,,,,,,,,,marketing_com,Regie publicitaire de medias,TOULOUSE,,31,,,,,,,,,,,,,,,,,,,,,,,,,,,,,,,,,,,,,,,,,,,,,,,442949533,44294953300016,73.12Z,,,,,,,,,,,sirene,
EVENT,,,a contacter,,,,,,,,,,,,marketing_com,Activites des agences de publicite,CARRIERES-SUR-SEINE,,78,,,,,,,,,,,,,,,,,,,,,,,,,,,,,,,,,,,,,,,,,,,,,,,419460712,41946071200013,73.11Z,,,,,,,,,,,sirene,
EVENTIZE,,,a contacter,,,,,,,,,,,,marketing_com,Activites des agences de publicite,NEUILLY-SUR-SEINE,,92,,,,,,,,,,,,,,,,,,,,,,,,,,,,,,,,,,,,,,,,,,,,,,,978342822,97834282200019,73.11Z,,,,,,,,,,,sirene,
EVENTSCAPE,,,a contacter,,,,,,,,,,,,marketing_com,Activites des agences de publicite,BETHENY,,51,,,,,,,,,,,,,,,,,,,,,,,,,,,,,,,,,,,,,,,,,,,,,,,440078525,44007852500050,73.11Z,,,,,,,,,,,sirene,
EVENVISION,,,a contacter,,,,,,,,,,,,marketing_com,Activites des agences de publicite,TREGUEUX,,22,,,,,,,,,,,,,,,,,,,,,,,,,,,,,,,,,,,,,,,,,,,,,,,510424179,51042417900024,73.11Z,,,,,,,,,,,sirene,
EVER IN,,,a contacter,,,,,,,,,,,,marketing_com,Activites des agences de publicite,NEUILLY-SUR-SEINE,,92,,,,,,,,,,,,,,,,,,,,,,,,,,,,,,,,,,,,,,,,,,,,,,,523764066,52376406600040,73.11Z,,,,,,,,,,,sirene,
EVERGREEN MEDIA MARKETING,,,a contacter,,,,,,,,,,,,marketing_com,Activites des agences de publicite,AIMARGUES,,30,,,,,,,,,,,,,,,,,,,,,,,,,,,,,,,,,,,,,,,,,,,,,,,882679855,88267985500016,73.11Z,,,,,,,,,,,sirene,
EVERMAPS,,,a contacter,,,,,,,,,,,,marketing_com,Activites des agences de publicite,PARIS,,75,,,,,,,,,,,,,,,,,,,,,,,,,,,,,,,,,,,,,,,,,,,,,,,494343411,49434341100042,73.11Z,,,,,,,,,,,sirene,
EVERTECH,,,a contacter,,,,,,,,,,,,marketing_com,Conseil en relations publiques et communication,BIDART,,64,,,,,,,,,,,,,,,,,,,,,,,,,,,,,,,,,,,,,,,,,,,,,,,792805202,79280520200035,70.21Z,,,,,,,,,,,sirene,
EVIDENCE,,,a contacter,,,,,,,,,,,,marketing_com,Regie publicitaire de medias,ALTKIRCH,,68,,,,,,,,,,,,,,,,,,,,,,,,,,,,,,,,,,,,,,,,,,,,,,,537763336,53776333600022,73.12Z,,,,,,,,,,,sirene,
EVO'S AGENCY,,,a contacter,,,,,,,,,,,,marketing_com,Conseil en relations publiques et communication,BASSE-TERRE,,971,,,,,,,,,,,,,,,,,,,,,,,,,,,,,,,,,,,,,,,,,,,,,,,921146262,92114626200016,70.21Z,,,,,,,,,,,sirene,
EVOE EVENT,,,a contacter,,,,,,,,,,,,marketing_com,Conseil en relations publiques et communication,NANTES,,44,,,,,,,,,,,,,,,,,,,,,,,,,,,,,,,,,,,,,,,,,,,,,,,894732916,89473291600016,70.21Z,,,,,,,,,,,sirene,
EVOLUTION,,,a contacter,,,,,,,,,,,,marketing_com,Activites des agences de publicite,MEYLAN,,38,,,,,,,,,,,,,,,,,,,,,,,,,,,,,,,,,,,,,,,,,,,,,,,892459843,89245984300041,73.11Z,,,,,,,,,,,sirene,
EVOLVE IT,,,a contacter,,,,,,,,,,,,marketing_com,Conseil en relations publiques et communication,LE VESINET,,78,,,,,,,,,,,,,,,,,,,,,,,,,,,,,,,,,,,,,,,,,,,,,,,815361464,81536146400028,70.21Z,,,,,,,,,,,sirene,
EXCEPTION CULTURELLE EURL,,,a contacter,,,,,,,,,,,,marketing_com,Activites des agences de publicite,MAUGUIO,,34,,,,,,,,,,,,,,,,,,,,,,,,,,,,,,,,,,,,,,,,,,,,,,,443472725,44347272500052,73.11Z,,,,,,,,,,,sirene,
EXIRYS,,,a contacter,,,,,,,,,,,,marketing_com,Conseil en relations publiques et communication,VERSAILLES,,78,,,,,,,,,,,,,,,,,,,,,,,,,,,,,,,,,,,,,,,,,,,,,,,453290678,45329067800037,70.21Z,,,,,,,,,,,sirene,
EXISTE STUDIO,,,a contacter,,,,,,,,,,,,marketing_com,Conseil en relations publiques et communication,LILLE,,59,,,,,,,,,,,,,,,,,,,,,,,,,,,,,,,,,,,,,,,,,,,,,,,909239089,90923908900016,70.21Z,,,,,,,,,,,sirene,
EXPACE,,,a contacter,,,,,,,,,,,,marketing_com,Activites des agences de publicite,CHAPONOST,,69,,,,,,,,,,,,,,,,,,,,,,,,,,,,,,,,,,,,,,,,,,,,,,,390608701,39060870100038,73.11Z,,,,,,,,,,,sirene,
EXPANSION MEDIA,,,a contacter,,,,,,,,,,,,marketing_com,Activites des agences de publicite,MARSEILLE,,13,,,,,,,,,,,,,,,,,,,,,,,,,,,,,,,,,,,,,,,,,,,,,,,404964348,40496434800043,73.11Z,,,,,,,,,,,sirene,
EXPERT PLUS COMMUNICATION,,,a contacter,,,,,,,,,,,,marketing_com,Conseil en relations publiques et communication,TOURS,,37,,,,,,,,,,,,,,,,,,,,,,,,,,,,,,,,,,,,,,,,,,,,,,,918507427,91850742700022,70.21Z,,,,,,,,,,,sirene,
EXPLOSEO,,,a contacter,,,,,,,,,,,,marketing_com,Activites des agences de publicite,PARIS,,75,,,,,,,,,,,,,,,,,,,,,,,,,,,,,,,,,,,,,,,,,,,,,,,808205520,80820552000063,73.11Z,,,,,,,,,,,sirene,
EXPONENS,,,a contacter,,,,,,,,,,,,marketing_com,Activites des agences de publicite,ROGNAC,,13,,,,,,,,,,,,,,,,,,,,,,,,,,,,,,,,,,,,,,,,,,,,,,,425064565,42506456500046,73.11Z,,,,,,,,,,,sirene,
EXPONENTIEL,,,a contacter,,,,,,,,,,,,marketing_com,Activites des agences de publicite,CLICHY,,92,,,,,,,,,,,,,,,,,,,,,,,,,,,,,,,,,,,,,,,,,,,,,,,438239550,43823955000033,73.11Z,,,,,,,,,,,sirene,
EXPRESS PUB,,,a contacter,,,,,,,,,,,,marketing_com,Activites des agences de publicite,VERSAILLES,,78,,,,,,,,,,,,,,,,,,,,,,,,,,,,,,,,,,,,,,,,,,,,,,,879101590,87910159000021,73.11Z,,,,,,,,,,,sirene,
EXPRESSION DIGITALE & CONSULTING,,,a contacter,,,,,,,,,,,,marketing_com,Conseil en relations publiques et communication,PARIS,,75,,,,,,,,,,,,,,,,,,,,,,,,,,,,,,,,,,,,,,,,,,,,,,,424231603,42423160300061,70.21Z,,,,,,,,,,,sirene,
EXPRIMER,,,a contacter,,,,,,,,,,,,marketing_com,Activites des agences de publicite,AIX-EN-PROVENCE,,13,,,,,,,,,,,,,,,,,,,,,,,,,,,,,,,,,,,,,,,,,,,,,,,350246468,35024646800051,73.11Z,,,,,,,,,,,sirene,
EXTERN.COM,,,a contacter,,,,,,,,,,,,marketing_com,Activites des agences de publicite,SAINT-PIERRE,,974,,,,,,,,,,,,,,,,,,,,,,,,,,,,,,,,,,,,,,,,,,,,,,,453289142,45328914200052,73.11Z,,,,,,,,,,,sirene,
EXTIME MEDIA,,,a contacter,,,,,,,,,,,,marketing_com,Regie publicitaire de medias,NEUILLY-SUR-SEINE,,92,,,,,,,,,,,,,,,,,,,,,,,,,,,,,,,,,,,,,,,,,,,,,,,533165692,53316569200013,73.12Z,,,,,,,,,,,sirene,
EXTREME,,,a contacter,,,,,,,,,,,,marketing_com,Activites des agences de publicite,CLICHY,,92,,,,,,,,,,,,,,,,,,,,,,,,,,,,,,,,,,,,,,,,,,,,,,,328469762,32846976200061,73.11Z,,,,,,,,,,,sirene,
EXTREME LIFE,,,a contacter,,,,,,,,,,,,marketing_com,Activites des agences de publicite,CLICHY,,92,,,,,,,,,,,,,,,,,,,,,,,,,,,,,,,,,,,,,,,,,,,,,,,422648857,42264885700023,73.11Z,,,,,,,,,,,sirene,
EXTREME LUXE,,,a contacter,,,,,,,,,,,,marketing_com,Activites des agences de publicite,CLICHY,,92,,,,,,,,,,,,,,,,,,,,,,,,,,,,,,,,,,,,,,,,,,,,,,,908536899,90853689900010,73.11Z,,,,,,,,,,,sirene,
EXTREME MIAAAM,,,a contacter,,,,,,,,,,,,marketing_com,Activites des agences de publicite,CLICHY,,92,,,,,,,,,,,,,,,,,,,,,,,,,,,,,,,,,,,,,,,,,,,,,,,912638798,91263879800013,73.11Z,,,,,,,,,,,sirene,
EXTREME SOCIETY,,,a contacter,,,,,,,,,,,,marketing_com,Activites des agences de publicite,CLICHY,,92,,,,,,,,,,,,,,,,,,,,,,,,,,,,,,,,,,,,,,,,,,,,,,,908574262,90857426200014,73.11Z,,,,,,,,,,,sirene,
EXTREME TOPO,,,a contacter,,,,,,,,,,,,marketing_com,Activites des agences de publicite,CLICHY,,92,,,,,,,,,,,,,,,,,,,,,,,,,,,,,,,,,,,,,,,,,,,,,,,909352668,90935266800018,73.11Z,,,,,,,,,,,sirene,
EYEKARD,,,a contacter,,,,,,,,,,,,marketing_com,Conseil en relations publiques et communication,TOULOUSE,,31,,,,,,,,,,,,,,,,,,,,,,,,,,,,,,,,,,,,,,,,,,,,,,,504515339,50451533900019,70.21Z,,,,,,,,,,,sirene,
EYES UP,,,a contacter,,,,,,,,,,,,marketing_com,Activites des agences de publicite,MONTPELLIER,,34,,,,,,,,,,,,,,,,,,,,,,,,,,,,,,,,,,,,,,,,,,,,,,,429336001,42933600100020,73.11Z,,,,,,,,,,,sirene,
F.I.T.,,,a contacter,,,,,,,,,,,,marketing_com,Activites des agences de publicite,MORNAC-SUR-SEUDRE,,17,,,,,,,,,,,,,,,,,,,,,,,,,,,,,,,,,,,,,,,,,,,,,,,419788021,41978802100055,73.11Z,,,,,,,,,,,sirene,
F.N.A.,,,a contacter,,,,,,,,,,,,marketing_com,Activites des agences de publicite,PONTIVY,,56,,,,,,,,,,,,,,,,,,,,,,,,,,,,,,,,,,,,,,,,,,,,,,,348809799,34880979900045,73.11Z,,,,,,,,,,,sirene,
F.P.I.,,,a contacter,,,,,,,,,,,,marketing_com,Activites des agences de publicite,SAINT-LAURENT-DE-CHAMOUSSET,,69,,,,,,,,,,,,,,,,,,,,,,,,,,,,,,,,,,,,,,,,,,,,,,,499518728,49951872800013,73.11Z,,,,,,,,,,,sirene,
FABERT,,,a contacter,,,,,,,,,,,,marketing_com,Activites des agences de publicite,PARIS,,75,,,,,,,,,,,,,,,,,,,,,,,,,,,,,,,,,,,,,,,,,,,,,,,788855112,78885511200033,73.11Z,,,,,,,,,,,sirene,
FABRIQ PUBLIC RELATIONS,,,a contacter,,,,,,,,,,,,marketing_com,Conseil en relations publiques et communication,NEUILLY-SUR-SEINE,,92,,,,,,,,,,,,,,,,,,,,,,,,,,,,,,,,,,,,,,,,,,,,,,,793262494,79326249400040,70.21Z,,,,,,,,,,,sirene,
FACINGS,,,a contacter,,,,,,,,,,,,marketing_com,Activites des agences de publicite,FORT-DE-FRANCE,,972,,,,,,,,,,,,,,,,,,,,,,,,,,,,,,,,,,,,,,,,,,,,,,,518751367,51875136700021,73.11Z,,,,,,,,,,,sirene,
FACTORY SE,,,a contacter,,,,,,,,,,,,marketing_com,Activites des agences de publicite,BOULOGNE-BILLANCOURT,,92,,,,,,,,,,,,,,,,,,,,,,,,,,,,,,,,,,,,,,,,,,,,,,,825225162,82522516200023,73.11Z,,,,,,,,,,,sirene,
FAIRE SAVOIR,,,a contacter,,,,,,,,,,,,marketing_com,Activites des agences de publicite,CERGY,,95,,,,,,,,,,,,,,,,,,,,,,,,,,,,,,,,,,,,,,,,,,,,,,,413511098,41351109800050,73.11Z,,,,,,,,,,,sirene,
FALCK AND CO,,,a contacter,,,,,,,,,,,,marketing_com,Activites des agences de publicite,FONTENAY-SOUS-BOIS,,94,,,,,,,,,,,,,,,,,,,,,,,,,,,,,,,,,,,,,,,,,,,,,,,789641701,78964170100030,73.11Z,,,,,,,,,,,sirene,
FANA,,,a contacter,,,,,,,,,,,,marketing_com,Conseil en relations publiques et communication,NICE,,06,,,,,,,,,,,,,,,,,,,,,,,,,,,,,,,,,,,,,,,,,,,,,,,429652977,42965297700035,70.21Z,,,,,,,,,,,sirene,
FANFARE PARIS,,,a contacter,,,,,,,,,,,,marketing_com,Conseil en relations publiques et communication,LE PRE-SAINT-GERVAIS,,93,,,,,,,,,,,,,,,,,,,,,,,,,,,,,,,,,,,,,,,,,,,,,,,848371324,84837132400031,70.21Z,,,,,,,,,,,sirene,
FAVOREAT DESIGN EUROPE,,,a contacter,,,,,,,,,,,,marketing_com,Activites des agences de publicite,PARIS,,75,,,,,,,,,,,,,,,,,,,,,,,,,,,,,,,,,,,,,,,,,,,,,,,832808737,83280873700015,73.11Z,,,,,,,,,,,sirene,
FBM COMMUNICATION,,,a contacter,,,,,,,,,,,,marketing_com,Activites des agences de publicite,LA ROQUE-D'ANTHERON,,13,,,,,,,,,,,,,,,,,,,,,,,,,,,,,,,,,,,,,,,,,,,,,,,819138694,81913869400032,73.11Z,,,,,,,,,,,sirene,
FCINQ,,,a contacter,,,,,,,,,,,,marketing_com,Activites des agences de publicite,PARIS,,75,,,,,,,,,,,,,,,,,,,,,,,,,,,,,,,,,,,,,,,,,,,,,,,502889397,50288939700035,73.11Z,,,,,,,,,,,sirene,
FDB DECORATION,,,a contacter,,,,,,,,,,,,marketing_com,Activites des agences de publicite,MERICOURT,,62,,,,,,,,,,,,,,,,,,,,,,,,,,,,,,,,,,,,,,,,,,,,,,,349060665,34906066500032,73.11Z,,,,,,,,,,,sirene,
FDG COM,,,a contacter,,,,,,,,,,,,marketing_com,Activites des agences de publicite,L'UNION,,31,,,,,,,,,,,,,,,,,,,,,,,,,,,,,,,,,,,,,,,,,,,,,,,412191991,41219199100048,73.11Z,,,,,,,,,,,sirene,
FDT,,,a contacter,,,,,,,,,,,,marketing_com,Activites des agences de publicite,SAINT-GERMAIN-LES-ARPAJON,,91,,,,,,,,,,,,,,,,,,,,,,,,,,,,,,,,,,,,,,,,,,,,,,,823672548,82367254800026,73.11Z,,,,,,,,,,,sirene,
FEEL GOOD INTERNATIONAL,,,a contacter,,,,,,,,,,,,marketing_com,Activites des agences de publicite,BOULOGNE-BILLANCOURT,,92,,,,,,,,,,,,,,,,,,,,,,,,,,,,,,,,,,,,,,,,,,,,,,,798312252,79831225200017,73.11Z,,,,,,,,,,,sirene,
FEELINGS EVENT,,,a contacter,,,,,,,,,,,,marketing_com,Conseil en relations publiques et communication,AVANTON,,86,,,,,,,,,,,,,,,,,,,,,,,,,,,,,,,,,,,,,,,,,,,,,,,839650439,83965043900046,70.21Z,,,,,,,,,,,sirene,
FELIX CREATION,,,a contacter,,,,,,,,,,,,marketing_com,Activites des agences de publicite,ANNECY,,74,,,,,,,,,,,,,,,,,,,,,,,,,,,,,,,,,,,,,,,,,,,,,,,384771481,38477148100049,73.11Z,,,,,,,,,,,sirene,
FERRAND,,,a contacter,,,,,,,,,,,,marketing_com,Activites des agences de publicite,VILLEURBANNE,,69,,,,,,,,,,,,,,,,,,,,,,,,,,,,,,,,,,,,,,,,,,,,,,,478761513,47876151300033,73.11Z,,,,,,,,,,,sirene,
FERRARI ET CIE,,,a contacter,,,,,,,,,,,,marketing_com,Activites des agences de publicite,PARIS,,75,,,,,,,,,,,,,,,,,,,,,,,,,,,,,,,,,,,,,,,,,,,,,,,572039352,57203935200024,73.11Z,,,,,,,,,,,sirene,
FGC COMPANY,,,a contacter,,,,,,,,,,,,marketing_com,Conseil en relations publiques et communication,PARIS,,75,,,,,,,,,,,,,,,,,,,,,,,,,,,,,,,,,,,,,,,,,,,,,,,904002821,90400282100018,70.21Z,,,,,,,,,,,sirene,
FGJ,,,a contacter,,,,,,,,,,,,marketing_com,Conseil en relations publiques et communication,MATHIEU,,14,,,,,,,,,,,,,,,,,,,,,,,,,,,,,,,,,,,,,,,,,,,,,,,812777605,81277760500047,70.21Z,,,,,,,,,,,sirene,
FGS GLOBAL (EUROPE) GMBH,,,a contacter,,,,,,,,,,,,marketing_com,Conseil en relations publiques et communication,,,,,,,,,,,,,,,,,,,,,,,,,,,,,,,,,,,,,,,,,,,,,,,,,,904268653,90426865300014,70.21Z,,,,,,,,,,,sirene,
FHV DEVELOPPEMENT,,,a contacter,,,,,,,,,,,,marketing_com,Activites des agences de publicite,MOULT-CHICHEBOVILLE,,14,,,,,,,,,,,,,,,,,,,,,,,,,,,,,,,,,,,,,,,,,,,,,,,809188345,80918834500015,73.11Z,,,,,,,,,,,sirene,
FIDBACK,,,a contacter,,,,,,,,,,,,marketing_com,Conseil en relations publiques et communication,PARIS,,75,,,,,,,,,,,,,,,,,,,,,,,,,,,,,,,,,,,,,,,,,,,,,,,502849300,50284930000038,70.21Z,,,,,,,,,,,sirene,
FIGARO CLASSIFIEDS,,,a contacter,,,,,,,,,,,,marketing_com,Regie publicitaire de medias,PARIS,,75,,,,,,,,,,,,,,,,,,,,,,,,,,,,,,,,,,,,,,,,,,,,,,,431373471,43137347100108,73.12Z,,,,,,,,,,,sirene,
FIGAROMEDIAS,,,a contacter,,,,,,,,,,,,marketing_com,Regie publicitaire de medias,PARIS,,75,,,,,,,,,,,,,,,,,,,,,,,,,,,,,,,,,,,,,,,,,,,,,,,552037244,55203724400704,73.12Z,,,,,,,,,,,sirene,
FILL UP MEDIA,,,a contacter,,,,,,,,,,,,marketing_com,Regie publicitaire de medias,LYON,,69,,,,,,,,,,,,,,,,,,,,,,,,,,,,,,,,,,,,,,,,,,,,,,,527691679,52769167900049,73.12Z,,,,,,,,,,,sirene,
FINACTIS,,,a contacter,,,,,,,,,,,,marketing_com,Conseil en relations publiques et communication,COUBRON,,93,,,,,,,,,,,,,,,,,,,,,,,,,,,,,,,,,,,,,,,,,,,,,,,480587112,48058711200016,70.21Z,,,,,,,,,,,sirene,
FIRST COM,,,a contacter,,,,,,,,,,,,marketing_com,Activites des agences de publicite,MARSEILLE,,13,,,,,,,,,,,,,,,,,,,,,,,,,,,,,,,,,,,,,,,,,,,,,,,415038975,41503897500066,73.11Z,,,,,,,,,,,sirene,
FIRST CONNECTION,,,a contacter,,,,,,,,,,,,marketing_com,Conseil en relations publiques et communication,MONTROUGE,,92,,,,,,,,,,,,,,,,,,,,,,,,,,,,,,,,,,,,,,,,,,,,,,,499079440,49907944000016,70.21Z,,,,,,,,,,,sirene,
FIZEAU,,,a contacter,,,,,,,,,,,,marketing_com,Conseil en relations publiques et communication,LA GARDE,,83,,,,,,,,,,,,,,,,,,,,,,,,,,,,,,,,,,,,,,,,,,,,,,,833958317,83395831700012,70.21Z,,,,,,,,,,,sirene,
FLAG COMMUNICATION,,,a contacter,,,,,,,,,,,,marketing_com,Activites des agences de publicite,PARIS,,75,,,,,,,,,,,,,,,,,,,,,,,,,,,,,,,,,,,,,,,,,,,,,,,413909151,41390915100073,73.11Z,,,,,,,,,,,sirene,
FLAGSHIP,,,a contacter,,,,,,,,,,,,marketing_com,Activites des agences de publicite,FLOIRAC,,33,,,,,,,,,,,,,,,,,,,,,,,,,,,,,,,,,,,,,,,,,,,,,,,982156556,98215655600010,73.11Z,,,,,,,,,,,sirene,
FLANDRES NETWORK,,,a contacter,,,,,,,,,,,,marketing_com,Activites des agences de publicite,MARCQ-EN-BARŒUL,,59,,,,,,,,,,,,,,,,,,,,,,,,,,,,,,,,,,,,,,,,,,,,,,,423947902,42394790200031,73.11Z,,,,,,,,,,,sirene,
FLEET SERVICES GROUP,,,a contacter,,,,,,,,,,,,marketing_com,Activites des agences de publicite,RENNES,,35,,,,,,,,,,,,,,,,,,,,,,,,,,,,,,,,,,,,,,,,,,,,,,,530894708,53089470800037,73.11Z,,,,,,,,,,,sirene,
FLEX'EVENTS,,,a contacter,,,,,,,,,,,,marketing_com,Conseil en relations publiques et communication,SAINT-GENIES-BELLEVUE,,31,,,,,,,,,,,,,,,,,,,,,,,,,,,,,,,,,,,,,,,,,,,,,,,502955073,50295507300049,70.21Z,,,,,,,,,,,sirene,
FLIPPAD,,,a contacter,,,,,,,,,,,,marketing_com,Activites des agences de publicite,NANCY,,54,,,,,,,,,,,,,,,,,,,,,,,,,,,,,,,,,,,,,,,,,,,,,,,490940145,49094014500025,73.11Z,,,,,,,,,,,sirene,
FLYING FOR YOU,,,a contacter,,,,,,,,,,,,marketing_com,Activites des agences de publicite,ASNIERES-SUR-SEINE,,92,,,,,,,,,,,,,,,,,,,,,,,,,,,,,,,,,,,,,,,,,,,,,,,845050517,84505051700018,73.11Z,,,,,,,,,,,sirene,
FM MEDIA SAS,,,a contacter,,,,,,,,,,,,marketing_com,Activites des agences de publicite,WISSOUS,,91,,,,,,,,,,,,,,,,,,,,,,,,,,,,,,,,,,,,,,,,,,,,,,,439588971,43958897100028,73.11Z,,,,,,,,,,,sirene,
FMA,,,a contacter,,,,,,,,,,,,marketing_com,Activites des agences de publicite,TRETS,,13,,,,,,,,,,,,,,,,,,,,,,,,,,,,,,,,,,,,,,,,,,,,,,,514367598,51436759800067,73.11Z,,,,,,,,,,,sirene,
FMAD,,,a contacter,,,,,,,,,,,,marketing_com,Activites des agences de publicite,PUTEAUX,,92,,,,,,,,,,,,,,,,,,,,,,,,,,,,,,,,,,,,,,,,,,,,,,,539187823,53918782300080,73.11Z,,,,,,,,,,,sirene,
FMV PUBLICITE,,,a contacter,,,,,,,,,,,,marketing_com,Activites des agences de publicite,LYON,,69,,,,,,,,,,,,,,,,,,,,,,,,,,,,,,,,,,,,,,,,,,,,,,,478583099,47858309900062,73.11Z,,,,,,,,,,,sirene,
FOLIO,,,a contacter,,,,,,,,,,,,marketing_com,Activites des agences de publicite,EPERNAY,,51,,,,,,,,,,,,,,,,,,,,,,,,,,,,,,,,,,,,,,,,,,,,,,,894495456,89449545600010,73.11Z,,,,,,,,,,,sirene,
FOR MY COM,,,a contacter,,,,,,,,,,,,marketing_com,Activites des agences de publicite,GENNEVILLIERS,,92,,,,,,,,,,,,,,,,,,,,,,,,,,,,,,,,,,,,,,,,,,,,,,,498730076,49873007600037,73.11Z,,,,,,,,,,,sirene,
FORCE DE VENTE MARSEILLE,,,a contacter,,,,,,,,,,,,marketing_com,Regie publicitaire de medias,VITROLLES,,13,,,,,,,,,,,,,,,,,,,,,,,,,,,,,,,,,,,,,,,,,,,,,,,792521999,79252199900013,73.12Z,,,,,,,,,,,sirene,
FORCE FOR GOOD,,,a contacter,,,,,,,,,,,,marketing_com,Conseil en relations publiques et communication,CLICHY,,92,,,,,,,,,,,,,,,,,,,,,,,,,,,,,,,,,,,,,,,,,,,,,,,753261619,75326161900039,70.21Z,,,,,,,,,,,sirene,
FORCE ROSE,,,a contacter,,,,,,,,,,,,marketing_com,Activites des agences de publicite,BOULOGNE-BILLANCOURT,,92,,,,,,,,,,,,,,,,,,,,,,,,,,,,,,,,,,,,,,,,,,,,,,,530370022,53037002200036,73.11Z,,,,,,,,,,,sirene,
FOREST,,,a contacter,,,,,,,,,,,,marketing_com,Conseil en relations publiques et communication,PARIS,,75,,,,,,,,,,,,,,,,,,,,,,,,,,,,,,,,,,,,,,,,,,,,,,,882640543,88264054300048,70.21Z,,,,,,,,,,,sirene,
FORMAT XXL COMMUNICATION,,,a contacter,,,,,,,,,,,,marketing_com,Activites des agences de publicite,EVRY-COURCOURONNES,,91,,,,,,,,,,,,,,,,,,,,,,,,,,,,,,,,,,,,,,,,,,,,,,,419688031,41968803100030,73.11Z,,,,,,,,,,,sirene,
FORUM,,,a contacter,,,,,,,,,,,,marketing_com,Activites des agences de publicite,CAMBRAI,,59,,,,,,,,,,,,,,,,,,,,,,,,,,,,,,,,,,,,,,,,,,,,,,,498569151,49856915100018,73.11Z,,,,,,,,,,,sirene,
FOSSEY & FILS,,,a contacter,,,,,,,,,,,,marketing_com,Activites des agences de publicite,GRENTHEVILLE,,14,,,,,,,,,,,,,,,,,,,,,,,,,,,,,,,,,,,,,,,,,,,,,,,713820371,71382037100027,73.11Z,,,,,,,,,,,sirene,
FOURMIZZ COMMUNICATION,,,a contacter,,,,,,,,,,,,marketing_com,Activites des agences de publicite,BORDEAUX,,33,,,,,,,,,,,,,,,,,,,,,,,,,,,,,,,,,,,,,,,,,,,,,,,523566644,52356664400044,73.11Z,,,,,,,,,,,sirene,
FOXGLOVE,,,a contacter,,,,,,,,,,,,marketing_com,Activites des agences de publicite,LYON,,69,,,,,,,,,,,,,,,,,,,,,,,,,,,,,,,,,,,,,,,,,,,,,,,850330598,85033059800028,73.11Z,,,,,,,,,,,sirene,
FRAICH TOUCH,,,a contacter,,,,,,,,,,,,marketing_com,Conseil en relations publiques et communication,LABEGE,,31,,,,,,,,,,,,,,,,,,,,,,,,,,,,,,,,,,,,,,,,,,,,,,,822195111,82219511100023,70.21Z,,,,,,,,,,,sirene,
FRAMBOLD,,,a contacter,,,,,,,,,,,,marketing_com,Activites des agences de publicite,CAEN,,14,,,,,,,,,,,,,,,,,,,,,,,,,,,,,,,,,,,,,,,,,,,,,,,841935489,84193548900028,73.11Z,,,,,,,,,,,sirene,
FRAME 55,,,a contacter,,,,,,,,,,,,marketing_com,Activites des agences de publicite,PARIS,,75,,,,,,,,,,,,,,,,,,,,,,,,,,,,,,,,,,,,,,,,,,,,,,,888029121,88802912100025,73.11Z,,,,,,,,,,,sirene,
FRANCAISE DE FINANCEMENT ET D'EDITION,,,a contacter,,,,,,,,,,,,marketing_com,Regie publicitaire de medias,PARIS,,75,,,,,,,,,,,,,,,,,,,,,,,,,,,,,,,,,,,,,,,,,,,,,,,315629550,31562955000064,73.12Z,,,,,,,,,,,sirene,
FRANCE ASSAINISSEMENT,,,a contacter,,,,,,,,,,,,marketing_com,Conseil en relations publiques et communication,NEUILLY-SUR-SEINE,,92,,,,,,,,,,,,,,,,,,,,,,,,,,,,,,,,,,,,,,,,,,,,,,,803373117,80337311700032,70.21Z,,,,,,,,,,,sirene,
FRANCE BANDEROLE,,,a contacter,,,,,,,,,,,,marketing_com,Activites des agences de publicite,VITROLLES,,13,,,,,,,,,,,,,,,,,,,,,,,,,,,,,,,,,,,,,,,,,,,,,,,510605140,51060514000043,73.11Z,,,,,,,,,,,sirene,
FRANCE BROCHURE SYSTEM,,,a contacter,,,,,,,,,,,,marketing_com,Regie publicitaire de medias,GONESSE,,95,,,,,,,,,,,,,,,,,,,,,,,,,,,,,,,,,,,,,,,,,,,,,,,352053045,35205304500097,73.12Z,,,,,,,,,,,sirene,
FRANCE EDITIONS,,,a contacter,,,,,,,,,,,,marketing_com,Regie publicitaire de medias,PERPIGNAN,,66,,,,,,,,,,,,,,,,,,,,,,,,,,,,,,,,,,,,,,,,,,,,,,,399003169,39900316900030,73.12Z,,,,,,,,,,,sirene,
FRANCE FORMAT PUBLICITE,,,a contacter,,,,,,,,,,,,marketing_com,Activites des agences de publicite,ROUSSILLON,,38,,,,,,,,,,,,,,,,,,,,,,,,,,,,,,,,,,,,,,,,,,,,,,,534084397,53408439700015,73.11Z,,,,,,,,,,,sirene,
FRANCE MELODIE,,,a contacter,,,,,,,,,,,,marketing_com,Activites des agences de publicite,SARREGUEMINES,,57,,,,,,,,,,,,,,,,,,,,,,,,,,,,,,,,,,,,,,,,,,,,,,,538791922,53879192200015,73.11Z,,,,,,,,,,,sirene,
FRANCE OPTIQUE,,,a contacter,,,,,,,,,,,,marketing_com,Activites des agences de publicite,CHARENTON-LE-PONT,,94,,,,,,,,,,,,,,,,,,,,,,,,,,,,,,,,,,,,,,,,,,,,,,,531556892,53155689200010,73.11Z,,,,,,,,,,,sirene,
FRANCE PUBLISHING,,,a contacter,,,,,,,,,,,,marketing_com,Activites des agences de publicite,PARIS,,75,,,,,,,,,,,,,,,,,,,,,,,,,,,,,,,,,,,,,,,,,,,,,,,480628890,48062889000042,73.11Z,,,,,,,,,,,sirene,
FRANCE REGIE EDITIONS,,,a contacter,,,,,,,,,,,,marketing_com,Activites des agences de publicite,LE RAINCY,,93,,,,,,,,,,,,,,,,,,,,,,,,,,,,,,,,,,,,,,,,,,,,,,,804583029,80458302900025,73.11Z,,,,,,,,,,,sirene,
FRANCE SIGNALETIQUE,,,a contacter,,,,,,,,,,,,marketing_com,Activites des agences de publicite,ESCALQUENS,,31,,,,,,,,,,,,,,,,,,,,,,,,,,,,,,,,,,,,,,,,,,,,,,,500409933,50040993300040,73.11Z,,,,,,,,,,,sirene,
FRANCE TELEVISIONS PUBLICITE,,,a contacter,,,,,,,,,,,,marketing_com,Regie publicitaire de medias,PARIS,,75,,,,,,,,,,,,,,,,,,,,,,,,,,,,,,,,,,,,,,,,,,,,,,,332050038,33205003800147,73.12Z,,,,,,,,,,,sirene,
FRANCE TELEVISIONS PUBLICITE INTER OCEANS,,,a contacter,,,,,,,,,,,,marketing_com,Regie publicitaire de medias,PARIS,,75,,,,,,,,,,,,,,,,,,,,,,,,,,,,,,,,,,,,,,,,,,,,,,,420609984,42060998400208,73.12Z,,,,,,,,,,,sirene,
FRANCE TERROIR,,,a contacter,,,,,,,,,,,,marketing_com,Activites des agences de publicite,CADENET,,84,,,,,,,,,,,,,,,,,,,,,,,,,,,,,,,,,,,,,,,,,,,,,,,450093133,45009313300020,73.11Z,,,,,,,,,,,sirene,
FRANCHISE ADEKWATTS,,,a contacter,,,,,,,,,,,,marketing_com,Conseil en relations publiques et communication,TREGUNC,,29,,,,,,,,,,,,,,,,,,,,,,,,,,,,,,,,,,,,,,,,,,,,,,,919002204,91900220400015,70.21Z,,,,,,,,,,,sirene,
FRANCK PINEL,,,a contacter,,,,,,,,,,,,marketing_com,Activites des agences de publicite,NANTES,,44,,,,,,,,,,,,,,,,,,,,,,,,,,,,,,,,,,,,,,,,,,,,,,,409224698,40922469800038,73.11Z,,,,,,,,,,,sirene,
FRAPPE,,,a contacter,,,,,,,,,,,,marketing_com,Conseil en relations publiques et communication,MONTAUBAN,,82,,,,,,,,,,,,,,,,,,,,,,,,,,,,,,,,,,,,,,,,,,,,,,,819696303,81969630300034,70.21Z,,,,,,,,,,,sirene,
FRAYMEDIA,,,a contacter,,,,,,,,,,,,marketing_com,Regie publicitaire de medias,MARCILLY-D'AZERGUES,,69,,,,,,,,,,,,,,,,,,,,,,,,,,,,,,,,,,,,,,,,,,,,,,,791865249,79186524900050,73.12Z,,,,,,,,,,,sirene,
FREDDY LANCE (ID COM),,,a contacter,,,,,,,,,,,,marketing_com,Activites des agences de publicite,BELLEBRUNE,,62,,,,,,,,,,,,,,,,,,,,,,,,,,,,,,,,,,,,,,,,,,,,,,,508175585,50817558500027,73.11Z,,,,,,,,,,,sirene,
FREE LANCE'S L AGENCE,,,a contacter,,,,,,,,,,,,marketing_com,Activites des agences de publicite,ASNIERES-SUR-SEINE,,92,,,,,,,,,,,,,,,,,,,,,,,,,,,,,,,,,,,,,,,,,,,,,,,419379003,41937900300033,73.11Z,,,,,,,,,,,sirene,
FREE-STYLE,,,a contacter,,,,,,,,,,,,marketing_com,Activites des agences de publicite,PAU,,64,,,,,,,,,,,,,,,,,,,,,,,,,,,,,,,,,,,,,,,,,,,,,,,520069428,52006942800024,73.11Z,,,,,,,,,,,sirene,
FREECOM,,,a contacter,,,,,,,,,,,,marketing_com,Conseil en relations publiques et communication,LYON,,69,,,,,,,,,,,,,,,,,,,,,,,,,,,,,,,,,,,,,,,,,,,,,,,524475944,52447594400046,70.21Z,,,,,,,,,,,sirene,
FREELANCEWEB16,,,a contacter,,,,,,,,,,,,marketing_com,Activites des agences de publicite,MOUTHIERS-SUR-BOEME,,16,,,,,,,,,,,,,,,,,,,,,,,,,,,,,,,,,,,,,,,,,,,,,,,847797560,84779756000020,73.11Z,,,,,,,,,,,sirene,
FRESHR,,,a contacter,,,,,,,,,,,,marketing_com,Conseil en relations publiques et communication,MONT-SAINT-AIGNAN,,76,,,,,,,,,,,,,,,,,,,,,,,,,,,,,,,,,,,,,,,,,,,,,,,832905327,83290532700033,70.21Z,,,,,,,,,,,sirene,
FROUIN PUBLICITE,,,a contacter,,,,,,,,,,,,marketing_com,Activites des agences de publicite,BRESSUIRE,,79,,,,,,,,,,,,,,,,,,,,,,,,,,,,,,,,,,,,,,,,,,,,,,,388119158,38811915800011,73.11Z,,,,,,,,,,,sirene,
FRUIZZ,,,a contacter,,,,,,,,,,,,marketing_com,Activites des agences de publicite,SAINT-HERBLAIN,,44,,,,,,,,,,,,,,,,,,,,,,,,,,,,,,,,,,,,,,,,,,,,,,,505277798,50527779800011,73.11Z,,,,,,,,,,,sirene,
FTH CONSEILS,,,a contacter,,,,,,,,,,,,marketing_com,Activites des agences de publicite,LONGPONT-SUR-ORGE,,91,,,,,,,,,,,,,,,,,,,,,,,,,,,,,,,,,,,,,,,,,,,,,,,897489787,89748978700019,73.11Z,,,,,,,,,,,sirene,
FULL TIME SPORTS,,,a contacter,,,,,,,,,,,,marketing_com,Activites des agences de publicite,MEYLAN,,38,,,,,,,,,,,,,,,,,,,,,,,,,,,,,,,,,,,,,,,,,,,,,,,751410986,75141098600028,73.11Z,,,,,,,,,,,sirene,
FULLSIX FRANCE,,,a contacter,,,,,,,,,,,,marketing_com,Activites des agences de publicite,PANTIN,,93,,,,,,,,,,,,,,,,,,,,,,,,,,,,,,,,,,,,,,,,,,,,,,,438769127,43876912700079,73.11Z,,,,,,,,,,,sirene,
FULLSIX GROUP,,,a contacter,,,,,,,,,,,,marketing_com,Activites des agences de publicite,PANTIN,,93,,,,,,,,,,,,,,,,,,,,,,,,,,,,,,,,,,,,,,,,,,,,,,,414650200,41465020000044,73.11Z,,,,,,,,,,,sirene,
FUNNELO,,,a contacter,,,,,,,,,,,,marketing_com,Activites des agences de publicite,EAUBONNE,,95,,,,,,,,,,,,,,,,,,,,,,,,,,,,,,,,,,,,,,,,,,,,,,,901062158,90106215800026,73.11Z,,,,,,,,,,,sirene,
FUTURAMA,,,a contacter,,,,,,,,,,,,marketing_com,Activites des agences de publicite,BOULOGNE-BILLANCOURT,,92,,,,,,,,,,,,,,,,,,,,,,,,,,,,,,,,,,,,,,,,,,,,,,,352393193,35239319300045,73.11Z,,,,,,,,,,,sirene,
FUTURIS,,,a contacter,,,,,,,,,,,,marketing_com,Activites des agences de publicite,TERSSAC,,81,,,,,,,,,,,,,,,,,,,,,,,,,,,,,,,,,,,,,,,,,,,,,,,389227059,38922705900026,73.11Z,,,,,,,,,,,sirene,
FVF DESIGN,,,a contacter,,,,,,,,,,,,marketing_com,Activites des agences de publicite,LEVALLOIS-PERRET,,92,,,,,,,,,,,,,,,,,,,,,,,,,,,,,,,,,,,,,,,,,,,,,,,502857535,50285753500046,73.11Z,,,,,,,,,,,sirene,
FVIMAGES,,,a contacter,,,,,,,,,,,,marketing_com,Conseil en relations publiques et communication,SERVIAN,,34,,,,,,,,,,,,,,,,,,,,,,,,,,,,,,,,,,,,,,,,,,,,,,,885347153,88534715300037,70.21Z,,,,,,,,,,,sirene,
FX CONSULTING,,,a contacter,,,,,,,,,,,,marketing_com,Conseil en relations publiques et communication,GRENOBLE,,38,,,,,,,,,,,,,,,,,,,,,,,,,,,,,,,,,,,,,,,,,,,,,,,448929851,44892985100039,70.21Z,,,,,,,,,,,sirene,
FXM EVENEMENTS SARL,,,a contacter,,,,,,,,,,,,marketing_com,Activites des agences de publicite,ROUBAIX,,59,,,,,,,,,,,,,,,,,,,,,,,,,,,,,,,,,,,,,,,,,,,,,,,442444626,44244462600034,73.11Z,,,,,,,,,,,sirene,
G 7,,,a contacter,,,,,,,,,,,,marketing_com,Activites des agences de publicite,CONCREMIERS,,36,,,,,,,,,,,,,,,,,,,,,,,,,,,,,,,,,,,,,,,,,,,,,,,485051551,48505155100011,73.11Z,,,,,,,,,,,sirene,
G L G SERIGRAPHIE,,,a contacter,,,,,,,,,,,,marketing_com,Activites des agences de publicite,VAULX-EN-VELIN,,69,,,,,,,,,,,,,,,,,,,,,,,,,,,,,,,,,,,,,,,,,,,,,,,402487052,40248705200027,73.11Z,,,,,,,,,,,sirene,
G-COMMUNICATION,,,a contacter,,,,,,,,,,,,marketing_com,Conseil en relations publiques et communication,MONTAUBAN,,82,,,,,,,,,,,,,,,,,,,,,,,,,,,,,,,,,,,,,,,,,,,,,,,538138009,53813800900013,70.21Z,,,,,,,,,,,sirene,
G.P.S MERCHANDISING,,,a contacter,,,,,,,,,,,,marketing_com,Activites des agences de publicite,BAIE-MAHAULT,,971,,,,,,,,,,,,,,,,,,,,,,,,,,,,,,,,,,,,,,,,,,,,,,,882594997,88259499700018,73.11Z,,,,,,,,,,,sirene,
G.P.S.,,,a contacter,,,,,,,,,,,,marketing_com,Activites des agences de publicite,IVRY-SUR-SEINE,,94,,,,,,,,,,,,,,,,,,,,,,,,,,,,,,,,,,,,,,,,,,,,,,,414814509,41481450900017,73.11Z,,,,,,,,,,,sirene,
G.S.P 57,,,a contacter,,,,,,,,,,,,marketing_com,Activites des agences de publicite,MARLY,,57,,,,,,,,,,,,,,,,,,,,,,,,,,,,,,,,,,,,,,,,,,,,,,,483261301,48326130100020,73.11Z,,,,,,,,,,,sirene,
G2M,,,a contacter,,,,,,,,,,,,marketing_com,Activites des agences de publicite,GUILHERAND-GRANGES,,07,,,,,,,,,,,,,,,,,,,,,,,,,,,,,,,,,,,,,,,,,,,,,,,351354717,35135471700032,73.11Z,,,,,,,,,,,sirene,
GA MEDIA,,,a contacter,,,,,,,,,,,,marketing_com,Activites des agences de publicite,LA BARBEN,,13,,,,,,,,,,,,,,,,,,,,,,,,,,,,,,,,,,,,,,,,,,,,,,,807959176,80795917600023,73.11Z,,,,,,,,,,,sirene,
GA NICE,,,a contacter,,,,,,,,,,,,marketing_com,Activites des agences de publicite,ROQUEBRUNE-SUR-ARGENS,,83,,,,,,,,,,,,,,,,,,,,,,,,,,,,,,,,,,,,,,,,,,,,,,,899475917,89947591700022,73.11Z,,,,,,,,,,,sirene,
GALAGO,,,a contacter,,,,,,,,,,,,marketing_com,Conseil en relations publiques et communication,ONET-LE-CHATEAU,,12,,,,,,,,,,,,,,,,,,,,,,,,,,,,,,,,,,,,,,,,,,,,,,,511286486,51128648600028,70.21Z,,,,,,,,,,,sirene,
GALOPINS,,,a contacter,,,,,,,,,,,,marketing_com,Conseil en relations publiques et communication,NANTES,,44,,,,,,,,,,,,,,,,,,,,,,,,,,,,,,,,,,,,,,,,,,,,,,,901232348,90123234800044,70.21Z,,,,,,,,,,,sirene,
GAO COMMUNICATION,,,a contacter,,,,,,,,,,,,marketing_com,Activites des agences de publicite,ANNECY,,74,,,,,,,,,,,,,,,,,,,,,,,,,,,,,,,,,,,,,,,,,,,,,,,333634616,33363461600051,73.11Z,,,,,,,,,,,sirene,
GARCHETTE COMMUNICATION,,,a contacter,,,,,,,,,,,,marketing_com,Activites des agences de publicite,SAINT-OMER,,62,,,,,,,,,,,,,,,,,,,,,,,,,,,,,,,,,,,,,,,,,,,,,,,576680060,57668006000026,73.11Z,,,,,,,,,,,sirene,
GARNAULT & ASSOCIES,,,a contacter,,,,,,,,,,,,marketing_com,Conseil en relations publiques et communication,RENNES,,35,,,,,,,,,,,,,,,,,,,,,,,,,,,,,,,,,,,,,,,,,,,,,,,818007288,81800728800066,70.21Z,,,,,,,,,,,sirene,
GASTON DIFFUSION,,,a contacter,,,,,,,,,,,,marketing_com,Activites des agences de publicite,PARIS,,75,,,,,,,,,,,,,,,,,,,,,,,,,,,,,,,,,,,,,,,,,,,,,,,818223562,81822356200062,73.11Z,,,,,,,,,,,sirene,
GAZELLE COMMUNICATION,,,a contacter,,,,,,,,,,,,marketing_com,Activites des agences de publicite,LE CANNET,,06,,,,,,,,,,,,,,,,,,,,,,,,,,,,,,,,,,,,,,,,,,,,,,,382812865,38281286500022,73.11Z,,,,,,,,,,,sirene,
GB ENTERTAINMENT,,,a contacter,,,,,,,,,,,,marketing_com,Conseil en relations publiques et communication,PARIS,,75,,,,,,,,,,,,,,,,,,,,,,,,,,,,,,,,,,,,,,,,,,,,,,,903474799,90347479900033,70.21Z,,,,,,,,,,,sirene,
GB ORGANISATION,,,a contacter,,,,,,,,,,,,marketing_com,Activites des agences de publicite,LATTES,,34,,,,,,,,,,,,,,,,,,,,,,,,,,,,,,,,,,,,,,,,,,,,,,,483384863,48338486300021,73.11Z,,,,,,,,,,,sirene,
GDD,,,a contacter,,,,,,,,,,,,marketing_com,Conseil en relations publiques et communication,LE PLESSIS ROBINSON,,92,,,,,,,,,,,,,,,,,,,,,,,,,,,,,,,,,,,,,,,,,,,,,,,883563454,88356345400031,70.21Z,,,,,,,,,,,sirene,
GECODIS (GROUPE EUROPEEN DE COMMUNICATION ET DE DISTRIBUTION),,,a contacter,,,,,,,,,,,,marketing_com,Activites des agences de publicite,PARIS,,75,,,,,,,,,,,,,,,,,,,,,,,,,,,,,,,,,,,,,,,,,,,,,,,420690893,42069089300037,73.11Z,,,,,,,,,,,sirene,
GEEK JUNIOR,,,a contacter,,,,,,,,,,,,marketing_com,Regie publicitaire de medias,GAILLAC,,81,,,,,,,,,,,,,,,,,,,,,,,,,,,,,,,,,,,,,,,,,,,,,,,848914289,84891428900014,73.12Z,,,,,,,,,,,sirene,
GEMME AGENCY,,,a contacter,,,,,,,,,,,,marketing_com,Activites des agences de publicite,PARIS,,75,,,,,,,,,,,,,,,,,,,,,,,,,,,,,,,,,,,,,,,,,,,,,,,884349077,88434907700054,73.11Z,,,,,,,,,,,sirene,
GENCONTACT,,,a contacter,,,,,,,,,,,,marketing_com,Regie publicitaire de medias,GUIGNES,,77,,,,,,,,,,,,,,,,,,,,,,,,,,,,,,,,,,,,,,,,,,,,,,,505299180,50529918000040,73.12Z,,,,,,,,,,,sirene,
GENIA MEDIA,,,a contacter,,,,,,,,,,,,marketing_com,Activites des agences de publicite,TOURNEFEUILLE,,31,,,,,,,,,,,,,,,,,,,,,,,,,,,,,,,,,,,,,,,,,,,,,,,834999096,83499909600011,73.11Z,,,,,,,,,,,sirene,
GENIUS& CO,,,a contacter,,,,,,,,,,,,marketing_com,Activites des agences de publicite,CHASSENEUIL-DU-POITOU,,86,,,,,,,,,,,,,,,,,,,,,,,,,,,,,,,,,,,,,,,,,,,,,,,448605816,44860581600041,73.11Z,,,,,,,,,,,sirene,
GEORGE V CONSULTEL,,,a contacter,,,,,,,,,,,,marketing_com,Activites des agences de publicite,SAINT-OUEN-SUR-SEINE,,93,,,,,,,,,,,,,,,,,,,,,,,,,,,,,,,,,,,,,,,,,,,,,,,433022142,43302214200072,73.11Z,,,,,,,,,,,sirene,
GERMAIN,,,a contacter,,,,,,,,,,,,marketing_com,Conseil en relations publiques et communication,SAINT-MICHEL-SUR-ORGE,,91,,,,,,,,,,,,,,,,,,,,,,,,,,,,,,,,,,,,,,,,,,,,,,,832552830,83255283000024,70.21Z,,,,,,,,,,,sirene,
GESTION CLODEJAC,,,a contacter,,,,,,,,,,,,marketing_com,Activites des agences de publicite,POITIERS,,86,,,,,,,,,,,,,,,,,,,,,,,,,,,,,,,,,,,,,,,,,,,,,,,444607717,44460771700030,73.11Z,,,,,,,,,,,sirene,
GESTION EDITION CONCEPTION,,,a contacter,,,,,,,,,,,,marketing_com,Activites des agences de publicite,SAINT-HERBLAIN,,44,,,,,,,,,,,,,,,,,,,,,,,,,,,,,,,,,,,,,,,,,,,,,,,314730763,31473076300070,73.11Z,,,,,,,,,,,sirene,
GG AFFICHAGE,,,a contacter,,,,,,,,,,,,marketing_com,Activites des agences de publicite,PAROY,,77,,,,,,,,,,,,,,,,,,,,,,,,,,,,,,,,,,,,,,,,,,,,,,,853467082,85346708200014,73.11Z,,,,,,,,,,,sirene,
GHEPARDO MARKETING,,,a contacter,,,,,,,,,,,,marketing_com,Conseil en relations publiques et communication,LILLE,,59,,,,,,,,,,,,,,,,,,,,,,,,,,,,,,,,,,,,,,,,,,,,,,,843302605,84330260500020,70.21Z,,,,,,,,,,,sirene,
GIE COMMERCANTS CENTRE LA GALLERIA,,,a contacter,,,,,,,,,,,,marketing_com,Activites des agences de publicite,LE LAMENTIN,,972,,,,,,,,,,,,,,,,,,,,,,,,,,,,,,,,,,,,,,,,,,,,,,,348498916,34849891600025,73.11Z,,,,,,,,,,,sirene,
GIE EPINAL,,,a contacter,,,,,,,,,,,,marketing_com,Activites des agences de publicite,EPINAL,,88,,,,,,,,,,,,,,,,,,,,,,,,,,,,,,,,,,,,,,,,,,,,,,,913963518,91396351800018,73.11Z,,,,,,,,,,,sirene,
GIE LE HAVRE MONTGAILLARD,,,a contacter,,,,,,,,,,,,marketing_com,Activites des agences de publicite,LE HAVRE,,76,,,,,,,,,,,,,,,,,,,,,,,,,,,,,,,,,,,,,,,,,,,,,,,921847794,92184779400010,73.11Z,,,,,,,,,,,sirene,
GIE MEDIAPILOTE,,,a contacter,,,,,,,,,,,,marketing_com,Activites des agences de publicite,VERTOU,,44,,,,,,,,,,,,,,,,,,,,,,,,,,,,,,,,,,,,,,,,,,,,,,,913263620,91326362000019,73.11Z,,,,,,,,,,,sirene,
GIE SAINT RAPHAEL,,,a contacter,,,,,,,,,,,,marketing_com,Activites des agences de publicite,SAINT-RAPHAEL,,83,,,,,,,,,,,,,,,,,,,,,,,,,,,,,,,,,,,,,,,,,,,,,,,911869527,91186952700018,73.11Z,,,,,,,,,,,sirene,
GIE SNAM,,,a contacter,,,,,,,,,,,,marketing_com,Conseil en relations publiques et communication,CHAMBERY,,73,,,,,,,,,,,,,,,,,,,,,,,,,,,,,,,,,,,,,,,,,,,,,,,914690094,91469009400018,70.21Z,,,,,,,,,,,sirene,
GIESBERT & MANDIN,,,a contacter,,,,,,,,,,,,marketing_com,Conseil en relations publiques et communication,TOULOUSE,,31,,,,,,,,,,,,,,,,,,,,,,,,,,,,,,,,,,,,,,,,,,,,,,,510305949,51030594900040,70.21Z,,,,,,,,,,,sirene,
GIIR GERMANY GMBH,,,a contacter,,,,,,,,,,,,marketing_com,Activites des agences de publicite,,,,,,,,,,,,,,,,,,,,,,,,,,,,,,,,,,,,,,,,,,,,,,,,,,833227622,83322762200010,73.11Z,,,,,,,,,,,sirene,
GILLES BAIL DIFFUSION,,,a contacter,,,,,,,,,,,,marketing_com,Activites des agences de publicite,CHASSELAY,,69,,,,,,,,,,,,,,,,,,,,,,,,,,,,,,,,,,,,,,,,,,,,,,,331442418,33144241800033,73.11Z,,,,,,,,,,,sirene,
GINGER BLUE,,,a contacter,,,,,,,,,,,,marketing_com,Conseil en relations publiques et communication,PARIS,,75,,,,,,,,,,,,,,,,,,,,,,,,,,,,,,,,,,,,,,,,,,,,,,,813370699,81337069900056,70.21Z,,,,,,,,,,,sirene,
GISSELBRECHT JEAN PAUL,,,a contacter,,,,,,,,,,,,marketing_com,Activites des agences de publicite,LAPOUTROIE,,68,,,,,,,,,,,,,,,,,,,,,,,,,,,,,,,,,,,,,,,,,,,,,,,301482956,30148295600036,73.11Z,,,,,,,,,,,sirene,
GIULIA PAOLUCCI EURL,,,a contacter,,,,,,,,,,,,marketing_com,Conseil en relations publiques et communication,PARIS,,75,,,,,,,,,,,,,,,,,,,,,,,,,,,,,,,,,,,,,,,,,,,,,,,491940086,49194008600078,70.21Z,,,,,,,,,,,sirene,
GIVE ME MORE,,,a contacter,,,,,,,,,,,,marketing_com,Conseil en relations publiques et communication,CHATOU,,78,,,,,,,,,,,,,,,,,,,,,,,,,,,,,,,,,,,,,,,,,,,,,,,829601764,82960176400014,70.21Z,,,,,,,,,,,sirene,
GLEECH,,,a contacter,,,,,,,,,,,,marketing_com,Activites des agences de publicite,REZE,,44,,,,,,,,,,,,,,,,,,,,,,,,,,,,,,,,,,,,,,,,,,,,,,,813274180,81327418000013,73.11Z,,,,,,,,,,,sirene,
GLOBAL PUB,,,a contacter,,,,,,,,,,,,marketing_com,Activites des agences de publicite,GUENANGE,,57,,,,,,,,,,,,,,,,,,,,,,,,,,,,,,,,,,,,,,,,,,,,,,,833709785,83370978500020,73.11Z,,,,,,,,,,,sirene,
GLOBAL SIGNA FRANCE,,,a contacter,,,,,,,,,,,,marketing_com,Activites des agences de publicite,TOULOUSE,,31,,,,,,,,,,,,,,,,,,,,,,,,,,,,,,,,,,,,,,,,,,,,,,,830216768,83021676800036,73.11Z,,,,,,,,,,,sirene,
GLOBE DIFFUSION,,,a contacter,,,,,,,,,,,,marketing_com,Activites des agences de publicite,NEUILLY-SUR-SEINE,,92,,,,,,,,,,,,,,,,,,,,,,,,,,,,,,,,,,,,,,,,,,,,,,,441514361,44151436100241,73.11Z,,,,,,,,,,,sirene,
GLOBE TRAVEL RETAIL,,,a contacter,,,,,,,,,,,,marketing_com,Activites des agences de publicite,TREMBLAY-EN-FRANCE,,93,,,,,,,,,,,,,,,,,,,,,,,,,,,,,,,,,,,,,,,,,,,,,,,421301102,42130110200065,73.11Z,,,,,,,,,,,sirene,
GLOBEE MEDIA,,,a contacter,,,,,,,,,,,,marketing_com,Activites des agences de publicite,SAINT-JEAN-D'ILLAC,,33,,,,,,,,,,,,,,,,,,,,,,,,,,,,,,,,,,,,,,,,,,,,,,,814753174,81475317400030,73.11Z,,,,,,,,,,,sirene,
GLOBEWORKER,,,a contacter,,,,,,,,,,,,marketing_com,Activites des agences de publicite,L'UNION,,31,,,,,,,,,,,,,,,,,,,,,,,,,,,,,,,,,,,,,,,,,,,,,,,820634772,82063477200041,73.11Z,,,,,,,,,,,sirene,
GLOSSY,,,a contacter,,,,,,,,,,,,marketing_com,Activites des agences de publicite,NEUILLY-SUR-SEINE,,92,,,,,,,,,,,,,,,,,,,,,,,,,,,,,,,,,,,,,,,,,,,,,,,483009734,48300973400011,73.11Z,,,,,,,,,,,sirene,
GLOW UP AGENCY,,,a contacter,,,,,,,,,,,,marketing_com,Conseil en relations publiques et communication,AIX-EN-PROVENCE,,13,,,,,,,,,,,,,,,,,,,,,,,,,,,,,,,,,,,,,,,,,,,,,,,921034146,92103414600024,70.21Z,,,,,,,,,,,sirene,
GO FOR HIT,,,a contacter,,,,,,,,,,,,marketing_com,Activites des agences de publicite,SARTROUVILLE,,78,,,,,,,,,,,,,,,,,,,,,,,,,,,,,,,,,,,,,,,,,,,,,,,519912943,51991294300056,73.11Z,,,,,,,,,,,sirene,
GOCAD SERVICES,,,a contacter,,,,,,,,,,,,marketing_com,Conseil en relations publiques et communication,SEVRES,,92,,,,,,,,,,,,,,,,,,,,,,,,,,,,,,,,,,,,,,,,,,,,,,,479661704,47966170400029,70.21Z,,,,,,,,,,,sirene,
GOETIC,,,a contacter,,,,,,,,,,,,marketing_com,Activites des agences de publicite,MONTAUBAN,,82,,,,,,,,,,,,,,,,,,,,,,,,,,,,,,,,,,,,,,,,,,,,,,,423151224,42315122400080,73.11Z,,,,,,,,,,,sirene,
GOLD ACCUEIL,,,a contacter,,,,,,,,,,,,marketing_com,Conseil en relations publiques et communication,MAISONS-ALFORT,,94,,,,,,,,,,,,,,,,,,,,,,,,,,,,,,,,,,,,,,,,,,,,,,,901565192,90156519200019,70.21Z,,,,,,,,,,,sirene,
GOLDEN EYES,,,a contacter,,,,,,,,,,,,marketing_com,Activites des agences de publicite,MARCQ-EN-BARŒUL,,59,,,,,,,,,,,,,,,,,,,,,,,,,,,,,,,,,,,,,,,,,,,,,,,411192206,41119220600042,73.11Z,,,,,,,,,,,sirene,
GOLDEN FACTORY,,,a contacter,,,,,,,,,,,,marketing_com,Conseil en relations publiques et communication,PARIS,,75,,,,,,,,,,,,,,,,,,,,,,,,,,,,,,,,,,,,,,,,,,,,,,,824059513,82405951300013,70.21Z,,,,,,,,,,,sirene,
GOLDEN MAMA,,,a contacter,,,,,,,,,,,,marketing_com,Activites des agences de publicite,PARIS,,75,,,,,,,,,,,,,,,,,,,,,,,,,,,,,,,,,,,,,,,,,,,,,,,819617028,81961702800017,73.11Z,,,,,,,,,,,sirene,
GOLDEN MARKETING AGENCY,,,a contacter,,,,,,,,,,,,marketing_com,Conseil en relations publiques et communication,NIMES,,30,,,,,,,,,,,,,,,,,,,,,,,,,,,,,,,,,,,,,,,,,,,,,,,978957223,97895722300016,70.21Z,,,,,,,,,,,sirene,
GOLDEN RESEAU,,,a contacter,,,,,,,,,,,,marketing_com,Conseil en relations publiques et communication,APREMONT,,73,,,,,,,,,,,,,,,,,,,,,,,,,,,,,,,,,,,,,,,,,,,,,,,843196429,84319642900016,70.21Z,,,,,,,,,,,sirene,
GOLDEN VIEW COMMUNICATION,,,a contacter,,,,,,,,,,,,marketing_com,Conseil en relations publiques et communication,RAMONVILLE-SAINT-AGNE,,31,,,,,,,,,,,,,,,,,,,,,,,,,,,,,,,,,,,,,,,,,,,,,,,852184589,85218458900020,70.21Z,,,,,,,,,,,sirene,
GOLIATH,,,a contacter,,,,,,,,,,,,marketing_com,Activites des agences de publicite,LYON,,69,,,,,,,,,,,,,,,,,,,,,,,,,,,,,,,,,,,,,,,,,,,,,,,334596012,33459601200024,73.11Z,,,,,,,,,,,sirene,
GONCALVES DAVID,,,a contacter,,,,,,,,,,,,marketing_com,Activites des agences de publicite,VENDENHEIM,,67,,,,,,,,,,,,,,,,,,,,,,,,,,,,,,,,,,,,,,,,,,,,,,,977582089,97758208900016,73.11Z,,,,,,,,,,,sirene,
GOOD BUY MEDIA,,,a contacter,,,,,,,,,,,,marketing_com,Activites des agences de publicite,CESSON-SEVIGNE,,35,,,,,,,,,,,,,,,,,,,,,,,,,,,,,,,,,,,,,,,,,,,,,,,817507593,81750759300058,73.11Z,,,,,,,,,,,sirene,
GOOD LIGHT,,,a contacter,,,,,,,,,,,,marketing_com,Activites des agences de publicite,BIARRITZ,,64,,,,,,,,,,,,,,,,,,,,,,,,,,,,,,,,,,,,,,,,,,,,,,,832895882,83289588200013,73.11Z,,,,,,,,,,,sirene,
GOOD WAY,,,a contacter,,,,,,,,,,,,marketing_com,Activites des agences de publicite,STRASBOURG,,67,,,,,,,,,,,,,,,,,,,,,,,,,,,,,,,,,,,,,,,,,,,,,,,529896912,52989691200043,73.11Z,,,,,,,,,,,sirene,
GOODEED,,,a contacter,,,,,,,,,,,,marketing_com,Activites des agences de publicite,PARIS,,75,,,,,,,,,,,,,,,,,,,,,,,,,,,,,,,,,,,,,,,,,,,,,,,809819394,80981939400044,73.11Z,,,,,,,,,,,sirene,
GOODIE-D,,,a contacter,,,,,,,,,,,,marketing_com,Activites des agences de publicite,MIOS,,33,,,,,,,,,,,,,,,,,,,,,,,,,,,,,,,,,,,,,,,,,,,,,,,797767944,79776794400037,73.11Z,,,,,,,,,,,sirene,
GOODIX COMMUNICATION,,,a contacter,,,,,,,,,,,,marketing_com,Activites des agences de publicite,NOGENT-SUR-SEINE,,10,,,,,,,,,,,,,,,,,,,,,,,,,,,,,,,,,,,,,,,,,,,,,,,904142437,90414243700014,73.11Z,,,,,,,,,,,sirene,
GOODKIDS,,,a contacter,,,,,,,,,,,,marketing_com,Activites des agences de publicite,PARIS,,75,,,,,,,,,,,,,,,,,,,,,,,,,,,,,,,,,,,,,,,,,,,,,,,829066224,82906622400058,73.11Z,,,,,,,,,,,sirene,
GOODS TO KNOW,,,a contacter,,,,,,,,,,,,marketing_com,Conseil en relations publiques et communication,TOULOUSE,,31,,,,,,,,,,,,,,,,,,,,,,,,,,,,,,,,,,,,,,,,,,,,,,,791472665,79147266500037,70.21Z,,,,,,,,,,,sirene,
GOPEL,,,a contacter,,,,,,,,,,,,marketing_com,Activites des agences de publicite,MAUREPAS,,78,,,,,,,,,,,,,,,,,,,,,,,,,,,,,,,,,,,,,,,,,,,,,,,814765954,81476595400023,73.11Z,,,,,,,,,,,sirene,
GRACIET & CO,,,a contacter,,,,,,,,,,,,marketing_com,Conseil en relations publiques et communication,JAUNAY-MARIGNY,,86,,,,,,,,,,,,,,,,,,,,,,,,,,,,,,,,,,,,,,,,,,,,,,,831136627,83113662700013,70.21Z,,,,,,,,,,,sirene,
GRAF X,,,a contacter,,,,,,,,,,,,marketing_com,Activites des agences de publicite,HERLIES,,59,,,,,,,,,,,,,,,,,,,,,,,,,,,,,,,,,,,,,,,,,,,,,,,507989945,50798994500039,73.11Z,,,,,,,,,,,sirene,
GRAFF OCEAN,,,a contacter,,,,,,,,,,,,marketing_com,Activites des agences de publicite,NOIRMOUTIER-EN-L'ILE,,85,,,,,,,,,,,,,,,,,,,,,,,,,,,,,,,,,,,,,,,,,,,,,,,493897532,49389753200039,73.11Z,,,,,,,,,,,sirene,
GRAFFITI,,,a contacter,,,,,,,,,,,,marketing_com,Activites des agences de publicite,COMPIEGNE,,60,,,,,,,,,,,,,,,,,,,,,,,,,,,,,,,,,,,,,,,,,,,,,,,453214470,45321447000024,73.11Z,,,,,,,,,,,sirene,
GRAFFITI BY ANC,,,a contacter,,,,,,,,,,,,marketing_com,Activites des agences de publicite,BIARRITZ,,64,,,,,,,,,,,,,,,,,,,,,,,,,,,,,,,,,,,,,,,,,,,,,,,517812426,51781242600040,73.11Z,,,,,,,,,,,sirene,
GRAFIC STICK,,,a contacter,,,,,,,,,,,,marketing_com,Activites des agences de publicite,GIGEAN,,34,,,,,,,,,,,,,,,,,,,,,,,,,,,,,,,,,,,,,,,,,,,,,,,822713764,82271376400022,73.11Z,,,,,,,,,,,sirene,
GRAFIKMENTE,,,a contacter,,,,,,,,,,,,marketing_com,Activites des agences de publicite,PARIS,,75,,,,,,,,,,,,,,,,,,,,,,,,,,,,,,,,,,,,,,,,,,,,,,,450940101,45094010100014,73.11Z,,,,,,,,,,,sirene,
GRAFITI PROSPECTIVE,,,a contacter,,,,,,,,,,,,marketing_com,Activites des agences de publicite,STRASBOURG,,67,,,,,,,,,,,,,,,,,,,,,,,,,,,,,,,,,,,,,,,,,,,,,,,329627061,32962706100040,73.11Z,,,,,,,,,,,sirene,
GRAMERCY PARK CONSULTING,,,a contacter,,,,,,,,,,,,marketing_com,Activites des agences de publicite,SAINT-ISMIER,,38,,,,,,,,,,,,,,,,,,,,,,,,,,,,,,,,,,,,,,,,,,,,,,,791712011,79171201100026,73.11Z,,,,,,,,,,,sirene,
GRAND BRUIT,,,a contacter,,,,,,,,,,,,marketing_com,Activites des agences de publicite,CAEN,,14,,,,,,,,,,,,,,,,,,,,,,,,,,,,,,,,,,,,,,,,,,,,,,,919292441,91929244100020,73.11Z,,,,,,,,,,,sirene,
GRAND CALAIS TOURISME ET CULTURE,,,a contacter,,,,,,,,,,,,marketing_com,Conseil en relations publiques et communication,CALAIS,,62,,,,,,,,,,,,,,,,,,,,,,,,,,,,,,,,,,,,,,,,,,,,,,,847535119,84753511900030,70.21Z,,,,,,,,,,,sirene,
GRANDS ESPACES,,,a contacter,,,,,,,,,,,,marketing_com,Activites des agences de publicite,CHAMBERY,,73,,,,,,,,,,,,,,,,,,,,,,,,,,,,,,,,,,,,,,,,,,,,,,,444628903,44462890300064,73.11Z,,,,,,,,,,,sirene,
GRAPEVINE FRANCE,,,a contacter,,,,,,,,,,,,marketing_com,Activites des agences de publicite,LILLE,,59,,,,,,,,,,,,,,,,,,,,,,,,,,,,,,,,,,,,,,,,,,,,,,,525243218,52524321800076,73.11Z,,,,,,,,,,,sirene,
GRAPHIC AFFICHAGE,,,a contacter,,,,,,,,,,,,marketing_com,Regie publicitaire de medias,SAINT-MAIXENT-L'ECOLE,,79,,,,,,,,,,,,,,,,,,,,,,,,,,,,,,,,,,,,,,,,,,,,,,,479917866,47991786600010,73.12Z,,,,,,,,,,,sirene,
GRAPHIC APPLICATION,,,a contacter,,,,,,,,,,,,marketing_com,Activites des agences de publicite,SAINT-MAIXENT-L'ECOLE,,79,,,,,,,,,,,,,,,,,,,,,,,,,,,,,,,,,,,,,,,,,,,,,,,350361838,35036183800021,73.11Z,,,,,,,,,,,sirene,
GRAPHIC EVENTS,,,a contacter,,,,,,,,,,,,marketing_com,Activites des agences de publicite,SAINT-CYR-EN-VAL,,45,,,,,,,,,,,,,,,,,,,,,,,,,,,,,,,,,,,,,,,,,,,,,,,504304486,50430448600039,73.11Z,,,,,,,,,,,sirene,
GRAPHIC PLUS,,,a contacter,,,,,,,,,,,,marketing_com,Activites des agences de publicite,FONTENAY-SOUS-BOIS,,94,,,,,,,,,,,,,,,,,,,,,,,,,,,,,,,,,,,,,,,,,,,,,,,332202274,33220227400046,73.11Z,,,,,,,,,,,sirene,
GRAPHIC PRODUCTION,,,a contacter,,,,,,,,,,,,marketing_com,Activites des agences de publicite,GEMENOS,,13,,,,,,,,,,,,,,,,,,,,,,,,,,,,,,,,,,,,,,,,,,,,,,,909842700,90984270000017,73.11Z,,,,,,,,,,,sirene,
GRAPHISTAR,,,a contacter,,,,,,,,,,,,marketing_com,Activites des agences de publicite,LYON,,69,,,,,,,,,,,,,,,,,,,,,,,,,,,,,,,,,,,,,,,,,,,,,,,341797355,34179735500037,73.11Z,,,,,,,,,,,sirene,
GRAPHITEAM,,,a contacter,,,,,,,,,,,,marketing_com,Activites des agences de publicite,DOUVRIN,,62,,,,,,,,,,,,,,,,,,,,,,,,,,,,,,,,,,,,,,,,,,,,,,,351727680,35172768000032,73.11Z,,,,,,,,,,,sirene,
GRAPHITEINE,,,a contacter,,,,,,,,,,,,marketing_com,Activites des agences de publicite,LIMOGES,,87,,,,,,,,,,,,,,,,,,,,,,,,,,,,,,,,,,,,,,,,,,,,,,,811392836,81139283600037,73.11Z,,,,,,,,,,,sirene,
GRAPHORIZON,,,a contacter,,,,,,,,,,,,marketing_com,Conseil en relations publiques et communication,FEUCHEROLLES,,78,,,,,,,,,,,,,,,,,,,,,,,,,,,,,,,,,,,,,,,,,,,,,,,454006909,45400690900039,70.21Z,,,,,,,,,,,sirene,
GRAVITY MARKETING,,,a contacter,,,,,,,,,,,,marketing_com,Conseil en relations publiques et communication,BEGLES,,33,,,,,,,,,,,,,,,,,,,,,,,,,,,,,,,,,,,,,,,,,,,,,,,845153477,84515347700052,70.21Z,,,,,,,,,,,sirene,
GRAVURE TAMPOGRAPHIE SERIGRAPHIE,,,a contacter,,,,,,,,,,,,marketing_com,Activites des agences de publicite,ROUSSILLON,,38,,,,,,,,,,,,,,,,,,,,,,,,,,,,,,,,,,,,,,,,,,,,,,,380667113,38066711300043,73.11Z,,,,,,,,,,,sirene,
GRAYLING FRANCE,,,a contacter,,,,,,,,,,,,marketing_com,Conseil en relations publiques et communication,PARIS,,75,,,,,,,,,,,,,,,,,,,,,,,,,,,,,,,,,,,,,,,,,,,,,,,330005620,33000562000092,70.21Z,,,,,,,,,,,sirene,
GREEN GARDEN DIGITAL,,,a contacter,,,,,,,,,,,,marketing_com,Conseil en relations publiques et communication,LYON,,69,,,,,,,,,,,,,,,,,,,,,,,,,,,,,,,,,,,,,,,,,,,,,,,752012518,75201251800045,70.21Z,,,,,,,,,,,sirene,
GREENKIT,,,a contacter,,,,,,,,,,,,marketing_com,Activites des agences de publicite,SAINT-GEORGES-D'ORQUES,,34,,,,,,,,,,,,,,,,,,,,,,,,,,,,,,,,,,,,,,,,,,,,,,,880046230,88004623000038,73.11Z,,,,,,,,,,,sirene,
GRENAAADE,,,a contacter,,,,,,,,,,,,marketing_com,Conseil en relations publiques et communication,SAINT-ETIENNE,,42,,,,,,,,,,,,,,,,,,,,,,,,,,,,,,,,,,,,,,,,,,,,,,,912452901,91245290100016,70.21Z,,,,,,,,,,,sirene,
GRINGOS PRODUCTIONS,,,a contacter,,,,,,,,,,,,marketing_com,Activites des agences de publicite,GENLIS,,21,,,,,,,,,,,,,,,,,,,,,,,,,,,,,,,,,,,,,,,,,,,,,,,405004037,40500403700041,73.11Z,,,,,,,,,,,sirene,
GRIZZLI,,,a contacter,,,,,,,,,,,,marketing_com,Activites des agences de publicite,ROUEN,,76,,,,,,,,,,,,,,,,,,,,,,,,,,,,,,,,,,,,,,,,,,,,,,,820557130,82055713000029,73.11Z,,,,,,,,,,,sirene,
GRIZZLI,,,a contacter,,,,,,,,,,,,marketing_com,Conseil en relations publiques et communication,PARIS,,75,,,,,,,,,,,,,,,,,,,,,,,,,,,,,,,,,,,,,,,,,,,,,,,820321859,82032185900036,70.21Z,,,,,,,,,,,sirene,
GROSEILLE,,,a contacter,,,,,,,,,,,,marketing_com,Activites des agences de publicite,MONTEREAU-FAULT-YONNE,,77,,,,,,,,,,,,,,,,,,,,,,,,,,,,,,,,,,,,,,,,,,,,,,,518153879,51815387900037,73.11Z,,,,,,,,,,,sirene,
GROUPAL,,,a contacter,,,,,,,,,,,,marketing_com,Activites des agences de publicite,PARIS,,75,,,,,,,,,,,,,,,,,,,,,,,,,,,,,,,,,,,,,,,,,,,,,,,794355750,79435575000041,73.11Z,,,,,,,,,,,sirene,
GROUPAPHARM,,,a contacter,,,,,,,,,,,,marketing_com,Activites des agences de publicite,BOULOGNE-BILLANCOURT,,92,,,,,,,,,,,,,,,,,,,,,,,,,,,,,,,,,,,,,,,,,,,,,,,444194922,44419492200043,73.11Z,,,,,,,,,,,sirene,
GROUPE 148,,,a contacter,,,,,,,,,,,,marketing_com,Conseil en relations publiques et communication,PARIS,,75,,,,,,,,,,,,,,,,,,,,,,,,,,,,,,,,,,,,,,,,,,,,,,,531992055,53199205500016,70.21Z,,,,,,,,,,,sirene,
GROUPE 361,,,a contacter,,,,,,,,,,,,marketing_com,Activites des agences de publicite,LYON,,69,,,,,,,,,,,,,,,,,,,,,,,,,,,,,,,,,,,,,,,,,,,,,,,432158186,43215818600028,73.11Z,,,,,,,,,,,sirene,
GROUPE ANACAONA. COM.,,,a contacter,,,,,,,,,,,,marketing_com,Activites des agences de publicite,SAINT-CYR-SUR-LOIRE,,37,,,,,,,,,,,,,,,,,,,,,,,,,,,,,,,,,,,,,,,,,,,,,,,424808665,42480866500063,73.11Z,,,,,,,,,,,sirene,
GROUPE BUCEREP,,,a contacter,,,,,,,,,,,,marketing_com,Regie publicitaire de medias,TOULOUSE,,31,,,,,,,,,,,,,,,,,,,,,,,,,,,,,,,,,,,,,,,,,,,,,,,720801521,72080152100025,73.12Z,,,,,,,,,,,sirene,
GROUPE C2,,,a contacter,,,,,,,,,,,,marketing_com,Activites des agences de publicite,MARSEILLE,,13,,,,,,,,,,,,,,,,,,,,,,,,,,,,,,,,,,,,,,,,,,,,,,,423251248,42325124800047,73.11Z,,,,,,,,,,,sirene,
GROUPE CAMPUS,,,a contacter,,,,,,,,,,,,marketing_com,Activites des agences de publicite,BAGNOLET,,93,,,,,,,,,,,,,,,,,,,,,,,,,,,,,,,,,,,,,,,,,,,,,,,511076606,51107660600041,73.11Z,,,,,,,,,,,sirene,
GROUPE CARAMEL,,,a contacter,,,,,,,,,,,,marketing_com,Activites des agences de publicite,PARIS,,75,,,,,,,,,,,,,,,,,,,,,,,,,,,,,,,,,,,,,,,,,,,,,,,518031562,51803156200029,73.11Z,,,,,,,,,,,sirene,
GROUPE COM'UNIQUE - CRISTAL,,,a contacter,,,,,,,,,,,,marketing_com,Activites des agences de publicite,LYON,,69,,,,,,,,,,,,,,,,,,,,,,,,,,,,,,,,,,,,,,,,,,,,,,,485047716,48504771600025,73.11Z,,,,,,,,,,,sirene,
GROUPE CREATING,,,a contacter,,,,,,,,,,,,marketing_com,Activites des agences de publicite,PARIS,,75,,,,,,,,,,,,,,,,,,,,,,,,,,,,,,,,,,,,,,,,,,,,,,,484173075,48417307500017,73.11Z,,,,,,,,,,,sirene,
GROUPE DAICI SAS INTERNATIONAL,,,a contacter,,,,,,,,,,,,marketing_com,Activites des agences de publicite,PARIS,,75,,,,,,,,,,,,,,,,,,,,,,,,,,,,,,,,,,,,,,,,,,,,,,,732042445,73204244500153,73.11Z,,,,,,,,,,,sirene,
GROUPE ECLIPSE,,,a contacter,,,,,,,,,,,,marketing_com,Activites des agences de publicite,CRETEIL,,94,,,,,,,,,,,,,,,,,,,,,,,,,,,,,,,,,,,,,,,,,,,,,,,922773742,92277374200015,73.11Z,,,,,,,,,,,sirene,
GROUPE GET,,,a contacter,,,,,,,,,,,,marketing_com,Activites des agences de publicite,METZ,,57,,,,,,,,,,,,,,,,,,,,,,,,,,,,,,,,,,,,,,,,,,,,,,,503612178,50361217800049,73.11Z,,,,,,,,,,,sirene,
GROUPE GRAND MERCREDI,,,a contacter,,,,,,,,,,,,marketing_com,Activites des agences de publicite,NEUILLY-SUR-SEINE,,92,,,,,,,,,,,,,,,,,,,,,,,,,,,,,,,,,,,,,,,,,,,,,,,809824725,80982472500042,73.11Z,,,,,,,,,,,sirene,
GROUPE GTH,,,a contacter,,,,,,,,,,,,marketing_com,Conseil en relations publiques et communication,PARIS,,75,,,,,,,,,,,,,,,,,,,,,,,,,,,,,,,,,,,,,,,,,,,,,,,318744406,31874440600055,70.21Z,,,,,,,,,,,sirene,
GROUPE ICI MEDIA,,,a contacter,,,,,,,,,,,,marketing_com,Regie publicitaire de medias,CHERAC,,17,,,,,,,,,,,,,,,,,,,,,,,,,,,,,,,,,,,,,,,,,,,,,,,503808362,50380836200043,73.12Z,,,,,,,,,,,sirene,
GROUPE KHERE,,,a contacter,,,,,,,,,,,,marketing_com,Regie publicitaire de medias,PARIS,,75,,,,,,,,,,,,,,,,,,,,,,,,,,,,,,,,,,,,,,,,,,,,,,,397465709,39746570900038,73.12Z,,,,,,,,,,,sirene,
GROUPE LA CENTRALE,,,a contacter,,,,,,,,,,,,marketing_com,Activites des agences de publicite,PARIS,,75,,,,,,,,,,,,,,,,,,,,,,,,,,,,,,,,,,,,,,,,,,,,,,,318771623,31877162300200,73.11Z,,,,,,,,,,,sirene,
GROUPE MEDIA PLUS COMMUNICATION,,,a contacter,,,,,,,,,,,,marketing_com,Regie publicitaire de medias,SAINT-LAURENT-DU-VAR,,06,,,,,,,,,,,,,,,,,,,,,,,,,,,,,,,,,,,,,,,,,,,,,,,401155049,40115504900034,73.12Z,,,,,,,,,,,sirene,
GROUPE MG MARKETING INTERNATIONAL,,,a contacter,,,,,,,,,,,,marketing_com,Activites des agences de publicite,PARIS,,75,,,,,,,,,,,,,,,,,,,,,,,,,,,,,,,,,,,,,,,,,,,,,,,838671055,83867105500021,73.11Z,,,,,,,,,,,sirene,
GROUPE NEOCOM SAS,,,a contacter,,,,,,,,,,,,marketing_com,Activites des agences de publicite,CROISSY-BEAUBOURG,,77,,,,,,,,,,,,,,,,,,,,,,,,,,,,,,,,,,,,,,,,,,,,,,,493893168,49389316800036,73.11Z,,,,,,,,,,,sirene,
GROUPE OPTION,,,a contacter,,,,,,,,,,,,marketing_com,Activites des agences de publicite,PARIS,,75,,,,,,,,,,,,,,,,,,,,,,,,,,,,,,,,,,,,,,,,,,,,,,,438460636,43846063600014,73.11Z,,,,,,,,,,,sirene,
GROUPE ORAVA,,,a contacter,,,,,,,,,,,,marketing_com,Regie publicitaire de medias,PARIS,,75,,,,,,,,,,,,,,,,,,,,,,,,,,,,,,,,,,,,,,,,,,,,,,,794237941,79423794100081,73.12Z,,,,,,,,,,,sirene,
GROUPE PARTENAIRE,,,a contacter,,,,,,,,,,,,marketing_com,Activites des agences de publicite,LYON,,69,,,,,,,,,,,,,,,,,,,,,,,,,,,,,,,,,,,,,,,,,,,,,,,332552033,33255203300117,73.11Z,,,,,,,,,,,sirene,
GROUPE RUA ARTILHARIA UM,,,a contacter,,,,,,,,,,,,marketing_com,Activites des agences de publicite,BORDEAUX,,33,,,,,,,,,,,,,,,,,,,,,,,,,,,,,,,,,,,,,,,,,,,,,,,830723342,83072334200010,73.11Z,,,,,,,,,,,sirene,
GROUPE STRATEGIE MEDIA CONSEIL,,,a contacter,,,,,,,,,,,,marketing_com,Regie publicitaire de medias,NICE,,06,,,,,,,,,,,,,,,,,,,,,,,,,,,,,,,,,,,,,,,,,,,,,,,390784395,39078439500043,73.12Z,,,,,,,,,,,sirene,
GROUPE TEC,,,a contacter,,,,,,,,,,,,marketing_com,Regie publicitaire de medias,LEVALLOIS-PERRET,,92,,,,,,,,,,,,,,,,,,,,,,,,,,,,,,,,,,,,,,,,,,,,,,,401915434,40191543400062,73.12Z,,,,,,,,,,,sirene,
GROW 360,,,a contacter,,,,,,,,,,,,marketing_com,Conseil en relations publiques et communication,SAINT-DENIS,,93,,,,,,,,,,,,,,,,,,,,,,,,,,,,,,,,,,,,,,,,,,,,,,,898299417,89829941700052,70.21Z,,,,,,,,,,,sirene,
GROWTH ANGELS,,,a contacter,,,,,,,,,,,,marketing_com,Activites des agences de publicite,MONTELIER,,26,,,,,,,,,,,,,,,,,,,,,,,,,,,,,,,,,,,,,,,,,,,,,,,883066664,88306666400011,73.11Z,,,,,,,,,,,sirene,
GROWTH OPPORTUNITY,,,a contacter,,,,,,,,,,,,marketing_com,Activites des agences de publicite,MEDIS,,17,,,,,,,,,,,,,,,,,,,,,,,,,,,,,,,,,,,,,,,,,,,,,,,883197253,88319725300015,73.11Z,,,,,,,,,,,sirene,
GSA HEALTHCARE,,,a contacter,,,,,,,,,,,,marketing_com,Activites des agences de publicite,PARIS,,75,,,,,,,,,,,,,,,,,,,,,,,,,,,,,,,,,,,,,,,,,,,,,,,340256619,34025661900065,73.11Z,,,,,,,,,,,sirene,
GTEKS GROUP INT,,,a contacter,,,,,,,,,,,,marketing_com,Activites des agences de publicite,CHAMPIGNY-SUR-MARNE,,94,,,,,,,,,,,,,,,,,,,,,,,,,,,,,,,,,,,,,,,,,,,,,,,885327627,88532762700026,73.11Z,,,,,,,,,,,sirene,
GUADELOUPE MERCHANDISING,,,a contacter,,,,,,,,,,,,marketing_com,Activites des agences de publicite,BAIE-MAHAULT,,971,,,,,,,,,,,,,,,,,,,,,,,,,,,,,,,,,,,,,,,,,,,,,,,825136054,82513605400012,73.11Z,,,,,,,,,,,sirene,
GUASTACOM,,,a contacter,,,,,,,,,,,,marketing_com,Conseil en relations publiques et communication,FOLSCHVILLER,,57,,,,,,,,,,,,,,,,,,,,,,,,,,,,,,,,,,,,,,,,,,,,,,,902443514,90244351400010,70.21Z,,,,,,,,,,,sirene,
GUILLAUME GOUJON GRAPHIC,,,a contacter,,,,,,,,,,,,marketing_com,Activites des agences de publicite,BRUNOY,,91,,,,,,,,,,,,,,,,,,,,,,,,,,,,,,,,,,,,,,,,,,,,,,,514078682,51407868200028,73.11Z,,,,,,,,,,,sirene,
GULFSTREAM ACTIVATION,,,a contacter,,,,,,,,,,,,marketing_com,Activites des agences de publicite,CHANGE,,53,,,,,,,,,,,,,,,,,,,,,,,,,,,,,,,,,,,,,,,,,,,,,,,853410611,85341061100018,73.11Z,,,,,,,,,,,sirene,
GULFSTREAM COMMUNICATION,,,a contacter,,,,,,,,,,,,marketing_com,Conseil en relations publiques et communication,NANTES,,44,,,,,,,,,,,,,,,,,,,,,,,,,,,,,,,,,,,,,,,,,,,,,,,389788993,38978899300043,70.21Z,,,,,,,,,,,sirene,
GULFSTREAM CONNECT,,,a contacter,,,,,,,,,,,,marketing_com,Activites des agences de publicite,NANTES,,44,,,,,,,,,,,,,,,,,,,,,,,,,,,,,,,,,,,,,,,,,,,,,,,978197119,97819711900016,73.11Z,,,,,,,,,,,sirene,
GULFSTREAM CONSEIL,,,a contacter,,,,,,,,,,,,marketing_com,Activites des agences de publicite,NANTES,,44,,,,,,,,,,,,,,,,,,,,,,,,,,,,,,,,,,,,,,,,,,,,,,,901864785,90186478500018,73.11Z,,,,,,,,,,,sirene,
GULFSTREAM ID,,,a contacter,,,,,,,,,,,,marketing_com,Activites des agences de publicite,NANTES,,44,,,,,,,,,,,,,,,,,,,,,,,,,,,,,,,,,,,,,,,,,,,,,,,978177798,97817779800011,73.11Z,,,,,,,,,,,sirene,
GULFSTREAM RELATIONS PRESSE ET INFLUENCE,,,a contacter,,,,,,,,,,,,marketing_com,Activites des agences de publicite,NANTES,,44,,,,,,,,,,,,,,,,,,,,,,,,,,,,,,,,,,,,,,,,,,,,,,,901856195,90185619500010,73.11Z,,,,,,,,,,,sirene,
GUST,,,a contacter,,,,,,,,,,,,marketing_com,Activites des agences de publicite,PARIS,,75,,,,,,,,,,,,,,,,,,,,,,,,,,,,,,,,,,,,,,,,,,,,,,,953070224,95307022400027,73.11Z,,,,,,,,,,,sirene,
GUTENBERG NETWORKS,,,a contacter,,,,,,,,,,,,marketing_com,Activites des agences de publicite,BOULOGNE-BILLANCOURT,,92,,,,,,,,,,,,,,,,,,,,,,,,,,,,,,,,,,,,,,,,,,,,,,,403179781,40317978100188,73.11Z,,,,,,,,,,,sirene,
GUYENNE PRESSE,,,a contacter,,,,,,,,,,,,marketing_com,Regie publicitaire de medias,AGEN,,47,,,,,,,,,,,,,,,,,,,,,,,,,,,,,,,,,,,,,,,,,,,,,,,440095313,44009531300019,73.12Z,,,,,,,,,,,sirene,
GV SERVICES,,,a contacter,,,,,,,,,,,,marketing_com,Activites des agences de publicite,SIGNES,,83,,,,,,,,,,,,,,,,,,,,,,,,,,,,,,,,,,,,,,,,,,,,,,,809722648,80972264800023,73.11Z,,,,,,,,,,,sirene,
GYOZA,,,a contacter,,,,,,,,,,,,marketing_com,Conseil en relations publiques et communication,PARIS,,75,,,,,,,,,,,,,,,,,,,,,,,,,,,,,,,,,,,,,,,,,,,,,,,491142675,49114267500033,70.21Z,,,,,,,,,,,sirene,
H P I,,,a contacter,,,,,,,,,,,,marketing_com,Regie publicitaire de medias,EVRY-COURCOURONNES,,91,,,,,,,,,,,,,,,,,,,,,,,,,,,,,,,,,,,,,,,,,,,,,,,392682035,39268203500028,73.12Z,,,,,,,,,,,sirene,
H S P,,,a contacter,,,,,,,,,,,,marketing_com,Activites des agences de publicite,NANTERRE,,92,,,,,,,,,,,,,,,,,,,,,,,,,,,,,,,,,,,,,,,,,,,,,,,702012824,70201282400067,73.11Z,,,,,,,,,,,sirene,
H-CONSULTANTS,,,a contacter,,,,,,,,,,,,marketing_com,Activites des agences de publicite,CLICHY,,92,,,,,,,,,,,,,,,,,,,,,,,,,,,,,,,,,,,,,,,,,,,,,,,383924065,38392406500055,73.11Z,,,,,,,,,,,sirene,
H.GRANGER-VEYRON,,,a contacter,,,,,,,,,,,,marketing_com,Activites des agences de publicite,PRIVAS,,07,,,,,,,,,,,,,,,,,,,,,,,,,,,,,,,,,,,,,,,,,,,,,,,409144177,40914417700022,73.11Z,,,,,,,,,,,sirene,
H2PROD,,,a contacter,,,,,,,,,,,,marketing_com,Regie publicitaire de medias,PARIS,,75,,,,,,,,,,,,,,,,,,,,,,,,,,,,,,,,,,,,,,,,,,,,,,,449587591,44958759100032,73.12Z,,,,,,,,,,,sirene,
HACHETAG,,,a contacter,,,,,,,,,,,,marketing_com,Activites des agences de publicite,BEZANNES,,51,,,,,,,,,,,,,,,,,,,,,,,,,,,,,,,,,,,,,,,,,,,,,,,813522307,81352230700020,73.11Z,,,,,,,,,,,sirene,
HALLOWEEN,,,a contacter,,,,,,,,,,,,marketing_com,Activites des agences de publicite,PARIS,,75,,,,,,,,,,,,,,,,,,,,,,,,,,,,,,,,,,,,,,,,,,,,,,,390045219,39004521900099,73.11Z,,,,,,,,,,,sirene,
HAMAK,,,a contacter,,,,,,,,,,,,marketing_com,Conseil en relations publiques et communication,BOIS-JEROME-SAINT-OUEN,,27,,,,,,,,,,,,,,,,,,,,,,,,,,,,,,,,,,,,,,,,,,,,,,,851924589,85192458900035,70.21Z,,,,,,,,,,,sirene,
HAMEIGHT COMMUNICATION,,,a contacter,,,,,,,,,,,,marketing_com,Activites des agences de publicite,GOND-PONTOUVRE,,16,,,,,,,,,,,,,,,,,,,,,,,,,,,,,,,,,,,,,,,,,,,,,,,901373308,90137330800013,73.11Z,,,,,,,,,,,sirene,
HANNEQUIN COMMUNICATION,,,a contacter,,,,,,,,,,,,marketing_com,Conseil en relations publiques et communication,PITHIVIERS,,45,,,,,,,,,,,,,,,,,,,,,,,,,,,,,,,,,,,,,,,,,,,,,,,504438599,50443859900038,70.21Z,,,,,,,,,,,sirene,
HAPPY DAY,,,a contacter,,,,,,,,,,,,marketing_com,Activites des agences de publicite,DUNKERQUE,,59,,,,,,,,,,,,,,,,,,,,,,,,,,,,,,,,,,,,,,,,,,,,,,,422080457,42208045700035,73.11Z,,,,,,,,,,,sirene,
HAPPY FEW,,,a contacter,,,,,,,,,,,,marketing_com,Activites des agences de publicite,NANTERRE,,92,,,,,,,,,,,,,,,,,,,,,,,,,,,,,,,,,,,,,,,,,,,,,,,339006959,33900695900052,73.11Z,,,,,,,,,,,sirene,
HAPPY MEDIA,,,a contacter,,,,,,,,,,,,marketing_com,Regie publicitaire de medias,CHAMBRAY-LES-TOURS,,37,,,,,,,,,,,,,,,,,,,,,,,,,,,,,,,,,,,,,,,,,,,,,,,808699896,80869989600011,73.12Z,,,,,,,,,,,sirene,
HARACOM,,,a contacter,,,,,,,,,,,,marketing_com,Activites des agences de publicite,BETHUNE,,62,,,,,,,,,,,,,,,,,,,,,,,,,,,,,,,,,,,,,,,,,,,,,,,803025352,80302535200037,73.11Z,,,,,,,,,,,sirene,
HARITZA CONSULTANTS,,,a contacter,,,,,,,,,,,,marketing_com,Activites des agences de publicite,BAYONNE,,64,,,,,,,,,,,,,,,,,,,,,,,,,,,,,,,,,,,,,,,,,,,,,,,389432824,38943282400024,73.11Z,,,,,,,,,,,sirene,
HASBRO FRANCE,,,a contacter,,,,,,,,,,,,marketing_com,Activites des agences de publicite,LE BOURGET-DU-LAC,,73,,,,,,,,,,,,,,,,,,,,,,,,,,,,,,,,,,,,,,,,,,,,,,,746220623,74622062300035,73.11Z,,,,,,,,,,,sirene,
HASHTAG,,,a contacter,,,,,,,,,,,,marketing_com,Conseil en relations publiques et communication,SAINT-GERMAIN-SUR-ILLE,,35,,,,,,,,,,,,,,,,,,,,,,,,,,,,,,,,,,,,,,,,,,,,,,,922202726,92220272600027,70.21Z,,,,,,,,,,,sirene,
HAVAS & COMPAGNIES,,,a contacter,,,,,,,,,,,,marketing_com,Activites des agences de publicite,PUTEAUX,,92,,,,,,,,,,,,,,,,,,,,,,,,,,,,,,,,,,,,,,,,,,,,,,,808480321,80848032100013,73.11Z,,,,,,,,,,,sirene,
HAVAS EDGE,,,a contacter,,,,,,,,,,,,marketing_com,Activites des agences de publicite,PUTEAUX,,92,,,,,,,,,,,,,,,,,,,,,,,,,,,,,,,,,,,,,,,,,,,,,,,824479331,82447933100012,73.11Z,,,,,,,,,,,sirene,
HAVAS EVENTS,,,a contacter,,,,,,,,,,,,marketing_com,Activites des agences de publicite,PUTEAUX,,92,,,,,,,,,,,,,,,,,,,,,,,,,,,,,,,,,,,,,,,,,,,,,,,521902882,52190288200070,73.11Z,,,,,,,,,,,sirene,
HAVAS FACTORY,,,a contacter,,,,,,,,,,,,marketing_com,Activites des agences de publicite,PUTEAUX,,92,,,,,,,,,,,,,,,,,,,,,,,,,,,,,,,,,,,,,,,,,,,,,,,400421368,40042136800038,73.11Z,,,,,,,,,,,sirene,
HAVAS LIFE PARIS,,,a contacter,,,,,,,,,,,,marketing_com,Activites des agences de publicite,PUTEAUX,,92,,,,,,,,,,,,,,,,,,,,,,,,,,,,,,,,,,,,,,,,,,,,,,,334317195,33431719500082,73.11Z,,,,,,,,,,,sirene,
HAVAS MARKET,,,a contacter,,,,,,,,,,,,marketing_com,Activites des agences de publicite,PUTEAUX,,92,,,,,,,,,,,,,,,,,,,,,,,,,,,,,,,,,,,,,,,,,,,,,,,487427817,48742781700035,73.11Z,,,,,,,,,,,sirene,
HAVAS PARIS,,,a contacter,,,,,,,,,,,,marketing_com,Activites des agences de publicite,PUTEAUX,,92,,,,,,,,,,,,,,,,,,,,,,,,,,,,,,,,,,,,,,,,,,,,,,,349208447,34920844700087,73.11Z,,,,,,,,,,,sirene,
HAVAS PLAY,,,a contacter,,,,,,,,,,,,marketing_com,Activites des agences de publicite,PUTEAUX,,92,,,,,,,,,,,,,,,,,,,,,,,,,,,,,,,,,,,,,,,,,,,,,,,413743741,41374374100063,73.11Z,,,,,,,,,,,sirene,
HAWAII COMMUNICATION,,,a contacter,,,,,,,,,,,,marketing_com,Activites des agences de publicite,COIGNIERES,,78,,,,,,,,,,,,,,,,,,,,,,,,,,,,,,,,,,,,,,,,,,,,,,,450649892,45064989200020,73.11Z,,,,,,,,,,,sirene,
HAWK FRANCE,,,a contacter,,,,,,,,,,,,marketing_com,Regie publicitaire de medias,PARIS,,75,,,,,,,,,,,,,,,,,,,,,,,,,,,,,,,,,,,,,,,,,,,,,,,834306102,83430610200049,73.12Z,,,,,,,,,,,sirene,
HB PUBLICITE,,,a contacter,,,,,,,,,,,,marketing_com,Activites des agences de publicite,LES ACHARDS,,85,,,,,,,,,,,,,,,,,,,,,,,,,,,,,,,,,,,,,,,,,,,,,,,533819611,53381961100021,73.11Z,,,,,,,,,,,sirene,
HD COMMUNICATION,,,a contacter,,,,,,,,,,,,marketing_com,Conseil en relations publiques et communication,RETHONDES,,60,,,,,,,,,,,,,,,,,,,,,,,,,,,,,,,,,,,,,,,,,,,,,,,478708969,47870896900017,70.21Z,,,,,,,,,,,sirene,
HDF SIGNALETIQUE,,,a contacter,,,,,,,,,,,,marketing_com,Activites des agences de publicite,NŒUX-LES-MINES,,62,,,,,,,,,,,,,,,,,,,,,,,,,,,,,,,,,,,,,,,,,,,,,,,953567997,95356799700028,73.11Z,,,,,,,,,,,sirene,
HEALTH & HAPPINESS FRANCE HOLDING,,,a contacter,,,,,,,,,,,,marketing_com,Activites des agences de publicite,LEVALLOIS-PERRET,,92,,,,,,,,,,,,,,,,,,,,,,,,,,,,,,,,,,,,,,,,,,,,,,,822755112,82275511200023,73.11Z,,,,,,,,,,,sirene,
HEALTH CARE INNOVATION,,,a contacter,,,,,,,,,,,,marketing_com,Conseil en relations publiques et communication,PESSAC,,33,,,,,,,,,,,,,,,,,,,,,,,,,,,,,,,,,,,,,,,,,,,,,,,881852511,88185251100024,70.21Z,,,,,,,,,,,sirene,
HEBDOS COMMUNICATION,,,a contacter,,,,,,,,,,,,marketing_com,Regie publicitaire de medias,RENNES,,35,,,,,,,,,,,,,,,,,,,,,,,,,,,,,,,,,,,,,,,,,,,,,,,437737901,43773790101332,73.12Z,,,,,,,,,,,sirene,
HEDICOM,,,a contacter,,,,,,,,,,,,marketing_com,Activites des agences de publicite,HAZEBROUCK,,59,,,,,,,,,,,,,,,,,,,,,,,,,,,,,,,,,,,,,,,,,,,,,,,900810375,90081037500023,73.11Z,,,,,,,,,,,sirene,
HEHOCOM,,,a contacter,,,,,,,,,,,,marketing_com,Activites des agences de publicite,SAINT-RAPHAEL,,83,,,,,,,,,,,,,,,,,,,,,,,,,,,,,,,,,,,,,,,,,,,,,,,842647059,84264705900026,73.11Z,,,,,,,,,,,sirene,
HEIDI,,,a contacter,,,,,,,,,,,,marketing_com,Conseil en relations publiques et communication,LEVALLOIS-PERRET,,92,,,,,,,,,,,,,,,,,,,,,,,,,,,,,,,,,,,,,,,,,,,,,,,521140103,52114010300032,70.21Z,,,,,,,,,,,sirene,
HELIOS PROD,,,a contacter,,,,,,,,,,,,marketing_com,Regie publicitaire de medias,BIARRITZ,,64,,,,,,,,,,,,,,,,,,,,,,,,,,,,,,,,,,,,,,,,,,,,,,,811573930,81157393000047,73.12Z,,,,,,,,,,,sirene,
HELIOS SERVICES,,,a contacter,,,,,,,,,,,,marketing_com,Activites des agences de publicite,BOUAYE,,44,,,,,,,,,,,,,,,,,,,,,,,,,,,,,,,,,,,,,,,,,,,,,,,444183867,44418386700027,73.11Z,,,,,,,,,,,sirene,
HELLO,,,a contacter,,,,,,,,,,,,marketing_com,Conseil en relations publiques et communication,BORDEAUX,,33,,,,,,,,,,,,,,,,,,,,,,,,,,,,,,,,,,,,,,,,,,,,,,,813648052,81364805200039,70.21Z,,,,,,,,,,,sirene,
HELLO SUNRISE PR,,,a contacter,,,,,,,,,,,,marketing_com,Conseil en relations publiques et communication,SAINT-CLOUD,,92,,,,,,,,,,,,,,,,,,,,,,,,,,,,,,,,,,,,,,,,,,,,,,,949290787,94929078700017,70.21Z,,,,,,,,,,,sirene,
HELLOCOM,,,a contacter,,,,,,,,,,,,marketing_com,Conseil en relations publiques et communication,LATTES,,34,,,,,,,,,,,,,,,,,,,,,,,,,,,,,,,,,,,,,,,,,,,,,,,535119358,53511935800047,70.21Z,,,,,,,,,,,sirene,
HEMAPHORE,,,a contacter,,,,,,,,,,,,marketing_com,Conseil en relations publiques et communication,CHATEAUNEUF-SUR-ISERE,,26,,,,,,,,,,,,,,,,,,,,,,,,,,,,,,,,,,,,,,,,,,,,,,,801027111,80102711100039,70.21Z,,,,,,,,,,,sirene,
HEMELKA,,,a contacter,,,,,,,,,,,,marketing_com,Activites des agences de publicite,ANNEMASSE,,74,,,,,,,,,,,,,,,,,,,,,,,,,,,,,,,,,,,,,,,,,,,,,,,853722130,85372213000020,73.11Z,,,,,,,,,,,sirene,
HEMISPHERE 4,,,a contacter,,,,,,,,,,,,marketing_com,Activites des agences de publicite,CHANTEPIE,,35,,,,,,,,,,,,,,,,,,,,,,,,,,,,,,,,,,,,,,,,,,,,,,,482976008,48297600800060,73.11Z,,,,,,,,,,,sirene,
HEMISPHERES ET COMPAGNIE,,,a contacter,,,,,,,,,,,,marketing_com,Activites des agences de publicite,MAINVILLIERS,,28,,,,,,,,,,,,,,,,,,,,,,,,,,,,,,,,,,,,,,,,,,,,,,,432208205,43220820500034,73.11Z,,,,,,,,,,,sirene,
HERE WE COM,,,a contacter,,,,,,,,,,,,marketing_com,Conseil en relations publiques et communication,SAINT-ALBAN-LEYSSE,,73,,,,,,,,,,,,,,,,,,,,,,,,,,,,,,,,,,,,,,,,,,,,,,,529189854,52918985400043,70.21Z,,,,,,,,,,,sirene,
HEROIKS MEDIA,,,a contacter,,,,,,,,,,,,marketing_com,Activites des agences de publicite,LEVALLOIS-PERRET,,92,,,,,,,,,,,,,,,,,,,,,,,,,,,,,,,,,,,,,,,,,,,,,,,478827249,47882724900069,73.11Z,,,,,,,,,,,sirene,
HERVE BIGAL NTIC,,,a contacter,,,,,,,,,,,,marketing_com,Activites des agences de publicite,DARDILLY,,69,,,,,,,,,,,,,,,,,,,,,,,,,,,,,,,,,,,,,,,,,,,,,,,479422412,47942241200045,73.11Z,,,,,,,,,,,sirene,
HEXAGONE STRATEGIE,,,a contacter,,,,,,,,,,,,marketing_com,Activites des agences de publicite,LYON,,69,,,,,,,,,,,,,,,,,,,,,,,,,,,,,,,,,,,,,,,,,,,,,,,820507002,82050700200039,73.11Z,,,,,,,,,,,sirene,
HF CONSEILS,,,a contacter,,,,,,,,,,,,marketing_com,Conseil en relations publiques et communication,SAINT-DENIS,,93,,,,,,,,,,,,,,,,,,,,,,,,,,,,,,,,,,,,,,,,,,,,,,,392619987,39261998700051,70.21Z,,,,,,,,,,,sirene,
HH FRANCE,,,a contacter,,,,,,,,,,,,marketing_com,Activites des agences de publicite,LEVALLOIS-PERRET,,92,,,,,,,,,,,,,,,,,,,,,,,,,,,,,,,,,,,,,,,,,,,,,,,488282922,48828292200043,73.11Z,,,,,,,,,,,sirene,
HI AGENCY S.A.S,,,a contacter,,,,,,,,,,,,marketing_com,Conseil en relations publiques et communication,LILLE,,59,,,,,,,,,,,,,,,,,,,,,,,,,,,,,,,,,,,,,,,,,,,,,,,850439233,85043923300022,70.21Z,,,,,,,,,,,sirene,
HIGH CO BOX,,,a contacter,,,,,,,,,,,,marketing_com,Activites des agences de publicite,AIX-EN-PROVENCE,,13,,,,,,,,,,,,,,,,,,,,,,,,,,,,,,,,,,,,,,,,,,,,,,,790108930,79010893000013,73.11Z,,,,,,,,,,,sirene,
HIGH CO DATA,,,a contacter,,,,,,,,,,,,marketing_com,Activites des agences de publicite,AIX-EN-PROVENCE,,13,,,,,,,,,,,,,,,,,,,,,,,,,,,,,,,,,,,,,,,,,,,,,,,403096670,40309667000092,73.11Z,,,,,,,,,,,sirene,
HIGH TECH CONSULTANT,,,a contacter,,,,,,,,,,,,marketing_com,Activites des agences de publicite,SAINTE MARIE,,974,,,,,,,,,,,,,,,,,,,,,,,,,,,,,,,,,,,,,,,,,,,,,,,382781185,38278118500063,73.11Z,,,,,,,,,,,sirene,
HIGHCO MINDOZA,,,a contacter,,,,,,,,,,,,marketing_com,Activites des agences de publicite,AIX-EN-PROVENCE,,13,,,,,,,,,,,,,,,,,,,,,,,,,,,,,,,,,,,,,,,,,,,,,,,511233868,51123386800054,73.11Z,,,,,,,,,,,sirene,
HIGHCO SHOPPER,,,a contacter,,,,,,,,,,,,marketing_com,Activites des agences de publicite,PARIS,,75,,,,,,,,,,,,,,,,,,,,,,,,,,,,,,,,,,,,,,,,,,,,,,,422570812,42257081200061,73.11Z,,,,,,,,,,,sirene,
HIPPOCAMPE,,,a contacter,,,,,,,,,,,,marketing_com,Activites des agences de publicite,BREST,,29,,,,,,,,,,,,,,,,,,,,,,,,,,,,,,,,,,,,,,,,,,,,,,,399974286,39997428600029,73.11Z,,,,,,,,,,,sirene,
HIPPOCAMPUS EVENTS,,,a contacter,,,,,,,,,,,,marketing_com,Conseil en relations publiques et communication,MARCQ-EN-BARŒUL,,59,,,,,,,,,,,,,,,,,,,,,,,,,,,,,,,,,,,,,,,,,,,,,,,827877986,82787798600014,70.21Z,,,,,,,,,,,sirene,
HISTOIRE DE COMPRENDRE,,,a contacter,,,,,,,,,,,,marketing_com,Conseil en relations publiques et communication,LYON,,69,,,,,,,,,,,,,,,,,,,,,,,,,,,,,,,,,,,,,,,,,,,,,,,819772070,81977207000010,70.21Z,,,,,,,,,,,sirene,
HISTOIRES & SLIDES,,,a contacter,,,,,,,,,,,,marketing_com,Conseil en relations publiques et communication,PARIS,,75,,,,,,,,,,,,,,,,,,,,,,,,,,,,,,,,,,,,,,,,,,,,,,,891734949,89173494900029,70.21Z,,,,,,,,,,,sirene,
HIVE & CO,,,a contacter,,,,,,,,,,,,marketing_com,Conseil en relations publiques et communication,THORIGNE-FOUILLARD,,35,,,,,,,,,,,,,,,,,,,,,,,,,,,,,,,,,,,,,,,,,,,,,,,879461465,87946146500020,70.21Z,,,,,,,,,,,sirene,
HIVING SAS,,,a contacter,,,,,,,,,,,,marketing_com,Activites des agences de publicite,CLICHY,,92,,,,,,,,,,,,,,,,,,,,,,,,,,,,,,,,,,,,,,,,,,,,,,,921279303,92127930300033,73.11Z,,,,,,,,,,,sirene,
HLIN SERVICES,,,a contacter,,,,,,,,,,,,marketing_com,Activites des agences de publicite,DUNKERQUE,,59,,,,,,,,,,,,,,,,,,,,,,,,,,,,,,,,,,,,,,,,,,,,,,,840861918,84086191800034,73.11Z,,,,,,,,,,,sirene,
HLP STUDIO,,,a contacter,,,,,,,,,,,,marketing_com,Conseil en relations publiques et communication,BROGNARD,,25,,,,,,,,,,,,,,,,,,,,,,,,,,,,,,,,,,,,,,,,,,,,,,,878627702,87862770200029,70.21Z,,,,,,,,,,,sirene,
HOB FRANCE SERVICES,,,a contacter,,,,,,,,,,,,marketing_com,Activites des agences de publicite,VALLAURIS,,06,,,,,,,,,,,,,,,,,,,,,,,,,,,,,,,,,,,,,,,,,,,,,,,798507026,79850702600036,73.11Z,,,,,,,,,,,sirene,
HOBBYNOTE,,,a contacter,,,,,,,,,,,,marketing_com,Activites des agences de publicite,LILLE,,59,,,,,,,,,,,,,,,,,,,,,,,,,,,,,,,,,,,,,,,,,,,,,,,527874655,52787465500071,73.11Z,,,,,,,,,,,sirene,
HOLD ON PRODUCTIONS,,,a contacter,,,,,,,,,,,,marketing_com,Regie publicitaire de medias,SALLANCHES,,74,,,,,,,,,,,,,,,,,,,,,,,,,,,,,,,,,,,,,,,,,,,,,,,503881021,50388102100029,73.12Z,,,,,,,,,,,sirene,
HOLDING IDEACTIF,,,a contacter,,,,,,,,,,,,marketing_com,Activites des agences de publicite,PARIS,,75,,,,,,,,,,,,,,,,,,,,,,,,,,,,,,,,,,,,,,,,,,,,,,,487530164,48753016400028,73.11Z,,,,,,,,,,,sirene,
HOLOPRO,,,a contacter,,,,,,,,,,,,marketing_com,Regie publicitaire de medias,CHAMBERY,,73,,,,,,,,,,,,,,,,,,,,,,,,,,,,,,,,,,,,,,,,,,,,,,,890101686,89010168600057,73.12Z,,,,,,,,,,,sirene,
HOLUSION,,,a contacter,,,,,,,,,,,,marketing_com,Activites des agences de publicite,ROUBAIX,,59,,,,,,,,,,,,,,,,,,,,,,,,,,,,,,,,,,,,,,,,,,,,,,,802132464,80213246400024,73.11Z,,,,,,,,,,,sirene,
HOME DEVELOPPEMENT,,,a contacter,,,,,,,,,,,,marketing_com,Activites des agences de publicite,HAUTE-GOULAINE,,44,,,,,,,,,,,,,,,,,,,,,,,,,,,,,,,,,,,,,,,,,,,,,,,807624309,80762430900017,73.11Z,,,,,,,,,,,sirene,
HOME SWEET COM,,,a contacter,,,,,,,,,,,,marketing_com,Activites des agences de publicite,TROYES,,10,,,,,,,,,,,,,,,,,,,,,,,,,,,,,,,,,,,,,,,,,,,,,,,493547350,49354735000030,73.11Z,,,,,,,,,,,sirene,
HOMERUN,,,a contacter,,,,,,,,,,,,marketing_com,Conseil en relations publiques et communication,PARIS,,75,,,,,,,,,,,,,,,,,,,,,,,,,,,,,,,,,,,,,,,,,,,,,,,491835468,49183546800050,70.21Z,,,,,,,,,,,sirene,
HOMOLOG,,,a contacter,,,,,,,,,,,,marketing_com,Activites des agences de publicite,PARIS,,75,,,,,,,,,,,,,,,,,,,,,,,,,,,,,,,,,,,,,,,,,,,,,,,815115480,81511548000031,73.11Z,,,,,,,,,,,sirene,
HOP    CONSEIL ET COMMUNICATION,,,a contacter,,,,,,,,,,,,marketing_com,Activites des agences de publicite,GUEBWILLER,,68,,,,,,,,,,,,,,,,,,,,,,,,,,,,,,,,,,,,,,,,,,,,,,,821596178,82159617800037,73.11Z,,,,,,,,,,,sirene,
HOP CREATIVE SERVICES,,,a contacter,,,,,,,,,,,,marketing_com,Activites des agences de publicite,CONFLANS-SAINTE-HONORINE,,78,,,,,,,,,,,,,,,,,,,,,,,,,,,,,,,,,,,,,,,,,,,,,,,911694933,91169493300019,73.11Z,,,,,,,,,,,sirene,
HOPENING,,,a contacter,,,,,,,,,,,,marketing_com,Activites des agences de publicite,PUTEAUX,,92,,,,,,,,,,,,,,,,,,,,,,,,,,,,,,,,,,,,,,,,,,,,,,,349611921,34961192100082,73.11Z,,,,,,,,,,,sirene,
HOPSCOTCH,,,a contacter,,,,,,,,,,,,marketing_com,Activites des agences de publicite,PARIS,,75,,,,,,,,,,,,,,,,,,,,,,,,,,,,,,,,,,,,,,,,,,,,,,,437582927,43758292700046,73.11Z,,,,,,,,,,,sirene,
HORAO,,,a contacter,,,,,,,,,,,,marketing_com,Activites des agences de publicite,AVIGNON,,84,,,,,,,,,,,,,,,,,,,,,,,,,,,,,,,,,,,,,,,,,,,,,,,839985009,83998500900027,73.11Z,,,,,,,,,,,sirene,
HORIZON,,,a contacter,,,,,,,,,,,,marketing_com,Regie publicitaire de medias,SAINT-PRIEST-EN-JAREZ,,42,,,,,,,,,,,,,,,,,,,,,,,,,,,,,,,,,,,,,,,,,,,,,,,333582559,33358255900022,73.12Z,,,,,,,,,,,sirene,
HORIZON +,,,a contacter,,,,,,,,,,,,marketing_com,Conseil en relations publiques et communication,BRUGES,,33,,,,,,,,,,,,,,,,,,,,,,,,,,,,,,,,,,,,,,,,,,,,,,,810801381,81080138100056,70.21Z,,,,,,,,,,,sirene,
HORIZON ANIMATION FRANCE,,,a contacter,,,,,,,,,,,,marketing_com,Activites des agences de publicite,LYON,,69,,,,,,,,,,,,,,,,,,,,,,,,,,,,,,,,,,,,,,,,,,,,,,,431234491,43123449100022,73.11Z,,,,,,,,,,,sirene,
HORIZONS,,,a contacter,,,,,,,,,,,,marketing_com,Activites des agences de publicite,REIMS,,51,,,,,,,,,,,,,,,,,,,,,,,,,,,,,,,,,,,,,,,,,,,,,,,340684240,34068424000096,73.11Z,,,,,,,,,,,sirene,
HORYZON MEDIA,,,a contacter,,,,,,,,,,,,marketing_com,Activites des agences de publicite,LEVALLOIS-PERRET,,92,,,,,,,,,,,,,,,,,,,,,,,,,,,,,,,,,,,,,,,,,,,,,,,452172786,45217278600116,73.11Z,,,,,,,,,,,sirene,
HOTELS PARIS LUMIERES,,,a contacter,,,,,,,,,,,,marketing_com,Conseil en relations publiques et communication,PARIS,,75,,,,,,,,,,,,,,,,,,,,,,,,,,,,,,,,,,,,,,,,,,,,,,,523474864,52347486400015,70.21Z,,,,,,,,,,,sirene,
HOTSHOP STUDIO,,,a contacter,,,,,,,,,,,,marketing_com,Activites des agences de publicite,BOULOGNE-BILLANCOURT,,92,,,,,,,,,,,,,,,,,,,,,,,,,,,,,,,,,,,,,,,,,,,,,,,702046699,70204669900105,73.11Z,,,,,,,,,,,sirene,
HOTWIRE PUBLIC RELATIONS FRANCE,,,a contacter,,,,,,,,,,,,marketing_com,Conseil en relations publiques et communication,PARIS,,75,,,,,,,,,,,,,,,,,,,,,,,,,,,,,,,,,,,,,,,,,,,,,,,440529196,44052919600055,70.21Z,,,,,,,,,,,sirene,
HOURCOM,,,a contacter,,,,,,,,,,,,marketing_com,Conseil en relations publiques et communication,METZ,,57,,,,,,,,,,,,,,,,,,,,,,,,,,,,,,,,,,,,,,,,,,,,,,,910380427,91038042700021,70.21Z,,,,,,,,,,,sirene,
HPCR ENTREPRISE,,,a contacter,,,,,,,,,,,,marketing_com,Activites des agences de publicite,PERPIGNAN,,66,,,,,,,,,,,,,,,,,,,,,,,,,,,,,,,,,,,,,,,,,,,,,,,480953314,48095331400030,73.11Z,,,,,,,,,,,sirene,
HSVA,,,a contacter,,,,,,,,,,,,marketing_com,Activites des agences de publicite,LYON,,69,,,,,,,,,,,,,,,,,,,,,,,,,,,,,,,,,,,,,,,,,,,,,,,918240029,91824002900010,73.11Z,,,,,,,,,,,sirene,
HTAG CONSULTING,,,a contacter,,,,,,,,,,,,marketing_com,Conseil en relations publiques et communication,LIMOGES,,87,,,,,,,,,,,,,,,,,,,,,,,,,,,,,,,,,,,,,,,,,,,,,,,821867140,82186714000047,70.21Z,,,,,,,,,,,sirene,
HUB DIFFUSION,,,a contacter,,,,,,,,,,,,marketing_com,Activites des agences de publicite,PARIS,,75,,,,,,,,,,,,,,,,,,,,,,,,,,,,,,,,,,,,,,,,,,,,,,,443455886,44345588600046,73.11Z,,,,,,,,,,,sirene,
HUBFORCE,,,a contacter,,,,,,,,,,,,marketing_com,Activites des agences de publicite,QUETIGNY,,21,,,,,,,,,,,,,,,,,,,,,,,,,,,,,,,,,,,,,,,,,,,,,,,833397250,83339725000014,73.11Z,,,,,,,,,,,sirene,
HUDIK,,,a contacter,,,,,,,,,,,,marketing_com,Activites des agences de publicite,BORDEAUX,,33,,,,,,,,,,,,,,,,,,,,,,,,,,,,,,,,,,,,,,,,,,,,,,,482347473,48234747300027,73.11Z,,,,,,,,,,,sirene,
HULA HOOP NANTES,,,a contacter,,,,,,,,,,,,marketing_com,Conseil en relations publiques et communication,NANTES,,44,,,,,,,,,,,,,,,,,,,,,,,,,,,,,,,,,,,,,,,,,,,,,,,483815866,48381586600056,70.21Z,,,,,,,,,,,sirene,
HUMANCOM,,,a contacter,,,,,,,,,,,,marketing_com,Activites des agences de publicite,ISSY-LES-MOULINEAUX,,92,,,,,,,,,,,,,,,,,,,,,,,,,,,,,,,,,,,,,,,,,,,,,,,349488338,34948833800097,73.11Z,,,,,,,,,,,sirene,
HUMELAB,,,a contacter,,,,,,,,,,,,marketing_com,Activites des agences de publicite,DREUX,,28,,,,,,,,,,,,,,,,,,,,,,,,,,,,,,,,,,,,,,,,,,,,,,,438902785,43890278500023,73.11Z,,,,,,,,,,,sirene,
HUMI AGENCY,,,a contacter,,,,,,,,,,,,marketing_com,Activites des agences de publicite,PARIS,,75,,,,,,,,,,,,,,,,,,,,,,,,,,,,,,,,,,,,,,,,,,,,,,,800174823,80017482300024,73.11Z,,,,,,,,,,,sirene,
HUNGRY AND FOOLISH,,,a contacter,,,,,,,,,,,,marketing_com,Conseil en relations publiques et communication,PARIS,,75,,,,,,,,,,,,,,,,,,,,,,,,,,,,,,,,,,,,,,,,,,,,,,,489893024,48989302400047,70.21Z,,,,,,,,,,,sirene,
HUP MEDIA,,,a contacter,,,,,,,,,,,,marketing_com,Activites des agences de publicite,NIMES,,30,,,,,,,,,,,,,,,,,,,,,,,,,,,,,,,,,,,,,,,,,,,,,,,428658686,42865868600053,73.11Z,,,,,,,,,,,sirene,
HWI EVENTS,,,a contacter,,,,,,,,,,,,marketing_com,Conseil en relations publiques et communication,FEUCHEROLLES,,78,,,,,,,,,,,,,,,,,,,,,,,,,,,,,,,,,,,,,,,,,,,,,,,529733784,52973378400027,70.21Z,,,,,,,,,,,sirene,
HYBRIDE CONSEIL SARL,,,a contacter,,,,,,,,,,,,marketing_com,Activites des agences de publicite,PERPIGNAN,,66,,,,,,,,,,,,,,,,,,,,,,,,,,,,,,,,,,,,,,,,,,,,,,,492079397,49207939700039,73.11Z,,,,,,,,,,,sirene,
HYPEE COMMUNICATION,,,a contacter,,,,,,,,,,,,marketing_com,Conseil en relations publiques et communication,CANNES,,06,,,,,,,,,,,,,,,,,,,,,,,,,,,,,,,,,,,,,,,,,,,,,,,531799005,53179900500081,70.21Z,,,,,,,,,,,sirene,
HYPER FRAIS 12,,,a contacter,,,,,,,,,,,,marketing_com,Activites des agences de publicite,ONET-LE-CHATEAU,,12,,,,,,,,,,,,,,,,,,,,,,,,,,,,,,,,,,,,,,,,,,,,,,,411239395,41123939500014,73.11Z,,,,,,,,,,,sirene,
I PUB,,,a contacter,,,,,,,,,,,,marketing_com,Activites des agences de publicite,BAILLET-EN-FRANCE,,95,,,,,,,,,,,,,,,,,,,,,,,,,,,,,,,,,,,,,,,,,,,,,,,790674071,79067407100028,73.11Z,,,,,,,,,,,sirene,
I REEL,,,a contacter,,,,,,,,,,,,marketing_com,Activites des agences de publicite,BAGNOLET,,93,,,,,,,,,,,,,,,,,,,,,,,,,,,,,,,,,,,,,,,,,,,,,,,420675514,42067551400053,73.11Z,,,,,,,,,,,sirene,
I-CAN SERVICES,,,a contacter,,,,,,,,,,,,marketing_com,Activites des agences de publicite,PARIS,,75,,,,,,,,,,,,,,,,,,,,,,,,,,,,,,,,,,,,,,,,,,,,,,,803167790,80316779000044,73.11Z,,,,,,,,,,,sirene,
IA GROUP,,,a contacter,,,,,,,,,,,,marketing_com,Conseil en relations publiques et communication,BRUGES,,33,,,,,,,,,,,,,,,,,,,,,,,,,,,,,,,,,,,,,,,,,,,,,,,499376994,49937699400020,70.21Z,,,,,,,,,,,sirene,
IB-MEDIAS,,,a contacter,,,,,,,,,,,,marketing_com,Activites des agences de publicite,CHASSENEUIL-DU-POITOU,,86,,,,,,,,,,,,,,,,,,,,,,,,,,,,,,,,,,,,,,,,,,,,,,,489455063,48945506300037,73.11Z,,,,,,,,,,,sirene,
IBIZA,,,a contacter,,,,,,,,,,,,marketing_com,Activites des agences de publicite,PARIS,,75,,,,,,,,,,,,,,,,,,,,,,,,,,,,,,,,,,,,,,,,,,,,,,,480034834,48003483400063,73.11Z,,,,,,,,,,,sirene,
IBUDI,,,a contacter,,,,,,,,,,,,marketing_com,Conseil en relations publiques et communication,VIRE,,71,,,,,,,,,,,,,,,,,,,,,,,,,,,,,,,,,,,,,,,,,,,,,,,753626324,75362632400028,70.21Z,,,,,,,,,,,sirene,
IC INSIGHT COMMUNICATIONS SRL,,,a contacter,,,,,,,,,,,,marketing_com,Activites des agences de publicite,,,,,,,,,,,,,,,,,,,,,,,,,,,,,,,,,,,,,,,,,,,,,,,,,,490229648,49022964800012,73.11Z,,,,,,,,,,,sirene,
ICODEPERS,,,a contacter,,,,,,,,,,,,marketing_com,Conseil en relations publiques et communication,LAMENTIN,,971,,,,,,,,,,,,,,,,,,,,,,,,,,,,,,,,,,,,,,,,,,,,,,,882215791,88221579100014,70.21Z,,,,,,,,,,,sirene,
ICOM,,,a contacter,,,,,,,,,,,,marketing_com,Activites des agences de publicite,LA DESTROUSSE,,13,,,,,,,,,,,,,,,,,,,,,,,,,,,,,,,,,,,,,,,,,,,,,,,834251571,83425157100024,73.11Z,,,,,,,,,,,sirene,
ICOM,,,a contacter,,,,,,,,,,,,marketing_com,Conseil en relations publiques et communication,LONGUENESSE,,62,,,,,,,,,,,,,,,,,,,,,,,,,,,,,,,,,,,,,,,,,,,,,,,422743492,42274349200031,70.21Z,,,,,,,,,,,sirene,
ICONE INTERNET,,,a contacter,,,,,,,,,,,,marketing_com,Activites des agences de publicite,SAINT-ANDIOL,,13,,,,,,,,,,,,,,,,,,,,,,,,,,,,,,,,,,,,,,,,,,,,,,,804372191,80437219100010,73.11Z,,,,,,,,,,,sirene,
ICONE ONE,,,a contacter,,,,,,,,,,,,marketing_com,Activites des agences de publicite,NEUILLY-PLAISANCE,,93,,,,,,,,,,,,,,,,,,,,,,,,,,,,,,,,,,,,,,,,,,,,,,,512568569,51256856900036,73.11Z,,,,,,,,,,,sirene,
ICONIC COMMUNICATION,,,a contacter,,,,,,,,,,,,marketing_com,Activites des agences de publicite,ECULLY,,69,,,,,,,,,,,,,,,,,,,,,,,,,,,,,,,,,,,,,,,,,,,,,,,794127092,79412709200029,73.11Z,,,,,,,,,,,sirene,
ICONIC CONSEIL,,,a contacter,,,,,,,,,,,,marketing_com,Conseil en relations publiques et communication,PARIS,,75,,,,,,,,,,,,,,,,,,,,,,,,,,,,,,,,,,,,,,,,,,,,,,,912873387,91287338700019,70.21Z,,,,,,,,,,,sirene,
ICONIC RETAIL,,,a contacter,,,,,,,,,,,,marketing_com,Activites des agences de publicite,AIX-EN-PROVENCE,,13,,,,,,,,,,,,,,,,,,,,,,,,,,,,,,,,,,,,,,,,,,,,,,,801978115,80197811500047,73.11Z,,,,,,,,,,,sirene,
ICS RUN,,,a contacter,,,,,,,,,,,,marketing_com,Activites des agences de publicite,SAINT-DENIS,,974,,,,,,,,,,,,,,,,,,,,,,,,,,,,,,,,,,,,,,,,,,,,,,,902316702,90231670200023,73.11Z,,,,,,,,,,,sirene,
ID SALONS,,,a contacter,,,,,,,,,,,,marketing_com,Conseil en relations publiques et communication,JOUY-AUX-ARCHES,,57,,,,,,,,,,,,,,,,,,,,,,,,,,,,,,,,,,,,,,,,,,,,,,,879668440,87966844000016,70.21Z,,,,,,,,,,,sirene,
ID SIGNALETIQUE,,,a contacter,,,,,,,,,,,,marketing_com,Activites des agences de publicite,GARDANNE,,13,,,,,,,,,,,,,,,,,,,,,,,,,,,,,,,,,,,,,,,,,,,,,,,907989289,90798928900018,73.11Z,,,,,,,,,,,sirene,
ID-AGENCEDESMEDIASSOCIAUX.COM,,,a contacter,,,,,,,,,,,,marketing_com,Activites des agences de publicite,NEUILLY-SUR-SEINE,,92,,,,,,,,,,,,,,,,,,,,,,,,,,,,,,,,,,,,,,,,,,,,,,,513170514,51317051400071,73.11Z,,,,,,,,,,,sirene,
ID.COM,,,a contacter,,,,,,,,,,,,marketing_com,Activites des agences de publicite,CAPPELLE-LA-GRANDE,,59,,,,,,,,,,,,,,,,,,,,,,,,,,,,,,,,,,,,,,,,,,,,,,,503640245,50364024500042,73.11Z,,,,,,,,,,,sirene,
ID2STAND,,,a contacter,,,,,,,,,,,,marketing_com,Activites des agences de publicite,LESIGNY,,77,,,,,,,,,,,,,,,,,,,,,,,,,,,,,,,,,,,,,,,,,,,,,,,537894701,53789470100029,73.11Z,,,,,,,,,,,sirene,
ID5 TECHNOLOGY SAS,,,a contacter,,,,,,,,,,,,marketing_com,Activites des agences de publicite,LILLE,,59,,,,,,,,,,,,,,,,,,,,,,,,,,,,,,,,,,,,,,,,,,,,,,,837592245,83759224500018,73.11Z,,,,,,,,,,,sirene,
IDEAGENCY,,,a contacter,,,,,,,,,,,,marketing_com,Conseil en relations publiques et communication,LUCENAY,,69,,,,,,,,,,,,,,,,,,,,,,,,,,,,,,,,,,,,,,,,,,,,,,,815312939,81531293900029,70.21Z,,,,,,,,,,,sirene,
IDEAL MEDIA IM,,,a contacter,,,,,,,,,,,,marketing_com,Conseil en relations publiques et communication,PARIS,,75,,,,,,,,,,,,,,,,,,,,,,,,,,,,,,,,,,,,,,,,,,,,,,,523285484,52328548400011,70.21Z,,,,,,,,,,,sirene,
IDEE RH,,,a contacter,,,,,,,,,,,,marketing_com,Conseil en relations publiques et communication,JUVISY-SUR-ORGE,,91,,,,,,,,,,,,,,,,,,,,,,,,,,,,,,,,,,,,,,,,,,,,,,,511138968,51113896800017,70.21Z,,,,,,,,,,,sirene,
IDELIO,,,a contacter,,,,,,,,,,,,marketing_com,Activites des agences de publicite,VERTOU,,44,,,,,,,,,,,,,,,,,,,,,,,,,,,,,,,,,,,,,,,,,,,,,,,449346089,44934608900021,73.11Z,,,,,,,,,,,sirene,
IDENTITY COMMUNICATION,,,a contacter,,,,,,,,,,,,marketing_com,Conseil en relations publiques et communication,SAINT-BLAISE-DU-BUIS,,38,,,,,,,,,,,,,,,,,,,,,,,,,,,,,,,,,,,,,,,,,,,,,,,797975638,79797563800033,70.21Z,,,,,,,,,,,sirene,
IDEO POINT COM,,,a contacter,,,,,,,,,,,,marketing_com,Conseil en relations publiques et communication,CHATEAU-RENAULT,,37,,,,,,,,,,,,,,,,,,,,,,,,,,,,,,,,,,,,,,,,,,,,,,,434369500,43436950000021,70.21Z,,,,,,,,,,,sirene,
IDETOP,,,a contacter,,,,,,,,,,,,marketing_com,Activites des agences de publicite,LYON,,69,,,,,,,,,,,,,,,,,,,,,,,,,,,,,,,,,,,,,,,,,,,,,,,347756686,34775668600031,73.11Z,,,,,,,,,,,sirene,
IDEUZO COM,,,a contacter,,,,,,,,,,,,marketing_com,Regie publicitaire de medias,NANTES,,44,,,,,,,,,,,,,,,,,,,,,,,,,,,,,,,,,,,,,,,,,,,,,,,499968378,49996837800103,73.12Z,,,,,,,,,,,sirene,
IDMARKETING.OI,,,a contacter,,,,,,,,,,,,marketing_com,Activites des agences de publicite,LE TAMPON,,974,,,,,,,,,,,,,,,,,,,,,,,,,,,,,,,,,,,,,,,,,,,,,,,904603123,90460312300012,73.11Z,,,,,,,,,,,sirene,
IDS MEDIA,,,a contacter,,,,,,,,,,,,marketing_com,Activites des agences de publicite,CHANTILLY,,60,,,,,,,,,,,,,,,,,,,,,,,,,,,,,,,,,,,,,,,,,,,,,,,391163540,39116354000050,73.11Z,,,,,,,,,,,sirene,
IDY PRODUCTION,,,a contacter,,,,,,,,,,,,marketing_com,Conseil en relations publiques et communication,BAGNEUX,,92,,,,,,,,,,,,,,,,,,,,,,,,,,,,,,,,,,,,,,,,,,,,,,,483994448,48399444800023,70.21Z,,,,,,,,,,,sirene,
IDYLLE,,,a contacter,,,,,,,,,,,,marketing_com,Activites des agences de publicite,PARIS,,75,,,,,,,,,,,,,,,,,,,,,,,,,,,,,,,,,,,,,,,,,,,,,,,852118249,85211824900030,73.11Z,,,,,,,,,,,sirene,
IGDA,,,a contacter,,,,,,,,,,,,marketing_com,Regie publicitaire de medias,ASNIERES-SUR-SEINE,,92,,,,,,,,,,,,,,,,,,,,,,,,,,,,,,,,,,,,,,,,,,,,,,,494518806,49451880600059,73.12Z,,,,,,,,,,,sirene,
IKADIA,,,a contacter,,,,,,,,,,,,marketing_com,Activites des agences de publicite,TROYES,,10,,,,,,,,,,,,,,,,,,,,,,,,,,,,,,,,,,,,,,,,,,,,,,,529730491,52973049100048,73.11Z,,,,,,,,,,,sirene,
IKIGAI,,,a contacter,,,,,,,,,,,,marketing_com,Activites des agences de publicite,PARIS,,75,,,,,,,,,,,,,,,,,,,,,,,,,,,,,,,,,,,,,,,,,,,,,,,843023433,84302343300041,73.11Z,,,,,,,,,,,sirene,
ILEAVEN,,,a contacter,,,,,,,,,,,,marketing_com,Activites des agences de publicite,SARCELLES,,95,,,,,,,,,,,,,,,,,,,,,,,,,,,,,,,,,,,,,,,,,,,,,,,839294386,83929438600017,73.11Z,,,,,,,,,,,sirene,
ILICOM,,,a contacter,,,,,,,,,,,,marketing_com,Conseil en relations publiques et communication,ORLEANS,,45,,,,,,,,,,,,,,,,,,,,,,,,,,,,,,,,,,,,,,,,,,,,,,,835113754,83511375400021,70.21Z,,,,,,,,,,,sirene,
ILLUSIO,,,a contacter,,,,,,,,,,,,marketing_com,Activites des agences de publicite,BOULOGNE-BILLANCOURT,,92,,,,,,,,,,,,,,,,,,,,,,,,,,,,,,,,,,,,,,,,,,,,,,,434214573,43421457300058,73.11Z,,,,,,,,,,,sirene,
ILLUSTRATION TEXTE IMAGE,,,a contacter,,,,,,,,,,,,marketing_com,Activites des agences de publicite,LIMOGES,,87,,,,,,,,,,,,,,,,,,,,,,,,,,,,,,,,,,,,,,,,,,,,,,,402477467,40247746700037,73.11Z,,,,,,,,,,,sirene,
IM IMPACT MEMOIRE,,,a contacter,,,,,,,,,,,,marketing_com,Activites des agences de publicite,PARIS,,75,,,,,,,,,,,,,,,,,,,,,,,,,,,,,,,,,,,,,,,,,,,,,,,439399478,43939947800049,73.11Z,,,,,,,,,,,sirene,
IMAG'IN ACTION,,,a contacter,,,,,,,,,,,,marketing_com,Activites des agences de publicite,NEUILLY-SUR-MARNE,,93,,,,,,,,,,,,,,,,,,,,,,,,,,,,,,,,,,,,,,,,,,,,,,,509956207,50995620700021,73.11Z,,,,,,,,,,,sirene,
IMAGE DE MARQUE,,,a contacter,,,,,,,,,,,,marketing_com,Activites des agences de publicite,BREST,,29,,,,,,,,,,,,,,,,,,,,,,,,,,,,,,,,,,,,,,,,,,,,,,,352438162,35243816200039,73.11Z,,,,,,,,,,,sirene,
IMAGE DE MARQUE,,,a contacter,,,,,,,,,,,,marketing_com,Activites des agences de publicite,VILLENEUVE-SUR-LOT,,47,,,,,,,,,,,,,,,,,,,,,,,,,,,,,,,,,,,,,,,,,,,,,,,521176479,52117647900033,73.11Z,,,,,,,,,,,sirene,
IMAGE DE MARQUES,,,a contacter,,,,,,,,,,,,marketing_com,Activites des agences de publicite,VALLAURIS,,06,,,,,,,,,,,,,,,,,,,,,,,,,,,,,,,,,,,,,,,,,,,,,,,480489871,48048987100040,73.11Z,,,,,,,,,,,sirene,
IMAGECORP,,,a contacter,,,,,,,,,,,,marketing_com,Activites des agences de publicite,SAINT-DENIS,,974,,,,,,,,,,,,,,,,,,,,,,,,,,,,,,,,,,,,,,,,,,,,,,,424790038,42479003800030,73.11Z,,,,,,,,,,,sirene,
IMAGEIMAGES,,,a contacter,,,,,,,,,,,,marketing_com,Regie publicitaire de medias,TOURS,,37,,,,,,,,,,,,,,,,,,,,,,,,,,,,,,,,,,,,,,,,,,,,,,,512119611,51211961100022,73.12Z,,,,,,,,,,,sirene,
IMAGES ET MEDIAS,,,a contacter,,,,,,,,,,,,marketing_com,Activites des agences de publicite,LA ROCHELLE,,17,,,,,,,,,,,,,,,,,,,,,,,,,,,,,,,,,,,,,,,,,,,,,,,414119537,41411953700010,73.11Z,,,,,,,,,,,sirene,
IMAGINATEAM,C,0,a contacter,,,,,,,,,,,,marketing_com,Conseil en relations publiques et communication,SAINT-BERTHEVIN,,53,,,,,,,,,https://www.pappers.fr/entreprise/449400548,https://annuaire-entreprises.data.gouv.fr/entreprise/449400548,https://annuaire-entreprises.data.gouv.fr/annonces/449400548,https://annuaire-entreprises.data.gouv.fr/donnees-financieres/449400548,https://annuaire-entreprises.data.gouv.fr/dirigeants/449400548,https://www.google.com/maps/search/?api=1&query=IMAGINATEAM+SAINT-BERTHEVIN,https://www.google.com/search?q=IMAGINATEAM+SAINT-BERTHEVIN,https://news.google.com/search?hl=fr&q=%22IMAGINATEAM%22,https://www.linkedin.com/search/results/companies/?keywords=IMAGINATEAM,,https://www.pagesjaunes.fr/annuaire/chercherlespros?quoiqui=IMAGINATEAM&ou=SAINT-BERTHEVIN,https://www.societe.com/cgi-bin/search?champs=449400548,,,,,,,,,,,,,,,,,,,,,,,,FR14449400548,,,449400548,44940054800037,70.21Z,,,,,,,,non,oui,2026-08-02,sirene,
IMAIOS,,,a contacter,,,,,,,,,,,,marketing_com,Conseil en relations publiques et communication,CASTELNAU-LE-LEZ,,34,,,,,,,,,,,,,,,,,,,,,,,,,,,,,,,,,,,,,,,,,,,,,,,505111716,50511171600039,70.21Z,,,,,,,,,,,sirene,
IMASCIENCE,,,a contacter,,,,,,,,,,,,marketing_com,Conseil en relations publiques et communication,GRAND-AUVERNE,,44,,,,,,,,,,,,,,,,,,,,,,,,,,,,,,,,,,,,,,,,,,,,,,,750809469,75080946900026,70.21Z,,,,,,,,,,,sirene,
IMATEC,,,a contacter,,,,,,,,,,,,marketing_com,Activites des agences de publicite,NANTERRE,,92,,,,,,,,,,,,,,,,,,,,,,,,,,,,,,,,,,,,,,,,,,,,,,,418895561,41889556100029,73.11Z,,,,,,,,,,,sirene,
IMEDIAS GROUP,,,a contacter,,,,,,,,,,,,marketing_com,Activites des agences de publicite,RIVIERE SALEE,,972,,,,,,,,,,,,,,,,,,,,,,,,,,,,,,,,,,,,,,,,,,,,,,,812489839,81248983900017,73.11Z,,,,,,,,,,,sirene,
IMEDIAS INTERACTIVE SARL,,,a contacter,,,,,,,,,,,,marketing_com,Activites des agences de publicite,CAYENNE,,973,,,,,,,,,,,,,,,,,,,,,,,,,,,,,,,,,,,,,,,,,,,,,,,812384105,81238410500043,73.11Z,,,,,,,,,,,sirene,
IMMERSIV ELEMENT,,,a contacter,,,,,,,,,,,,marketing_com,Activites des agences de publicite,BISCHHEIM,,67,,,,,,,,,,,,,,,,,,,,,,,,,,,,,,,,,,,,,,,,,,,,,,,854097912,85409791200034,73.11Z,,,,,,,,,,,sirene,
IMMOLEGAL,,,a contacter,,,,,,,,,,,,marketing_com,Activites des agences de publicite,PONTOISE,,95,,,,,,,,,,,,,,,,,,,,,,,,,,,,,,,,,,,,,,,,,,,,,,,442615696,44261569600048,73.11Z,,,,,,,,,,,sirene,
IMMOMEDIA COMMUNICATION,,,a contacter,,,,,,,,,,,,marketing_com,Regie publicitaire de medias,NICE,,06,,,,,,,,,,,,,,,,,,,,,,,,,,,,,,,,,,,,,,,,,,,,,,,480549187,48054918700023,73.12Z,,,,,,,,,,,sirene,
IMPACT CONSEILS,,,a contacter,,,,,,,,,,,,marketing_com,Conseil en relations publiques et communication,PARIS,,75,,,,,,,,,,,,,,,,,,,,,,,,,,,,,,,,,,,,,,,,,,,,,,,379924400,37992440000037,70.21Z,,,,,,,,,,,sirene,
IMPACT EVOLUTION,,,a contacter,,,,,,,,,,,,marketing_com,Activites des agences de publicite,BALMA,,31,,,,,,,,,,,,,,,,,,,,,,,,,,,,,,,,,,,,,,,,,,,,,,,479248577,47924857700013,73.11Z,,,,,,,,,,,sirene,
IMPACT MEDIA PUB,,,a contacter,,,,,,,,,,,,marketing_com,Activites des agences de publicite,STRASBOURG,,67,,,,,,,,,,,,,,,,,,,,,,,,,,,,,,,,,,,,,,,,,,,,,,,415129261,41512926100046,73.11Z,,,,,,,,,,,sirene,
IMPACT PUBLICITE,,,a contacter,,,,,,,,,,,,marketing_com,Activites des agences de publicite,NICE,,06,,,,,,,,,,,,,,,,,,,,,,,,,,,,,,,,,,,,,,,,,,,,,,,478275738,47827573800019,73.11Z,,,,,,,,,,,sirene,
IMPERIAL PUB,,,a contacter,,,,,,,,,,,,marketing_com,Activites des agences de publicite,ANTONY,,92,,,,,,,,,,,,,,,,,,,,,,,,,,,,,,,,,,,,,,,,,,,,,,,433354354,43335435400030,73.11Z,,,,,,,,,,,sirene,
IMPRESS THEM,,,a contacter,,,,,,,,,,,,marketing_com,Activites des agences de publicite,MARSILLARGUES,,34,,,,,,,,,,,,,,,,,,,,,,,,,,,,,,,,,,,,,,,,,,,,,,,832739163,83273916300034,73.11Z,,,,,,,,,,,sirene,
IMPRIM ET COM,,,a contacter,,,,,,,,,,,,marketing_com,Activites des agences de publicite,ORVAULT,,44,,,,,,,,,,,,,,,,,,,,,,,,,,,,,,,,,,,,,,,,,,,,,,,510556046,51055604600033,73.11Z,,,,,,,,,,,sirene,
IMPRIM'ATLANTIQUE,,,a contacter,,,,,,,,,,,,marketing_com,Activites des agences de publicite,CHOLET,,49,,,,,,,,,,,,,,,,,,,,,,,,,,,,,,,,,,,,,,,,,,,,,,,508750114,50875011400045,73.11Z,,,,,,,,,,,sirene,
IMPRIMES SANS ADRESSE PLUS,,,a contacter,,,,,,,,,,,,marketing_com,Regie publicitaire de medias,SEVRAN,,93,,,,,,,,,,,,,,,,,,,,,,,,,,,,,,,,,,,,,,,,,,,,,,,390221406,39022140600031,73.12Z,,,,,,,,,,,sirene,
IMPRINTA,,,a contacter,,,,,,,,,,,,marketing_com,Activites des agences de publicite,BOE,,47,,,,,,,,,,,,,,,,,,,,,,,,,,,,,,,,,,,,,,,,,,,,,,,799998539,79999853900040,73.11Z,,,,,,,,,,,sirene,
IN MEDIAS RES,,,a contacter,,,,,,,,,,,,marketing_com,Conseil en relations publiques et communication,LYON,,69,,,,,,,,,,,,,,,,,,,,,,,,,,,,,,,,,,,,,,,,,,,,,,,454039272,45403927200082,70.21Z,,,,,,,,,,,sirene,
IN YELLOW CONSULTING,,,a contacter,,,,,,,,,,,,marketing_com,Conseil en relations publiques et communication,CHAINTRE,,71,,,,,,,,,,,,,,,,,,,,,,,,,,,,,,,,,,,,,,,,,,,,,,,499833721,49983372100024,70.21Z,,,,,,,,,,,sirene,
IN-STORE FACTORY,,,a contacter,,,,,,,,,,,,marketing_com,Activites des agences de publicite,BOULOGNE-BILLANCOURT,,92,,,,,,,,,,,,,,,,,,,,,,,,,,,,,,,,,,,,,,,,,,,,,,,832196596,83219659600031,73.11Z,,,,,,,,,,,sirene,
INDEPENDANCE MEDIA,,,a contacter,,,,,,,,,,,,marketing_com,Activites des agences de publicite,PARIS,,75,,,,,,,,,,,,,,,,,,,,,,,,,,,,,,,,,,,,,,,,,,,,,,,337954754,33795475400160,73.11Z,,,,,,,,,,,sirene,
INDIE,,,a contacter,,,,,,,,,,,,marketing_com,Activites des agences de publicite,LYON,,69,,,,,,,,,,,,,,,,,,,,,,,,,,,,,,,,,,,,,,,,,,,,,,,524289485,52428948500087,73.11Z,,,,,,,,,,,sirene,
INDIGO COMMUNICATION,,,a contacter,,,,,,,,,,,,marketing_com,Conseil en relations publiques et communication,SAINT-MALO,,35,,,,,,,,,,,,,,,,,,,,,,,,,,,,,,,,,,,,,,,,,,,,,,,847975893,84797589300045,70.21Z,,,,,,,,,,,sirene,
INEDIS SERVICES,,,a contacter,,,,,,,,,,,,marketing_com,Activites des agences de publicite,GRANDCHAMP-DES-FONTAINES,,44,,,,,,,,,,,,,,,,,,,,,,,,,,,,,,,,,,,,,,,,,,,,,,,479225096,47922509600011,73.11Z,,,,,,,,,,,sirene,
INFINIMENT SPORT,,,a contacter,,,,,,,,,,,,marketing_com,Conseil en relations publiques et communication,NANTERRE,,92,,,,,,,,,,,,,,,,,,,,,,,,,,,,,,,,,,,,,,,,,,,,,,,519543409,51954340900022,70.21Z,,,,,,,,,,,sirene,
INFINITY GRAPHIC,,,a contacter,,,,,,,,,,,,marketing_com,Activites des agences de publicite,GAILLAC,,81,,,,,,,,,,,,,,,,,,,,,,,,,,,,,,,,,,,,,,,,,,,,,,,892324120,89232412000013,73.11Z,,,,,,,,,,,sirene,
INFINITYPRINT,,,a contacter,,,,,,,,,,,,marketing_com,Activites des agences de publicite,COGOLIN,,83,,,,,,,,,,,,,,,,,,,,,,,,,,,,,,,,,,,,,,,,,,,,,,,798701744,79870174400012,73.11Z,,,,,,,,,,,sirene,
INFITEL,,,a contacter,,,,,,,,,,,,marketing_com,Activites des agences de publicite,LYON,,69,,,,,,,,,,,,,,,,,,,,,,,,,,,,,,,,,,,,,,,,,,,,,,,439526211,43952621100024,73.11Z,,,,,,,,,,,sirene,
INFLU CREW,,,a contacter,,,,,,,,,,,,marketing_com,Conseil en relations publiques et communication,PARIS,,75,,,,,,,,,,,,,,,,,,,,,,,,,,,,,,,,,,,,,,,,,,,,,,,889462768,88946276800025,70.21Z,,,,,,,,,,,sirene,
INFLUENCE & STRATEGIE,,,a contacter,,,,,,,,,,,,marketing_com,Conseil en relations publiques et communication,PARIS,,75,,,,,,,,,,,,,,,,,,,,,,,,,,,,,,,,,,,,,,,,,,,,,,,392722278,39272227800109,70.21Z,,,,,,,,,,,sirene,
INFLUENCE CONCEPT,,,a contacter,,,,,,,,,,,,marketing_com,Activites des agences de publicite,BAGNEUX,,92,,,,,,,,,,,,,,,,,,,,,,,,,,,,,,,,,,,,,,,,,,,,,,,397885336,39788533600040,73.11Z,,,,,,,,,,,sirene,
INFLUENCE FOR GOOD,,,a contacter,,,,,,,,,,,,marketing_com,Conseil en relations publiques et communication,PARIS,,75,,,,,,,,,,,,,,,,,,,,,,,,,,,,,,,,,,,,,,,,,,,,,,,831060207,83106020700071,70.21Z,,,,,,,,,,,sirene,
INFLUENCE SOCIETY,,,a contacter,,,,,,,,,,,,marketing_com,Activites des agences de publicite,LYON,,69,,,,,,,,,,,,,,,,,,,,,,,,,,,,,,,,,,,,,,,,,,,,,,,824023063,82402306300020,73.11Z,,,,,,,,,,,sirene,
INFLUENCE4YOU,,,a contacter,,,,,,,,,,,,marketing_com,Conseil en relations publiques et communication,PARIS,,75,,,,,,,,,,,,,,,,,,,,,,,,,,,,,,,,,,,,,,,,,,,,,,,481317261,48131726100065,70.21Z,,,,,,,,,,,sirene,
INFLUENCES FOOD,,,a contacter,,,,,,,,,,,,marketing_com,Conseil en relations publiques et communication,BORDEAUX,,33,,,,,,,,,,,,,,,,,,,,,,,,,,,,,,,,,,,,,,,,,,,,,,,843052531,84305253100046,70.21Z,,,,,,,,,,,sirene,
INFLUENCI,,,a contacter,,,,,,,,,,,,marketing_com,Conseil en relations publiques et communication,PROPRIANO,,2A,,,,,,,,,,,,,,,,,,,,,,,,,,,,,,,,,,,,,,,,,,,,,,,882437718,88243771800019,70.21Z,,,,,,,,,,,sirene,
INFLUENS NETWORK,,,a contacter,,,,,,,,,,,,marketing_com,Conseil en relations publiques et communication,PARIS,,75,,,,,,,,,,,,,,,,,,,,,,,,,,,,,,,,,,,,,,,,,,,,,,,824623615,82462361500039,70.21Z,,,,,,,,,,,sirene,
INFO ONE,,,a contacter,,,,,,,,,,,,marketing_com,Activites des agences de publicite,RAMBOUILLET,,78,,,,,,,,,,,,,,,,,,,,,,,,,,,,,,,,,,,,,,,,,,,,,,,488170069,48817006900089,73.11Z,,,,,,,,,,,sirene,
INFO REGION EDITIONS,,,a contacter,,,,,,,,,,,,marketing_com,Activites des agences de publicite,MULHOUSE,,68,,,,,,,,,,,,,,,,,,,,,,,,,,,,,,,,,,,,,,,,,,,,,,,393805593,39380559300042,73.11Z,,,,,,,,,,,sirene,
INFO-INDUSTRIES,,,a contacter,,,,,,,,,,,,marketing_com,Activites des agences de publicite,JUVISY-SUR-ORGE,,91,,,,,,,,,,,,,,,,,,,,,,,,,,,,,,,,,,,,,,,,,,,,,,,334965001,33496500100020,73.11Z,,,,,,,,,,,sirene,
INFOCAP EDITIONS,,,a contacter,,,,,,,,,,,,marketing_com,Activites des agences de publicite,SAINT-MAUR-DES-FOSSES,,94,,,,,,,,,,,,,,,,,,,,,,,,,,,,,,,,,,,,,,,,,,,,,,,393674288,39367428800047,73.11Z,,,,,,,,,,,sirene,
INFOCOM - FRANCE,,,a contacter,,,,,,,,,,,,marketing_com,Regie publicitaire de medias,AUBAGNE,,13,,,,,,,,,,,,,,,,,,,,,,,,,,,,,,,,,,,,,,,,,,,,,,,495255838,49525583800015,73.12Z,,,,,,,,,,,sirene,
INFOCOM-EDITION,,,a contacter,,,,,,,,,,,,marketing_com,Regie publicitaire de medias,AUBAGNE,,13,,,,,,,,,,,,,,,,,,,,,,,,,,,,,,,,,,,,,,,,,,,,,,,817676422,81767642200014,73.12Z,,,,,,,,,,,sirene,
INFRONT FRANCE,,,a contacter,,,,,,,,,,,,marketing_com,Conseil en relations publiques et communication,BOULOGNE-BILLANCOURT,,92,,,,,,,,,,,,,,,,,,,,,,,,,,,,,,,,,,,,,,,,,,,,,,,789509031,78950903100041,70.21Z,,,,,,,,,,,sirene,
INIT CONSULTING,,,a contacter,,,,,,,,,,,,marketing_com,Activites des agences de publicite,LOGNES,,77,,,,,,,,,,,,,,,,,,,,,,,,,,,,,,,,,,,,,,,,,,,,,,,913339362,91333936200018,73.11Z,,,,,,,,,,,sirene,
INKOM,,,a contacter,,,,,,,,,,,,marketing_com,Conseil en relations publiques et communication,VENTABREN,,13,,,,,,,,,,,,,,,,,,,,,,,,,,,,,,,,,,,,,,,,,,,,,,,893168054,89316805400029,70.21Z,,,,,,,,,,,sirene,
INLEAD,,,a contacter,,,,,,,,,,,,marketing_com,Activites des agences de publicite,NANTES,,44,,,,,,,,,,,,,,,,,,,,,,,,,,,,,,,,,,,,,,,,,,,,,,,818792095,81879209500049,73.11Z,,,,,,,,,,,sirene,
INLUCE SAS,,,a contacter,,,,,,,,,,,,marketing_com,Activites des agences de publicite,CHABEUIL,,26,,,,,,,,,,,,,,,,,,,,,,,,,,,,,,,,,,,,,,,,,,,,,,,444174502,44417450200062,73.11Z,,,,,,,,,,,sirene,
INNOCEAN WORLDWIDE FRANCE,,,a contacter,,,,,,,,,,,,marketing_com,Activites des agences de publicite,COURBEVOIE,,92,,,,,,,,,,,,,,,,,,,,,,,,,,,,,,,,,,,,,,,,,,,,,,,519306294,51930629400033,73.11Z,,,,,,,,,,,sirene,
INNOVEO,,,a contacter,,,,,,,,,,,,marketing_com,Conseil en relations publiques et communication,DIJON,,21,,,,,,,,,,,,,,,,,,,,,,,,,,,,,,,,,,,,,,,,,,,,,,,831244652,83124465200028,70.21Z,,,,,,,,,,,sirene,
INOV@,,,a contacter,,,,,,,,,,,,marketing_com,Conseil en relations publiques et communication,REMOMEIX,,88,,,,,,,,,,,,,,,,,,,,,,,,,,,,,,,,,,,,,,,,,,,,,,,818916033,81891603300033,70.21Z,,,,,,,,,,,sirene,
INOVAD,,,a contacter,,,,,,,,,,,,marketing_com,Activites des agences de publicite,PARIS,,75,,,,,,,,,,,,,,,,,,,,,,,,,,,,,,,,,,,,,,,,,,,,,,,530027861,53002786100018,73.11Z,,,,,,,,,,,sirene,
INOXIA,,,a contacter,,,,,,,,,,,,marketing_com,Activites des agences de publicite,BORDEAUX,,33,,,,,,,,,,,,,,,,,,,,,,,,,,,,,,,,,,,,,,,,,,,,,,,403289580,40328958000041,73.11Z,,,,,,,,,,,sirene,
INPUT SALES FORCES,,,a contacter,,,,,,,,,,,,marketing_com,Activites des agences de publicite,LEVALLOIS-PERRET,,92,,,,,,,,,,,,,,,,,,,,,,,,,,,,,,,,,,,,,,,,,,,,,,,443863923,44386392300050,73.11Z,,,,,,,,,,,sirene,
INSERT,,,a contacter,,,,,,,,,,,,marketing_com,Regie publicitaire de medias,NEUILLY-SUR-SEINE,,92,,,,,,,,,,,,,,,,,,,,,,,,,,,,,,,,,,,,,,,,,,,,,,,428738280,42873828000695,73.12Z,,,,,,,,,,,sirene,
INSIGN,,,a contacter,,,,,,,,,,,,marketing_com,Conseil en relations publiques et communication,LYON,,69,,,,,,,,,,,,,,,,,,,,,,,,,,,,,,,,,,,,,,,,,,,,,,,524347945,52434794500049,70.21Z,,,,,,,,,,,sirene,
INSITACTION,,,a contacter,,,,,,,,,,,,marketing_com,Conseil en relations publiques et communication,LILLE,,59,,,,,,,,,,,,,,,,,,,,,,,,,,,,,,,,,,,,,,,,,,,,,,,479571085,47957108500048,70.21Z,,,,,,,,,,,sirene,
INSPIRE STUDIO,,,a contacter,,,,,,,,,,,,marketing_com,Activites des agences de publicite,ANNECY,,74,,,,,,,,,,,,,,,,,,,,,,,,,,,,,,,,,,,,,,,,,,,,,,,850415936,85041593600036,73.11Z,,,,,,,,,,,sirene,
INSTANT COM,,,a contacter,,,,,,,,,,,,marketing_com,Conseil en relations publiques et communication,MONTRABE,,31,,,,,,,,,,,,,,,,,,,,,,,,,,,,,,,,,,,,,,,,,,,,,,,753310234,75331023400012,70.21Z,,,,,,,,,,,sirene,
INSTANT URBAIN,,,a contacter,,,,,,,,,,,,marketing_com,Activites des agences de publicite,LA ROCHELLE,,17,,,,,,,,,,,,,,,,,,,,,,,,,,,,,,,,,,,,,,,,,,,,,,,808454664,80845466400018,73.11Z,,,,,,,,,,,sirene,
INSTITUT DU CAPITALISME RESPONSABLE,,,a contacter,,,,,,,,,,,,marketing_com,Conseil en relations publiques et communication,PARIS,,75,,,,,,,,,,,,,,,,,,,,,,,,,,,,,,,,,,,,,,,,,,,,,,,485135875,48513587500055,70.21Z,,,,,,,,,,,sirene,
INSTITUTIONS ET PROJETS,,,a contacter,,,,,,,,,,,,marketing_com,Conseil en relations publiques et communication,MONTPELLIER,,34,,,,,,,,,,,,,,,,,,,,,,,,,,,,,,,,,,,,,,,,,,,,,,,823656194,82365619400029,70.21Z,,,,,,,,,,,sirene,
INTEGRAL DESIGNERS,,,a contacter,,,,,,,,,,,,marketing_com,Activites des agences de publicite,FONTENAY-SOUS-BOIS,,94,,,,,,,,,,,,,,,,,,,,,,,,,,,,,,,,,,,,,,,,,,,,,,,351558804,35155880400040,73.11Z,,,,,,,,,,,sirene,
INTELIGENCE TECHNOLOGY DESIGN,,,a contacter,,,,,,,,,,,,marketing_com,Conseil en relations publiques et communication,SAINT-JEAN-DE-VEDAS,,34,,,,,,,,,,,,,,,,,,,,,,,,,,,,,,,,,,,,,,,,,,,,,,,888166949,88816694900030,70.21Z,,,,,,,,,,,sirene,
INTELLIGENCE MEDIA CONNECT,,,a contacter,,,,,,,,,,,,marketing_com,Regie publicitaire de medias,TOULOUSE,,31,,,,,,,,,,,,,,,,,,,,,,,,,,,,,,,,,,,,,,,,,,,,,,,829670447,82967044700012,73.12Z,,,,,,,,,,,sirene,
INTELLO,,,a contacter,,,,,,,,,,,,marketing_com,Activites des agences de publicite,PARIS,,75,,,,,,,,,,,,,,,,,,,,,,,,,,,,,,,,,,,,,,,,,,,,,,,892389784,89238978400026,73.11Z,,,,,,,,,,,sirene,
INTENSE MARKETING,,,a contacter,,,,,,,,,,,,marketing_com,Conseil en relations publiques et communication,LYON,,69,,,,,,,,,,,,,,,,,,,,,,,,,,,,,,,,,,,,,,,,,,,,,,,818288508,81828850800026,70.21Z,,,,,,,,,,,sirene,
INTER FACE,,,a contacter,,,,,,,,,,,,marketing_com,Activites des agences de publicite,COLOMBIERS,,34,,,,,,,,,,,,,,,,,,,,,,,,,,,,,,,,,,,,,,,,,,,,,,,413814997,41381499700024,73.11Z,,,,,,,,,,,sirene,
INTER SERVICE,,,a contacter,,,,,,,,,,,,marketing_com,Activites des agences de publicite,BOBIGNY,,93,,,,,,,,,,,,,,,,,,,,,,,,,,,,,,,,,,,,,,,,,,,,,,,792186199,79218619900024,73.11Z,,,,,,,,,,,sirene,
INTERCLIMA,,,a contacter,,,,,,,,,,,,marketing_com,Activites des agences de publicite,PARIS,,75,,,,,,,,,,,,,,,,,,,,,,,,,,,,,,,,,,,,,,,,,,,,,,,390318343,39031834300022,73.11Z,,,,,,,,,,,sirene,
INTERCOM SA,,,a contacter,,,,,,,,,,,,marketing_com,Activites des agences de publicite,LE PRE-SAINT-GERVAIS,,93,,,,,,,,,,,,,,,,,,,,,,,,,,,,,,,,,,,,,,,,,,,,,,,428831846,42883184600061,73.11Z,,,,,,,,,,,sirene,
INTERCONNECTED VENTURE,,,a contacter,,,,,,,,,,,,marketing_com,Conseil en relations publiques et communication,PARIS,,75,,,,,,,,,,,,,,,,,,,,,,,,,,,,,,,,,,,,,,,,,,,,,,,830095584,83009558400025,70.21Z,,,,,,,,,,,sirene,
INTERCONTACT,,,a contacter,,,,,,,,,,,,marketing_com,Activites des agences de publicite,COLLERET,,59,,,,,,,,,,,,,,,,,,,,,,,,,,,,,,,,,,,,,,,,,,,,,,,522250273,52225027300011,73.11Z,,,,,,,,,,,sirene,
INTERFACE PLV,,,a contacter,,,,,,,,,,,,marketing_com,Activites des agences de publicite,CHAUVIGNY,,86,,,,,,,,,,,,,,,,,,,,,,,,,,,,,,,,,,,,,,,,,,,,,,,815291869,81529186900023,73.11Z,,,,,,,,,,,sirene,
INTERNATIONAL STANDING FRANCE MEDITERRANEE SARL,,,a contacter,,,,,,,,,,,,marketing_com,Activites des agences de publicite,MONTPELLIER,,34,,,,,,,,,,,,,,,,,,,,,,,,,,,,,,,,,,,,,,,,,,,,,,,333955615,33395561500047,73.11Z,,,,,,,,,,,sirene,
INTERRUPTION,,,a contacter,,,,,,,,,,,,marketing_com,Activites des agences de publicite,PARIS,,75,,,,,,,,,,,,,,,,,,,,,,,,,,,,,,,,,,,,,,,,,,,,,,,888403052,88840305200010,73.11Z,,,,,,,,,,,sirene,
INTERSERVICES EUROCIBLES,,,a contacter,,,,,,,,,,,,marketing_com,Conseil en relations publiques et communication,MARIGNY-LE-LOZON,,50,,,,,,,,,,,,,,,,,,,,,,,,,,,,,,,,,,,,,,,,,,,,,,,521141614,52114161400029,70.21Z,,,,,,,,,,,sirene,
INTUITION MARKETING,,,a contacter,,,,,,,,,,,,marketing_com,Conseil en relations publiques et communication,SAINT-RAPHAEL,,83,,,,,,,,,,,,,,,,,,,,,,,,,,,,,,,,,,,,,,,,,,,,,,,891217192,89121719200022,70.21Z,,,,,,,,,,,sirene,
IODA,,,a contacter,,,,,,,,,,,,marketing_com,Activites des agences de publicite,PARIS,,75,,,,,,,,,,,,,,,,,,,,,,,,,,,,,,,,,,,,,,,,,,,,,,,388362162,38836216200066,73.11Z,,,,,,,,,,,sirene,
IODA GROUP,,,a contacter,,,,,,,,,,,,marketing_com,Conseil en relations publiques et communication,PARIS,,75,,,,,,,,,,,,,,,,,,,,,,,,,,,,,,,,,,,,,,,,,,,,,,,519284210,51928421000050,70.21Z,,,,,,,,,,,sirene,
IP SYSTEM,,,a contacter,,,,,,,,,,,,marketing_com,Activites des agences de publicite,SAINT-LAURENT-DU-VAR,,06,,,,,,,,,,,,,,,,,,,,,,,,,,,,,,,,,,,,,,,,,,,,,,,853582526,85358252600010,73.11Z,,,,,,,,,,,sirene,
IPAM INDUSTRIE,,,a contacter,,,,,,,,,,,,marketing_com,Activites des agences de publicite,SAINT-BRICE-SOUS-FORET,,95,,,,,,,,,,,,,,,,,,,,,,,,,,,,,,,,,,,,,,,,,,,,,,,480476621,48047662100010,73.11Z,,,,,,,,,,,sirene,
IPG DXTRA (FRANCE) SAS,,,a contacter,,,,,,,,,,,,marketing_com,Activites des agences de publicite,NEUILLY-SUR-SEINE,,92,,,,,,,,,,,,,,,,,,,,,,,,,,,,,,,,,,,,,,,,,,,,,,,391244894,39124489400088,73.11Z,,,,,,,,,,,sirene,
IPG HEALTH PARIS,,,a contacter,,,,,,,,,,,,marketing_com,Activites des agences de publicite,COURBEVOIE,,92,,,,,,,,,,,,,,,,,,,,,,,,,,,,,,,,,,,,,,,,,,,,,,,410250542,41025054200066,73.11Z,,,,,,,,,,,sirene,
IPJ STANDARD,,,a contacter,,,,,,,,,,,,marketing_com,Conseil en relations publiques et communication,BRIGNOLES,,83,,,,,,,,,,,,,,,,,,,,,,,,,,,,,,,,,,,,,,,,,,,,,,,884498114,88449811400039,70.21Z,,,,,,,,,,,sirene,
IPOCAM,,,a contacter,,,,,,,,,,,,marketing_com,Activites des agences de publicite,GOLBEY,,88,,,,,,,,,,,,,,,,,,,,,,,,,,,,,,,,,,,,,,,,,,,,,,,799118112,79911811200025,73.11Z,,,,,,,,,,,sirene,
IPRINT PRODUCTION,,,a contacter,,,,,,,,,,,,marketing_com,Activites des agences de publicite,VANNES,,56,,,,,,,,,,,,,,,,,,,,,,,,,,,,,,,,,,,,,,,,,,,,,,,794688093,79468809300010,73.11Z,,,,,,,,,,,sirene,
IPROSPECT CONSEIL FRANCE,,,a contacter,,,,,,,,,,,,marketing_com,Activites des agences de publicite,PARIS,,75,,,,,,,,,,,,,,,,,,,,,,,,,,,,,,,,,,,,,,,,,,,,,,,348633462,34863346200059,73.11Z,,,,,,,,,,,sirene,
IPROSPECT FRANCE,,,a contacter,,,,,,,,,,,,marketing_com,Activites des agences de publicite,PARIS,,75,,,,,,,,,,,,,,,,,,,,,,,,,,,,,,,,,,,,,,,,,,,,,,,432250116,43225011600121,73.11Z,,,,,,,,,,,sirene,
IRIS INTERACTIVE,,,a contacter,,,,,,,,,,,,marketing_com,Activites des agences de publicite,LE PUY-EN-VELAY,,43,,,,,,,,,,,,,,,,,,,,,,,,,,,,,,,,,,,,,,,,,,,,,,,441832946,44183294600079,73.11Z,,,,,,,,,,,sirene,
IRWEEGO,,,a contacter,,,,,,,,,,,,marketing_com,Activites des agences de publicite,ROISSY-EN-FRANCE,,95,,,,,,,,,,,,,,,,,,,,,,,,,,,,,,,,,,,,,,,,,,,,,,,397566860,39756686000052,73.11Z,,,,,,,,,,,sirene,
IRWINO,,,a contacter,,,,,,,,,,,,marketing_com,Conseil en relations publiques et communication,GUYANCOURT,,78,,,,,,,,,,,,,,,,,,,,,,,,,,,,,,,,,,,,,,,,,,,,,,,517531133,51753113300034,70.21Z,,,,,,,,,,,sirene,
IS ANAIS CONCEPT,,,a contacter,,,,,,,,,,,,marketing_com,Activites des agences de publicite,PARIS,,75,,,,,,,,,,,,,,,,,,,,,,,,,,,,,,,,,,,,,,,,,,,,,,,409885993,40988599300033,73.11Z,,,,,,,,,,,sirene,
ISABELLE DEFAYE CONSEILS ET COMMUNICATION,,,a contacter,,,,,,,,,,,,marketing_com,Activites des agences de publicite,MARSAC-SUR-L ISLE,,24,,,,,,,,,,,,,,,,,,,,,,,,,,,,,,,,,,,,,,,,,,,,,,,853842078,85384207800042,73.11Z,,,,,,,,,,,sirene,
ISOSKELE FACTORY,,,a contacter,,,,,,,,,,,,marketing_com,Conseil en relations publiques et communication,PARIS,,75,,,,,,,,,,,,,,,,,,,,,,,,,,,,,,,,,,,,,,,,,,,,,,,834310864,83431086400048,70.21Z,,,,,,,,,,,sirene,
ITALIC,,,a contacter,,,,,,,,,,,,marketing_com,Conseil en relations publiques et communication,CUGAND,,85,,,,,,,,,,,,,,,,,,,,,,,,,,,,,,,,,,,,,,,,,,,,,,,504536749,50453674900022,70.21Z,,,,,,,,,,,sirene,
ITEKCOM,,,a contacter,,,,,,,,,,,,marketing_com,Activites des agences de publicite,BIOT,,06,,,,,,,,,,,,,,,,,,,,,,,,,,,,,,,,,,,,,,,,,,,,,,,484295068,48429506800056,73.11Z,,,,,,,,,,,sirene,
ITEKWAY ILE DE FRANCE,,,a contacter,,,,,,,,,,,,marketing_com,Conseil en relations publiques et communication,PARIS,,75,,,,,,,,,,,,,,,,,,,,,,,,,,,,,,,,,,,,,,,,,,,,,,,515195212,51519521200052,70.21Z,,,,,,,,,,,sirene,
ITM INFINITY,,,a contacter,,,,,,,,,,,,marketing_com,Regie publicitaire de medias,BONDOUFLE,,91,,,,,,,,,,,,,,,,,,,,,,,,,,,,,,,,,,,,,,,,,,,,,,,902713197,90271319700041,73.12Z,,,,,,,,,,,sirene,
IVIDENCE,,,a contacter,,,,,,,,,,,,marketing_com,Conseil en relations publiques et communication,MONTREUIL,,93,,,,,,,,,,,,,,,,,,,,,,,,,,,,,,,,,,,,,,,,,,,,,,,880502893,88050289300014,70.21Z,,,,,,,,,,,sirene,
IWEGO,,,a contacter,,,,,,,,,,,,marketing_com,Conseil en relations publiques et communication,COUFOULEUX,,81,,,,,,,,,,,,,,,,,,,,,,,,,,,,,,,,,,,,,,,,,,,,,,,908393218,90839321800015,70.21Z,,,,,,,,,,,sirene,
IZARD CREATIONS,,,a contacter,,,,,,,,,,,,marketing_com,Activites des agences de publicite,SAINT-SEBASTIEN-SUR-LOIRE,,44,,,,,,,,,,,,,,,,,,,,,,,,,,,,,,,,,,,,,,,,,,,,,,,328730387,32873038700094,73.11Z,,,,,,,,,,,sirene,
IZY'COM,,,a contacter,,,,,,,,,,,,marketing_com,Activites des agences de publicite,SAINT-JEAN-DE-LA-RUELLE,,45,,,,,,,,,,,,,,,,,,,,,,,,,,,,,,,,,,,,,,,,,,,,,,,812828200,81282820000020,73.11Z,,,,,,,,,,,sirene,
J P E,,,a contacter,,,,,,,,,,,,marketing_com,Activites des agences de publicite,BARBENTANE,,13,,,,,,,,,,,,,,,,,,,,,,,,,,,,,,,,,,,,,,,,,,,,,,,410246474,41024647400010,73.11Z,,,,,,,,,,,sirene,
J&J,,,a contacter,,,,,,,,,,,,marketing_com,Conseil en relations publiques et communication,CLERMONT-FERRAND,,63,,,,,,,,,,,,,,,,,,,,,,,,,,,,,,,,,,,,,,,,,,,,,,,878932623,87893262300027,70.21Z,,,,,,,,,,,sirene,
J'ARTICULE,,,a contacter,,,,,,,,,,,,marketing_com,Conseil en relations publiques et communication,LYON,,69,,,,,,,,,,,,,,,,,,,,,,,,,,,,,,,,,,,,,,,,,,,,,,,443751557,44375155700036,70.21Z,,,,,,,,,,,sirene,
J-C PUB,,,a contacter,,,,,,,,,,,,marketing_com,Regie publicitaire de medias,SAINT-LAURENT-D'AGNY,,69,,,,,,,,,,,,,,,,,,,,,,,,,,,,,,,,,,,,,,,,,,,,,,,388667016,38866701600033,73.12Z,,,,,,,,,,,sirene,
J2C COMMUNICATION,,,a contacter,,,,,,,,,,,,marketing_com,Activites des agences de publicite,BOULOGNE-BILLANCOURT,,92,,,,,,,,,,,,,,,,,,,,,,,,,,,,,,,,,,,,,,,,,,,,,,,327756904,32775690400063,73.11Z,,,,,,,,,,,sirene,
J43 MULTISERVICES,,,a contacter,,,,,,,,,,,,marketing_com,Activites des agences de publicite,SAVIGNY-LE-TEMPLE,,77,,,,,,,,,,,,,,,,,,,,,,,,,,,,,,,,,,,,,,,,,,,,,,,921894309,92189430900027,73.11Z,,,,,,,,,,,sirene,
J5 CO,,,a contacter,,,,,,,,,,,,marketing_com,Activites des agences de publicite,PARIS,,75,,,,,,,,,,,,,,,,,,,,,,,,,,,,,,,,,,,,,,,,,,,,,,,500546312,50054631200041,73.11Z,,,,,,,,,,,sirene,
JAAP,,,a contacter,,,,,,,,,,,,marketing_com,Activites des agences de publicite,HARSKIRCHEN,,67,,,,,,,,,,,,,,,,,,,,,,,,,,,,,,,,,,,,,,,,,,,,,,,852022946,85202294600036,73.11Z,,,,,,,,,,,sirene,
JABYS,,,a contacter,,,,,,,,,,,,marketing_com,Regie publicitaire de medias,CENON,,33,,,,,,,,,,,,,,,,,,,,,,,,,,,,,,,,,,,,,,,,,,,,,,,403796758,40379675800031,73.12Z,,,,,,,,,,,sirene,
JADECLO,,,a contacter,,,,,,,,,,,,marketing_com,Conseil en relations publiques et communication,NICE,,06,,,,,,,,,,,,,,,,,,,,,,,,,,,,,,,,,,,,,,,,,,,,,,,831681366,83168136600033,70.21Z,,,,,,,,,,,sirene,
JADERE,,,a contacter,,,,,,,,,,,,marketing_com,Activites des agences de publicite,DIJON,,21,,,,,,,,,,,,,,,,,,,,,,,,,,,,,,,,,,,,,,,,,,,,,,,527926539,52792653900018,73.11Z,,,,,,,,,,,sirene,
JAKE,,,a contacter,,,,,,,,,,,,marketing_com,Activites des agences de publicite,PARIS,,75,,,,,,,,,,,,,,,,,,,,,,,,,,,,,,,,,,,,,,,,,,,,,,,812395382,81239538200011,73.11Z,,,,,,,,,,,sirene,
JAM SOLIDAIRE,,,a contacter,,,,,,,,,,,,marketing_com,Conseil en relations publiques et communication,PARIS,,75,,,,,,,,,,,,,,,,,,,,,,,,,,,,,,,,,,,,,,,,,,,,,,,910523869,91052386900030,70.21Z,,,,,,,,,,,sirene,
JAMA,,,a contacter,,,,,,,,,,,,marketing_com,Activites des agences de publicite,FORT-DE-FRANCE,,972,,,,,,,,,,,,,,,,,,,,,,,,,,,,,,,,,,,,,,,,,,,,,,,414694604,41469460400037,73.11Z,,,,,,,,,,,sirene,
JAMET,,,a contacter,,,,,,,,,,,,marketing_com,Activites des agences de publicite,BRISSAC LOIRE AUBANCE,,49,,,,,,,,,,,,,,,,,,,,,,,,,,,,,,,,,,,,,,,,,,,,,,,839096427,83909642700027,73.11Z,,,,,,,,,,,sirene,
JBB CONSEIL,,,a contacter,,,,,,,,,,,,marketing_com,Activites des agences de publicite,SAINT-GILLES-CROIX-DE-VIE,,85,,,,,,,,,,,,,,,,,,,,,,,,,,,,,,,,,,,,,,,,,,,,,,,500747654,50074765400043,73.11Z,,,,,,,,,,,sirene,
JBK CORPORATION,,,a contacter,,,,,,,,,,,,marketing_com,Activites des agences de publicite,COURZIEU,,69,,,,,,,,,,,,,,,,,,,,,,,,,,,,,,,,,,,,,,,,,,,,,,,847534161,84753416100041,73.11Z,,,,,,,,,,,sirene,
JBL COM & CIE,,,a contacter,,,,,,,,,,,,marketing_com,Activites des agences de publicite,MONS-EN-BARŒUL,,59,,,,,,,,,,,,,,,,,,,,,,,,,,,,,,,,,,,,,,,,,,,,,,,468500962,46850096200047,73.11Z,,,,,,,,,,,sirene,
JCD&B NETWORKING,,,a contacter,,,,,,,,,,,,marketing_com,Conseil en relations publiques et communication,ALFORTVILLE,,94,,,,,,,,,,,,,,,,,,,,,,,,,,,,,,,,,,,,,,,,,,,,,,,523794014,52379401400010,70.21Z,,,,,,,,,,,sirene,
JCDECAUX REUNION ISLAND,,,a contacter,,,,,,,,,,,,marketing_com,Activites des agences de publicite,SAINT-PIERRE,,974,,,,,,,,,,,,,,,,,,,,,,,,,,,,,,,,,,,,,,,,,,,,,,,503885626,50388562600021,73.11Z,,,,,,,,,,,sirene,
JCL IMPRIMERIE,,,a contacter,,,,,,,,,,,,marketing_com,Activites des agences de publicite,NOYON,,60,,,,,,,,,,,,,,,,,,,,,,,,,,,,,,,,,,,,,,,,,,,,,,,539394783,53939478300044,73.11Z,,,,,,,,,,,sirene,
JCS WEB,,,a contacter,,,,,,,,,,,,marketing_com,Conseil en relations publiques et communication,PARIS,,75,,,,,,,,,,,,,,,,,,,,,,,,,,,,,,,,,,,,,,,,,,,,,,,534318647,53431864700052,70.21Z,,,,,,,,,,,sirene,
JE VAIS LE DIRE A MA MERE,,,a contacter,,,,,,,,,,,,marketing_com,Conseil en relations publiques et communication,LYON,,69,,,,,,,,,,,,,,,,,,,,,,,,,,,,,,,,,,,,,,,,,,,,,,,490381050,49038105000056,70.21Z,,,,,,,,,,,sirene,
JEAN CAROZZI (VISIOCOM),,,a contacter,,,,,,,,,,,,marketing_com,Regie publicitaire de medias,ANTONY,,92,,,,,,,,,,,,,,,,,,,,,,,,,,,,,,,,,,,,,,,,,,,,,,,492255120,49225512000031,73.12Z,,,,,,,,,,,sirene,
JEAN LOUIS BULOT,,,a contacter,,,,,,,,,,,,marketing_com,Conseil en relations publiques et communication,BREBIERES,,62,,,,,,,,,,,,,,,,,,,,,,,,,,,,,,,,,,,,,,,,,,,,,,,498141621,49814162100017,70.21Z,,,,,,,,,,,sirene,
JEANNE,,,a contacter,,,,,,,,,,,,marketing_com,Conseil en relations publiques et communication,POITIERS,,86,,,,,,,,,,,,,,,,,,,,,,,,,,,,,,,,,,,,,,,,,,,,,,,841474661,84147466100037,70.21Z,,,,,,,,,,,sirene,
JECOMMUNIQUELOCAL,,,a contacter,,,,,,,,,,,,marketing_com,Activites des agences de publicite,VOIRON,,38,,,,,,,,,,,,,,,,,,,,,,,,,,,,,,,,,,,,,,,,,,,,,,,904448743,90444874300016,73.11Z,,,,,,,,,,,sirene,
JFK MEDIA,,,a contacter,,,,,,,,,,,,marketing_com,Regie publicitaire de medias,MACON,,71,,,,,,,,,,,,,,,,,,,,,,,,,,,,,,,,,,,,,,,,,,,,,,,508008083,50800808300034,73.12Z,,,,,,,,,,,sirene,
JFR DISTRIBUTION,,,a contacter,,,,,,,,,,,,marketing_com,Activites des agences de publicite,DOMMARTIN-LES-REMIREMONT,,88,,,,,,,,,,,,,,,,,,,,,,,,,,,,,,,,,,,,,,,,,,,,,,,912440179,91244017900014,73.11Z,,,,,,,,,,,sirene,
JFVD,,,a contacter,,,,,,,,,,,,marketing_com,Activites des agences de publicite,LYON,,69,,,,,,,,,,,,,,,,,,,,,,,,,,,,,,,,,,,,,,,,,,,,,,,790373757,79037375700042,73.11Z,,,,,,,,,,,sirene,
JIM SOCIAL NETWORKER,,,a contacter,,,,,,,,,,,,marketing_com,Activites des agences de publicite,PARIS,,75,,,,,,,,,,,,,,,,,,,,,,,,,,,,,,,,,,,,,,,,,,,,,,,813990934,81399093400032,73.11Z,,,,,,,,,,,sirene,
JIN,,,a contacter,,,,,,,,,,,,marketing_com,Conseil en relations publiques et communication,PUTEAUX,,92,,,,,,,,,,,,,,,,,,,,,,,,,,,,,,,,,,,,,,,,,,,,,,,752390096,75239009600028,70.21Z,,,,,,,,,,,sirene,
JIXART,,,a contacter,,,,,,,,,,,,marketing_com,Activites des agences de publicite,BALMA,,31,,,,,,,,,,,,,,,,,,,,,,,,,,,,,,,,,,,,,,,,,,,,,,,833954670,83395467000042,73.11Z,,,,,,,,,,,sirene,
JL COMMUNICATION,,,a contacter,,,,,,,,,,,,marketing_com,Conseil en relations publiques et communication,PIERRELATTE,,26,,,,,,,,,,,,,,,,,,,,,,,,,,,,,,,,,,,,,,,,,,,,,,,881845267,88184526700023,70.21Z,,,,,,,,,,,sirene,
JLW,,,a contacter,,,,,,,,,,,,marketing_com,Activites des agences de publicite,REIMS,,51,,,,,,,,,,,,,,,,,,,,,,,,,,,,,,,,,,,,,,,,,,,,,,,529533556,52953355600021,73.11Z,,,,,,,,,,,sirene,
JM COMMUNICATION,,,a contacter,,,,,,,,,,,,marketing_com,Activites des agences de publicite,CERGY,,95,,,,,,,,,,,,,,,,,,,,,,,,,,,,,,,,,,,,,,,,,,,,,,,399710946,39971094600050,73.11Z,,,,,,,,,,,sirene,
JM DISTRBUTION,,,a contacter,,,,,,,,,,,,marketing_com,Activites des agences de publicite,SAINT-DENIS,,93,,,,,,,,,,,,,,,,,,,,,,,,,,,,,,,,,,,,,,,,,,,,,,,920295789,92029578900019,73.11Z,,,,,,,,,,,sirene,
JMJ COM,,,a contacter,,,,,,,,,,,,marketing_com,Activites des agences de publicite,VILLEURBANNE,,69,,,,,,,,,,,,,,,,,,,,,,,,,,,,,,,,,,,,,,,,,,,,,,,537573321,53757332100065,73.11Z,,,,,,,,,,,sirene,
JML COMMUNICATION VISUELLE,,,a contacter,,,,,,,,,,,,marketing_com,Activites des agences de publicite,SAINT-LAURENT-BLANGY,,62,,,,,,,,,,,,,,,,,,,,,,,,,,,,,,,,,,,,,,,,,,,,,,,421703729,42170372900028,73.11Z,,,,,,,,,,,sirene,
JNOV TECHNOLOGIE,,,a contacter,,,,,,,,,,,,marketing_com,Conseil en relations publiques et communication,LEVALLOIS-PERRET,,92,,,,,,,,,,,,,,,,,,,,,,,,,,,,,,,,,,,,,,,,,,,,,,,829886092,82988609200032,70.21Z,,,,,,,,,,,sirene,
JOEL HARBONNIER,,,a contacter,,,,,,,,,,,,marketing_com,Activites des agences de publicite,PIERRELAYE,,95,,,,,,,,,,,,,,,,,,,,,,,,,,,,,,,,,,,,,,,,,,,,,,,480882729,48088272900043,73.11Z,,,,,,,,,,,sirene,
"JOHN&JAMES, GINA",,,a contacter,,,,,,,,,,,,marketing_com,Conseil en relations publiques et communication,MARSEILLE,,13,,,,,,,,,,,,,,,,,,,,,,,,,,,,,,,,,,,,,,,,,,,,,,,823926282,82392628200042,70.21Z,,,,,,,,,,,sirene,
JOK'RACE,,,a contacter,,,,,,,,,,,,marketing_com,Conseil en relations publiques et communication,BOURGES,,18,,,,,,,,,,,,,,,,,,,,,,,,,,,,,,,,,,,,,,,,,,,,,,,519567689,51956768900038,70.21Z,,,,,,,,,,,sirene,
JOOKA & JULIEN,,,a contacter,,,,,,,,,,,,marketing_com,Activites des agences de publicite,LYON,,69,,,,,,,,,,,,,,,,,,,,,,,,,,,,,,,,,,,,,,,,,,,,,,,538460163,53846016300032,73.11Z,,,,,,,,,,,sirene,
JOOSNABHAN,,,a contacter,,,,,,,,,,,,marketing_com,Conseil en relations publiques et communication,PARIS,,75,,,,,,,,,,,,,,,,,,,,,,,,,,,,,,,,,,,,,,,,,,,,,,,797835329,79783532900039,70.21Z,,,,,,,,,,,sirene,
JOSE CARVALHO DA COSTA,,,a contacter,,,,,,,,,,,,marketing_com,Activites des agences de publicite,FRANCONVILLE,,95,,,,,,,,,,,,,,,,,,,,,,,,,,,,,,,,,,,,,,,,,,,,,,,422297523,42229752300041,73.11Z,,,,,,,,,,,sirene,
JP CREATION,,,a contacter,,,,,,,,,,,,marketing_com,Activites des agences de publicite,CHAMBERY,,73,,,,,,,,,,,,,,,,,,,,,,,,,,,,,,,,,,,,,,,,,,,,,,,508996865,50899686500020,73.11Z,,,,,,,,,,,sirene,
JPGC,,,a contacter,,,,,,,,,,,,marketing_com,Activites des agences de publicite,MARCQ-EN-BARŒUL,,59,,,,,,,,,,,,,,,,,,,,,,,,,,,,,,,,,,,,,,,,,,,,,,,351710959,35171095900054,73.11Z,,,,,,,,,,,sirene,
JPM ET ASSOCIES,,,a contacter,,,,,,,,,,,,marketing_com,Activites des agences de publicite,TALANT,,21,,,,,,,,,,,,,,,,,,,,,,,,,,,,,,,,,,,,,,,,,,,,,,,378379580,37837958000020,73.11Z,,,,,,,,,,,sirene,
JPV PUB & COM,,,a contacter,,,,,,,,,,,,marketing_com,Regie publicitaire de medias,BIGNOUX,,86,,,,,,,,,,,,,,,,,,,,,,,,,,,,,,,,,,,,,,,,,,,,,,,790919856,79091985600035,73.12Z,,,,,,,,,,,sirene,
JRGC,,,a contacter,,,,,,,,,,,,marketing_com,Conseil en relations publiques et communication,SAINT-ETIENNE,,42,,,,,,,,,,,,,,,,,,,,,,,,,,,,,,,,,,,,,,,,,,,,,,,791261118,79126111800032,70.21Z,,,,,,,,,,,sirene,
JSCOM,,,a contacter,,,,,,,,,,,,marketing_com,Regie publicitaire de medias,BAILLARGUES,,34,,,,,,,,,,,,,,,,,,,,,,,,,,,,,,,,,,,,,,,,,,,,,,,799843990,79984399000018,73.12Z,,,,,,,,,,,sirene,
JSF.COM,,,a contacter,,,,,,,,,,,,marketing_com,Activites des agences de publicite,CHATILLON,,92,,,,,,,,,,,,,,,,,,,,,,,,,,,,,,,,,,,,,,,,,,,,,,,417517075,41751707500046,73.11Z,,,,,,,,,,,sirene,
JTD,,,a contacter,,,,,,,,,,,,marketing_com,Conseil en relations publiques et communication,SAINT-MAUR-DES-FOSSES,,94,,,,,,,,,,,,,,,,,,,,,,,,,,,,,,,,,,,,,,,,,,,,,,,383724622,38372462200030,70.21Z,,,,,,,,,,,sirene,
JULIAN OCAMPO GOMEZ,,,a contacter,,,,,,,,,,,,marketing_com,Conseil en relations publiques et communication,LATTES,,34,,,,,,,,,,,,,,,,,,,,,,,,,,,,,,,,,,,,,,,,,,,,,,,823402052,82340205200042,70.21Z,,,,,,,,,,,sirene,
JULIEN BUREL (EIRL JULIEN BUREL),,,a contacter,,,,,,,,,,,,marketing_com,Activites des agences de publicite,LE HAVRE,,76,,,,,,,,,,,,,,,,,,,,,,,,,,,,,,,,,,,,,,,,,,,,,,,491536892,49153689200038,73.11Z,,,,,,,,,,,sirene,
JULIEN IGRAFY (LE ROUX),,,a contacter,,,,,,,,,,,,marketing_com,Activites des agences de publicite,JOSSE,,40,,,,,,,,,,,,,,,,,,,,,,,,,,,,,,,,,,,,,,,,,,,,,,,487918740,48791874000035,73.11Z,,,,,,,,,,,sirene,
JUMP INFLUENCE,,,a contacter,,,,,,,,,,,,marketing_com,Conseil en relations publiques et communication,SAINT-MAUR-DES-FOSSES,,94,,,,,,,,,,,,,,,,,,,,,,,,,,,,,,,,,,,,,,,,,,,,,,,978632800,97863280000014,70.21Z,,,,,,,,,,,sirene,
JUST HAPPINESS,,,a contacter,,,,,,,,,,,,marketing_com,Activites des agences de publicite,GRABELS,,34,,,,,,,,,,,,,,,,,,,,,,,,,,,,,,,,,,,,,,,,,,,,,,,753665710,75366571000038,73.11Z,,,,,,,,,,,sirene,
JUST SEE,,,a contacter,,,,,,,,,,,,marketing_com,Activites des agences de publicite,SAINT-GERMAIN-LAXIS,,77,,,,,,,,,,,,,,,,,,,,,,,,,,,,,,,,,,,,,,,,,,,,,,,749859633,74985963300036,73.11Z,,,,,,,,,,,sirene,
JUUD,,,a contacter,,,,,,,,,,,,marketing_com,Activites des agences de publicite,BORDEAUX,,33,,,,,,,,,,,,,,,,,,,,,,,,,,,,,,,,,,,,,,,,,,,,,,,842620676,84262067600010,73.11Z,,,,,,,,,,,sirene,
K COM CREA,,,a contacter,,,,,,,,,,,,marketing_com,Conseil en relations publiques et communication,BLANGY-SUR-BRESLE,,76,,,,,,,,,,,,,,,,,,,,,,,,,,,,,,,,,,,,,,,,,,,,,,,799596986,79959698600015,70.21Z,,,,,,,,,,,sirene,
K PARTICULIER,,,a contacter,,,,,,,,,,,,marketing_com,Activites des agences de publicite,BOULOGNE-BILLANCOURT,,92,,,,,,,,,,,,,,,,,,,,,,,,,,,,,,,,,,,,,,,,,,,,,,,408472249,40847224900056,73.11Z,,,,,,,,,,,sirene,
K PUB EURL,,,a contacter,,,,,,,,,,,,marketing_com,Conseil en relations publiques et communication,VAISON-LA-ROMAINE,,84,,,,,,,,,,,,,,,,,,,,,,,,,,,,,,,,,,,,,,,,,,,,,,,818755605,81875560500032,70.21Z,,,,,,,,,,,sirene,
K PUBLISHING,,,a contacter,,,,,,,,,,,,marketing_com,Activites des agences de publicite,MUDAISON,,34,,,,,,,,,,,,,,,,,,,,,,,,,,,,,,,,,,,,,,,,,,,,,,,822052270,82205227000029,73.11Z,,,,,,,,,,,sirene,
K.L.I,,,a contacter,,,,,,,,,,,,marketing_com,Activites des agences de publicite,PARIS,,75,,,,,,,,,,,,,,,,,,,,,,,,,,,,,,,,,,,,,,,,,,,,,,,453384737,45338473700061,73.11Z,,,,,,,,,,,sirene,
K.R. FACTORY,,,a contacter,,,,,,,,,,,,marketing_com,Activites des agences de publicite,PENTA DI CASINCA,,2B,,,,,,,,,,,,,,,,,,,,,,,,,,,,,,,,,,,,,,,,,,,,,,,900094301,90009430100018,73.11Z,,,,,,,,,,,sirene,
K2 EVENT,,,a contacter,,,,,,,,,,,,marketing_com,Activites des agences de publicite,SAINT-DENIS,,974,,,,,,,,,,,,,,,,,,,,,,,,,,,,,,,,,,,,,,,,,,,,,,,922011838,92201183800013,73.11Z,,,,,,,,,,,sirene,
K2COM',,,a contacter,,,,,,,,,,,,marketing_com,Conseil en relations publiques et communication,BAIE-MAHAULT,,971,,,,,,,,,,,,,,,,,,,,,,,,,,,,,,,,,,,,,,,,,,,,,,,812951879,81295187900038,70.21Z,,,,,,,,,,,sirene,
KA2 COMMUNICATION,,,a contacter,,,,,,,,,,,,marketing_com,Conseil en relations publiques et communication,BORDEAUX,,33,,,,,,,,,,,,,,,,,,,,,,,,,,,,,,,,,,,,,,,,,,,,,,,443579636,44357963600038,70.21Z,,,,,,,,,,,sirene,
KAIROS,,,a contacter,,,,,,,,,,,,marketing_com,Activites des agences de publicite,PARIS,,75,,,,,,,,,,,,,,,,,,,,,,,,,,,,,,,,,,,,,,,,,,,,,,,513652438,51365243800054,73.11Z,,,,,,,,,,,sirene,
KAISA TECHNOLOGIES AB,,,a contacter,,,,,,,,,,,,marketing_com,Activites des agences de publicite,,,,,,,,,,,,,,,,,,,,,,,,,,,,,,,,,,,,,,,,,,,,,,,,,,823603469,82360346900011,73.11Z,,,,,,,,,,,sirene,
KAL DISTRIBUTION,,,a contacter,,,,,,,,,,,,marketing_com,Activites des agences de publicite,PARIS,,75,,,,,,,,,,,,,,,,,,,,,,,,,,,,,,,,,,,,,,,,,,,,,,,880426291,88042629100014,73.11Z,,,,,,,,,,,sirene,
KALAAPA,,,a contacter,,,,,,,,,,,,marketing_com,Conseil en relations publiques et communication,ARGENTEUIL,,95,,,,,,,,,,,,,,,,,,,,,,,,,,,,,,,,,,,,,,,,,,,,,,,519839245,51983924500023,70.21Z,,,,,,,,,,,sirene,
KALIPUB,,,a contacter,,,,,,,,,,,,marketing_com,Activites des agences de publicite,SAINT-JOUAN-DES-GUERETS,,35,,,,,,,,,,,,,,,,,,,,,,,,,,,,,,,,,,,,,,,,,,,,,,,788682391,78868239100032,73.11Z,,,,,,,,,,,sirene,
KALKOM,,,a contacter,,,,,,,,,,,,marketing_com,Regie publicitaire de medias,PERPIGNAN,,66,,,,,,,,,,,,,,,,,,,,,,,,,,,,,,,,,,,,,,,,,,,,,,,481808111,48180811100076,73.12Z,,,,,,,,,,,sirene,
KAMATE REGIE,,,a contacter,,,,,,,,,,,,marketing_com,Regie publicitaire de medias,COURBEVOIE,,92,,,,,,,,,,,,,,,,,,,,,,,,,,,,,,,,,,,,,,,,,,,,,,,509808796,50980879600015,73.12Z,,,,,,,,,,,sirene,
KAMELECOM,,,a contacter,,,,,,,,,,,,marketing_com,Activites des agences de publicite,FACHES-THUMESNIL,,59,,,,,,,,,,,,,,,,,,,,,,,,,,,,,,,,,,,,,,,,,,,,,,,499150977,49915097700043,73.11Z,,,,,,,,,,,sirene,
KAMELEON,,,a contacter,,,,,,,,,,,,marketing_com,Activites des agences de publicite,GENAS,,69,,,,,,,,,,,,,,,,,,,,,,,,,,,,,,,,,,,,,,,,,,,,,,,412036931,41203693100068,73.11Z,,,,,,,,,,,sirene,
KANDINSKY FRANCE SARL,,,a contacter,,,,,,,,,,,,marketing_com,Activites des agences de publicite,NANTERRE,,92,,,,,,,,,,,,,,,,,,,,,,,,,,,,,,,,,,,,,,,,,,,,,,,454093725,45409372500025,73.11Z,,,,,,,,,,,sirene,
KANEVA,,,a contacter,,,,,,,,,,,,marketing_com,Activites des agences de publicite,MONTPELLIER,,34,,,,,,,,,,,,,,,,,,,,,,,,,,,,,,,,,,,,,,,,,,,,,,,800448722,80044872200044,73.11Z,,,,,,,,,,,sirene,
KANOVA,,,a contacter,,,,,,,,,,,,marketing_com,Conseil en relations publiques et communication,BASSUSSARRY,,64,,,,,,,,,,,,,,,,,,,,,,,,,,,,,,,,,,,,,,,,,,,,,,,444389043,44438904300043,70.21Z,,,,,,,,,,,sirene,
KAPTURE MEDIA,,,a contacter,,,,,,,,,,,,marketing_com,Activites des agences de publicite,PARIS,,75,,,,,,,,,,,,,,,,,,,,,,,,,,,,,,,,,,,,,,,,,,,,,,,823475371,82347537100014,73.11Z,,,,,,,,,,,sirene,
KARACOM,,,a contacter,,,,,,,,,,,,marketing_com,Activites des agences de publicite,REMIRE-MONTJOLY,,973,,,,,,,,,,,,,,,,,,,,,,,,,,,,,,,,,,,,,,,,,,,,,,,453051153,45305115300022,73.11Z,,,,,,,,,,,sirene,
KARITA INTERACTIVE,,,a contacter,,,,,,,,,,,,marketing_com,Activites des agences de publicite,MUDAISON,,34,,,,,,,,,,,,,,,,,,,,,,,,,,,,,,,,,,,,,,,,,,,,,,,534575683,53457568300022,73.11Z,,,,,,,,,,,sirene,
KARLA OTTO,,,a contacter,,,,,,,,,,,,marketing_com,Activites des agences de publicite,PARIS,,75,,,,,,,,,,,,,,,,,,,,,,,,,,,,,,,,,,,,,,,,,,,,,,,482183340,48218334000041,73.11Z,,,,,,,,,,,sirene,
KARMA PROD,,,a contacter,,,,,,,,,,,,marketing_com,Conseil en relations publiques et communication,CAGNES-SUR-MER,,06,,,,,,,,,,,,,,,,,,,,,,,,,,,,,,,,,,,,,,,,,,,,,,,499317733,49931773300032,70.21Z,,,,,,,,,,,sirene,
KATCH & REYNERS,,,a contacter,,,,,,,,,,,,marketing_com,Conseil en relations publiques et communication,PARIS,,75,,,,,,,,,,,,,,,,,,,,,,,,,,,,,,,,,,,,,,,,,,,,,,,810212530,81021253000010,70.21Z,,,,,,,,,,,sirene,
KATIRO,,,a contacter,,,,,,,,,,,,marketing_com,Conseil en relations publiques et communication,HERIC,,44,,,,,,,,,,,,,,,,,,,,,,,,,,,,,,,,,,,,,,,,,,,,,,,903689818,90368981800024,70.21Z,,,,,,,,,,,sirene,
KAWARIZMI,,,a contacter,,,,,,,,,,,,marketing_com,Activites des agences de publicite,PARIS,,75,,,,,,,,,,,,,,,,,,,,,,,,,,,,,,,,,,,,,,,,,,,,,,,878624188,87862418800032,73.11Z,,,,,,,,,,,sirene,
KAYAMB COMMUNICATION,,,a contacter,,,,,,,,,,,,marketing_com,Activites des agences de publicite,SAINT-DENIS,,974,,,,,,,,,,,,,,,,,,,,,,,,,,,,,,,,,,,,,,,,,,,,,,,491900353,49190035300021,73.11Z,,,,,,,,,,,sirene,
KAZOAR,,,a contacter,,,,,,,,,,,,marketing_com,Activites des agences de publicite,PARIS,,75,,,,,,,,,,,,,,,,,,,,,,,,,,,,,,,,,,,,,,,,,,,,,,,492838867,49283886700033,73.11Z,,,,,,,,,,,sirene,
KEBLOW,,,a contacter,,,,,,,,,,,,marketing_com,Activites des agences de publicite,VERLINGHEM,,59,,,,,,,,,,,,,,,,,,,,,,,,,,,,,,,,,,,,,,,,,,,,,,,433187754,43318775400042,73.11Z,,,,,,,,,,,sirene,
KEEMIA,,,a contacter,,,,,,,,,,,,marketing_com,Regie publicitaire de medias,MONTREUIL,,93,,,,,,,,,,,,,,,,,,,,,,,,,,,,,,,,,,,,,,,,,,,,,,,341907236,34190723600242,73.12Z,,,,,,,,,,,sirene,
KELCOM,,,a contacter,,,,,,,,,,,,marketing_com,Conseil en relations publiques et communication,NANTES,,44,,,,,,,,,,,,,,,,,,,,,,,,,,,,,,,,,,,,,,,,,,,,,,,488452525,48845252500030,70.21Z,,,,,,,,,,,sirene,
KEPHA,,,a contacter,,,,,,,,,,,,marketing_com,Activites des agences de publicite,BAILLET-EN-FRANCE,,95,,,,,,,,,,,,,,,,,,,,,,,,,,,,,,,,,,,,,,,,,,,,,,,498691575,49869157500043,73.11Z,,,,,,,,,,,sirene,
KEPHREN,,,a contacter,,,,,,,,,,,,marketing_com,Conseil en relations publiques et communication,BOULOGNE-BILLANCOURT,,92,,,,,,,,,,,,,,,,,,,,,,,,,,,,,,,,,,,,,,,,,,,,,,,517860540,51786054000023,70.21Z,,,,,,,,,,,sirene,
KEROZEN,,,a contacter,,,,,,,,,,,,marketing_com,Conseil en relations publiques et communication,SAINT-GREGOIRE,,35,,,,,,,,,,,,,,,,,,,,,,,,,,,,,,,,,,,,,,,,,,,,,,,487766560,48776656000022,70.21Z,,,,,,,,,,,sirene,
KESAKO,,,a contacter,,,,,,,,,,,,marketing_com,Activites des agences de publicite,LA CIOTAT,,13,,,,,,,,,,,,,,,,,,,,,,,,,,,,,,,,,,,,,,,,,,,,,,,510682032,51068203200022,73.11Z,,,,,,,,,,,sirene,
KETIL MEDIA,,,a contacter,,,,,,,,,,,,marketing_com,Regie publicitaire de medias,BOULOGNE-BILLANCOURT,,92,,,,,,,,,,,,,,,,,,,,,,,,,,,,,,,,,,,,,,,,,,,,,,,790128581,79012858100044,73.12Z,,,,,,,,,,,sirene,
KEY PERFORMANCE GROUP.,,,a contacter,,,,,,,,,,,,marketing_com,Activites des agences de publicite,PARIS,,75,,,,,,,,,,,,,,,,,,,,,,,,,,,,,,,,,,,,,,,,,,,,,,,479638991,47963899100097,73.11Z,,,,,,,,,,,sirene,
KEYIKO,,,a contacter,,,,,,,,,,,,marketing_com,Conseil en relations publiques et communication,NICE,,06,,,,,,,,,,,,,,,,,,,,,,,,,,,,,,,,,,,,,,,,,,,,,,,839809761,83980976100027,70.21Z,,,,,,,,,,,sirene,
KIBITOH,,,a contacter,,,,,,,,,,,,marketing_com,Conseil en relations publiques et communication,CHESSY,,77,,,,,,,,,,,,,,,,,,,,,,,,,,,,,,,,,,,,,,,,,,,,,,,814668828,81466882800035,70.21Z,,,,,,,,,,,sirene,
KIBLIND EDITION & KLAR COMMUNICATION,,,a contacter,,,,,,,,,,,,marketing_com,Conseil en relations publiques et communication,LYON,,69,,,,,,,,,,,,,,,,,,,,,,,,,,,,,,,,,,,,,,,,,,,,,,,507472249,50747224900022,70.21Z,,,,,,,,,,,sirene,
KICK AND RUSH,,,a contacter,,,,,,,,,,,,marketing_com,Activites des agences de publicite,,,,,,,,,,,,,,,,,,,,,,,,,,,,,,,,,,,,,,,,,,,,,,,,,,889598256,88959825600010,73.11Z,,,,,,,,,,,sirene,
KICKOFF AGENCY,,,a contacter,,,,,,,,,,,,marketing_com,Activites des agences de publicite,PARIS,,75,,,,,,,,,,,,,,,,,,,,,,,,,,,,,,,,,,,,,,,,,,,,,,,397945320,39794532000042,73.11Z,,,,,,,,,,,sirene,
KINEKA,,,a contacter,,,,,,,,,,,,marketing_com,Activites des agences de publicite,LYON,,69,,,,,,,,,,,,,,,,,,,,,,,,,,,,,,,,,,,,,,,,,,,,,,,487656969,48765696900036,73.11Z,,,,,,,,,,,sirene,
KINESSO FRANCE,,,a contacter,,,,,,,,,,,,marketing_com,Regie publicitaire de medias,NEUILLY-SUR-SEINE,,92,,,,,,,,,,,,,,,,,,,,,,,,,,,,,,,,,,,,,,,,,,,,,,,751190109,75119010900023,73.12Z,,,,,,,,,,,sirene,
KINGCOM,,,a contacter,,,,,,,,,,,,marketing_com,Conseil en relations publiques et communication,PARIS,,75,,,,,,,,,,,,,,,,,,,,,,,,,,,,,,,,,,,,,,,,,,,,,,,378235816,37823581600048,70.21Z,,,,,,,,,,,sirene,
KIWI DOM EURL,,,a contacter,,,,,,,,,,,,marketing_com,Regie publicitaire de medias,FORT-DE-FRANCE,,972,,,,,,,,,,,,,,,,,,,,,,,,,,,,,,,,,,,,,,,,,,,,,,,453714255,45371425500099,73.12Z,,,,,,,,,,,sirene,
KL MANAGEMENT,,,a contacter,,,,,,,,,,,,marketing_com,Conseil en relations publiques et communication,OZOIR-LA-FERRIERE,,77,,,,,,,,,,,,,,,,,,,,,,,,,,,,,,,,,,,,,,,,,,,,,,,885351577,88535157700014,70.21Z,,,,,,,,,,,sirene,
KLIK STUDIO,,,a contacter,,,,,,,,,,,,marketing_com,Activites des agences de publicite,IFS,,14,,,,,,,,,,,,,,,,,,,,,,,,,,,,,,,,,,,,,,,,,,,,,,,528577695,52857769500083,73.11Z,,,,,,,,,,,sirene,
KLOX,,,a contacter,,,,,,,,,,,,marketing_com,Regie publicitaire de medias,PARIS,,75,,,,,,,,,,,,,,,,,,,,,,,,,,,,,,,,,,,,,,,,,,,,,,,828285668,82828566800053,73.12Z,,,,,,,,,,,sirene,
KNIS PANNEAU PUB,,,a contacter,,,,,,,,,,,,marketing_com,Activites des agences de publicite,BEAUVAIS,,60,,,,,,,,,,,,,,,,,,,,,,,,,,,,,,,,,,,,,,,,,,,,,,,811775972,81177597200029,73.11Z,,,,,,,,,,,sirene,
KOA,,,a contacter,,,,,,,,,,,,marketing_com,Conseil en relations publiques et communication,GUIPAVAS,,29,,,,,,,,,,,,,,,,,,,,,,,,,,,,,,,,,,,,,,,,,,,,,,,900653395,90065339500013,70.21Z,,,,,,,,,,,sirene,
KOFFEE CUP LTD,,,a contacter,,,,,,,,,,,,marketing_com,Activites des agences de publicite,,,,,,,,,,,,,,,,,,,,,,,,,,,,,,,,,,,,,,,,,,,,,,,,,,901058040,90105804000014,73.11Z,,,,,,,,,,,sirene,
KOLECT,,,a contacter,,,,,,,,,,,,marketing_com,Activites des agences de publicite,ANGERS,,49,,,,,,,,,,,,,,,,,,,,,,,,,,,,,,,,,,,,,,,,,,,,,,,910888767,91088876700019,73.11Z,,,,,,,,,,,sirene,
KOLEGRAM INTERACTIVE,,,a contacter,,,,,,,,,,,,marketing_com,Conseil en relations publiques et communication,PARIS,,75,,,,,,,,,,,,,,,,,,,,,,,,,,,,,,,,,,,,,,,,,,,,,,,539595892,53959589200016,70.21Z,,,,,,,,,,,sirene,
KOMEO,,,a contacter,,,,,,,,,,,,marketing_com,Conseil en relations publiques et communication,LE PETIT-QUEVILLY,,76,,,,,,,,,,,,,,,,,,,,,,,,,,,,,,,,,,,,,,,,,,,,,,,893451799,89345179900017,70.21Z,,,,,,,,,,,sirene,
KOMERES,,,a contacter,,,,,,,,,,,,marketing_com,Conseil en relations publiques et communication,SAINT-OUEN-L'AUMONE,,95,,,,,,,,,,,,,,,,,,,,,,,,,,,,,,,,,,,,,,,,,,,,,,,845291798,84529179800021,70.21Z,,,,,,,,,,,sirene,
KOMINOV,,,a contacter,,,,,,,,,,,,marketing_com,Activites des agences de publicite,ANGERS,,49,,,,,,,,,,,,,,,,,,,,,,,,,,,,,,,,,,,,,,,,,,,,,,,802346874,80234687400026,73.11Z,,,,,,,,,,,sirene,
KOMKOM,,,a contacter,,,,,,,,,,,,marketing_com,Activites des agences de publicite,SAINT-EVARZEC,,29,,,,,,,,,,,,,,,,,,,,,,,,,,,,,,,,,,,,,,,,,,,,,,,819338567,81933856700038,73.11Z,,,,,,,,,,,sirene,
KOMPASS INTERNATIONAL,,,a contacter,,,,,,,,,,,,marketing_com,Regie publicitaire de medias,SEVRES,,92,,,,,,,,,,,,,,,,,,,,,,,,,,,,,,,,,,,,,,,,,,,,,,,823374137,82337413700011,73.12Z,,,,,,,,,,,sirene,
KONCILIO,,,a contacter,,,,,,,,,,,,marketing_com,Conseil en relations publiques et communication,PARIS,,75,,,,,,,,,,,,,,,,,,,,,,,,,,,,,,,,,,,,,,,,,,,,,,,851038406,85103840600019,70.21Z,,,,,,,,,,,sirene,
KONDUCO,,,a contacter,,,,,,,,,,,,marketing_com,Conseil en relations publiques et communication,RILLIEUX-LA-PAPE,,69,,,,,,,,,,,,,,,,,,,,,,,,,,,,,,,,,,,,,,,,,,,,,,,422724393,42272439300067,70.21Z,,,,,,,,,,,sirene,
KONECT GROUP,,,a contacter,,,,,,,,,,,,marketing_com,Conseil en relations publiques et communication,RICHWILLER,,68,,,,,,,,,,,,,,,,,,,,,,,,,,,,,,,,,,,,,,,,,,,,,,,909630097,90963009700014,70.21Z,,,,,,,,,,,sirene,
KONTFEEL,,,a contacter,,,,,,,,,,,,marketing_com,Activites des agences de publicite,LE PETIT-QUEVILLY,,76,,,,,,,,,,,,,,,,,,,,,,,,,,,,,,,,,,,,,,,,,,,,,,,838361905,83836190500014,73.11Z,,,,,,,,,,,sirene,
KONVERSEO,,,a contacter,,,,,,,,,,,,marketing_com,Conseil en relations publiques et communication,NIORT,,79,,,,,,,,,,,,,,,,,,,,,,,,,,,,,,,,,,,,,,,,,,,,,,,824422760,82442276000044,70.21Z,,,,,,,,,,,sirene,
KOOLGANG,,,a contacter,,,,,,,,,,,,marketing_com,Conseil en relations publiques et communication,MARSEILLE,,13,,,,,,,,,,,,,,,,,,,,,,,,,,,,,,,,,,,,,,,,,,,,,,,848605291,84860529100022,70.21Z,,,,,,,,,,,sirene,
KOREDGE,,,a contacter,,,,,,,,,,,,marketing_com,Activites des agences de publicite,BESANCON,,25,,,,,,,,,,,,,,,,,,,,,,,,,,,,,,,,,,,,,,,,,,,,,,,917564775,91756477500034,73.11Z,,,,,,,,,,,sirene,
KPF,,,a contacter,,,,,,,,,,,,marketing_com,Activites des agences de publicite,ROQUES-SUR-GARONNE,,31,,,,,,,,,,,,,,,,,,,,,,,,,,,,,,,,,,,,,,,,,,,,,,,517840856,51784085600051,73.11Z,,,,,,,,,,,sirene,
KREAZONE,,,a contacter,,,,,,,,,,,,marketing_com,Activites des agences de publicite,KESKASTEL,,67,,,,,,,,,,,,,,,,,,,,,,,,,,,,,,,,,,,,,,,,,,,,,,,491219242,49121924200014,73.11Z,,,,,,,,,,,sirene,
KROMA S A,,,a contacter,,,,,,,,,,,,marketing_com,Activites des agences de publicite,NIMES,,30,,,,,,,,,,,,,,,,,,,,,,,,,,,,,,,,,,,,,,,,,,,,,,,620200634,62020063400025,73.11Z,,,,,,,,,,,sirene,
KRONOS GROUP,,,a contacter,,,,,,,,,,,,marketing_com,Conseil en relations publiques et communication,LILLE,,59,,,,,,,,,,,,,,,,,,,,,,,,,,,,,,,,,,,,,,,,,,,,,,,840695449,84069544900024,70.21Z,,,,,,,,,,,sirene,
KRYSALIDESIGN STUDIO,,,a contacter,,,,,,,,,,,,marketing_com,Conseil en relations publiques et communication,HŒRDT,,67,,,,,,,,,,,,,,,,,,,,,,,,,,,,,,,,,,,,,,,,,,,,,,,900963471,90096347100017,70.21Z,,,,,,,,,,,sirene,
KTM AFFICHAGE,,,a contacter,,,,,,,,,,,,marketing_com,Activites des agences de publicite,SOIGNOLLES-EN-BRIE,,77,,,,,,,,,,,,,,,,,,,,,,,,,,,,,,,,,,,,,,,,,,,,,,,849263264,84926326400012,73.11Z,,,,,,,,,,,sirene,
KUBILAI,,,a contacter,,,,,,,,,,,,marketing_com,Activites des agences de publicite,VOUVRAY,,37,,,,,,,,,,,,,,,,,,,,,,,,,,,,,,,,,,,,,,,,,,,,,,,415379338,41537933800031,73.11Z,,,,,,,,,,,sirene,
KUBIWEB COMMUNICATION,,,a contacter,,,,,,,,,,,,marketing_com,Activites des agences de publicite,DARDILLY,,69,,,,,,,,,,,,,,,,,,,,,,,,,,,,,,,,,,,,,,,,,,,,,,,818243347,81824334700023,73.11Z,,,,,,,,,,,sirene,
KULTUR AD,,,a contacter,,,,,,,,,,,,marketing_com,Activites des agences de publicite,BONNEUIL-SUR-MARNE,,94,,,,,,,,,,,,,,,,,,,,,,,,,,,,,,,,,,,,,,,,,,,,,,,504304668,50430466800016,73.11Z,,,,,,,,,,,sirene,
KUROKO,,,a contacter,,,,,,,,,,,,marketing_com,Activites des agences de publicite,SAINT-AVE,,56,,,,,,,,,,,,,,,,,,,,,,,,,,,,,,,,,,,,,,,,,,,,,,,529753980,52975398000034,73.11Z,,,,,,,,,,,sirene,
KVC RETAIL,,,a contacter,,,,,,,,,,,,marketing_com,Activites des agences de publicite,VITRY-SUR-SEINE,,94,,,,,,,,,,,,,,,,,,,,,,,,,,,,,,,,,,,,,,,,,,,,,,,889806782,88980678200021,73.11Z,,,,,,,,,,,sirene,
KWADRA,,,a contacter,,,,,,,,,,,,marketing_com,Conseil en relations publiques et communication,WERVICQ-SUD,,59,,,,,,,,,,,,,,,,,,,,,,,,,,,,,,,,,,,,,,,,,,,,,,,910775519,91077551900010,70.21Z,,,,,,,,,,,sirene,
KWANKO,,,a contacter,,,,,,,,,,,,marketing_com,Activites des agences de publicite,BOURG-LA-REINE,,92,,,,,,,,,,,,,,,,,,,,,,,,,,,,,,,,,,,,,,,,,,,,,,,440546885,44054688500037,73.11Z,,,,,,,,,,,sirene,
KYNOVA,,,a contacter,,,,,,,,,,,,marketing_com,Conseil en relations publiques et communication,NOISY-LE-GRAND,,93,,,,,,,,,,,,,,,,,,,,,,,,,,,,,,,,,,,,,,,,,,,,,,,510431877,51043187700032,70.21Z,,,,,,,,,,,sirene,
KYS,,,a contacter,,,,,,,,,,,,marketing_com,Conseil en relations publiques et communication,LILLE,,59,,,,,,,,,,,,,,,,,,,,,,,,,,,,,,,,,,,,,,,,,,,,,,,979828670,97982867000013,70.21Z,,,,,,,,,,,sirene,
L & B SYNERGIE,,,a contacter,,,,,,,,,,,,marketing_com,Activites des agences de publicite,TOURS,,37,,,,,,,,,,,,,,,,,,,,,,,,,,,,,,,,,,,,,,,,,,,,,,,412791915,41279191500066,73.11Z,,,,,,,,,,,sirene,
L ATELIER,,,a contacter,,,,,,,,,,,,marketing_com,Activites des agences de publicite,LUNEL,,34,,,,,,,,,,,,,,,,,,,,,,,,,,,,,,,,,,,,,,,,,,,,,,,790251177,79025117700024,73.11Z,,,,,,,,,,,sirene,
L ATELIER DU SIECLE,,,a contacter,,,,,,,,,,,,marketing_com,Activites des agences de publicite,PARIS,,75,,,,,,,,,,,,,,,,,,,,,,,,,,,,,,,,,,,,,,,,,,,,,,,824373633,82437363300026,73.11Z,,,,,,,,,,,sirene,
L COMM'LEONARD,,,a contacter,,,,,,,,,,,,marketing_com,Activites des agences de publicite,ARCUEIL,,94,,,,,,,,,,,,,,,,,,,,,,,,,,,,,,,,,,,,,,,,,,,,,,,412232720,41223272000059,73.11Z,,,,,,,,,,,sirene,
L ECLAIREUR,,,a contacter,,,,,,,,,,,,marketing_com,Activites des agences de publicite,PARIS,,75,,,,,,,,,,,,,,,,,,,,,,,,,,,,,,,,,,,,,,,,,,,,,,,384202719,38420271900041,73.11Z,,,,,,,,,,,sirene,
L&M ASSOCIES,,,a contacter,,,,,,,,,,,,marketing_com,Conseil en relations publiques et communication,POLIGNY,,39,,,,,,,,,,,,,,,,,,,,,,,,,,,,,,,,,,,,,,,,,,,,,,,432494649,43249464900044,70.21Z,,,,,,,,,,,sirene,
L' AGENCE D,,,a contacter,,,,,,,,,,,,marketing_com,Activites des agences de publicite,AUBENAS,,07,,,,,,,,,,,,,,,,,,,,,,,,,,,,,,,,,,,,,,,,,,,,,,,819580515,81958051500024,73.11Z,,,,,,,,,,,sirene,
L'AGENCE,,,a contacter,,,,,,,,,,,,marketing_com,Activites des agences de publicite,LIMOGES,,87,,,,,,,,,,,,,,,,,,,,,,,,,,,,,,,,,,,,,,,,,,,,,,,810581132,81058113200018,73.11Z,,,,,,,,,,,sirene,
L'AGENCE 1,,,a contacter,,,,,,,,,,,,marketing_com,Conseil en relations publiques et communication,NANTES,,44,,,,,,,,,,,,,,,,,,,,,,,,,,,,,,,,,,,,,,,,,,,,,,,833207103,83320710300031,70.21Z,,,,,,,,,,,sirene,
L'AGENCE AH,,,a contacter,,,,,,,,,,,,marketing_com,Conseil en relations publiques et communication,DIJON,,21,,,,,,,,,,,,,,,,,,,,,,,,,,,,,,,,,,,,,,,,,,,,,,,539489047,53948904700032,70.21Z,,,,,,,,,,,sirene,
L'AGENCE ANGEVINE,,,a contacter,,,,,,,,,,,,marketing_com,Activites des agences de publicite,ANGERS,,49,,,,,,,,,,,,,,,,,,,,,,,,,,,,,,,,,,,,,,,,,,,,,,,478864432,47886443200057,73.11Z,,,,,,,,,,,sirene,
L'AGENCE BORDELAISE,,,a contacter,,,,,,,,,,,,marketing_com,Activites des agences de publicite,BORDEAUX,,33,,,,,,,,,,,,,,,,,,,,,,,,,,,,,,,,,,,,,,,,,,,,,,,823975297,82397529700040,73.11Z,,,,,,,,,,,sirene,
L'AGENCE CAENNAISE,,,a contacter,,,,,,,,,,,,marketing_com,Activites des agences de publicite,BRETTEVILLE-SUR-ODON,,14,,,,,,,,,,,,,,,,,,,,,,,,,,,,,,,,,,,,,,,,,,,,,,,809819477,80981947700054,73.11Z,,,,,,,,,,,sirene,
L'AGENCE COMPACT,,,a contacter,,,,,,,,,,,,marketing_com,Activites des agences de publicite,BORDEAUX,,33,,,,,,,,,,,,,,,,,,,,,,,,,,,,,,,,,,,,,,,,,,,,,,,792551905,79255190500021,73.11Z,,,,,,,,,,,sirene,
L'AGENCE COSMOPOLITE,,,a contacter,,,,,,,,,,,,marketing_com,Activites des agences de publicite,SAUVIAN,,34,,,,,,,,,,,,,,,,,,,,,,,,,,,,,,,,,,,,,,,,,,,,,,,979800661,97980066100014,73.11Z,,,,,,,,,,,sirene,
L'AGENCE DE SAINT BRIEUC,,,a contacter,,,,,,,,,,,,marketing_com,Activites des agences de publicite,SAINT-BRIEUC,,22,,,,,,,,,,,,,,,,,,,,,,,,,,,,,,,,,,,,,,,,,,,,,,,353267248,35326724800048,73.11Z,,,,,,,,,,,sirene,
L'AGENCE DU FINISTERE,,,a contacter,,,,,,,,,,,,marketing_com,Activites des agences de publicite,QUIMPER,,29,,,,,,,,,,,,,,,,,,,,,,,,,,,,,,,,,,,,,,,,,,,,,,,448371690,44837169000067,73.11Z,,,,,,,,,,,sirene,
L'AGENCE FANTASTIC,,,a contacter,,,,,,,,,,,,marketing_com,Conseil en relations publiques et communication,LYON,,69,,,,,,,,,,,,,,,,,,,,,,,,,,,,,,,,,,,,,,,,,,,,,,,482398179,48239817900069,70.21Z,,,,,,,,,,,sirene,
L'AGENCE FLANDRE COTE D'OPALE,,,a contacter,,,,,,,,,,,,marketing_com,Activites des agences de publicite,HAZEBROUCK,,59,,,,,,,,,,,,,,,,,,,,,,,,,,,,,,,,,,,,,,,,,,,,,,,851930792,85193079200037,73.11Z,,,,,,,,,,,sirene,
L'AGENCE HERBRETAISE,,,a contacter,,,,,,,,,,,,marketing_com,Activites des agences de publicite,LES HERBIERS,,85,,,,,,,,,,,,,,,,,,,,,,,,,,,,,,,,,,,,,,,,,,,,,,,878432947,87843294700025,73.11Z,,,,,,,,,,,sirene,
L'AGENCE LILLE METROPOLE,,,a contacter,,,,,,,,,,,,marketing_com,Conseil en relations publiques et communication,LILLE,,59,,,,,,,,,,,,,,,,,,,,,,,,,,,,,,,,,,,,,,,,,,,,,,,851985325,85198532500022,70.21Z,,,,,,,,,,,sirene,
L'AGENCE LRSY,,,a contacter,,,,,,,,,,,,marketing_com,Activites des agences de publicite,LA ROCHE-SUR-YON,,85,,,,,,,,,,,,,,,,,,,,,,,,,,,,,,,,,,,,,,,,,,,,,,,797572146,79757214600026,73.11Z,,,,,,,,,,,sirene,
L'AGENCE MARIE ANTOINETTE,,,a contacter,,,,,,,,,,,,marketing_com,Conseil en relations publiques et communication,PARIS,,75,,,,,,,,,,,,,,,,,,,,,,,,,,,,,,,,,,,,,,,,,,,,,,,525286894,52528689400056,70.21Z,,,,,,,,,,,sirene,
L'AGENCE MARS,,,a contacter,,,,,,,,,,,,marketing_com,Activites des agences de publicite,MARSEILLE,,13,,,,,,,,,,,,,,,,,,,,,,,,,,,,,,,,,,,,,,,,,,,,,,,422396028,42239602800033,73.11Z,,,,,,,,,,,sirene,
L'AGENCE MEDIA,,,a contacter,,,,,,,,,,,,marketing_com,Regie publicitaire de medias,VESOUL,,70,,,,,,,,,,,,,,,,,,,,,,,,,,,,,,,,,,,,,,,,,,,,,,,538135450,53813545000020,73.12Z,,,,,,,,,,,sirene,
L'AGENCE MIEUX,,,a contacter,,,,,,,,,,,,marketing_com,Conseil en relations publiques et communication,BOULOGNE BILLANCOURT,,92,,,,,,,,,,,,,,,,,,,,,,,,,,,,,,,,,,,,,,,,,,,,,,,513165027,51316502700030,70.21Z,,,,,,,,,,,sirene,
L'AGENCE MOUTARDE,,,a contacter,,,,,,,,,,,,marketing_com,Conseil en relations publiques et communication,DIJON,,21,,,,,,,,,,,,,,,,,,,,,,,,,,,,,,,,,,,,,,,,,,,,,,,821513827,82151382700039,70.21Z,,,,,,,,,,,sirene,
L'AGENCE NAZAIRIENNE,,,a contacter,,,,,,,,,,,,marketing_com,Conseil en relations publiques et communication,SAINT-NAZAIRE,,44,,,,,,,,,,,,,,,,,,,,,,,,,,,,,,,,,,,,,,,,,,,,,,,824065783,82406578300022,70.21Z,,,,,,,,,,,sirene,
L'AGENCE NORMANDE,,,a contacter,,,,,,,,,,,,marketing_com,Activites des agences de publicite,BRETTEVILLE-SUR-ODON,,14,,,,,,,,,,,,,,,,,,,,,,,,,,,,,,,,,,,,,,,,,,,,,,,951145150,95114515000029,73.11Z,,,,,,,,,,,sirene,
L'AGENCE RENNAISE,,,a contacter,,,,,,,,,,,,marketing_com,Activites des agences de publicite,RENNES,,35,,,,,,,,,,,,,,,,,,,,,,,,,,,,,,,,,,,,,,,,,,,,,,,527869747,52786974700040,73.11Z,,,,,,,,,,,sirene,
L'AGENCE RP,,,a contacter,,,,,,,,,,,,marketing_com,Conseil en relations publiques et communication,BOULOGNE-BILLANCOURT,,92,,,,,,,,,,,,,,,,,,,,,,,,,,,,,,,,,,,,,,,,,,,,,,,811964808,81196480800042,70.21Z,,,,,,,,,,,sirene,
L'AGENCE SOLIDAIRE,,,a contacter,,,,,,,,,,,,marketing_com,Conseil en relations publiques et communication,PARIS,,75,,,,,,,,,,,,,,,,,,,,,,,,,,,,,,,,,,,,,,,,,,,,,,,841255318,84125531800039,70.21Z,,,,,,,,,,,sirene,
L'AGENCE.RE,,,a contacter,,,,,,,,,,,,marketing_com,Conseil en relations publiques et communication,LA PLAINE-DES-PALMISTES,,974,,,,,,,,,,,,,,,,,,,,,,,,,,,,,,,,,,,,,,,,,,,,,,,890641251,89064125100016,70.21Z,,,,,,,,,,,sirene,
L'ARCHITECTURE COMMUNICANTE,,,a contacter,,,,,,,,,,,,marketing_com,Activites des agences de publicite,LE PERREUX-SUR-MARNE,,94,,,,,,,,,,,,,,,,,,,,,,,,,,,,,,,,,,,,,,,,,,,,,,,409083474,40908347400026,73.11Z,,,,,,,,,,,sirene,
L'ART DECO GNAC,,,a contacter,,,,,,,,,,,,marketing_com,Activites des agences de publicite,COGNAC,,16,,,,,,,,,,,,,,,,,,,,,,,,,,,,,,,,,,,,,,,,,,,,,,,440936094,44093609400059,73.11Z,,,,,,,,,,,sirene,
L'ART EN PLUS COMMUNICATION ET COLLECTION,,,a contacter,,,,,,,,,,,,marketing_com,Conseil en relations publiques et communication,PARIS,,75,,,,,,,,,,,,,,,,,,,,,,,,,,,,,,,,,,,,,,,,,,,,,,,528508260,52850826000031,70.21Z,,,,,,,,,,,sirene,
L'AS DECORS,,,a contacter,,,,,,,,,,,,marketing_com,Activites des agences de publicite,MERU,,60,,,,,,,,,,,,,,,,,,,,,,,,,,,,,,,,,,,,,,,,,,,,,,,307321729,30732172900039,73.11Z,,,,,,,,,,,sirene,
L'ATELIER DE L'IMAGINAIRE,,,a contacter,,,,,,,,,,,,marketing_com,Activites des agences de publicite,CORMEILLES-EN-PARISIS,,95,,,,,,,,,,,,,,,,,,,,,,,,,,,,,,,,,,,,,,,,,,,,,,,800253163,80025316300037,73.11Z,,,,,,,,,,,sirene,
L'ATELIER DE LA MARTRE,C,0,a contacter,,,,,,,,,,,,marketing_com,Activites des agences de publicite,SAINT-BENIGNE,,01,,,,,,,,,https://www.pappers.fr/entreprise/492736699,https://annuaire-entreprises.data.gouv.fr/entreprise/492736699,https://annuaire-entreprises.data.gouv.fr/annonces/492736699,https://annuaire-entreprises.data.gouv.fr/donnees-financieres/492736699,https://annuaire-entreprises.data.gouv.fr/dirigeants/492736699,https://www.google.com/maps/search/?api=1&query=L%27ATELIER+DE+LA+MARTRE+SAINT-BENIGNE,https://www.google.com/search?q=L%27ATELIER+DE+LA+MARTRE+SAINT-BENIGNE,https://news.google.com/search?hl=fr&q=%22L%27ATELIER+DE+LA+MARTRE%22,https://www.linkedin.com/search/results/companies/?keywords=L%27ATELIER+DE+LA+MARTRE,,https://www.pagesjaunes.fr/annuaire/chercherlespros?quoiqui=L%27ATELIER+DE+LA+MARTRE&ou=SAINT-BENIGNE,https://www.societe.com/cgi-bin/search?champs=492736699,,,,,,,,,,,,,,,,,,,,,,,,FR46492736699,,,492736699,49273669900033,73.11Z,,,,,,,,non,oui,2026-08-01,sirene,
L'ATELIER M.,,,a contacter,,,,,,,,,,,,marketing_com,Conseil en relations publiques et communication,TOULOUSE,,31,,,,,,,,,,,,,,,,,,,,,,,,,,,,,,,,,,,,,,,,,,,,,,,821037934,82103793400022,70.21Z,,,,,,,,,,,sirene,
L'ATELIER PROXIMAGE,,,a contacter,,,,,,,,,,,,marketing_com,Activites des agences de publicite,MASSY,,91,,,,,,,,,,,,,,,,,,,,,,,,,,,,,,,,,,,,,,,,,,,,,,,538378670,53837867000011,73.11Z,,,,,,,,,,,sirene,
L'ATELIER PUBLICITAIRE,,,a contacter,,,,,,,,,,,,marketing_com,Activites des agences de publicite,ANGLET,,64,,,,,,,,,,,,,,,,,,,,,,,,,,,,,,,,,,,,,,,,,,,,,,,499737674,49973767400055,73.11Z,,,,,,,,,,,sirene,
L'ATELIER SUR MER,,,a contacter,,,,,,,,,,,,marketing_com,Activites des agences de publicite,CARNAC,,56,,,,,,,,,,,,,,,,,,,,,,,,,,,,,,,,,,,,,,,,,,,,,,,449098789,44909878900042,73.11Z,,,,,,,,,,,sirene,
L'COMUNIK,,,a contacter,,,,,,,,,,,,marketing_com,Conseil en relations publiques et communication,CHAMBERY,,73,,,,,,,,,,,,,,,,,,,,,,,,,,,,,,,,,,,,,,,,,,,,,,,824610182,82461018200076,70.21Z,,,,,,,,,,,sirene,
L'ENSEIGNE.FR,,,a contacter,,,,,,,,,,,,marketing_com,Activites des agences de publicite,FOS-SUR-MER,,13,,,,,,,,,,,,,,,,,,,,,,,,,,,,,,,,,,,,,,,,,,,,,,,513540260,51354026000033,73.11Z,,,,,,,,,,,sirene,
L'EXCELLENCE ET LES GRANDS SAVOIR-FAIRE,,,a contacter,,,,,,,,,,,,marketing_com,Conseil en relations publiques et communication,REIMS,,51,,,,,,,,,,,,,,,,,,,,,,,,,,,,,,,,,,,,,,,,,,,,,,,513016006,51301600600019,70.21Z,,,,,,,,,,,sirene,
L'OFFRE DU MOMENT - ELBIT MEDIAS,,,a contacter,,,,,,,,,,,,marketing_com,Activites des agences de publicite,PARIS,,75,,,,,,,,,,,,,,,,,,,,,,,,,,,,,,,,,,,,,,,,,,,,,,,789532454,78953245400038,73.11Z,,,,,,,,,,,sirene,
L'UNIQUE EQUIPE,,,a contacter,,,,,,,,,,,,marketing_com,Activites des agences de publicite,NANTES,,44,,,,,,,,,,,,,,,,,,,,,,,,,,,,,,,,,,,,,,,,,,,,,,,804112175,80411217500034,73.11Z,,,,,,,,,,,sirene,
L'UZYNE,,,a contacter,,,,,,,,,,,,marketing_com,Conseil en relations publiques et communication,OULLINS-PIERRE-BENITE,,69,,,,,,,,,,,,,,,,,,,,,,,,,,,,,,,,,,,,,,,,,,,,,,,449641331,44964133100037,70.21Z,,,,,,,,,,,sirene,
L.2.R.,,,a contacter,,,,,,,,,,,,marketing_com,Activites des agences de publicite,CHATOU,,78,,,,,,,,,,,,,,,,,,,,,,,,,,,,,,,,,,,,,,,,,,,,,,,421464967,42146496700049,73.11Z,,,,,,,,,,,sirene,
L.A.SOLUTION,,,a contacter,,,,,,,,,,,,marketing_com,Conseil en relations publiques et communication,ST JEAN,,31,,,,,,,,,,,,,,,,,,,,,,,,,,,,,,,,,,,,,,,,,,,,,,,503334237,50333423700024,70.21Z,,,,,,,,,,,sirene,
L.C.H. INFO,,,a contacter,,,,,,,,,,,,marketing_com,Activites des agences de publicite,TREMBLAY-EN-FRANCE,,93,,,,,,,,,,,,,,,,,,,,,,,,,,,,,,,,,,,,,,,,,,,,,,,382356111,38235611100049,73.11Z,,,,,,,,,,,sirene,
L.P.M.,,,a contacter,,,,,,,,,,,,marketing_com,Conseil en relations publiques et communication,PARIS,,75,,,,,,,,,,,,,,,,,,,,,,,,,,,,,,,,,,,,,,,,,,,,,,,508133394,50813339400041,70.21Z,,,,,,,,,,,sirene,
LA BA COM',,,a contacter,,,,,,,,,,,,marketing_com,Activites des agences de publicite,CONQUEYRAC,,30,,,,,,,,,,,,,,,,,,,,,,,,,,,,,,,,,,,,,,,,,,,,,,,890602857,89060285700017,73.11Z,,,,,,,,,,,sirene,
LA BANDE,,,a contacter,,,,,,,,,,,,marketing_com,Conseil en relations publiques et communication,PARIS,,75,,,,,,,,,,,,,,,,,,,,,,,,,,,,,,,,,,,,,,,,,,,,,,,852438837,85243883700035,70.21Z,,,,,,,,,,,sirene,
LA BANLIEUSARDE,,,a contacter,,,,,,,,,,,,marketing_com,Activites des agences de publicite,VILLEPARISIS,,77,,,,,,,,,,,,,,,,,,,,,,,,,,,,,,,,,,,,,,,,,,,,,,,889582532,88958253200012,73.11Z,,,,,,,,,,,sirene,
LA BELLE SEMEUSE,,,a contacter,,,,,,,,,,,,marketing_com,Activites des agences de publicite,COYE-LA-FORET,,60,,,,,,,,,,,,,,,,,,,,,,,,,,,,,,,,,,,,,,,,,,,,,,,921770210,92177021000018,73.11Z,,,,,,,,,,,sirene,
LA BOITE A COM,,,a contacter,,,,,,,,,,,,marketing_com,Conseil en relations publiques et communication,AJACCIO,,2A,,,,,,,,,,,,,,,,,,,,,,,,,,,,,,,,,,,,,,,,,,,,,,,402875298,40287529800026,70.21Z,,,,,,,,,,,sirene,
LA BOITE A MEUH,,,a contacter,,,,,,,,,,,,marketing_com,Activites des agences de publicite,BOUSBECQUE,,59,,,,,,,,,,,,,,,,,,,,,,,,,,,,,,,,,,,,,,,,,,,,,,,353054497,35305449700055,73.11Z,,,,,,,,,,,sirene,
LA BOITE ROSE,,,a contacter,,,,,,,,,,,,marketing_com,Activites des agences de publicite,COLOMBES,,92,,,,,,,,,,,,,,,,,,,,,,,,,,,,,,,,,,,,,,,,,,,,,,,349661983,34966198300040,73.11Z,,,,,,,,,,,sirene,
LA BOULE A NEIGE,,,a contacter,,,,,,,,,,,,marketing_com,Activites des agences de publicite,SAINT-ETIENNE,,42,,,,,,,,,,,,,,,,,,,,,,,,,,,,,,,,,,,,,,,,,,,,,,,751612854,75161285400024,73.11Z,,,,,,,,,,,sirene,
LA BOX COM,,,a contacter,,,,,,,,,,,,marketing_com,Conseil en relations publiques et communication,MAUGUIO,,34,,,,,,,,,,,,,,,,,,,,,,,,,,,,,,,,,,,,,,,,,,,,,,,853767499,85376749900017,70.21Z,,,,,,,,,,,sirene,
LA CELLULE DIGITALE,,,a contacter,,,,,,,,,,,,marketing_com,Activites des agences de publicite,LE LAMENTIN,,972,,,,,,,,,,,,,,,,,,,,,,,,,,,,,,,,,,,,,,,,,,,,,,,892090812,89209081200017,73.11Z,,,,,,,,,,,sirene,
LA CERISE,,,a contacter,,,,,,,,,,,,marketing_com,Conseil en relations publiques et communication,TOULOUSE,,31,,,,,,,,,,,,,,,,,,,,,,,,,,,,,,,,,,,,,,,,,,,,,,,529190175,52919017500032,70.21Z,,,,,,,,,,,sirene,
LA COM DE LA COM,,,a contacter,,,,,,,,,,,,marketing_com,Conseil en relations publiques et communication,LE MANS,,72,,,,,,,,,,,,,,,,,,,,,,,,,,,,,,,,,,,,,,,,,,,,,,,881838197,88183819700013,70.21Z,,,,,,,,,,,sirene,
LA COMPAGNIE DES IMAGES,,,a contacter,,,,,,,,,,,,marketing_com,Activites des agences de publicite,LYON,,69,,,,,,,,,,,,,,,,,,,,,,,,,,,,,,,,,,,,,,,,,,,,,,,529571473,52957147300048,73.11Z,,,,,,,,,,,sirene,
LA COMPAGNIE MEDIA,,,a contacter,,,,,,,,,,,,marketing_com,Activites des agences de publicite,NEUILLY-SUR-SEINE,,92,,,,,,,,,,,,,,,,,,,,,,,,,,,,,,,,,,,,,,,,,,,,,,,511677403,51167740300012,73.11Z,,,,,,,,,,,sirene,
LA COULEUR DU ZEBRE,,,a contacter,,,,,,,,,,,,marketing_com,Conseil en relations publiques et communication,STRASBOURG,,67,,,,,,,,,,,,,,,,,,,,,,,,,,,,,,,,,,,,,,,,,,,,,,,509652582,50965258200024,70.21Z,,,,,,,,,,,sirene,
LA FABRIK A CLICK,,,a contacter,,,,,,,,,,,,marketing_com,Conseil en relations publiques et communication,MARSEILLE,,13,,,,,,,,,,,,,,,,,,,,,,,,,,,,,,,,,,,,,,,,,,,,,,,910793801,91079380100028,70.21Z,,,,,,,,,,,sirene,
LA FILLE,,,a contacter,,,,,,,,,,,,marketing_com,Conseil en relations publiques et communication,PARIS,,75,,,,,,,,,,,,,,,,,,,,,,,,,,,,,,,,,,,,,,,,,,,,,,,490658648,49065864800046,70.21Z,,,,,,,,,,,sirene,
LA FOX DESIGN,,,a contacter,,,,,,,,,,,,marketing_com,Activites des agences de publicite,PERPIGNAN,,66,,,,,,,,,,,,,,,,,,,,,,,,,,,,,,,,,,,,,,,,,,,,,,,819867706,81986770600023,73.11Z,,,,,,,,,,,sirene,
LA GAZETTE MEDIAS,,,a contacter,,,,,,,,,,,,marketing_com,Activites des agences de publicite,LILLE,,59,,,,,,,,,,,,,,,,,,,,,,,,,,,,,,,,,,,,,,,,,,,,,,,409298973,40929897300010,73.11Z,,,,,,,,,,,sirene,
LA GAZETTE SOLUTIONS,,,a contacter,,,,,,,,,,,,marketing_com,Regie publicitaire de medias,LILLE,,59,,,,,,,,,,,,,,,,,,,,,,,,,,,,,,,,,,,,,,,,,,,,,,,794696344,79469634400017,73.12Z,,,,,,,,,,,sirene,
LA GRAFFINERIE,,,a contacter,,,,,,,,,,,,marketing_com,Conseil en relations publiques et communication,NAZELLES-NEGRON,,37,,,,,,,,,,,,,,,,,,,,,,,,,,,,,,,,,,,,,,,,,,,,,,,511484495,51148449500045,70.21Z,,,,,,,,,,,sirene,
LA HAUTE SOCIETE,,,a contacter,,,,,,,,,,,,marketing_com,Conseil en relations publiques et communication,GRENOBLE,,38,,,,,,,,,,,,,,,,,,,,,,,,,,,,,,,,,,,,,,,,,,,,,,,482473550,48247355000044,70.21Z,,,,,,,,,,,sirene,
LA LIGNE MEDIA,,,a contacter,,,,,,,,,,,,marketing_com,Regie publicitaire de medias,CAISSARGUES,,30,,,,,,,,,,,,,,,,,,,,,,,,,,,,,,,,,,,,,,,,,,,,,,,853181469,85318146900059,73.12Z,,,,,,,,,,,sirene,
LA MANDRETTE,,,a contacter,,,,,,,,,,,,marketing_com,Conseil en relations publiques et communication,TOULOUSE,,31,,,,,,,,,,,,,,,,,,,,,,,,,,,,,,,,,,,,,,,,,,,,,,,822566121,82256612100023,70.21Z,,,,,,,,,,,sirene,
LA MANUFACTURE DIGITALE - T1SCH,,,a contacter,,,,,,,,,,,,marketing_com,Activites des agences de publicite,PARIS,,75,,,,,,,,,,,,,,,,,,,,,,,,,,,,,,,,,,,,,,,,,,,,,,,517797262,51779726200014,73.11Z,,,,,,,,,,,sirene,
LA MARKETERIE,,,a contacter,,,,,,,,,,,,marketing_com,Activites des agences de publicite,EVIAN-LES-BAINS,,74,,,,,,,,,,,,,,,,,,,,,,,,,,,,,,,,,,,,,,,,,,,,,,,821619293,82161929300011,73.11Z,,,,,,,,,,,sirene,
LA NAGEUSE,,,a contacter,,,,,,,,,,,,marketing_com,Activites des agences de publicite,ROUBAIX,,59,,,,,,,,,,,,,,,,,,,,,,,,,,,,,,,,,,,,,,,,,,,,,,,820583094,82058309400033,73.11Z,,,,,,,,,,,sirene,
LA NICHE,,,a contacter,,,,,,,,,,,,marketing_com,Conseil en relations publiques et communication,BORDEAUX,,33,,,,,,,,,,,,,,,,,,,,,,,,,,,,,,,,,,,,,,,,,,,,,,,805359445,80535944500030,70.21Z,,,,,,,,,,,sirene,
LA NOUVELLE,,,a contacter,,,,,,,,,,,,marketing_com,Activites des agences de publicite,PARIS,,75,,,,,,,,,,,,,,,,,,,,,,,,,,,,,,,,,,,,,,,,,,,,,,,802003210,80200321000043,73.11Z,,,,,,,,,,,sirene,
LA PARISIENNE,,,a contacter,,,,,,,,,,,,marketing_com,Conseil en relations publiques et communication,PARIS,,75,,,,,,,,,,,,,,,,,,,,,,,,,,,,,,,,,,,,,,,,,,,,,,,824120869,82412086900022,70.21Z,,,,,,,,,,,sirene,
LA PENICHE,,,a contacter,,,,,,,,,,,,marketing_com,Activites des agences de publicite,GRENOBLE,,38,,,,,,,,,,,,,,,,,,,,,,,,,,,,,,,,,,,,,,,,,,,,,,,404194433,40419443300078,73.11Z,,,,,,,,,,,sirene,
LA PHASE 5,,,a contacter,,,,,,,,,,,,marketing_com,Activites des agences de publicite,MARSEILLE,,13,,,,,,,,,,,,,,,,,,,,,,,,,,,,,,,,,,,,,,,,,,,,,,,814764445,81476444500056,73.11Z,,,,,,,,,,,sirene,
LA PROMO DU JOUR - DIMONA MARKETING,,,a contacter,,,,,,,,,,,,marketing_com,Activites des agences de publicite,PARIS,,75,,,,,,,,,,,,,,,,,,,,,,,,,,,,,,,,,,,,,,,,,,,,,,,538865221,53886522100039,73.11Z,,,,,,,,,,,sirene,
LA RECLAME,,,a contacter,,,,,,,,,,,,marketing_com,Activites des agences de publicite,ANGOULEME,,16,,,,,,,,,,,,,,,,,,,,,,,,,,,,,,,,,,,,,,,,,,,,,,,817883382,81788338200027,73.11Z,,,,,,,,,,,sirene,
LA RECLAME CIE,,,a contacter,,,,,,,,,,,,marketing_com,Activites des agences de publicite,NEUILLY-SUR-SEINE,,92,,,,,,,,,,,,,,,,,,,,,,,,,,,,,,,,,,,,,,,,,,,,,,,800684359,80068435900014,73.11Z,,,,,,,,,,,sirene,
LA REGIE PRIVEE,,,a contacter,,,,,,,,,,,,marketing_com,Activites des agences de publicite,NEUILLY-SUR-SEINE,,92,,,,,,,,,,,,,,,,,,,,,,,,,,,,,,,,,,,,,,,,,,,,,,,804532695,80453269500017,73.11Z,,,,,,,,,,,sirene,
LA RUE MICHEL,,,a contacter,,,,,,,,,,,,marketing_com,Conseil en relations publiques et communication,SAINTE-MARIE,,974,,,,,,,,,,,,,,,,,,,,,,,,,,,,,,,,,,,,,,,,,,,,,,,852607761,85260776100032,70.21Z,,,,,,,,,,,sirene,
LA RUELLE,,,a contacter,,,,,,,,,,,,marketing_com,Activites des agences de publicite,TOULOUSE,,31,,,,,,,,,,,,,,,,,,,,,,,,,,,,,,,,,,,,,,,,,,,,,,,832789903,83278990300032,73.11Z,,,,,,,,,,,sirene,
LA TOAST FAMILY,,,a contacter,,,,,,,,,,,,marketing_com,Activites des agences de publicite,STRASBOURG,,67,,,,,,,,,,,,,,,,,,,,,,,,,,,,,,,,,,,,,,,,,,,,,,,908971450,90897145000014,73.11Z,,,,,,,,,,,sirene,
LA VIE REVEE,,,a contacter,,,,,,,,,,,,marketing_com,Activites des agences de publicite,NANTES,,44,,,,,,,,,,,,,,,,,,,,,,,,,,,,,,,,,,,,,,,,,,,,,,,829751338,82975133800056,73.11Z,,,,,,,,,,,sirene,
LA VOIX MEDIAS,,,a contacter,,,,,,,,,,,,marketing_com,Regie publicitaire de medias,LILLE,,59,,,,,,,,,,,,,,,,,,,,,,,,,,,,,,,,,,,,,,,,,,,,,,,452279151,45227915100040,73.12Z,,,,,,,,,,,sirene,
LAB AGENCY,,,a contacter,,,,,,,,,,,,marketing_com,Conseil en relations publiques et communication,LYON,,69,,,,,,,,,,,,,,,,,,,,,,,,,,,,,,,,,,,,,,,,,,,,,,,883197907,88319790700016,70.21Z,,,,,,,,,,,sirene,
LABEL ENSEIGNE,,,a contacter,,,,,,,,,,,,marketing_com,Activites des agences de publicite,SENS,,89,,,,,,,,,,,,,,,,,,,,,,,,,,,,,,,,,,,,,,,,,,,,,,,484335757,48433575700015,73.11Z,,,,,,,,,,,sirene,
LABELLECOM,,,a contacter,,,,,,,,,,,,marketing_com,Activites des agences de publicite,CONFLANS-SAINTE-HONORINE,,78,,,,,,,,,,,,,,,,,,,,,,,,,,,,,,,,,,,,,,,,,,,,,,,810701102,81070110200024,73.11Z,,,,,,,,,,,sirene,
LABIOMER,,,a contacter,,,,,,,,,,,,marketing_com,Conseil en relations publiques et communication,LA BAULE-ESCOUBLAC,,44,,,,,,,,,,,,,,,,,,,,,,,,,,,,,,,,,,,,,,,,,,,,,,,398391649,39839164900066,70.21Z,,,,,,,,,,,sirene,
LABRADOR,,,a contacter,,,,,,,,,,,,marketing_com,Conseil en relations publiques et communication,PARIS,,75,,,,,,,,,,,,,,,,,,,,,,,,,,,,,,,,,,,,,,,,,,,,,,,384362182,38436218200030,70.21Z,,,,,,,,,,,sirene,
LABSENSE,,,a contacter,,,,,,,,,,,,marketing_com,Activites des agences de publicite,PARIS,,75,,,,,,,,,,,,,,,,,,,,,,,,,,,,,,,,,,,,,,,,,,,,,,,532758539,53275853900060,73.11Z,,,,,,,,,,,sirene,
LABULLE,,,a contacter,,,,,,,,,,,,marketing_com,Activites des agences de publicite,BOULOGNE-BILLANCOURT,,92,,,,,,,,,,,,,,,,,,,,,,,,,,,,,,,,,,,,,,,,,,,,,,,819069386,81906938600012,73.11Z,,,,,,,,,,,sirene,
LAGARDERE PUBLICITE NEWS,,,a contacter,,,,,,,,,,,,marketing_com,Regie publicitaire de medias,PARIS,,75,,,,,,,,,,,,,,,,,,,,,,,,,,,,,,,,,,,,,,,,,,,,,,,538865064,53886506400025,73.12Z,,,,,,,,,,,sirene,
LAGENCEDECOM,,,a contacter,,,,,,,,,,,,marketing_com,Conseil en relations publiques et communication,LE LAMENTIN,,972,,,,,,,,,,,,,,,,,,,,,,,,,,,,,,,,,,,,,,,,,,,,,,,499798445,49979844500015,70.21Z,,,,,,,,,,,sirene,
LALALEADS,,,a contacter,,,,,,,,,,,,marketing_com,Activites des agences de publicite,PARIS,,75,,,,,,,,,,,,,,,,,,,,,,,,,,,,,,,,,,,,,,,,,,,,,,,824788590,82478859000027,73.11Z,,,,,,,,,,,sirene,
LALY COMMUNICATION,,,a contacter,,,,,,,,,,,,marketing_com,Activites des agences de publicite,SENE,,56,,,,,,,,,,,,,,,,,,,,,,,,,,,,,,,,,,,,,,,,,,,,,,,879264430,87926443000015,73.11Z,,,,,,,,,,,sirene,
LAME DE FOND COMMUNICATION ET PACKAGING,,,a contacter,,,,,,,,,,,,marketing_com,Activites des agences de publicite,ISSY-LES-MOULINEAUX,,92,,,,,,,,,,,,,,,,,,,,,,,,,,,,,,,,,,,,,,,,,,,,,,,340807486,34080748600030,73.11Z,,,,,,,,,,,sirene,
LAMERIE ET ASSOCIES,,,a contacter,,,,,,,,,,,,marketing_com,Conseil en relations publiques et communication,LA ROCHE-SUR-YON,,85,,,,,,,,,,,,,,,,,,,,,,,,,,,,,,,,,,,,,,,,,,,,,,,382028827,38202882700055,70.21Z,,,,,,,,,,,sirene,
LAND.,,,a contacter,,,,,,,,,,,,marketing_com,Activites des agences de publicite,CESSON-SEVIGNE,,35,,,,,,,,,,,,,,,,,,,,,,,,,,,,,,,,,,,,,,,,,,,,,,,342042546,34204254600016,73.11Z,,,,,,,,,,,sirene,
LANDEWYCK FRANCE,,,a contacter,,,,,,,,,,,,marketing_com,Activites des agences de publicite,ISSY-LES-MOULINEAUX,,92,,,,,,,,,,,,,,,,,,,,,,,,,,,,,,,,,,,,,,,,,,,,,,,512610478,51261047800038,73.11Z,,,,,,,,,,,sirene,
LAST VISION,,,a contacter,,,,,,,,,,,,marketing_com,Activites des agences de publicite,BUC,,78,,,,,,,,,,,,,,,,,,,,,,,,,,,,,,,,,,,,,,,,,,,,,,,501512537,50151253700033,73.11Z,,,,,,,,,,,sirene,
LATITUDE,,,a contacter,,,,,,,,,,,,marketing_com,Activites des agences de publicite,MONTPELLIER,,34,,,,,,,,,,,,,,,,,,,,,,,,,,,,,,,,,,,,,,,,,,,,,,,434968954,43496895400041,73.11Z,,,,,,,,,,,sirene,
LATITUDE,,,a contacter,,,,,,,,,,,,marketing_com,Activites des agences de publicite,SAINT-HERBLAIN,,44,,,,,,,,,,,,,,,,,,,,,,,,,,,,,,,,,,,,,,,,,,,,,,,393150768,39315076800058,73.11Z,,,,,,,,,,,sirene,
LATITUDE SUD,,,a contacter,,,,,,,,,,,,marketing_com,Activites des agences de publicite,BAIE-MAHAULT,,971,,,,,,,,,,,,,,,,,,,,,,,,,,,,,,,,,,,,,,,,,,,,,,,485033393,48503339300029,73.11Z,,,,,,,,,,,sirene,
LAUMACOM,,,a contacter,,,,,,,,,,,,marketing_com,Activites des agences de publicite,SAINT-ROMAIN-LE-PUY,,42,,,,,,,,,,,,,,,,,,,,,,,,,,,,,,,,,,,,,,,,,,,,,,,510309768,51030976800032,73.11Z,,,,,,,,,,,sirene,
LAURE ANNE BOZEC (LAUREA VINS CONSEILS),,,a contacter,,,,,,,,,,,,marketing_com,Activites des agences de publicite,MORLAIX,,29,,,,,,,,,,,,,,,,,,,,,,,,,,,,,,,,,,,,,,,,,,,,,,,892322488,89232248800024,73.11Z,,,,,,,,,,,sirene,
LAVAURS DIFFUSION,,,a contacter,,,,,,,,,,,,marketing_com,Regie publicitaire de medias,LIMOGES,,87,,,,,,,,,,,,,,,,,,,,,,,,,,,,,,,,,,,,,,,,,,,,,,,765500343,76550034300015,73.12Z,,,,,,,,,,,sirene,
LAVISIBILITE.COM,,,a contacter,,,,,,,,,,,,marketing_com,Regie publicitaire de medias,ANNECY,,74,,,,,,,,,,,,,,,,,,,,,,,,,,,,,,,,,,,,,,,,,,,,,,,824941298,82494129800039,73.12Z,,,,,,,,,,,sirene,
LAYER AGENCY,,,a contacter,,,,,,,,,,,,marketing_com,Conseil en relations publiques et communication,SEIGNOSSE,,40,,,,,,,,,,,,,,,,,,,,,,,,,,,,,,,,,,,,,,,,,,,,,,,803129766,80312976600033,70.21Z,,,,,,,,,,,sirene,
LB MEDIA,,,a contacter,,,,,,,,,,,,marketing_com,Regie publicitaire de medias,BRETENOUX,,46,,,,,,,,,,,,,,,,,,,,,,,,,,,,,,,,,,,,,,,,,,,,,,,797521531,79752153100013,73.12Z,,,,,,,,,,,sirene,
LB&LR,,,a contacter,,,,,,,,,,,,marketing_com,Conseil en relations publiques et communication,LA MADELEINE,,59,,,,,,,,,,,,,,,,,,,,,,,,,,,,,,,,,,,,,,,,,,,,,,,819292723,81929272300049,70.21Z,,,,,,,,,,,sirene,
LBF,,,a contacter,,,,,,,,,,,,marketing_com,Activites des agences de publicite,L ISLE SUR LA SORGUE,,84,,,,,,,,,,,,,,,,,,,,,,,,,,,,,,,,,,,,,,,,,,,,,,,519399448,51939944800025,73.11Z,,,,,,,,,,,sirene,
LCM COMMUNICATION,,,a contacter,,,,,,,,,,,,marketing_com,Activites des agences de publicite,SAINT-AVERTIN,,37,,,,,,,,,,,,,,,,,,,,,,,,,,,,,,,,,,,,,,,,,,,,,,,508205804,50820580400026,73.11Z,,,,,,,,,,,sirene,
LCOM,,,a contacter,,,,,,,,,,,,marketing_com,Activites des agences de publicite,LE MANS,,72,,,,,,,,,,,,,,,,,,,,,,,,,,,,,,,,,,,,,,,,,,,,,,,503578577,50357857700051,73.11Z,,,,,,,,,,,sirene,
LCS SIGNALETIQUE,,,a contacter,,,,,,,,,,,,marketing_com,Activites des agences de publicite,LE PASSAGE,,47,,,,,,,,,,,,,,,,,,,,,,,,,,,,,,,,,,,,,,,,,,,,,,,840574727,84057472700029,73.11Z,,,,,,,,,,,sirene,
LD CREATION,,,a contacter,,,,,,,,,,,,marketing_com,Activites des agences de publicite,LA ROCHE-SUR-YON,,85,,,,,,,,,,,,,,,,,,,,,,,,,,,,,,,,,,,,,,,,,,,,,,,811730134,81173013400053,73.11Z,,,,,,,,,,,sirene,
LE BARBAR II,,,a contacter,,,,,,,,,,,,marketing_com,Conseil en relations publiques et communication,BOURGVALLEES,,50,,,,,,,,,,,,,,,,,,,,,,,,,,,,,,,,,,,,,,,,,,,,,,,518982418,51898241800023,70.21Z,,,,,,,,,,,sirene,
LE BONBON,,,a contacter,,,,,,,,,,,,marketing_com,Regie publicitaire de medias,PARIS,,75,,,,,,,,,,,,,,,,,,,,,,,,,,,,,,,,,,,,,,,,,,,,,,,510580301,51058030100040,73.12Z,,,,,,,,,,,sirene,
LE BOOK EDITIONS SA,,,a contacter,,,,,,,,,,,,marketing_com,Activites des agences de publicite,PARIS,,75,,,,,,,,,,,,,,,,,,,,,,,,,,,,,,,,,,,,,,,,,,,,,,,382635944,38263594400020,73.11Z,,,,,,,,,,,sirene,
LE BURO,,,a contacter,,,,,,,,,,,,marketing_com,Conseil en relations publiques et communication,AIX-EN-PROVENCE,,13,,,,,,,,,,,,,,,,,,,,,,,,,,,,,,,,,,,,,,,,,,,,,,,750495004,75049500400038,70.21Z,,,,,,,,,,,sirene,
LE CERCLE DU GRANDGOUSIER,,,a contacter,,,,,,,,,,,,marketing_com,Activites des agences de publicite,NANTES,,44,,,,,,,,,,,,,,,,,,,,,,,,,,,,,,,,,,,,,,,,,,,,,,,751296211,75129621100020,73.11Z,,,,,,,,,,,sirene,
LE CIRE JAUNE COMMUNICATION,,,a contacter,,,,,,,,,,,,marketing_com,Activites des agences de publicite,VERN-SUR-SEICHE,,35,,,,,,,,,,,,,,,,,,,,,,,,,,,,,,,,,,,,,,,,,,,,,,,448712851,44871285100063,73.11Z,,,,,,,,,,,sirene,
LE CLUB,,,a contacter,,,,,,,,,,,,marketing_com,Activites des agences de publicite,BRIVE-LA-GAILLARDE,,19,,,,,,,,,,,,,,,,,,,,,,,,,,,,,,,,,,,,,,,,,,,,,,,397571878,39757187800040,73.11Z,,,,,,,,,,,sirene,
LE COMPTOIR DES OENOPHILES,,,a contacter,,,,,,,,,,,,marketing_com,Activites des agences de publicite,LILLE,,59,,,,,,,,,,,,,,,,,,,,,,,,,,,,,,,,,,,,,,,,,,,,,,,538932724,53893272400031,73.11Z,,,,,,,,,,,sirene,
LE CRIEUR PUBLIC,,,a contacter,,,,,,,,,,,,marketing_com,Conseil en relations publiques et communication,FONTAINES-SUR-SAONE,,69,,,,,,,,,,,,,,,,,,,,,,,,,,,,,,,,,,,,,,,,,,,,,,,453605719,45360571900039,70.21Z,,,,,,,,,,,sirene,
LE DUO,,,a contacter,,,,,,,,,,,,marketing_com,Activites des agences de publicite,TUBERSENT,,62,,,,,,,,,,,,,,,,,,,,,,,,,,,,,,,,,,,,,,,,,,,,,,,890057052,89005705200049,73.11Z,,,,,,,,,,,sirene,
LE HOMARD BLEU,,,a contacter,,,,,,,,,,,,marketing_com,Conseil en relations publiques et communication,GUIDEL,,56,,,,,,,,,,,,,,,,,,,,,,,,,,,,,,,,,,,,,,,,,,,,,,,849668280,84966828000035,70.21Z,,,,,,,,,,,sirene,
LE LANN MARI MORGAN,,,a contacter,,,,,,,,,,,,marketing_com,Conseil en relations publiques et communication,BOURG-SAINT-MAURICE,,73,,,,,,,,,,,,,,,,,,,,,,,,,,,,,,,,,,,,,,,,,,,,,,,800071565,80007156500025,70.21Z,,,,,,,,,,,sirene,
LE PERIGOURDIN,,,a contacter,,,,,,,,,,,,marketing_com,Conseil en relations publiques et communication,PERIGUEUX,,24,,,,,,,,,,,,,,,,,,,,,,,,,,,,,,,,,,,,,,,,,,,,,,,914432315,91443231500010,70.21Z,,,,,,,,,,,sirene,
LE POINT COMMUNICATION,,,a contacter,,,,,,,,,,,,marketing_com,Regie publicitaire de medias,PARIS,,75,,,,,,,,,,,,,,,,,,,,,,,,,,,,,,,,,,,,,,,,,,,,,,,334192168,33419216800055,73.12Z,,,,,,,,,,,sirene,
LE POULPE FRANCAIS,,,a contacter,,,,,,,,,,,,marketing_com,Activites des agences de publicite,ARGENTEUIL,,95,,,,,,,,,,,,,,,,,,,,,,,,,,,,,,,,,,,,,,,,,,,,,,,504127309,50412730900046,73.11Z,,,,,,,,,,,sirene,
LE REFERENCEMENT PROFESSIONNEL,,,a contacter,,,,,,,,,,,,marketing_com,Conseil en relations publiques et communication,CESSON-SEVIGNE,,35,,,,,,,,,,,,,,,,,,,,,,,,,,,,,,,,,,,,,,,,,,,,,,,913812830,91381283000028,70.21Z,,,,,,,,,,,sirene,
LE SPOT 2000,,,a contacter,,,,,,,,,,,,marketing_com,Activites des agences de publicite,LA CRAU,,83,,,,,,,,,,,,,,,,,,,,,,,,,,,,,,,,,,,,,,,,,,,,,,,444288997,44428899700059,73.11Z,,,,,,,,,,,sirene,
LE TREFLE A 5 FEUILLES,,,a contacter,,,,,,,,,,,,marketing_com,Conseil en relations publiques et communication,LYON,,69,,,,,,,,,,,,,,,,,,,,,,,,,,,,,,,,,,,,,,,,,,,,,,,888237757,88823775700024,70.21Z,,,,,,,,,,,sirene,
LE VESTIAIRE,,,a contacter,,,,,,,,,,,,marketing_com,Activites des agences de publicite,BORDEAUX,,33,,,,,,,,,,,,,,,,,,,,,,,,,,,,,,,,,,,,,,,,,,,,,,,792763054,79276305400030,73.11Z,,,,,,,,,,,sirene,
LEA SERVICES,,,a contacter,,,,,,,,,,,,marketing_com,Activites des agences de publicite,VILLARS,,42,,,,,,,,,,,,,,,,,,,,,,,,,,,,,,,,,,,,,,,,,,,,,,,419554894,41955489400040,73.11Z,,,,,,,,,,,sirene,
LEAD4FRANCE,,,a contacter,,,,,,,,,,,,marketing_com,Conseil en relations publiques et communication,LILLE,,59,,,,,,,,,,,,,,,,,,,,,,,,,,,,,,,,,,,,,,,,,,,,,,,904855046,90485504600028,70.21Z,,,,,,,,,,,sirene,
LEADER MERCH,,,a contacter,,,,,,,,,,,,marketing_com,Activites des agences de publicite,FORT DE FRANCE,,972,,,,,,,,,,,,,,,,,,,,,,,,,,,,,,,,,,,,,,,,,,,,,,,889867545,88986754500010,73.11Z,,,,,,,,,,,sirene,
LEADER STRATEGIE MULTIMEDIA,,,a contacter,,,,,,,,,,,,marketing_com,Activites des agences de publicite,MOUANS-SARTOUX,,06,,,,,,,,,,,,,,,,,,,,,,,,,,,,,,,,,,,,,,,,,,,,,,,434687026,43468702600022,73.11Z,,,,,,,,,,,sirene,
LEADIN,,,a contacter,,,,,,,,,,,,marketing_com,Conseil en relations publiques et communication,SAINT-MARTIN-D'URIAGE,,38,,,,,,,,,,,,,,,,,,,,,,,,,,,,,,,,,,,,,,,,,,,,,,,891652307,89165230700036,70.21Z,,,,,,,,,,,sirene,
LEADING EVENTS,,,a contacter,,,,,,,,,,,,marketing_com,Conseil en relations publiques et communication,MARSEILLE,,13,,,,,,,,,,,,,,,,,,,,,,,,,,,,,,,,,,,,,,,,,,,,,,,808223598,80822359800026,70.21Z,,,,,,,,,,,sirene,
LEAF,,,a contacter,,,,,,,,,,,,marketing_com,Activites des agences de publicite,NANTES,,44,,,,,,,,,,,,,,,,,,,,,,,,,,,,,,,,,,,,,,,,,,,,,,,887505782,88750578200011,73.11Z,,,,,,,,,,,sirene,
LEB COMMUNICATION,,,a contacter,,,,,,,,,,,,marketing_com,Activites des agences de publicite,MAYENNE,,53,,,,,,,,,,,,,,,,,,,,,,,,,,,,,,,,,,,,,,,,,,,,,,,341621795,34162179500010,73.11Z,,,,,,,,,,,sirene,
LECLERCQ PUBLICITE,,,a contacter,,,,,,,,,,,,marketing_com,Activites des agences de publicite,FLEURBAIX,,62,,,,,,,,,,,,,,,,,,,,,,,,,,,,,,,,,,,,,,,,,,,,,,,494855240,49485524000011,73.11Z,,,,,,,,,,,sirene,
LEDANOIS PASCAL,,,a contacter,,,,,,,,,,,,marketing_com,Activites des agences de publicite,ROUVROY,,62,,,,,,,,,,,,,,,,,,,,,,,,,,,,,,,,,,,,,,,,,,,,,,,509581211,50958121100018,73.11Z,,,,,,,,,,,sirene,
LEDDY,,,a contacter,,,,,,,,,,,,marketing_com,Activites des agences de publicite,NANCY,,54,,,,,,,,,,,,,,,,,,,,,,,,,,,,,,,,,,,,,,,,,,,,,,,837589910,83758991000020,73.11Z,,,,,,,,,,,sirene,
LEGEND SERVICES,,,a contacter,,,,,,,,,,,,marketing_com,Activites des agences de publicite,LOUVRES,,95,,,,,,,,,,,,,,,,,,,,,,,,,,,,,,,,,,,,,,,,,,,,,,,478223969,47822396900039,73.11Z,,,,,,,,,,,sirene,
LEGI TEAM,,,a contacter,,,,,,,,,,,,marketing_com,Activites des agences de publicite,ISSY-LES-MOULINEAUX,,92,,,,,,,,,,,,,,,,,,,,,,,,,,,,,,,,,,,,,,,,,,,,,,,403601750,40360175000041,73.11Z,,,,,,,,,,,sirene,
LEKSI,,,a contacter,,,,,,,,,,,,marketing_com,Conseil en relations publiques et communication,NANTES,,44,,,,,,,,,,,,,,,,,,,,,,,,,,,,,,,,,,,,,,,,,,,,,,,881638688,88163868800039,70.21Z,,,,,,,,,,,sirene,
LEMON,,,a contacter,,,,,,,,,,,,marketing_com,Conseil en relations publiques et communication,CLERMONT-FERRAND,,63,,,,,,,,,,,,,,,,,,,,,,,,,,,,,,,,,,,,,,,,,,,,,,,802711796,80271179600051,70.21Z,,,,,,,,,,,sirene,
LEMON CREATION,,,a contacter,,,,,,,,,,,,marketing_com,Activites des agences de publicite,CHARTRES,,28,,,,,,,,,,,,,,,,,,,,,,,,,,,,,,,,,,,,,,,,,,,,,,,428679468,42867946800051,73.11Z,,,,,,,,,,,sirene,
LEMON QUEEN,,,a contacter,,,,,,,,,,,,marketing_com,Activites des agences de publicite,MARSEILLE,,13,,,,,,,,,,,,,,,,,,,,,,,,,,,,,,,,,,,,,,,,,,,,,,,877478891,87747889100030,73.11Z,,,,,,,,,,,sirene,
LEON & LE OFFF,,,a contacter,,,,,,,,,,,,marketing_com,Conseil en relations publiques et communication,PARIS,,75,,,,,,,,,,,,,,,,,,,,,,,,,,,,,,,,,,,,,,,,,,,,,,,812347185,81234718500041,70.21Z,,,,,,,,,,,sirene,
LEROY AND ROSE,,,a contacter,,,,,,,,,,,,marketing_com,Activites des agences de publicite,AIX-EN-PROVENCE,,13,,,,,,,,,,,,,,,,,,,,,,,,,,,,,,,,,,,,,,,,,,,,,,,920987625,92098762500026,73.11Z,,,,,,,,,,,sirene,
LES 2 AUTRES,,,a contacter,,,,,,,,,,,,marketing_com,Activites des agences de publicite,CASTELNAU-LE-LEZ,,34,,,,,,,,,,,,,,,,,,,,,,,,,,,,,,,,,,,,,,,,,,,,,,,794231282,79423128200045,73.11Z,,,,,,,,,,,sirene,
LES 80 DEGRES,,,a contacter,,,,,,,,,,,,marketing_com,Conseil en relations publiques et communication,BAR-LE-DUC,,55,,,,,,,,,,,,,,,,,,,,,,,,,,,,,,,,,,,,,,,,,,,,,,,804229755,80422975500025,70.21Z,,,,,,,,,,,sirene,
LES ALCHIMISTES,,,a contacter,,,,,,,,,,,,marketing_com,Activites des agences de publicite,ANNECY,,74,,,,,,,,,,,,,,,,,,,,,,,,,,,,,,,,,,,,,,,,,,,,,,,435082599,43508259900026,73.11Z,,,,,,,,,,,sirene,
LES ANIMALS,,,a contacter,,,,,,,,,,,,marketing_com,Conseil en relations publiques et communication,LYON,,69,,,,,,,,,,,,,,,,,,,,,,,,,,,,,,,,,,,,,,,,,,,,,,,831583109,83158310900028,70.21Z,,,,,,,,,,,sirene,
LES ATELIERS DU ROI,,,a contacter,,,,,,,,,,,,marketing_com,Activites des agences de publicite,CHARTRES,,28,,,,,,,,,,,,,,,,,,,,,,,,,,,,,,,,,,,,,,,,,,,,,,,453809071,45380907100039,73.11Z,,,,,,,,,,,sirene,
LES BONS GARCONS,,,a contacter,,,,,,,,,,,,marketing_com,Conseil en relations publiques et communication,VERSAILLES,,78,,,,,,,,,,,,,,,,,,,,,,,,,,,,,,,,,,,,,,,,,,,,,,,812884468,81288446800024,70.21Z,,,,,,,,,,,sirene,
LES COCOTTES,,,a contacter,,,,,,,,,,,,marketing_com,Conseil en relations publiques et communication,BORGO,,2B,,,,,,,,,,,,,,,,,,,,,,,,,,,,,,,,,,,,,,,,,,,,,,,892662909,89266290900035,70.21Z,,,,,,,,,,,sirene,
LES COOMMUNS,,,a contacter,,,,,,,,,,,,marketing_com,Conseil en relations publiques et communication,LYON,,69,,,,,,,,,,,,,,,,,,,,,,,,,,,,,,,,,,,,,,,,,,,,,,,979730595,97973059500019,70.21Z,,,,,,,,,,,sirene,
LES DARONS,,,a contacter,,,,,,,,,,,,marketing_com,Activites des agences de publicite,PARIS,,75,,,,,,,,,,,,,,,,,,,,,,,,,,,,,,,,,,,,,,,,,,,,,,,480403856,48040385600028,73.11Z,,,,,,,,,,,sirene,
LES DEFIS DE L'ANIMATION,,,a contacter,,,,,,,,,,,,marketing_com,Activites des agences de publicite,SAINT-PAUL,,974,,,,,,,,,,,,,,,,,,,,,,,,,,,,,,,,,,,,,,,,,,,,,,,452824659,45282465900026,73.11Z,,,,,,,,,,,sirene,
LES DISSIDENTS,,,a contacter,,,,,,,,,,,,marketing_com,Activites des agences de publicite,MONTPELLIER,,34,,,,,,,,,,,,,,,,,,,,,,,,,,,,,,,,,,,,,,,,,,,,,,,452575806,45257580600032,73.11Z,,,,,,,,,,,sirene,
LES DISTRIBUTEURS ASSOCIES,,,a contacter,,,,,,,,,,,,marketing_com,Regie publicitaire de medias,PARIS,,75,,,,,,,,,,,,,,,,,,,,,,,,,,,,,,,,,,,,,,,,,,,,,,,408128320,40812832000038,73.12Z,,,,,,,,,,,sirene,
LES EDITIONS CORSES,,,a contacter,,,,,,,,,,,,marketing_com,Activites des agences de publicite,LUCCIANA,,2B,,,,,,,,,,,,,,,,,,,,,,,,,,,,,,,,,,,,,,,,,,,,,,,422654988,42265498800050,73.11Z,,,,,,,,,,,sirene,
LES EDITIONS CSS,,,a contacter,,,,,,,,,,,,marketing_com,Regie publicitaire de medias,PARIS,,75,,,,,,,,,,,,,,,,,,,,,,,,,,,,,,,,,,,,,,,,,,,,,,,315546945,31554694500082,73.12Z,,,,,,,,,,,sirene,
LES EDITIONS DU DIX,,,a contacter,,,,,,,,,,,,marketing_com,Activites des agences de publicite,PARIS,,75,,,,,,,,,,,,,,,,,,,,,,,,,,,,,,,,,,,,,,,,,,,,,,,523614501,52361450100030,73.11Z,,,,,,,,,,,sirene,
LES EDITIONS MAGENTA,,,a contacter,,,,,,,,,,,,marketing_com,Activites des agences de publicite,SAINT-MAUR-DES-FOSSES,,94,,,,,,,,,,,,,,,,,,,,,,,,,,,,,,,,,,,,,,,,,,,,,,,401490685,40149068500021,73.11Z,,,,,,,,,,,sirene,
LES ENCHANTEURS,,,a contacter,,,,,,,,,,,,marketing_com,Activites des agences de publicite,LILLE,,59,,,,,,,,,,,,,,,,,,,,,,,,,,,,,,,,,,,,,,,,,,,,,,,399536465,39953646500061,73.11Z,,,,,,,,,,,sirene,
LES FICELLES CREATIVES,,,a contacter,,,,,,,,,,,,marketing_com,Conseil en relations publiques et communication,LA MADELEINE,,59,,,,,,,,,,,,,,,,,,,,,,,,,,,,,,,,,,,,,,,,,,,,,,,893062307,89306230700010,70.21Z,,,,,,,,,,,sirene,
LES FLIBUSTIERS,,,a contacter,,,,,,,,,,,,marketing_com,Conseil en relations publiques et communication,LANDIVISIAU,,29,,,,,,,,,,,,,,,,,,,,,,,,,,,,,,,,,,,,,,,,,,,,,,,835168394,83516839400020,70.21Z,,,,,,,,,,,sirene,
LES FOLIES CHAMPENOISES,,,a contacter,,,,,,,,,,,,marketing_com,Activites des agences de publicite,TAISSY,,51,,,,,,,,,,,,,,,,,,,,,,,,,,,,,,,,,,,,,,,,,,,,,,,449699834,44969983400031,73.11Z,,,,,,,,,,,sirene,
LES FRERES SALAMON,,,a contacter,,,,,,,,,,,,marketing_com,Activites des agences de publicite,LAMBERSART,,59,,,,,,,,,,,,,,,,,,,,,,,,,,,,,,,,,,,,,,,,,,,,,,,903360832,90336083200021,73.11Z,,,,,,,,,,,sirene,
LES GENS DE LA COM,,,a contacter,,,,,,,,,,,,marketing_com,Conseil en relations publiques et communication,PORT-SAINT-PERE,,44,,,,,,,,,,,,,,,,,,,,,,,,,,,,,,,,,,,,,,,,,,,,,,,892136128,89213612800014,70.21Z,,,,,,,,,,,sirene,
LES GENS ET VOUS,,,a contacter,,,,,,,,,,,,marketing_com,Activites des agences de publicite,LYON,,69,,,,,,,,,,,,,,,,,,,,,,,,,,,,,,,,,,,,,,,,,,,,,,,518520408,51852040800056,73.11Z,,,,,,,,,,,sirene,
LES ILLUMINES,,,a contacter,,,,,,,,,,,,marketing_com,Conseil en relations publiques et communication,MONTPELLIER,,34,,,,,,,,,,,,,,,,,,,,,,,,,,,,,,,,,,,,,,,,,,,,,,,850422585,85042258500016,70.21Z,,,,,,,,,,,sirene,
LES INFLUENCEURS,,,a contacter,,,,,,,,,,,,marketing_com,Conseil en relations publiques et communication,PARIS,,75,,,,,,,,,,,,,,,,,,,,,,,,,,,,,,,,,,,,,,,,,,,,,,,813296522,81329652200036,70.21Z,,,,,,,,,,,sirene,
LES INSOLENTS,,,a contacter,,,,,,,,,,,,marketing_com,Conseil en relations publiques et communication,BESANCON,,25,,,,,,,,,,,,,,,,,,,,,,,,,,,,,,,,,,,,,,,,,,,,,,,884123589,88412358900019,70.21Z,,,,,,,,,,,sirene,
LES INTREPIDES GROUPE,,,a contacter,,,,,,,,,,,,marketing_com,Conseil en relations publiques et communication,DIJON,,21,,,,,,,,,,,,,,,,,,,,,,,,,,,,,,,,,,,,,,,,,,,,,,,953938594,95393859400025,70.21Z,,,,,,,,,,,sirene,
LES JULIETS,,,a contacter,,,,,,,,,,,,marketing_com,Conseil en relations publiques et communication,LYON,,69,,,,,,,,,,,,,,,,,,,,,,,,,,,,,,,,,,,,,,,,,,,,,,,839412152,83941215200036,70.21Z,,,,,,,,,,,sirene,
LES MOBINOTES,,,a contacter,,,,,,,,,,,,marketing_com,Activites des agences de publicite,TOULOUSE,,31,,,,,,,,,,,,,,,,,,,,,,,,,,,,,,,,,,,,,,,,,,,,,,,853600559,85360055900027,73.11Z,,,,,,,,,,,sirene,
LES MOTS QUI MANQUENT,,,a contacter,,,,,,,,,,,,marketing_com,Conseil en relations publiques et communication,NOISY-LE-SEC,,93,,,,,,,,,,,,,,,,,,,,,,,,,,,,,,,,,,,,,,,,,,,,,,,892297201,89229720100014,70.21Z,,,,,,,,,,,sirene,
LES PISTOLEROS,,,a contacter,,,,,,,,,,,,marketing_com,Conseil en relations publiques et communication,AIGNAY-LE-DUC,,21,,,,,,,,,,,,,,,,,,,,,,,,,,,,,,,,,,,,,,,,,,,,,,,397693995,39769399500052,70.21Z,,,,,,,,,,,sirene,
LES POUPEES RUSSES,,,a contacter,,,,,,,,,,,,marketing_com,Activites des agences de publicite,PARIS,,75,,,,,,,,,,,,,,,,,,,,,,,,,,,,,,,,,,,,,,,,,,,,,,,519346217,51934621700051,73.11Z,,,,,,,,,,,sirene,
LES PROS DE LA PETITE ENFANCE,,,a contacter,,,,,,,,,,,,marketing_com,Activites des agences de publicite,PARIS,,75,,,,,,,,,,,,,,,,,,,,,,,,,,,,,,,,,,,,,,,,,,,,,,,818653479,81865347900043,73.11Z,,,,,,,,,,,sirene,
LES RAISONNE.E.S,,,a contacter,,,,,,,,,,,,marketing_com,Conseil en relations publiques et communication,RENNES,,35,,,,,,,,,,,,,,,,,,,,,,,,,,,,,,,,,,,,,,,,,,,,,,,890305626,89030562600032,70.21Z,,,,,,,,,,,sirene,
LES SALES GOSSES,,,a contacter,,,,,,,,,,,,marketing_com,Activites des agences de publicite,SAINT-DENIS,,974,,,,,,,,,,,,,,,,,,,,,,,,,,,,,,,,,,,,,,,,,,,,,,,885189043,88518904300031,73.11Z,,,,,,,,,,,sirene,
LES STRATEGES NUMERIQUES,,,a contacter,,,,,,,,,,,,marketing_com,Conseil en relations publiques et communication,COLOMBELLES,,14,,,,,,,,,,,,,,,,,,,,,,,,,,,,,,,,,,,,,,,,,,,,,,,821107901,82110790100026,70.21Z,,,,,,,,,,,sirene,
LES YEUX ROUGES,,,a contacter,,,,,,,,,,,,marketing_com,Activites des agences de publicite,TOURRETTES-SUR-LOUP,,06,,,,,,,,,,,,,,,,,,,,,,,,,,,,,,,,,,,,,,,,,,,,,,,513071704,51307170400037,73.11Z,,,,,,,,,,,sirene,
LET'S - LUXURY'S EVENTS TALENTS,,,a contacter,,,,,,,,,,,,marketing_com,Conseil en relations publiques et communication,PARIS,,75,,,,,,,,,,,,,,,,,,,,,,,,,,,,,,,,,,,,,,,,,,,,,,,881638100,88163810000050,70.21Z,,,,,,,,,,,sirene,
LETTRES ET DECORS,,,a contacter,,,,,,,,,,,,marketing_com,Activites des agences de publicite,AIX-EN-PROVENCE,,13,,,,,,,,,,,,,,,,,,,,,,,,,,,,,,,,,,,,,,,,,,,,,,,533122883,53312288300028,73.11Z,,,,,,,,,,,sirene,
LETTRING SERVICE,,,a contacter,,,,,,,,,,,,marketing_com,Activites des agences de publicite,DECINES-CHARPIEU,,69,,,,,,,,,,,,,,,,,,,,,,,,,,,,,,,,,,,,,,,,,,,,,,,347984254,34798425400057,73.11Z,,,,,,,,,,,sirene,
LEVEL 2,,,a contacter,,,,,,,,,,,,marketing_com,Activites des agences de publicite,AIX-EN-PROVENCE,,13,,,,,,,,,,,,,,,,,,,,,,,,,,,,,,,,,,,,,,,,,,,,,,,532124229,53212422900032,73.11Z,,,,,,,,,,,sirene,
LEXENTRIK,,,a contacter,,,,,,,,,,,,marketing_com,Activites des agences de publicite,VENDOME,,41,,,,,,,,,,,,,,,,,,,,,,,,,,,,,,,,,,,,,,,,,,,,,,,414131029,41413102900053,73.11Z,,,,,,,,,,,sirene,
LEZ-ARTS CONCEPT & DESIGN,,,a contacter,,,,,,,,,,,,marketing_com,Conseil en relations publiques et communication,LEZENNES,,59,,,,,,,,,,,,,,,,,,,,,,,,,,,,,,,,,,,,,,,,,,,,,,,438885345,43888534500035,70.21Z,,,,,,,,,,,sirene,
LGDB CONSULTANTS,,,a contacter,,,,,,,,,,,,marketing_com,Conseil en relations publiques et communication,MONTREUIL,,93,,,,,,,,,,,,,,,,,,,,,,,,,,,,,,,,,,,,,,,,,,,,,,,439381674,43938167400035,70.21Z,,,,,,,,,,,sirene,
LGTF,,,a contacter,,,,,,,,,,,,marketing_com,Activites des agences de publicite,LEVALLOIS-PERRET,,92,,,,,,,,,,,,,,,,,,,,,,,,,,,,,,,,,,,,,,,,,,,,,,,478679467,47867946700116,73.11Z,,,,,,,,,,,sirene,
LH DIGITAL,,,a contacter,,,,,,,,,,,,marketing_com,Activites des agences de publicite,HORBOURG-WIHR,,68,,,,,,,,,,,,,,,,,,,,,,,,,,,,,,,,,,,,,,,,,,,,,,,887645810,88764581000029,73.11Z,,,,,,,,,,,sirene,
LIBELLULE,,,a contacter,,,,,,,,,,,,marketing_com,Activites des agences de publicite,BOULOGNE-BILLANCOURT,,92,,,,,,,,,,,,,,,,,,,,,,,,,,,,,,,,,,,,,,,,,,,,,,,402069108,40206910800023,73.11Z,,,,,,,,,,,sirene,
LIBRECHANGE,,,a contacter,,,,,,,,,,,,marketing_com,Activites des agences de publicite,LYON,,69,,,,,,,,,,,,,,,,,,,,,,,,,,,,,,,,,,,,,,,,,,,,,,,400622205,40062220500039,73.11Z,,,,,,,,,,,sirene,
LIGHT. COMMUNICATION,,,a contacter,,,,,,,,,,,,marketing_com,Conseil en relations publiques et communication,ANGERS,,49,,,,,,,,,,,,,,,,,,,,,,,,,,,,,,,,,,,,,,,,,,,,,,,948141247,94814124700031,70.21Z,,,,,,,,,,,sirene,
LIGHTING PARIS,,,a contacter,,,,,,,,,,,,marketing_com,Activites des agences de publicite,PARIS,,75,,,,,,,,,,,,,,,,,,,,,,,,,,,,,,,,,,,,,,,,,,,,,,,823517057,82351705700027,73.11Z,,,,,,,,,,,sirene,
LIGHTME,,,a contacter,,,,,,,,,,,,marketing_com,Conseil en relations publiques et communication,LA GRANDE-MOTTE,,34,,,,,,,,,,,,,,,,,,,,,,,,,,,,,,,,,,,,,,,,,,,,,,,981090079,98109007900014,70.21Z,,,,,,,,,,,sirene,
LIGNE SUD,,,a contacter,,,,,,,,,,,,marketing_com,Conseil en relations publiques et communication,TOULOUSE,,31,,,,,,,,,,,,,,,,,,,,,,,,,,,,,,,,,,,,,,,,,,,,,,,404166431,40416643100035,70.21Z,,,,,,,,,,,sirene,
LIMITED EDITION,,,a contacter,,,,,,,,,,,,marketing_com,Activites des agences de publicite,MONTREUIL,,93,,,,,,,,,,,,,,,,,,,,,,,,,,,,,,,,,,,,,,,,,,,,,,,440480127,44048012700016,73.11Z,,,,,,,,,,,sirene,
LIMOUGEOTTE,,,a contacter,,,,,,,,,,,,marketing_com,Conseil en relations publiques et communication,LIMOGES,,87,,,,,,,,,,,,,,,,,,,,,,,,,,,,,,,,,,,,,,,,,,,,,,,920482635,92048263500017,70.21Z,,,,,,,,,,,sirene,
LIMPIDE,,,a contacter,,,,,,,,,,,,marketing_com,Conseil en relations publiques et communication,PARIS,,75,,,,,,,,,,,,,,,,,,,,,,,,,,,,,,,,,,,,,,,,,,,,,,,529701922,52970192200054,70.21Z,,,,,,,,,,,sirene,
LINA,,,a contacter,,,,,,,,,,,,marketing_com,Activites des agences de publicite,MORNAC-SUR-SEUDRE,,17,,,,,,,,,,,,,,,,,,,,,,,,,,,,,,,,,,,,,,,,,,,,,,,813348869,81334886900039,73.11Z,,,,,,,,,,,sirene,
LINEA,,,a contacter,,,,,,,,,,,,marketing_com,Activites des agences de publicite,COGNAC,,16,,,,,,,,,,,,,,,,,,,,,,,,,,,,,,,,,,,,,,,,,,,,,,,417650207,41765020700042,73.11Z,,,,,,,,,,,sirene,
LINEAIRES,,,a contacter,,,,,,,,,,,,marketing_com,Activites des agences de publicite,FORT-DE-FRANCE,,972,,,,,,,,,,,,,,,,,,,,,,,,,,,,,,,,,,,,,,,,,,,,,,,393235221,39323522100040,73.11Z,,,,,,,,,,,sirene,
LINK UP,,,a contacter,,,,,,,,,,,,marketing_com,Conseil en relations publiques et communication,LEVALLOIS-PERRET,,92,,,,,,,,,,,,,,,,,,,,,,,,,,,,,,,,,,,,,,,,,,,,,,,519535314,51953531400057,70.21Z,,,,,,,,,,,sirene,
LINKA INTERNATIONAL,,,a contacter,,,,,,,,,,,,marketing_com,Conseil en relations publiques et communication,PARIS,,75,,,,,,,,,,,,,,,,,,,,,,,,,,,,,,,,,,,,,,,,,,,,,,,798240297,79824029700035,70.21Z,,,,,,,,,,,sirene,
LINKS COMMUNICATION,,,a contacter,,,,,,,,,,,,marketing_com,Conseil en relations publiques et communication,SALLANCHES,,74,,,,,,,,,,,,,,,,,,,,,,,,,,,,,,,,,,,,,,,,,,,,,,,507614691,50761469100040,70.21Z,,,,,,,,,,,sirene,
LIP DIGITAL & MARKETING,,,a contacter,,,,,,,,,,,,marketing_com,Activites des agences de publicite,LYON,,69,,,,,,,,,,,,,,,,,,,,,,,,,,,,,,,,,,,,,,,,,,,,,,,790126767,79012676700033,73.11Z,,,,,,,,,,,sirene,
LISA GORMAN AGENCY,,,a contacter,,,,,,,,,,,,marketing_com,Conseil en relations publiques et communication,PARIS,,75,,,,,,,,,,,,,,,,,,,,,,,,,,,,,,,,,,,,,,,,,,,,,,,798509485,79850948500032,70.21Z,,,,,,,,,,,sirene,
LITTLE AGENCY,,,a contacter,,,,,,,,,,,,marketing_com,Activites des agences de publicite,AIX-EN-PROVENCE,,13,,,,,,,,,,,,,,,,,,,,,,,,,,,,,,,,,,,,,,,,,,,,,,,481104354,48110435400057,73.11Z,,,,,,,,,,,sirene,
LIZARUCK,,,a contacter,,,,,,,,,,,,marketing_com,Activites des agences de publicite,MONTUSSAN,,33,,,,,,,,,,,,,,,,,,,,,,,,,,,,,,,,,,,,,,,,,,,,,,,818179160,81817916000036,73.11Z,,,,,,,,,,,sirene,
LJ CONCEPTION,,,a contacter,,,,,,,,,,,,marketing_com,Activites des agences de publicite,TERRE-DE-BANCALIE,,81,,,,,,,,,,,,,,,,,,,,,,,,,,,,,,,,,,,,,,,,,,,,,,,532921251,53292125100072,73.11Z,,,,,,,,,,,sirene,
LJ CONSULTING,,,a contacter,,,,,,,,,,,,marketing_com,Activites des agences de publicite,SAINTE-FOY-LES-LYON,,69,,,,,,,,,,,,,,,,,,,,,,,,,,,,,,,,,,,,,,,,,,,,,,,820641264,82064126400024,73.11Z,,,,,,,,,,,sirene,
LJ.COM,,,a contacter,,,,,,,,,,,,marketing_com,Conseil en relations publiques et communication,MONTBONNOT-SAINT-MARTIN,,38,,,,,,,,,,,,,,,,,,,,,,,,,,,,,,,,,,,,,,,,,,,,,,,449412956,44941295600046,70.21Z,,,,,,,,,,,sirene,
LJ2,,,a contacter,,,,,,,,,,,,marketing_com,Activites des agences de publicite,HAZEBROUCK,,59,,,,,,,,,,,,,,,,,,,,,,,,,,,,,,,,,,,,,,,,,,,,,,,818382228,81838222800026,73.11Z,,,,,,,,,,,sirene,
LM EDITIONS,,,a contacter,,,,,,,,,,,,marketing_com,Activites des agences de publicite,ANTIBES,,06,,,,,,,,,,,,,,,,,,,,,,,,,,,,,,,,,,,,,,,,,,,,,,,409004082,40900408200023,73.11Z,,,,,,,,,,,sirene,
LMA CONSULTING,,,a contacter,,,,,,,,,,,,marketing_com,Conseil en relations publiques et communication,ALLAUCH,,13,,,,,,,,,,,,,,,,,,,,,,,,,,,,,,,,,,,,,,,,,,,,,,,520378563,52037856300065,70.21Z,,,,,,,,,,,sirene,
LMS SERVICES,,,a contacter,,,,,,,,,,,,marketing_com,Activites des agences de publicite,MONDEVILLE,,14,,,,,,,,,,,,,,,,,,,,,,,,,,,,,,,,,,,,,,,,,,,,,,,524918570,52491857000028,73.11Z,,,,,,,,,,,sirene,
LMWR,,,a contacter,,,,,,,,,,,,marketing_com,Activites des agences de publicite,NANTES,,44,,,,,,,,,,,,,,,,,,,,,,,,,,,,,,,,,,,,,,,,,,,,,,,311221105,31122110500068,73.11Z,,,,,,,,,,,sirene,
LOADZ,,,a contacter,,,,,,,,,,,,marketing_com,Activites des agences de publicite,OSNY,,95,,,,,,,,,,,,,,,,,,,,,,,,,,,,,,,,,,,,,,,,,,,,,,,903280428,90328042800025,73.11Z,,,,,,,,,,,sirene,
LOCOMOTIV',,,a contacter,,,,,,,,,,,,marketing_com,Conseil en relations publiques et communication,BORDEAUX,,33,,,,,,,,,,,,,,,,,,,,,,,,,,,,,,,,,,,,,,,,,,,,,,,843776816,84377681600012,70.21Z,,,,,,,,,,,sirene,
LOEMA,,,a contacter,,,,,,,,,,,,marketing_com,Conseil en relations publiques et communication,MARSEILLE,,13,,,,,,,,,,,,,,,,,,,,,,,,,,,,,,,,,,,,,,,,,,,,,,,511444564,51144456400039,70.21Z,,,,,,,,,,,sirene,
LOGIA,,,a contacter,,,,,,,,,,,,marketing_com,Conseil en relations publiques et communication,VALENCE,,26,,,,,,,,,,,,,,,,,,,,,,,,,,,,,,,,,,,,,,,,,,,,,,,903140358,90314035800032,70.21Z,,,,,,,,,,,sirene,
LOGIC DESIGN,,,a contacter,,,,,,,,,,,,marketing_com,Activites des agences de publicite,PARIS,,75,,,,,,,,,,,,,,,,,,,,,,,,,,,,,,,,,,,,,,,,,,,,,,,347962755,34796275500059,73.11Z,,,,,,,,,,,sirene,
LOGICOM GUADELOUPE,,,a contacter,,,,,,,,,,,,marketing_com,Activites des agences de publicite,BAIE MAHAULT,,971,,,,,,,,,,,,,,,,,,,,,,,,,,,,,,,,,,,,,,,,,,,,,,,444588248,44458824800021,73.11Z,,,,,,,,,,,sirene,
LOGISTIQUE DIFFUSION SERVICES,,,a contacter,,,,,,,,,,,,marketing_com,Activites des agences de publicite,NOISY-LE-SEC,,93,,,,,,,,,,,,,,,,,,,,,,,,,,,,,,,,,,,,,,,,,,,,,,,799332986,79933298600014,73.11Z,,,,,,,,,,,sirene,
LOGO COMMUNICATION,,,a contacter,,,,,,,,,,,,marketing_com,Conseil en relations publiques et communication,NANCY,,54,,,,,,,,,,,,,,,,,,,,,,,,,,,,,,,,,,,,,,,,,,,,,,,893293266,89329326600019,70.21Z,,,,,,,,,,,sirene,
LOGOS,,,a contacter,,,,,,,,,,,,marketing_com,Activites des agences de publicite,BORDEAUX,,33,,,,,,,,,,,,,,,,,,,,,,,,,,,,,,,,,,,,,,,,,,,,,,,504531146,50453114600083,73.11Z,,,,,,,,,,,sirene,
LOGOTIER,,,a contacter,,,,,,,,,,,,marketing_com,Activites des agences de publicite,LAMOTTE-BEUVRON,,41,,,,,,,,,,,,,,,,,,,,,,,,,,,,,,,,,,,,,,,,,,,,,,,509564639,50956463900045,73.11Z,,,,,,,,,,,sirene,
LOISIRS DIFFUSION,,,a contacter,,,,,,,,,,,,marketing_com,Activites des agences de publicite,CARPIQUET,,14,,,,,,,,,,,,,,,,,,,,,,,,,,,,,,,,,,,,,,,,,,,,,,,489037853,48903785300012,73.11Z,,,,,,,,,,,sirene,
LOKI,,,a contacter,,,,,,,,,,,,marketing_com,Activites des agences de publicite,BORDEAUX,,33,,,,,,,,,,,,,,,,,,,,,,,,,,,,,,,,,,,,,,,,,,,,,,,508521481,50852148100012,73.11Z,,,,,,,,,,,sirene,
LOKI BASSIN D'ARCACHON,,,a contacter,,,,,,,,,,,,marketing_com,Activites des agences de publicite,AUDENGE,,33,,,,,,,,,,,,,,,,,,,,,,,,,,,,,,,,,,,,,,,,,,,,,,,830833646,83083364600011,73.11Z,,,,,,,,,,,sirene,
LONGITUDE OUEST,,,a contacter,,,,,,,,,,,,marketing_com,Activites des agences de publicite,PLOUGUERNEAU,,29,,,,,,,,,,,,,,,,,,,,,,,,,,,,,,,,,,,,,,,,,,,,,,,483300018,48330001800023,73.11Z,,,,,,,,,,,sirene,
LOPES PUB ET STORES,,,a contacter,,,,,,,,,,,,marketing_com,Activites des agences de publicite,LORP-SENTARAILLE,,09,,,,,,,,,,,,,,,,,,,,,,,,,,,,,,,,,,,,,,,,,,,,,,,391122561,39112256100031,73.11Z,,,,,,,,,,,sirene,
LORWEB,,,a contacter,,,,,,,,,,,,marketing_com,Activites des agences de publicite,SAINT-JULIEN-LES-METZ,,57,,,,,,,,,,,,,,,,,,,,,,,,,,,,,,,,,,,,,,,,,,,,,,,419614623,41961462300041,73.11Z,,,,,,,,,,,sirene,
LOWE STRATEUS,,,a contacter,,,,,,,,,,,,marketing_com,Activites des agences de publicite,PARIS,,75,,,,,,,,,,,,,,,,,,,,,,,,,,,,,,,,,,,,,,,,,,,,,,,337863005,33786300500126,73.11Z,,,,,,,,,,,sirene,
LOYALTY COMPANY,,,a contacter,,,,,,,,,,,,marketing_com,Activites des agences de publicite,LIMONEST,,69,,,,,,,,,,,,,,,,,,,,,,,,,,,,,,,,,,,,,,,,,,,,,,,451292445,45129244500066,73.11Z,,,,,,,,,,,sirene,
LOYALTYBUILD LIMITED,,,a contacter,,,,,,,,,,,,marketing_com,Activites des agences de publicite,,,,,,,,,,,,,,,,,,,,,,,,,,,,,,,,,,,,,,,,,,,,,,,,,,795083591,79508359100011,73.11Z,,,,,,,,,,,sirene,
LP 75,,,a contacter,,,,,,,,,,,,marketing_com,Conseil en relations publiques et communication,BORDEAUX,,33,,,,,,,,,,,,,,,,,,,,,,,,,,,,,,,,,,,,,,,,,,,,,,,823715016,82371501600049,70.21Z,,,,,,,,,,,sirene,
LP GESTION,,,a contacter,,,,,,,,,,,,marketing_com,Activites des agences de publicite,INGRE,,45,,,,,,,,,,,,,,,,,,,,,,,,,,,,,,,,,,,,,,,,,,,,,,,403654551,40365455100015,73.11Z,,,,,,,,,,,sirene,
LPG,,,a contacter,,,,,,,,,,,,marketing_com,Conseil en relations publiques et communication,VERSAILLES,,78,,,,,,,,,,,,,,,,,,,,,,,,,,,,,,,,,,,,,,,,,,,,,,,843236761,84323676100014,70.21Z,,,,,,,,,,,sirene,
LRJG SERVICES,,,a contacter,,,,,,,,,,,,marketing_com,Activites des agences de publicite,SAINT-BRICE-COURCELLES,,51,,,,,,,,,,,,,,,,,,,,,,,,,,,,,,,,,,,,,,,,,,,,,,,539546978,53954697800021,73.11Z,,,,,,,,,,,sirene,
LS COMMUNICATION,,,a contacter,,,,,,,,,,,,marketing_com,Activites des agences de publicite,ANCENIS-SAINT-GEREON,,44,,,,,,,,,,,,,,,,,,,,,,,,,,,,,,,,,,,,,,,,,,,,,,,815067509,81506750900035,73.11Z,,,,,,,,,,,sirene,
LS COMMUNITY,,,a contacter,,,,,,,,,,,,marketing_com,Conseil en relations publiques et communication,TOURS,,37,,,,,,,,,,,,,,,,,,,,,,,,,,,,,,,,,,,,,,,,,,,,,,,909340317,90934031700033,70.21Z,,,,,,,,,,,sirene,
LS PUBLICITE,,,a contacter,,,,,,,,,,,,marketing_com,Activites des agences de publicite,LE THUIT,,27,,,,,,,,,,,,,,,,,,,,,,,,,,,,,,,,,,,,,,,,,,,,,,,978022275,97802227500017,73.11Z,,,,,,,,,,,sirene,
LSTZ,,,a contacter,,,,,,,,,,,,marketing_com,Conseil en relations publiques et communication,SAINT-MAURICE,,94,,,,,,,,,,,,,,,,,,,,,,,,,,,,,,,,,,,,,,,,,,,,,,,887933141,88793314100012,70.21Z,,,,,,,,,,,sirene,
LU 6.1,,,a contacter,,,,,,,,,,,,marketing_com,Conseil en relations publiques et communication,BOULOGNE-BILLANCOURT,,92,,,,,,,,,,,,,,,,,,,,,,,,,,,,,,,,,,,,,,,,,,,,,,,532838661,53283866100025,70.21Z,,,,,,,,,,,sirene,
LUCIEN PAGES COMMUNICATION,,,a contacter,,,,,,,,,,,,marketing_com,Conseil en relations publiques et communication,PARIS,,75,,,,,,,,,,,,,,,,,,,,,,,,,,,,,,,,,,,,,,,,,,,,,,,492899398,49289939800043,70.21Z,,,,,,,,,,,sirene,
LUCIOLE,,,a contacter,,,,,,,,,,,,marketing_com,Activites des agences de publicite,PARIS,,75,,,,,,,,,,,,,,,,,,,,,,,,,,,,,,,,,,,,,,,,,,,,,,,382382943,38238294300035,73.11Z,,,,,,,,,,,sirene,
LUCKY M.E,,,a contacter,,,,,,,,,,,,marketing_com,Conseil en relations publiques et communication,NANTERRE,,92,,,,,,,,,,,,,,,,,,,,,,,,,,,,,,,,,,,,,,,,,,,,,,,808393532,80839353200037,70.21Z,,,,,,,,,,,sirene,
LUCKY TIME,,,a contacter,,,,,,,,,,,,marketing_com,Conseil en relations publiques et communication,PARIS 11,,75,,,,,,,,,,,,,,,,,,,,,,,,,,,,,,,,,,,,,,,,,,,,,,,804783264,80478326400042,70.21Z,,,,,,,,,,,sirene,
LUMERA,,,a contacter,,,,,,,,,,,,marketing_com,Conseil en relations publiques et communication,CASTELNAU-LE-LEZ,,34,,,,,,,,,,,,,,,,,,,,,,,,,,,,,,,,,,,,,,,,,,,,,,,877648717,87764871700057,70.21Z,,,,,,,,,,,sirene,
LUMINANCE INTERNATIONAL,,,a contacter,,,,,,,,,,,,marketing_com,Activites des agences de publicite,BOULOGNE-BILLANCOURT,,92,,,,,,,,,,,,,,,,,,,,,,,,,,,,,,,,,,,,,,,,,,,,,,,349973578,34997357800157,73.11Z,,,,,,,,,,,sirene,
LUNE,,,a contacter,,,,,,,,,,,,marketing_com,Conseil en relations publiques et communication,LAMBERSART,,59,,,,,,,,,,,,,,,,,,,,,,,,,,,,,,,,,,,,,,,,,,,,,,,408226033,40822603300053,70.21Z,,,,,,,,,,,sirene,
LUSSO,,,a contacter,,,,,,,,,,,,marketing_com,Conseil en relations publiques et communication,LYON,,69,,,,,,,,,,,,,,,,,,,,,,,,,,,,,,,,,,,,,,,,,,,,,,,509432506,50943250600087,70.21Z,,,,,,,,,,,sirene,
LUVI MEDIA,,,a contacter,,,,,,,,,,,,marketing_com,Activites des agences de publicite,SAINT-DENIS,,974,,,,,,,,,,,,,,,,,,,,,,,,,,,,,,,,,,,,,,,,,,,,,,,445067945,44506794500045,73.11Z,,,,,,,,,,,sirene,
LUXSENSE,,,a contacter,,,,,,,,,,,,marketing_com,Activites des agences de publicite,BOULOGNE-BILLANCOURT,,92,,,,,,,,,,,,,,,,,,,,,,,,,,,,,,,,,,,,,,,,,,,,,,,482259512,48225951200044,73.11Z,,,,,,,,,,,sirene,
LVC COMMUNICATION,,,a contacter,,,,,,,,,,,,marketing_com,Regie publicitaire de medias,TREMBLAY-EN-FRANCE,,93,,,,,,,,,,,,,,,,,,,,,,,,,,,,,,,,,,,,,,,,,,,,,,,814978169,81497816900021,73.12Z,,,,,,,,,,,sirene,
LVC RH CONSEILS,,,a contacter,,,,,,,,,,,,marketing_com,Conseil en relations publiques et communication,VOSNE-ROMANEE,,21,,,,,,,,,,,,,,,,,,,,,,,,,,,,,,,,,,,,,,,,,,,,,,,823643655,82364365500017,70.21Z,,,,,,,,,,,sirene,
LYNK AGENCY,,,a contacter,,,,,,,,,,,,marketing_com,Activites des agences de publicite,PARIS,,75,,,,,,,,,,,,,,,,,,,,,,,,,,,,,,,,,,,,,,,,,,,,,,,884599739,88459973900015,73.11Z,,,,,,,,,,,sirene,
LYON SPORT REGIE,,,a contacter,,,,,,,,,,,,marketing_com,Regie publicitaire de medias,LYON,,69,,,,,,,,,,,,,,,,,,,,,,,,,,,,,,,,,,,,,,,,,,,,,,,443181425,44318142500028,73.12Z,,,,,,,,,,,sirene,
LYONKOM,,,a contacter,,,,,,,,,,,,marketing_com,Conseil en relations publiques et communication,AIX-EN-PROVENCE,,13,,,,,,,,,,,,,,,,,,,,,,,,,,,,,,,,,,,,,,,,,,,,,,,494527104,49452710400041,70.21Z,,,,,,,,,,,sirene,
M & K,,,a contacter,,,,,,,,,,,,marketing_com,Conseil en relations publiques et communication,OUGES,,21,,,,,,,,,,,,,,,,,,,,,,,,,,,,,,,,,,,,,,,,,,,,,,,848845434,84884543400036,70.21Z,,,,,,,,,,,sirene,
M ANIMATION,,,a contacter,,,,,,,,,,,,marketing_com,Activites des agences de publicite,PARIS,,75,,,,,,,,,,,,,,,,,,,,,,,,,,,,,,,,,,,,,,,,,,,,,,,492685920,49268592000026,73.11Z,,,,,,,,,,,sirene,
M P ADVERTISING,,,a contacter,,,,,,,,,,,,marketing_com,Activites des agences de publicite,NEUILLY-SUR-SEINE,,92,,,,,,,,,,,,,,,,,,,,,,,,,,,,,,,,,,,,,,,,,,,,,,,340512342,34051234200072,73.11Z,,,,,,,,,,,sirene,
M P CONSEIL ET COMMUNICATION,,,a contacter,,,,,,,,,,,,marketing_com,Activites des agences de publicite,BOULOGNE-BILLANCOURT,,92,,,,,,,,,,,,,,,,,,,,,,,,,,,,,,,,,,,,,,,,,,,,,,,421860941,42186094100036,73.11Z,,,,,,,,,,,sirene,
M SOLUTIONS GRAPHIQUES,,,a contacter,,,,,,,,,,,,marketing_com,Activites des agences de publicite,LIBOURNE,,33,,,,,,,,,,,,,,,,,,,,,,,,,,,,,,,,,,,,,,,,,,,,,,,888412749,88841274900028,73.11Z,,,,,,,,,,,sirene,
M&V CONSULTING,,,a contacter,,,,,,,,,,,,marketing_com,Conseil en relations publiques et communication,VILLARS,,42,,,,,,,,,,,,,,,,,,,,,,,,,,,,,,,,,,,,,,,,,,,,,,,830085296,83008529600028,70.21Z,,,,,,,,,,,sirene,
M-AGENCY,,,a contacter,,,,,,,,,,,,marketing_com,Activites des agences de publicite,ROUBAIX,,59,,,,,,,,,,,,,,,,,,,,,,,,,,,,,,,,,,,,,,,,,,,,,,,401868872,40186887200045,73.11Z,,,,,,,,,,,sirene,
M-CREA COMMUNICATION,,,a contacter,,,,,,,,,,,,marketing_com,Conseil en relations publiques et communication,CHAILLY-EN-BIERE,,77,,,,,,,,,,,,,,,,,,,,,,,,,,,,,,,,,,,,,,,,,,,,,,,880750260,88075026000023,70.21Z,,,,,,,,,,,sirene,
M-M,,,a contacter,,,,,,,,,,,,marketing_com,Activites des agences de publicite,PARIS,,75,,,,,,,,,,,,,,,,,,,,,,,,,,,,,,,,,,,,,,,,,,,,,,,384917845,38491784500024,73.11Z,,,,,,,,,,,sirene,
M.M.MANAGEMENT,,,a contacter,,,,,,,,,,,,marketing_com,Activites des agences de publicite,OBJAT,,19,,,,,,,,,,,,,,,,,,,,,,,,,,,,,,,,,,,,,,,,,,,,,,,434894846,43489484600014,73.11Z,,,,,,,,,,,sirene,
M.M.U.,,,a contacter,,,,,,,,,,,,marketing_com,Activites des agences de publicite,OUDON,,44,,,,,,,,,,,,,,,,,,,,,,,,,,,,,,,,,,,,,,,,,,,,,,,492448121,49244812100011,73.11Z,,,,,,,,,,,sirene,
M.P.C. CONSEIL,,,a contacter,,,,,,,,,,,,marketing_com,Conseil en relations publiques et communication,LA PENNE-SUR-HUVEAUNE,,13,,,,,,,,,,,,,,,,,,,,,,,,,,,,,,,,,,,,,,,,,,,,,,,497599894,49759989400027,70.21Z,,,,,,,,,,,sirene,
M.T.V.T.,,,a contacter,,,,,,,,,,,,marketing_com,Activites des agences de publicite,BAISIEUX,,59,,,,,,,,,,,,,,,,,,,,,,,,,,,,,,,,,,,,,,,,,,,,,,,843024332,84302433200010,73.11Z,,,,,,,,,,,sirene,
M.V.F COMMUNICATION,,,a contacter,,,,,,,,,,,,marketing_com,Activites des agences de publicite,SAUVIAN,,34,,,,,,,,,,,,,,,,,,,,,,,,,,,,,,,,,,,,,,,,,,,,,,,418096160,41809616000035,73.11Z,,,,,,,,,,,sirene,
M2 EVENT,,,a contacter,,,,,,,,,,,,marketing_com,Conseil en relations publiques et communication,CHERBOURG-EN-COTENTIN,,50,,,,,,,,,,,,,,,,,,,,,,,,,,,,,,,,,,,,,,,,,,,,,,,810124073,81012407300042,70.21Z,,,,,,,,,,,sirene,
M2 FABRICATIONS PUBLICITAIRES,,,a contacter,,,,,,,,,,,,marketing_com,Activites des agences de publicite,BORDEAUX,,33,,,,,,,,,,,,,,,,,,,,,,,,,,,,,,,,,,,,,,,,,,,,,,,413304726,41330472600065,73.11Z,,,,,,,,,,,sirene,
M2 VISUEL,,,a contacter,,,,,,,,,,,,marketing_com,Activites des agences de publicite,LA MOTTE-SERVOLEX,,73,,,,,,,,,,,,,,,,,,,,,,,,,,,,,,,,,,,,,,,,,,,,,,,803646454,80364645400030,73.11Z,,,,,,,,,,,sirene,
M6 CREATIONS,,,a contacter,,,,,,,,,,,,marketing_com,Activites des agences de publicite,NEUILLY-SUR-SEINE,,92,,,,,,,,,,,,,,,,,,,,,,,,,,,,,,,,,,,,,,,,,,,,,,,493905814,49390581400015,73.11Z,,,,,,,,,,,sirene,
M6 PUBLICITE,,,a contacter,,,,,,,,,,,,marketing_com,Regie publicitaire de medias,NEUILLY-SUR-SEINE,,92,,,,,,,,,,,,,,,,,,,,,,,,,,,,,,,,,,,,,,,,,,,,,,,340949031,34094903100025,73.12Z,,,,,,,,,,,sirene,
MA BOITE DE COM,,,a contacter,,,,,,,,,,,,marketing_com,Activites des agences de publicite,VENELLES,,13,,,,,,,,,,,,,,,,,,,,,,,,,,,,,,,,,,,,,,,,,,,,,,,504588153,50458815300024,73.11Z,,,,,,,,,,,sirene,
MAAG,,,a contacter,,,,,,,,,,,,marketing_com,Activites des agences de publicite,PARIS,,75,,,,,,,,,,,,,,,,,,,,,,,,,,,,,,,,,,,,,,,,,,,,,,,441772837,44177283700064,73.11Z,,,,,,,,,,,sirene,
MAAK7,,,a contacter,,,,,,,,,,,,marketing_com,Activites des agences de publicite,LEGE,,44,,,,,,,,,,,,,,,,,,,,,,,,,,,,,,,,,,,,,,,,,,,,,,,889026621,88902662100017,73.11Z,,,,,,,,,,,sirene,
MACGENERATION,,,a contacter,,,,,,,,,,,,marketing_com,Activites des agences de publicite,LYON,,69,,,,,,,,,,,,,,,,,,,,,,,,,,,,,,,,,,,,,,,,,,,,,,,480935048,48093504800029,73.11Z,,,,,,,,,,,sirene,
MACOMAGENCY,,,a contacter,,,,,,,,,,,,marketing_com,Activites des agences de publicite,VERRIERES-LE-BUISSON,,91,,,,,,,,,,,,,,,,,,,,,,,,,,,,,,,,,,,,,,,,,,,,,,,788661882,78866188200035,73.11Z,,,,,,,,,,,sirene,
MADAME COLUMBO,,,a contacter,,,,,,,,,,,,marketing_com,Activites des agences de publicite,NANTES,,44,,,,,,,,,,,,,,,,,,,,,,,,,,,,,,,,,,,,,,,,,,,,,,,507473478,50747347800042,73.11Z,,,,,,,,,,,sirene,
MADAME DE LA COM',,,a contacter,,,,,,,,,,,,marketing_com,Conseil en relations publiques et communication,BORDEAUX,,33,,,,,,,,,,,,,,,,,,,,,,,,,,,,,,,,,,,,,,,,,,,,,,,829231331,82923133100036,70.21Z,,,,,,,,,,,sirene,
MADAME MONSIEUR BISV,,,a contacter,,,,,,,,,,,,marketing_com,Activites des agences de publicite,MONT-SAINT-AIGNAN,,76,,,,,,,,,,,,,,,,,,,,,,,,,,,,,,,,,,,,,,,,,,,,,,,889476438,88947643800029,73.11Z,,,,,,,,,,,sirene,
MADARE TOULOUSE,,,a contacter,,,,,,,,,,,,marketing_com,Conseil en relations publiques et communication,TOULOUSE,,31,,,,,,,,,,,,,,,,,,,,,,,,,,,,,,,,,,,,,,,,,,,,,,,798468443,79846844300055,70.21Z,,,,,,,,,,,sirene,
MADE IN A.S,,,a contacter,,,,,,,,,,,,marketing_com,Activites des agences de publicite,PARIS,,75,,,,,,,,,,,,,,,,,,,,,,,,,,,,,,,,,,,,,,,,,,,,,,,832415319,83241531900041,73.11Z,,,,,,,,,,,sirene,
MADE IN MICE,,,a contacter,,,,,,,,,,,,marketing_com,Conseil en relations publiques et communication,PARIS,,75,,,,,,,,,,,,,,,,,,,,,,,,,,,,,,,,,,,,,,,,,,,,,,,917462061,91746206100024,70.21Z,,,,,,,,,,,sirene,
MADE IN MOUSE,,,a contacter,,,,,,,,,,,,marketing_com,Activites des agences de publicite,MAUSSANE-LES-ALPILLES,,13,,,,,,,,,,,,,,,,,,,,,,,,,,,,,,,,,,,,,,,,,,,,,,,350217337,35021733700038,73.11Z,,,,,,,,,,,sirene,
MADECONTENT,,,a contacter,,,,,,,,,,,,marketing_com,Activites des agences de publicite,STRASBOURG,,67,,,,,,,,,,,,,,,,,,,,,,,,,,,,,,,,,,,,,,,,,,,,,,,889281986,88928198600014,73.11Z,,,,,,,,,,,sirene,
MADEMOISELLE SCARLETT,,,a contacter,,,,,,,,,,,,marketing_com,Conseil en relations publiques et communication,BOULOGNE-BILLANCOURT,,92,,,,,,,,,,,,,,,,,,,,,,,,,,,,,,,,,,,,,,,,,,,,,,,350144093,35014409300134,70.21Z,,,,,,,,,,,sirene,
MADININA MERCHANDISING SERVICE,,,a contacter,,,,,,,,,,,,marketing_com,Activites des agences de publicite,FORT-DE-FRANCE,,972,,,,,,,,,,,,,,,,,,,,,,,,,,,,,,,,,,,,,,,,,,,,,,,521402545,52140254500011,73.11Z,,,,,,,,,,,sirene,
MADISON COMMUNICATION,,,a contacter,,,,,,,,,,,,marketing_com,Conseil en relations publiques et communication,NANTES,,44,,,,,,,,,,,,,,,,,,,,,,,,,,,,,,,,,,,,,,,,,,,,,,,911992733,91199273300020,70.21Z,,,,,,,,,,,sirene,
MADN,,,a contacter,,,,,,,,,,,,marketing_com,Conseil en relations publiques et communication,SAINT-MARTIN-DE-LONDRES,,34,,,,,,,,,,,,,,,,,,,,,,,,,,,,,,,,,,,,,,,,,,,,,,,525161881,52516188100046,70.21Z,,,,,,,,,,,sirene,
MAETVA,,,a contacter,,,,,,,,,,,,marketing_com,Activites des agences de publicite,COLMAR,,68,,,,,,,,,,,,,,,,,,,,,,,,,,,,,,,,,,,,,,,,,,,,,,,343341798,34334179800043,73.11Z,,,,,,,,,,,sirene,
MAGA,,,a contacter,,,,,,,,,,,,marketing_com,Activites des agences de publicite,SIGEAN,,11,,,,,,,,,,,,,,,,,,,,,,,,,,,,,,,,,,,,,,,,,,,,,,,534771886,53477188600023,73.11Z,,,,,,,,,,,sirene,
MAGAM,,,a contacter,,,,,,,,,,,,marketing_com,Activites des agences de publicite,SAINTE-MARIE-DES-CHAMPS,,76,,,,,,,,,,,,,,,,,,,,,,,,,,,,,,,,,,,,,,,,,,,,,,,513275115,51327511500014,73.11Z,,,,,,,,,,,sirene,
MAGAMO,,,a contacter,,,,,,,,,,,,marketing_com,Conseil en relations publiques et communication,BOULOGNE BILLANCOURT,,92,,,,,,,,,,,,,,,,,,,,,,,,,,,,,,,,,,,,,,,,,,,,,,,482546017,48254601700047,70.21Z,,,,,,,,,,,sirene,
MAGAZINE,,,a contacter,,,,,,,,,,,,marketing_com,Activites des agences de publicite,LYON,,69,,,,,,,,,,,,,,,,,,,,,,,,,,,,,,,,,,,,,,,,,,,,,,,341572089,34157208900025,73.11Z,,,,,,,,,,,sirene,
MAGENTA EVENT,,,a contacter,,,,,,,,,,,,marketing_com,Activites des agences de publicite,STAINS,,93,,,,,,,,,,,,,,,,,,,,,,,,,,,,,,,,,,,,,,,,,,,,,,,479939050,47993905000023,73.11Z,,,,,,,,,,,sirene,
MAGIC,,,a contacter,,,,,,,,,,,,marketing_com,Activites des agences de publicite,SARGE-LES-LE-MANS,,72,,,,,,,,,,,,,,,,,,,,,,,,,,,,,,,,,,,,,,,,,,,,,,,538821273,53882127300041,73.11Z,,,,,,,,,,,sirene,
MAGIC PRINT ONE - MPO,,,a contacter,,,,,,,,,,,,marketing_com,Activites des agences de publicite,UNIEUX,,42,,,,,,,,,,,,,,,,,,,,,,,,,,,,,,,,,,,,,,,,,,,,,,,492467352,49246735200067,73.11Z,,,,,,,,,,,sirene,
MAGIC4MEDIA,,,a contacter,,,,,,,,,,,,marketing_com,Activites des agences de publicite,ASNIERES-SUR-SEINE,,92,,,,,,,,,,,,,,,,,,,,,,,,,,,,,,,,,,,,,,,,,,,,,,,493542914,49354291400046,73.11Z,,,,,,,,,,,sirene,
MAGIE NOIRE,,,a contacter,,,,,,,,,,,,marketing_com,Activites des agences de publicite,PARIS,,75,,,,,,,,,,,,,,,,,,,,,,,,,,,,,,,,,,,,,,,,,,,,,,,439066580,43906658000028,73.11Z,,,,,,,,,,,sirene,
MAGINA,,,a contacter,,,,,,,,,,,,marketing_com,Activites des agences de publicite,ROUEN,,76,,,,,,,,,,,,,,,,,,,,,,,,,,,,,,,,,,,,,,,,,,,,,,,492990478,49299047800033,73.11Z,,,,,,,,,,,sirene,
MAGNA PRESSE,,,a contacter,,,,,,,,,,,,marketing_com,Conseil en relations publiques et communication,PARIS,,75,,,,,,,,,,,,,,,,,,,,,,,,,,,,,,,,,,,,,,,,,,,,,,,531682854,53168285400033,70.21Z,,,,,,,,,,,sirene,
MAGNETIK COMMUNICATION,,,a contacter,,,,,,,,,,,,marketing_com,Activites des agences de publicite,CRAPONNE,,69,,,,,,,,,,,,,,,,,,,,,,,,,,,,,,,,,,,,,,,,,,,,,,,751252883,75125288300028,73.11Z,,,,,,,,,,,sirene,
MAIA,,,a contacter,,,,,,,,,,,,marketing_com,Activites des agences de publicite,ANGOULEME,,16,,,,,,,,,,,,,,,,,,,,,,,,,,,,,,,,,,,,,,,,,,,,,,,453059669,45305966900078,73.11Z,,,,,,,,,,,sirene,
MAINICHI BROADCASTING SYSTEM INC,,,a contacter,,,,,,,,,,,,marketing_com,Conseil en relations publiques et communication,,,,,,,,,,,,,,,,,,,,,,,,,,,,,,,,,,,,,,,,,,,,,,,,,,829884527,82988452700013,70.21Z,,,,,,,,,,,sirene,
MAIRIE INFO,,,a contacter,,,,,,,,,,,,marketing_com,Regie publicitaire de medias,PONT-L'EVEQUE,,14,,,,,,,,,,,,,,,,,,,,,,,,,,,,,,,,,,,,,,,,,,,,,,,480323955,48032395500041,73.12Z,,,,,,,,,,,sirene,
MAISON DE L'AUTRICHE-OFF.NAT.AUTRI.TOUR.,,,a contacter,,,,,,,,,,,,marketing_com,Activites des agences de publicite,PARIS,,75,,,,,,,,,,,,,,,,,,,,,,,,,,,,,,,,,,,,,,,,,,,,,,,388346645,38834664500061,73.11Z,,,,,,,,,,,sirene,
MAITRISE MEDIAS SARL,,,a contacter,,,,,,,,,,,,marketing_com,Activites des agences de publicite,LONGUENESSE,,62,,,,,,,,,,,,,,,,,,,,,,,,,,,,,,,,,,,,,,,,,,,,,,,343111381,34311138100012,73.11Z,,,,,,,,,,,sirene,
"MAJORELLE, PR & EVENTS",,,a contacter,,,,,,,,,,,,marketing_com,Conseil en relations publiques et communication,PARIS,,75,,,,,,,,,,,,,,,,,,,,,,,,,,,,,,,,,,,,,,,,,,,,,,,750923740,75092374000047,70.21Z,,,,,,,,,,,sirene,
MAJUSCULE SARL,,,a contacter,,,,,,,,,,,,marketing_com,Activites des agences de publicite,REIMS,,51,,,,,,,,,,,,,,,,,,,,,,,,,,,,,,,,,,,,,,,,,,,,,,,313720294,31372029400039,73.11Z,,,,,,,,,,,sirene,
MAKE,,,a contacter,,,,,,,,,,,,marketing_com,Conseil en relations publiques et communication,PARIS,,75,,,,,,,,,,,,,,,,,,,,,,,,,,,,,,,,,,,,,,,,,,,,,,,848477402,84847740200012,70.21Z,,,,,,,,,,,sirene,
MAKEUP BAG,,,a contacter,,,,,,,,,,,,marketing_com,Regie publicitaire de medias,PARIS,,75,,,,,,,,,,,,,,,,,,,,,,,,,,,,,,,,,,,,,,,,,,,,,,,791644958,79164495800039,73.12Z,,,,,,,,,,,sirene,
MAKUITY,,,a contacter,,,,,,,,,,,,marketing_com,Activites des agences de publicite,LEVALLOIS-PERRET,,92,,,,,,,,,,,,,,,,,,,,,,,,,,,,,,,,,,,,,,,,,,,,,,,331916684,33191668400078,73.11Z,,,,,,,,,,,sirene,
MALLAURY SERVICES,,,a contacter,,,,,,,,,,,,marketing_com,Activites des agences de publicite,VENDIN-LE-VIEIL,,62,,,,,,,,,,,,,,,,,,,,,,,,,,,,,,,,,,,,,,,,,,,,,,,419819719,41981971900040,73.11Z,,,,,,,,,,,sirene,
MANAE BUSINESS,,,a contacter,,,,,,,,,,,,marketing_com,Activites des agences de publicite,PUTEAUX,,92,,,,,,,,,,,,,,,,,,,,,,,,,,,,,,,,,,,,,,,,,,,,,,,521740514,52174051400034,73.11Z,,,,,,,,,,,sirene,
MANAGE CONSEIL,,,a contacter,,,,,,,,,,,,marketing_com,Activites des agences de publicite,PARIS,,75,,,,,,,,,,,,,,,,,,,,,,,,,,,,,,,,,,,,,,,,,,,,,,,509122701,50912270100048,73.11Z,,,,,,,,,,,sirene,
MANCINI & TRAVERSO,,,a contacter,,,,,,,,,,,,marketing_com,Activites des agences de publicite,MARSEILLE,,13,,,,,,,,,,,,,,,,,,,,,,,,,,,,,,,,,,,,,,,,,,,,,,,503853186,50385318600073,73.11Z,,,,,,,,,,,sirene,
MANDARINE,,,a contacter,,,,,,,,,,,,marketing_com,Regie publicitaire de medias,LEVALLOIS-PERRET,,92,,,,,,,,,,,,,,,,,,,,,,,,,,,,,,,,,,,,,,,,,,,,,,,477743207,47774320700052,73.12Z,,,,,,,,,,,sirene,
MANDREGO,,,a contacter,,,,,,,,,,,,marketing_com,Activites des agences de publicite,BALLAN-MIRE,,37,,,,,,,,,,,,,,,,,,,,,,,,,,,,,,,,,,,,,,,,,,,,,,,491957429,49195742900039,73.11Z,,,,,,,,,,,sirene,
MANGA-NEWS,,,a contacter,,,,,,,,,,,,marketing_com,Activites des agences de publicite,MONTREUIL,,93,,,,,,,,,,,,,,,,,,,,,,,,,,,,,,,,,,,,,,,,,,,,,,,498043660,49804366000048,73.11Z,,,,,,,,,,,sirene,
MANIFESTO FACTORY,,,a contacter,,,,,,,,,,,,marketing_com,Activites des agences de publicite,PARIS,,75,,,,,,,,,,,,,,,,,,,,,,,,,,,,,,,,,,,,,,,,,,,,,,,343404331,34340433100070,73.11Z,,,,,,,,,,,sirene,
MANITOBA PRAXIS COMMUNICATION,,,a contacter,,,,,,,,,,,,marketing_com,Conseil en relations publiques et communication,PARIS,,75,,,,,,,,,,,,,,,,,,,,,,,,,,,,,,,,,,,,,,,,,,,,,,,380899377,38089937700051,70.21Z,,,,,,,,,,,sirene,
MANO,,,a contacter,,,,,,,,,,,,marketing_com,Activites des agences de publicite,LE MANS,,72,,,,,,,,,,,,,,,,,,,,,,,,,,,,,,,,,,,,,,,,,,,,,,,432448314,43244831400059,73.11Z,,,,,,,,,,,sirene,
MANON CASANOVA (MC COMMUNICATION),,,a contacter,,,,,,,,,,,,marketing_com,Conseil en relations publiques et communication,SALON-DE-PROVENCE,,13,,,,,,,,,,,,,,,,,,,,,,,,,,,,,,,,,,,,,,,,,,,,,,,892249566,89224956600019,70.21Z,,,,,,,,,,,sirene,
MANRIQUE-OPPERMANN,,,a contacter,,,,,,,,,,,,marketing_com,Activites des agences de publicite,HŒRDT,,67,,,,,,,,,,,,,,,,,,,,,,,,,,,,,,,,,,,,,,,,,,,,,,,412909814,41290981400045,73.11Z,,,,,,,,,,,sirene,
MANTASPIRIT.COM,,,a contacter,,,,,,,,,,,,marketing_com,Conseil en relations publiques et communication,PAU,,64,,,,,,,,,,,,,,,,,,,,,,,,,,,,,,,,,,,,,,,,,,,,,,,505239764,50523976400036,70.21Z,,,,,,,,,,,sirene,
MANUM,,,a contacter,,,,,,,,,,,,marketing_com,Conseil en relations publiques et communication,FOIX,,09,,,,,,,,,,,,,,,,,,,,,,,,,,,,,,,,,,,,,,,,,,,,,,,891655334,89165533400029,70.21Z,,,,,,,,,,,sirene,
MANZA STUDIO,,,a contacter,,,,,,,,,,,,marketing_com,Conseil en relations publiques et communication,PARIS,,75,,,,,,,,,,,,,,,,,,,,,,,,,,,,,,,,,,,,,,,,,,,,,,,904927464,90492746400027,70.21Z,,,,,,,,,,,sirene,
MAOCA,,,a contacter,,,,,,,,,,,,marketing_com,Activites des agences de publicite,CHAVELOT,,88,,,,,,,,,,,,,,,,,,,,,,,,,,,,,,,,,,,,,,,,,,,,,,,799284468,79928446800029,73.11Z,,,,,,,,,,,sirene,
MAOGANI,,,a contacter,,,,,,,,,,,,marketing_com,Activites des agences de publicite,GENTILLY,,94,,,,,,,,,,,,,,,,,,,,,,,,,,,,,,,,,,,,,,,,,,,,,,,382789089,38278908900044,73.11Z,,,,,,,,,,,sirene,
MAPA,,,a contacter,,,,,,,,,,,,marketing_com,Conseil en relations publiques et communication,SAINT-GILLES-CROIX-DE-VIE,,85,,,,,,,,,,,,,,,,,,,,,,,,,,,,,,,,,,,,,,,,,,,,,,,891488736,89148873600036,70.21Z,,,,,,,,,,,sirene,
MARCEL APPOURCHAUX,,,a contacter,,,,,,,,,,,,marketing_com,Activites des agences de publicite,MORBECQUE,,59,,,,,,,,,,,,,,,,,,,,,,,,,,,,,,,,,,,,,,,,,,,,,,,418416673,41841667300022,73.11Z,,,,,,,,,,,sirene,
MARCIO MARTINS,,,a contacter,,,,,,,,,,,,marketing_com,Activites des agences de publicite,VILLENEUVE-LE-ROI,,94,,,,,,,,,,,,,,,,,,,,,,,,,,,,,,,,,,,,,,,,,,,,,,,910918358,91091835800029,73.11Z,,,,,,,,,,,sirene,
MARGARITA,,,a contacter,,,,,,,,,,,,marketing_com,Activites des agences de publicite,BAIE-MAHAULT,,971,,,,,,,,,,,,,,,,,,,,,,,,,,,,,,,,,,,,,,,,,,,,,,,494606478,49460647800035,73.11Z,,,,,,,,,,,sirene,
MARIE SABBAH AGENCY,,,a contacter,,,,,,,,,,,,marketing_com,Conseil en relations publiques et communication,PARIS,,75,,,,,,,,,,,,,,,,,,,,,,,,,,,,,,,,,,,,,,,,,,,,,,,751526104,75152610400045,70.21Z,,,,,,,,,,,sirene,
MARINE COMMUNICATION,,,a contacter,,,,,,,,,,,,marketing_com,Activites des agences de publicite,GRANDE-SYNTHE,,59,,,,,,,,,,,,,,,,,,,,,,,,,,,,,,,,,,,,,,,,,,,,,,,382896470,38289647000053,73.11Z,,,,,,,,,,,sirene,
MARINE ROLLAND (MIAM AGENCY),,,a contacter,,,,,,,,,,,,marketing_com,Conseil en relations publiques et communication,CERGY,,95,,,,,,,,,,,,,,,,,,,,,,,,,,,,,,,,,,,,,,,,,,,,,,,814488730,81448873000023,70.21Z,,,,,,,,,,,sirene,
MARK'EVENT,,,a contacter,,,,,,,,,,,,marketing_com,Activites des agences de publicite,POISY,,74,,,,,,,,,,,,,,,,,,,,,,,,,,,,,,,,,,,,,,,,,,,,,,,797807484,79780748400036,73.11Z,,,,,,,,,,,sirene,
MARK'EVENTS,,,a contacter,,,,,,,,,,,,marketing_com,Activites des agences de publicite,BOIS-GUILLAUME,,76,,,,,,,,,,,,,,,,,,,,,,,,,,,,,,,,,,,,,,,,,,,,,,,410551071,41055107100047,73.11Z,,,,,,,,,,,sirene,
MARKCHAIN,,,a contacter,,,,,,,,,,,,marketing_com,Conseil en relations publiques et communication,PARIS,,75,,,,,,,,,,,,,,,,,,,,,,,,,,,,,,,,,,,,,,,,,,,,,,,882090863,88209086300037,70.21Z,,,,,,,,,,,sirene,
MARKET ESPACE,,,a contacter,,,,,,,,,,,,marketing_com,Activites des agences de publicite,MARCQ-EN-BARŒUL,,59,,,,,,,,,,,,,,,,,,,,,,,,,,,,,,,,,,,,,,,,,,,,,,,482087210,48208721000027,73.11Z,,,,,,,,,,,sirene,
MARKET ONE,,,a contacter,,,,,,,,,,,,marketing_com,Conseil en relations publiques et communication,LES TROIS-ILETS,,972,,,,,,,,,,,,,,,,,,,,,,,,,,,,,,,,,,,,,,,,,,,,,,,482555422,48255542200013,70.21Z,,,,,,,,,,,sirene,
MARKET WEB,,,a contacter,,,,,,,,,,,,marketing_com,Activites des agences de publicite,MARCQ-EN-BARŒUL,,59,,,,,,,,,,,,,,,,,,,,,,,,,,,,,,,,,,,,,,,,,,,,,,,441904992,44190499200050,73.11Z,,,,,,,,,,,sirene,
MARKET'IN,,,a contacter,,,,,,,,,,,,marketing_com,Conseil en relations publiques et communication,WAVRIN,,59,,,,,,,,,,,,,,,,,,,,,,,,,,,,,,,,,,,,,,,,,,,,,,,808666523,80866652300036,70.21Z,,,,,,,,,,,sirene,
MARKETING AV,,,a contacter,,,,,,,,,,,,marketing_com,Activites des agences de publicite,LEVALLOIS-PERRET,,92,,,,,,,,,,,,,,,,,,,,,,,,,,,,,,,,,,,,,,,,,,,,,,,505252957,50525295700038,73.11Z,,,,,,,,,,,sirene,
MARKETING CREATION,,,a contacter,,,,,,,,,,,,marketing_com,Regie publicitaire de medias,FUVEAU,,13,,,,,,,,,,,,,,,,,,,,,,,,,,,,,,,,,,,,,,,,,,,,,,,530796861,53079686100033,73.12Z,,,,,,,,,,,sirene,
MARKETING ET DISTRIBUTION,,,a contacter,,,,,,,,,,,,marketing_com,Activites des agences de publicite,PARIS,,75,,,,,,,,,,,,,,,,,,,,,,,,,,,,,,,,,,,,,,,,,,,,,,,429726870,42972687000083,73.11Z,,,,,,,,,,,sirene,
MARKETIZ,,,a contacter,,,,,,,,,,,,marketing_com,Conseil en relations publiques et communication,FOULAYRONNES,,47,,,,,,,,,,,,,,,,,,,,,,,,,,,,,,,,,,,,,,,,,,,,,,,853531846,85353184600022,70.21Z,,,,,,,,,,,sirene,
MARMERIS SAS,,,a contacter,,,,,,,,,,,,marketing_com,Conseil en relations publiques et communication,LYON,,69,,,,,,,,,,,,,,,,,,,,,,,,,,,,,,,,,,,,,,,,,,,,,,,882160757,88216075700036,70.21Z,,,,,,,,,,,sirene,
MARQUAGE TOUT SUPPORT & SIGNALETIQUE,,,a contacter,,,,,,,,,,,,marketing_com,Activites des agences de publicite,CARVIN,,62,,,,,,,,,,,,,,,,,,,,,,,,,,,,,,,,,,,,,,,,,,,,,,,802754275,80275427500021,73.11Z,,,,,,,,,,,sirene,
MARQUE AND CO,,,a contacter,,,,,,,,,,,,marketing_com,Regie publicitaire de medias,RUEIL-MALMAISON,,92,,,,,,,,,,,,,,,,,,,,,,,,,,,,,,,,,,,,,,,,,,,,,,,423357334,42335733400048,73.12Z,,,,,,,,,,,sirene,
MARQUE JAUNE,,,a contacter,,,,,,,,,,,,marketing_com,Activites des agences de publicite,LAUNAGUET,,31,,,,,,,,,,,,,,,,,,,,,,,,,,,,,,,,,,,,,,,,,,,,,,,394072276,39407227600048,73.11Z,,,,,,,,,,,sirene,
MARQUE TYN,,,a contacter,,,,,,,,,,,,marketing_com,Activites des agences de publicite,AIX-EN-PROVENCE,,13,,,,,,,,,,,,,,,,,,,,,,,,,,,,,,,,,,,,,,,,,,,,,,,444271480,44427148000030,73.11Z,,,,,,,,,,,sirene,
MARQUES ET FILMS,,,a contacter,,,,,,,,,,,,marketing_com,Activites des agences de publicite,MONTROUGE,,92,,,,,,,,,,,,,,,,,,,,,,,,,,,,,,,,,,,,,,,,,,,,,,,400891941,40089194100033,73.11Z,,,,,,,,,,,sirene,
MARQUETIS AGENCY,,,a contacter,,,,,,,,,,,,marketing_com,Activites des agences de publicite,LEVALLOIS-PERRET,,92,,,,,,,,,,,,,,,,,,,,,,,,,,,,,,,,,,,,,,,,,,,,,,,483622502,48362250200027,73.11Z,,,,,,,,,,,sirene,
MARS MEDIA,,,a contacter,,,,,,,,,,,,marketing_com,Activites des agences de publicite,MORNANT,,69,,,,,,,,,,,,,,,,,,,,,,,,,,,,,,,,,,,,,,,,,,,,,,,490512183,49051218300040,73.11Z,,,,,,,,,,,sirene,
MARYNA,,,a contacter,,,,,,,,,,,,marketing_com,Conseil en relations publiques et communication,RILLIEUX-LA-PAPE,,69,,,,,,,,,,,,,,,,,,,,,,,,,,,,,,,,,,,,,,,,,,,,,,,538684218,53868421800018,70.21Z,,,,,,,,,,,sirene,
MASA-DIFFUSION,,,a contacter,,,,,,,,,,,,marketing_com,Activites des agences de publicite,LES PONTS-DE-CE,,49,,,,,,,,,,,,,,,,,,,,,,,,,,,,,,,,,,,,,,,,,,,,,,,408538536,40853853600058,73.11Z,,,,,,,,,,,sirene,
MASHVP,,,a contacter,,,,,,,,,,,,marketing_com,Activites des agences de publicite,TOULOUSE,,31,,,,,,,,,,,,,,,,,,,,,,,,,,,,,,,,,,,,,,,,,,,,,,,815258066,81525806600027,73.11Z,,,,,,,,,,,sirene,
MASK PLASTIQUE,,,a contacter,,,,,,,,,,,,marketing_com,Activites des agences de publicite,SARTROUVILLE,,78,,,,,,,,,,,,,,,,,,,,,,,,,,,,,,,,,,,,,,,,,,,,,,,511852568,51185256800027,73.11Z,,,,,,,,,,,sirene,
MASTERCOM,,,a contacter,,,,,,,,,,,,marketing_com,Activites des agences de publicite,SOISY-SUR-ECOLE,,91,,,,,,,,,,,,,,,,,,,,,,,,,,,,,,,,,,,,,,,,,,,,,,,381817246,38181724600030,73.11Z,,,,,,,,,,,sirene,
MASTERSERVICE,,,a contacter,,,,,,,,,,,,marketing_com,Activites des agences de publicite,ESTERNAY,,51,,,,,,,,,,,,,,,,,,,,,,,,,,,,,,,,,,,,,,,,,,,,,,,850913286,85091328600025,73.11Z,,,,,,,,,,,sirene,
MATAHARI,,,a contacter,,,,,,,,,,,,marketing_com,Conseil en relations publiques et communication,PARIS,,75,,,,,,,,,,,,,,,,,,,,,,,,,,,,,,,,,,,,,,,,,,,,,,,519637789,51963778900040,70.21Z,,,,,,,,,,,sirene,
MATCHING,,,a contacter,,,,,,,,,,,,marketing_com,Activites des agences de publicite,PARIS,,75,,,,,,,,,,,,,,,,,,,,,,,,,,,,,,,,,,,,,,,,,,,,,,,439279779,43927977900086,73.11Z,,,,,,,,,,,sirene,
MATIERE GRISE,,,a contacter,,,,,,,,,,,,marketing_com,Activites des agences de publicite,STRASBOURG,,67,,,,,,,,,,,,,,,,,,,,,,,,,,,,,,,,,,,,,,,,,,,,,,,394485973,39448597300041,73.11Z,,,,,,,,,,,sirene,
MATTER OF FACT,,,a contacter,,,,,,,,,,,,marketing_com,Conseil en relations publiques et communication,PARIS,,75,,,,,,,,,,,,,,,,,,,,,,,,,,,,,,,,,,,,,,,,,,,,,,,817824766,81782476600031,70.21Z,,,,,,,,,,,sirene,
MAVEN,,,a contacter,,,,,,,,,,,,marketing_com,Conseil en relations publiques et communication,POITIERS,,86,,,,,,,,,,,,,,,,,,,,,,,,,,,,,,,,,,,,,,,,,,,,,,,794831982,79483198200036,70.21Z,,,,,,,,,,,sirene,
MAVI,,,a contacter,,,,,,,,,,,,marketing_com,Activites des agences de publicite,CHANGE,,72,,,,,,,,,,,,,,,,,,,,,,,,,,,,,,,,,,,,,,,,,,,,,,,800380693,80038069300013,73.11Z,,,,,,,,,,,sirene,
MAX COMMUNICATION,,,a contacter,,,,,,,,,,,,marketing_com,Activites des agences de publicite,NOIDANS-LES-VESOUL,,70,,,,,,,,,,,,,,,,,,,,,,,,,,,,,,,,,,,,,,,,,,,,,,,503681819,50368181900036,73.11Z,,,,,,,,,,,sirene,
MAXENCES,,,a contacter,,,,,,,,,,,,marketing_com,Conseil en relations publiques et communication,VERSAILLES,,78,,,,,,,,,,,,,,,,,,,,,,,,,,,,,,,,,,,,,,,,,,,,,,,884837667,88483766700036,70.21Z,,,,,,,,,,,sirene,
MAXI FLASH,,,a contacter,,,,,,,,,,,,marketing_com,Activites des agences de publicite,HAGUENAU,,67,,,,,,,,,,,,,,,,,,,,,,,,,,,,,,,,,,,,,,,,,,,,,,,813377298,81337729800027,73.11Z,,,,,,,,,,,sirene,
MAXX INFLUENCE,,,a contacter,,,,,,,,,,,,marketing_com,Activites des agences de publicite,HENIN-BEAUMONT,,62,,,,,,,,,,,,,,,,,,,,,,,,,,,,,,,,,,,,,,,,,,,,,,,878988708,87898870800029,73.11Z,,,,,,,,,,,sirene,
MAYA COMMUNICATION,,,a contacter,,,,,,,,,,,,marketing_com,Activites des agences de publicite,TAIN-L'HERMITAGE,,26,,,,,,,,,,,,,,,,,,,,,,,,,,,,,,,,,,,,,,,,,,,,,,,891580136,89158013600010,73.11Z,,,,,,,,,,,sirene,
MAYDREAM,,,a contacter,,,,,,,,,,,,marketing_com,Conseil en relations publiques et communication,PARIS,,75,,,,,,,,,,,,,,,,,,,,,,,,,,,,,,,,,,,,,,,,,,,,,,,411475114,41147511400061,70.21Z,,,,,,,,,,,sirene,
MAYENCE,,,a contacter,,,,,,,,,,,,marketing_com,Activites des agences de publicite,LEVALLOIS-PERRET,,92,,,,,,,,,,,,,,,,,,,,,,,,,,,,,,,,,,,,,,,,,,,,,,,391426350,39142635000057,73.11Z,,,,,,,,,,,sirene,
MAYOKO,,,a contacter,,,,,,,,,,,,marketing_com,Conseil en relations publiques et communication,PUYOO,,64,,,,,,,,,,,,,,,,,,,,,,,,,,,,,,,,,,,,,,,,,,,,,,,793320698,79332069800012,70.21Z,,,,,,,,,,,sirene,
MAYOLY SANTE,,,a contacter,,,,,,,,,,,,marketing_com,Activites des agences de publicite,RUEIL-MALMAISON,,92,,,,,,,,,,,,,,,,,,,,,,,,,,,,,,,,,,,,,,,,,,,,,,,702012980,70201298000091,73.11Z,,,,,,,,,,,sirene,
MAZE,,,a contacter,,,,,,,,,,,,marketing_com,Conseil en relations publiques et communication,CHENNEVIERES-SUR-MARNE,,94,,,,,,,,,,,,,,,,,,,,,,,,,,,,,,,,,,,,,,,,,,,,,,,885150391,88515039100013,70.21Z,,,,,,,,,,,sirene,
MBA,,,a contacter,,,,,,,,,,,,marketing_com,Conseil en relations publiques et communication,POITIERS,,86,,,,,,,,,,,,,,,,,,,,,,,,,,,,,,,,,,,,,,,,,,,,,,,329881932,32988193200100,70.21Z,,,,,,,,,,,sirene,
MBD CONSULTING,,,a contacter,,,,,,,,,,,,marketing_com,Activites des agences de publicite,VILLENEUVE-LOUBET,,06,,,,,,,,,,,,,,,,,,,,,,,,,,,,,,,,,,,,,,,,,,,,,,,793982554,79398255400032,73.11Z,,,,,,,,,,,sirene,
MCCANN ERICKSON FRANCE,,,a contacter,,,,,,,,,,,,marketing_com,Activites des agences de publicite,NEUILLY-SUR-SEINE,,92,,,,,,,,,,,,,,,,,,,,,,,,,,,,,,,,,,,,,,,,,,,,,,,552010498,55201049800210,73.11Z,,,,,,,,,,,sirene,
MCCANN ERICKSON PARIS,,,a contacter,,,,,,,,,,,,marketing_com,Activites des agences de publicite,NEUILLY-SUR-SEINE,,92,,,,,,,,,,,,,,,,,,,,,,,,,,,,,,,,,,,,,,,,,,,,,,,950567404,95056740400096,73.11Z,,,,,,,,,,,sirene,
MCCANN HEALTH PARIS,,,a contacter,,,,,,,,,,,,marketing_com,Activites des agences de publicite,NEUILLY-SUR-SEINE,,92,,,,,,,,,,,,,,,,,,,,,,,,,,,,,,,,,,,,,,,,,,,,,,,338227614,33822761400033,73.11Z,,,,,,,,,,,sirene,
MCFX,,,a contacter,,,,,,,,,,,,marketing_com,Activites des agences de publicite,BEZONS,,95,,,,,,,,,,,,,,,,,,,,,,,,,,,,,,,,,,,,,,,,,,,,,,,531299451,53129945100033,73.11Z,,,,,,,,,,,sirene,
MDMC - MEDIA DIGITAL ET MARKETING CLASSIC,,,a contacter,,,,,,,,,,,,marketing_com,Conseil en relations publiques et communication,PARIS,,75,,,,,,,,,,,,,,,,,,,,,,,,,,,,,,,,,,,,,,,,,,,,,,,833949050,83394905000029,70.21Z,,,,,,,,,,,sirene,
MDN,,,a contacter,,,,,,,,,,,,marketing_com,Activites des agences de publicite,SAINT-ANDRE-LEZ-LILLE,,59,,,,,,,,,,,,,,,,,,,,,,,,,,,,,,,,,,,,,,,,,,,,,,,523939833,52393983300019,73.11Z,,,,,,,,,,,sirene,
MDP54,,,a contacter,,,,,,,,,,,,marketing_com,Activites des agences de publicite,VANDŒUVRE-LES-NANCY,,54,,,,,,,,,,,,,,,,,,,,,,,,,,,,,,,,,,,,,,,,,,,,,,,842612525,84261252500019,73.11Z,,,,,,,,,,,sirene,
MDS PERFORMANCE,,,a contacter,,,,,,,,,,,,marketing_com,Activites des agences de publicite,PARIS,,75,,,,,,,,,,,,,,,,,,,,,,,,,,,,,,,,,,,,,,,,,,,,,,,809296296,80929629600050,73.11Z,,,,,,,,,,,sirene,
MECA PROSPECT,,,a contacter,,,,,,,,,,,,marketing_com,Activites des agences de publicite,BOBIGNY,,93,,,,,,,,,,,,,,,,,,,,,,,,,,,,,,,,,,,,,,,,,,,,,,,852640952,85264095200010,73.11Z,,,,,,,,,,,sirene,
MED IT UP,,,a contacter,,,,,,,,,,,,marketing_com,Activites des agences de publicite,ROUEN,,76,,,,,,,,,,,,,,,,,,,,,,,,,,,,,,,,,,,,,,,,,,,,,,,888838885,88883888500026,73.11Z,,,,,,,,,,,sirene,
MED&YOU,,,a contacter,,,,,,,,,,,,marketing_com,Activites des agences de publicite,PARIS,,75,,,,,,,,,,,,,,,,,,,,,,,,,,,,,,,,,,,,,,,,,,,,,,,789622487,78962248700054,73.11Z,,,,,,,,,,,sirene,
MED'COM SANTE,,,a contacter,,,,,,,,,,,,marketing_com,Conseil en relations publiques et communication,VILLEURBANNE,,69,,,,,,,,,,,,,,,,,,,,,,,,,,,,,,,,,,,,,,,,,,,,,,,814164794,81416479400012,70.21Z,,,,,,,,,,,sirene,
MEDEXPERT,,,a contacter,,,,,,,,,,,,marketing_com,Activites des agences de publicite,PUTEAUX,,92,,,,,,,,,,,,,,,,,,,,,,,,,,,,,,,,,,,,,,,,,,,,,,,418713632,41871363200036,73.11Z,,,,,,,,,,,sirene,
MEDI@TTITUDE,,,a contacter,,,,,,,,,,,,marketing_com,Activites des agences de publicite,BIRAC,,16,,,,,,,,,,,,,,,,,,,,,,,,,,,,,,,,,,,,,,,,,,,,,,,520236498,52023649800025,73.11Z,,,,,,,,,,,sirene,
MEDIA 7,,,a contacter,,,,,,,,,,,,marketing_com,Activites des agences de publicite,DOMMARTIN,,69,,,,,,,,,,,,,,,,,,,,,,,,,,,,,,,,,,,,,,,,,,,,,,,492225339,49222533900018,73.11Z,,,,,,,,,,,sirene,
MEDIA BAR,,,a contacter,,,,,,,,,,,,marketing_com,Regie publicitaire de medias,LEVALLOIS-PERRET,,92,,,,,,,,,,,,,,,,,,,,,,,,,,,,,,,,,,,,,,,,,,,,,,,834899965,83489996500018,73.12Z,,,,,,,,,,,sirene,
MEDIA BUY MARSEILLE,,,a contacter,,,,,,,,,,,,marketing_com,Regie publicitaire de medias,MARSEILLE,,13,,,,,,,,,,,,,,,,,,,,,,,,,,,,,,,,,,,,,,,,,,,,,,,823645577,82364557700037,73.12Z,,,,,,,,,,,sirene,
MEDIA CONSUMER GROUP,,,a contacter,,,,,,,,,,,,marketing_com,Regie publicitaire de medias,PARIS 15,,75,,,,,,,,,,,,,,,,,,,,,,,,,,,,,,,,,,,,,,,,,,,,,,,451875777,45187577700059,73.12Z,,,,,,,,,,,sirene,
MEDIA CONTACTS CREATION,,,a contacter,,,,,,,,,,,,marketing_com,Activites des agences de publicite,POUILLEY-LES-VIGNES,,25,,,,,,,,,,,,,,,,,,,,,,,,,,,,,,,,,,,,,,,,,,,,,,,434463683,43446368300012,73.11Z,,,,,,,,,,,sirene,
MEDIA COSMOS,,,a contacter,,,,,,,,,,,,marketing_com,Regie publicitaire de medias,PARIS,,75,,,,,,,,,,,,,,,,,,,,,,,,,,,,,,,,,,,,,,,,,,,,,,,421176090,42117609000049,73.12Z,,,,,,,,,,,sirene,
MEDIA CREATION,,,a contacter,,,,,,,,,,,,marketing_com,Activites des agences de publicite,MULHOUSE,,68,,,,,,,,,,,,,,,,,,,,,,,,,,,,,,,,,,,,,,,,,,,,,,,392747531,39274753100045,73.11Z,,,,,,,,,,,sirene,
MEDIA DEVELOPPEURS,,,a contacter,,,,,,,,,,,,marketing_com,Activites des agences de publicite,PARIS,,75,,,,,,,,,,,,,,,,,,,,,,,,,,,,,,,,,,,,,,,,,,,,,,,409201936,40920193600054,73.11Z,,,,,,,,,,,sirene,
MEDIA DIFFUSION ENVIRONNEMENT,,,a contacter,,,,,,,,,,,,marketing_com,Activites des agences de publicite,LONGPONT-SUR-ORGE,,91,,,,,,,,,,,,,,,,,,,,,,,,,,,,,,,,,,,,,,,,,,,,,,,539063271,53906327100024,73.11Z,,,,,,,,,,,sirene,
MEDIA H REGIE ANTILLES GUYANE,,,a contacter,,,,,,,,,,,,marketing_com,Regie publicitaire de medias,LE LAMENTIN,,972,,,,,,,,,,,,,,,,,,,,,,,,,,,,,,,,,,,,,,,,,,,,,,,808360366,80836036600013,73.12Z,,,,,,,,,,,sirene,
MEDIA HUB OUTREMER,,,a contacter,,,,,,,,,,,,marketing_com,Activites des agences de publicite,PUTEAUX,,92,,,,,,,,,,,,,,,,,,,,,,,,,,,,,,,,,,,,,,,,,,,,,,,838874329,83887432900058,73.11Z,,,,,,,,,,,sirene,
MEDIA INFORMATION SARL,,,a contacter,,,,,,,,,,,,marketing_com,Activites des agences de publicite,MONTPELLIER,,34,,,,,,,,,,,,,,,,,,,,,,,,,,,,,,,,,,,,,,,,,,,,,,,313632499,31363249900072,73.11Z,,,,,,,,,,,sirene,
MEDIA LINE,,,a contacter,,,,,,,,,,,,marketing_com,Regie publicitaire de medias,CARPIQUET,,14,,,,,,,,,,,,,,,,,,,,,,,,,,,,,,,,,,,,,,,,,,,,,,,808538250,80853825000016,73.12Z,,,,,,,,,,,sirene,
MEDIA MARIAGE,,,a contacter,,,,,,,,,,,,marketing_com,Conseil en relations publiques et communication,NOGENT-SUR-MARNE,,94,,,,,,,,,,,,,,,,,,,,,,,,,,,,,,,,,,,,,,,,,,,,,,,950920769,95092076900011,70.21Z,,,,,,,,,,,sirene,
MEDIA MARKET,,,a contacter,,,,,,,,,,,,marketing_com,Regie publicitaire de medias,VILLEURBANNE,,69,,,,,,,,,,,,,,,,,,,,,,,,,,,,,,,,,,,,,,,,,,,,,,,803788934,80378893400021,73.12Z,,,,,,,,,,,sirene,
MEDIA MONKS PARIS,,,a contacter,,,,,,,,,,,,marketing_com,Conseil en relations publiques et communication,PARIS,,75,,,,,,,,,,,,,,,,,,,,,,,,,,,,,,,,,,,,,,,,,,,,,,,537920613,53792061300040,70.21Z,,,,,,,,,,,sirene,
MEDIA PASS,,,a contacter,,,,,,,,,,,,marketing_com,Regie publicitaire de medias,CHASSENEUIL-DU-POITOU,,86,,,,,,,,,,,,,,,,,,,,,,,,,,,,,,,,,,,,,,,,,,,,,,,507766855,50776685500039,73.12Z,,,,,,,,,,,sirene,
MEDIA PROXIMITE,,,a contacter,,,,,,,,,,,,marketing_com,Regie publicitaire de medias,BOULOGNE BILLANCOURT,,92,,,,,,,,,,,,,,,,,,,,,,,,,,,,,,,,,,,,,,,,,,,,,,,892491515,89249151500011,73.12Z,,,,,,,,,,,sirene,
MEDIA PUB,,,a contacter,,,,,,,,,,,,marketing_com,Activites des agences de publicite,VILLENAVE-D'ORNON,,33,,,,,,,,,,,,,,,,,,,,,,,,,,,,,,,,,,,,,,,,,,,,,,,401386883,40138688300011,73.11Z,,,,,,,,,,,sirene,
MEDIA PUBLICITE CONSEIL MPC,,,a contacter,,,,,,,,,,,,marketing_com,Activites des agences de publicite,SAINT-PIERRE-D OLERON,,17,,,,,,,,,,,,,,,,,,,,,,,,,,,,,,,,,,,,,,,,,,,,,,,409587177,40958717700059,73.11Z,,,,,,,,,,,sirene,
MEDIA REGIE LOR'FM,,,a contacter,,,,,,,,,,,,marketing_com,Regie publicitaire de medias,COSNES-ET-ROMAIN,,54,,,,,,,,,,,,,,,,,,,,,,,,,,,,,,,,,,,,,,,,,,,,,,,439953753,43995375300027,73.12Z,,,,,,,,,,,sirene,
MEDIA STAR PUBLICITE,,,a contacter,,,,,,,,,,,,marketing_com,Activites des agences de publicite,PEGOMAS,,06,,,,,,,,,,,,,,,,,,,,,,,,,,,,,,,,,,,,,,,,,,,,,,,791406218,79140621800010,73.11Z,,,,,,,,,,,sirene,
MEDIA STORMING,,,a contacter,,,,,,,,,,,,marketing_com,Activites des agences de publicite,SELESTAT,,67,,,,,,,,,,,,,,,,,,,,,,,,,,,,,,,,,,,,,,,,,,,,,,,347462947,34746294700040,73.11Z,,,,,,,,,,,sirene,
MEDIA-START,,,a contacter,,,,,,,,,,,,marketing_com,Activites des agences de publicite,MARSEILLE 8EME,,13,,,,,,,,,,,,,,,,,,,,,,,,,,,,,,,,,,,,,,,,,,,,,,,910455021,91045502100030,73.11Z,,,,,,,,,,,sirene,
MEDIABOU,,,a contacter,,,,,,,,,,,,marketing_com,Conseil en relations publiques et communication,BOULOGNE-BILLANCOURT,,92,,,,,,,,,,,,,,,,,,,,,,,,,,,,,,,,,,,,,,,,,,,,,,,893228999,89322899900015,70.21Z,,,,,,,,,,,sirene,
MEDIABRANDS,,,a contacter,,,,,,,,,,,,marketing_com,Regie publicitaire de medias,NEUILLY-SUR-SEINE,,92,,,,,,,,,,,,,,,,,,,,,,,,,,,,,,,,,,,,,,,,,,,,,,,302475728,30247572800085,73.12Z,,,,,,,,,,,sirene,
MEDIACALL,,,a contacter,,,,,,,,,,,,marketing_com,Activites des agences de publicite,MARSEILLE,,13,,,,,,,,,,,,,,,,,,,,,,,,,,,,,,,,,,,,,,,,,,,,,,,834631707,83463170700025,73.11Z,,,,,,,,,,,sirene,
MEDIACOMPACT,,,a contacter,,,,,,,,,,,,marketing_com,Conseil en relations publiques et communication,NEUILLY-SUR-SEINE,,92,,,,,,,,,,,,,,,,,,,,,,,,,,,,,,,,,,,,,,,,,,,,,,,828944702,82894470200038,70.21Z,,,,,,,,,,,sirene,
MEDIACTION SARL,,,a contacter,,,,,,,,,,,,marketing_com,Activites des agences de publicite,FORT-DE-FRANCE,,972,,,,,,,,,,,,,,,,,,,,,,,,,,,,,,,,,,,,,,,,,,,,,,,410550487,41055048700038,73.11Z,,,,,,,,,,,sirene,
MEDIADOM,,,a contacter,,,,,,,,,,,,marketing_com,Activites des agences de publicite,LE LAMENTIN,,972,,,,,,,,,,,,,,,,,,,,,,,,,,,,,,,,,,,,,,,,,,,,,,,329951438,32995143800038,73.11Z,,,,,,,,,,,sirene,
MEDIAFFICHE,,,a contacter,,,,,,,,,,,,marketing_com,Activites des agences de publicite,CASTELNAU-LE-LEZ,,34,,,,,,,,,,,,,,,,,,,,,,,,,,,,,,,,,,,,,,,,,,,,,,,443081641,44308164100039,73.11Z,,,,,,,,,,,sirene,
MEDIAFIX,,,a contacter,,,,,,,,,,,,marketing_com,Activites des agences de publicite,CLERMONT-FERRAND,,63,,,,,,,,,,,,,,,,,,,,,,,,,,,,,,,,,,,,,,,,,,,,,,,448530683,44853068300052,73.11Z,,,,,,,,,,,sirene,
MEDIAGARES,,,a contacter,,,,,,,,,,,,marketing_com,Regie publicitaire de medias,BOULOGNE-BILLANCOURT,,92,,,,,,,,,,,,,,,,,,,,,,,,,,,,,,,,,,,,,,,,,,,,,,,503838013,50383801300079,73.12Z,,,,,,,,,,,sirene,
MEDIAKEYS FRANCE,,,a contacter,,,,,,,,,,,,marketing_com,Activites des agences de publicite,LEVALLOIS-PERRET,,92,,,,,,,,,,,,,,,,,,,,,,,,,,,,,,,,,,,,,,,,,,,,,,,401414941,40141494100047,73.11Z,,,,,,,,,,,sirene,
MEDIALAB & CO,,,a contacter,,,,,,,,,,,,marketing_com,Conseil en relations publiques et communication,SAINT-JEAN,,31,,,,,,,,,,,,,,,,,,,,,,,,,,,,,,,,,,,,,,,,,,,,,,,790623193,79062319300055,70.21Z,,,,,,,,,,,sirene,
MEDIALEX,,,a contacter,,,,,,,,,,,,marketing_com,Regie publicitaire de medias,RENNES,,35,,,,,,,,,,,,,,,,,,,,,,,,,,,,,,,,,,,,,,,,,,,,,,,353403074,35340307400142,73.12Z,,,,,,,,,,,sirene,
MEDIAMAG SYSTEME,,,a contacter,,,,,,,,,,,,marketing_com,Activites des agences de publicite,TREGUEUX,,22,,,,,,,,,,,,,,,,,,,,,,,,,,,,,,,,,,,,,,,,,,,,,,,449822972,44982297200039,73.11Z,,,,,,,,,,,sirene,
MEDIAMOOV,,,a contacter,,,,,,,,,,,,marketing_com,Activites des agences de publicite,MARSEILLE,,13,,,,,,,,,,,,,,,,,,,,,,,,,,,,,,,,,,,,,,,,,,,,,,,522487933,52248793300023,73.11Z,,,,,,,,,,,sirene,
MEDIAPERFORMANCES,,,a contacter,,,,,,,,,,,,marketing_com,Activites des agences de publicite,COURBEVOIE,,92,,,,,,,,,,,,,,,,,,,,,,,,,,,,,,,,,,,,,,,,,,,,,,,332403997,33240399700072,73.11Z,,,,,,,,,,,sirene,
MEDIAPILOTE CHOLET,,,a contacter,,,,,,,,,,,,marketing_com,Activites des agences de publicite,CHOLET,,49,,,,,,,,,,,,,,,,,,,,,,,,,,,,,,,,,,,,,,,,,,,,,,,434121836,43412183600044,73.11Z,,,,,,,,,,,sirene,
MEDIAPILOTE LAVAL,,,a contacter,,,,,,,,,,,,marketing_com,Activites des agences de publicite,CHANGE,,53,,,,,,,,,,,,,,,,,,,,,,,,,,,,,,,,,,,,,,,,,,,,,,,440234599,44023459900056,73.11Z,,,,,,,,,,,sirene,
MEDIAPLUS FRANCE,,,a contacter,,,,,,,,,,,,marketing_com,Activites des agences de publicite,NEUILLY-SUR-SEINE,,92,,,,,,,,,,,,,,,,,,,,,,,,,,,,,,,,,,,,,,,,,,,,,,,803205723,80320572300031,73.11Z,,,,,,,,,,,sirene,
MEDIARUN,,,a contacter,,,,,,,,,,,,marketing_com,Regie publicitaire de medias,STRASBOURG,,67,,,,,,,,,,,,,,,,,,,,,,,,,,,,,,,,,,,,,,,,,,,,,,,813708112,81370811200020,73.12Z,,,,,,,,,,,sirene,
MEDIAS & PUBLICITE,,,a contacter,,,,,,,,,,,,marketing_com,Activites des agences de publicite,SAINT-DENIS,,93,,,,,,,,,,,,,,,,,,,,,,,,,,,,,,,,,,,,,,,,,,,,,,,414798470,41479847000038,73.11Z,,,,,,,,,,,sirene,
MEDIAS SERVICES,,,a contacter,,,,,,,,,,,,marketing_com,Activites des agences de publicite,MAUBEUGE,,59,,,,,,,,,,,,,,,,,,,,,,,,,,,,,,,,,,,,,,,,,,,,,,,489078592,48907859200024,73.11Z,,,,,,,,,,,sirene,
MEDIASIDE COMMUNICATION,,,a contacter,,,,,,,,,,,,marketing_com,Regie publicitaire de medias,PARIS,,75,,,,,,,,,,,,,,,,,,,,,,,,,,,,,,,,,,,,,,,,,,,,,,,877633818,87763381800050,73.12Z,,,,,,,,,,,sirene,
MEDIATION & ARGUMENTS,,,a contacter,,,,,,,,,,,,marketing_com,Conseil en relations publiques et communication,PARIS,,75,,,,,,,,,,,,,,,,,,,,,,,,,,,,,,,,,,,,,,,,,,,,,,,413929803,41392980300042,70.21Z,,,,,,,,,,,sirene,
MEDIAVANTAGE,,,a contacter,,,,,,,,,,,,marketing_com,Activites des agences de publicite,COURBEVOIE,,92,,,,,,,,,,,,,,,,,,,,,,,,,,,,,,,,,,,,,,,,,,,,,,,403187727,40318772700058,73.11Z,,,,,,,,,,,sirene,
MEDIAVISION ET JEAN MINEUR,,,a contacter,,,,,,,,,,,,marketing_com,Regie publicitaire de medias,ISSY-LES-MOULINEAUX,,92,,,,,,,,,,,,,,,,,,,,,,,,,,,,,,,,,,,,,,,,,,,,,,,572218022,57221802200091,73.12Z,,,,,,,,,,,sirene,
MEDICAL EDUCATION CORPUS,,,a contacter,,,,,,,,,,,,marketing_com,Conseil en relations publiques et communication,PARIS,,75,,,,,,,,,,,,,,,,,,,,,,,,,,,,,,,,,,,,,,,,,,,,,,,500793757,50079375700047,70.21Z,,,,,,,,,,,sirene,
MEDIT'PRESSE,,,a contacter,,,,,,,,,,,,marketing_com,Regie publicitaire de medias,OSTHOUSE,,67,,,,,,,,,,,,,,,,,,,,,,,,,,,,,,,,,,,,,,,,,,,,,,,422391748,42239174800064,73.12Z,,,,,,,,,,,sirene,
MEEL ARTS,,,a contacter,,,,,,,,,,,,marketing_com,Conseil en relations publiques et communication,CLAVIERS,,83,,,,,,,,,,,,,,,,,,,,,,,,,,,,,,,,,,,,,,,,,,,,,,,847929114,84792911400027,70.21Z,,,,,,,,,,,sirene,
MEGA POSE,,,a contacter,,,,,,,,,,,,marketing_com,Activites des agences de publicite,CARRIERES-SOUS-POISSY,,78,,,,,,,,,,,,,,,,,,,,,,,,,,,,,,,,,,,,,,,,,,,,,,,948628250,94862825000011,73.11Z,,,,,,,,,,,sirene,
MEGACOM,,,a contacter,,,,,,,,,,,,marketing_com,Activites des agences de publicite,FIGEAC,,46,,,,,,,,,,,,,,,,,,,,,,,,,,,,,,,,,,,,,,,,,,,,,,,508165339,50816533900013,73.11Z,,,,,,,,,,,sirene,
MELBAGENCE,,,a contacter,,,,,,,,,,,,marketing_com,Activites des agences de publicite,LYON,,69,,,,,,,,,,,,,,,,,,,,,,,,,,,,,,,,,,,,,,,,,,,,,,,901677260,90167726000035,73.11Z,,,,,,,,,,,sirene,
MELBOURNE,,,a contacter,,,,,,,,,,,,marketing_com,Activites des agences de publicite,LYON,,69,,,,,,,,,,,,,,,,,,,,,,,,,,,,,,,,,,,,,,,,,,,,,,,388797045,38879704500027,73.11Z,,,,,,,,,,,sirene,
MELCHIOR,,,a contacter,,,,,,,,,,,,marketing_com,Conseil en relations publiques et communication,PARIS,,75,,,,,,,,,,,,,,,,,,,,,,,,,,,,,,,,,,,,,,,,,,,,,,,513478933,51347893300064,70.21Z,,,,,,,,,,,sirene,
MEMO.COM,,,a contacter,,,,,,,,,,,,marketing_com,Regie publicitaire de medias,MARSEILLE,,13,,,,,,,,,,,,,,,,,,,,,,,,,,,,,,,,,,,,,,,,,,,,,,,521148015,52114801500014,73.12Z,,,,,,,,,,,sirene,
MEMORY,,,a contacter,,,,,,,,,,,,marketing_com,Activites des agences de publicite,VILLEURBANNE,,69,,,,,,,,,,,,,,,,,,,,,,,,,,,,,,,,,,,,,,,,,,,,,,,449149673,44914967300070,73.11Z,,,,,,,,,,,sirene,
MENTH ALLO,,,a contacter,,,,,,,,,,,,marketing_com,Activites des agences de publicite,MARMANDE,,47,,,,,,,,,,,,,,,,,,,,,,,,,,,,,,,,,,,,,,,,,,,,,,,334557493,33455749300056,73.11Z,,,,,,,,,,,sirene,
MENUPRATIK,,,a contacter,,,,,,,,,,,,marketing_com,Activites des agences de publicite,VENELLES,,13,,,,,,,,,,,,,,,,,,,,,,,,,,,,,,,,,,,,,,,,,,,,,,,518138359,51813835900022,73.11Z,,,,,,,,,,,sirene,
MEP CONSEIL(MARKETING EDITION PUBLICITE),,,a contacter,,,,,,,,,,,,marketing_com,Activites des agences de publicite,COLOMIERS,,31,,,,,,,,,,,,,,,,,,,,,,,,,,,,,,,,,,,,,,,,,,,,,,,402989933,40298993300047,73.11Z,,,,,,,,,,,sirene,
MER VENT,,,a contacter,,,,,,,,,,,,marketing_com,Activites des agences de publicite,LA FORET-FOUESNANT,,29,,,,,,,,,,,,,,,,,,,,,,,,,,,,,,,,,,,,,,,,,,,,,,,488981218,48898121800024,73.11Z,,,,,,,,,,,sirene,
MERCH ANTILLES,,,a contacter,,,,,,,,,,,,marketing_com,Activites des agences de publicite,FORT DE FRANCE,,972,,,,,,,,,,,,,,,,,,,,,,,,,,,,,,,,,,,,,,,,,,,,,,,889925343,88992534300010,73.11Z,,,,,,,,,,,sirene,
MERCH PREMIUM,,,a contacter,,,,,,,,,,,,marketing_com,Activites des agences de publicite,FORT DE FRANCE,,972,,,,,,,,,,,,,,,,,,,,,,,,,,,,,,,,,,,,,,,,,,,,,,,889867669,88986766900018,73.11Z,,,,,,,,,,,sirene,
MERCH' PLUS,,,a contacter,,,,,,,,,,,,marketing_com,Activites des agences de publicite,SAINT-LAURENT-DU-VAR,,06,,,,,,,,,,,,,,,,,,,,,,,,,,,,,,,,,,,,,,,,,,,,,,,902512284,90251228400024,73.11Z,,,,,,,,,,,sirene,
MERCH'SERVICES,,,a contacter,,,,,,,,,,,,marketing_com,Activites des agences de publicite,SAINT-DENIS,,974,,,,,,,,,,,,,,,,,,,,,,,,,,,,,,,,,,,,,,,,,,,,,,,500118229,50011822900037,73.11Z,,,,,,,,,,,sirene,
MERCHANDISING GESTION COMMERCIALE,,,a contacter,,,,,,,,,,,,marketing_com,Activites des agences de publicite,SAINT-PAUL,,974,,,,,,,,,,,,,,,,,,,,,,,,,,,,,,,,,,,,,,,,,,,,,,,438863813,43886381300053,73.11Z,,,,,,,,,,,sirene,
MERCI BONJOUR,,,a contacter,,,,,,,,,,,,marketing_com,Conseil en relations publiques et communication,NANTES,,44,,,,,,,,,,,,,,,,,,,,,,,,,,,,,,,,,,,,,,,,,,,,,,,492116587,49211658700030,70.21Z,,,,,,,,,,,sirene,
MES AVANTAGES,,,a contacter,,,,,,,,,,,,marketing_com,Activites des agences de publicite,COLMAR,,68,,,,,,,,,,,,,,,,,,,,,,,,,,,,,,,,,,,,,,,,,,,,,,,794613687,79461368700027,73.11Z,,,,,,,,,,,sirene,
MESAL,,,a contacter,,,,,,,,,,,,marketing_com,Regie publicitaire de medias,TOULOUSE,,31,,,,,,,,,,,,,,,,,,,,,,,,,,,,,,,,,,,,,,,,,,,,,,,911719755,91171975500017,73.12Z,,,,,,,,,,,sirene,
MESOPINIONS,,,a contacter,,,,,,,,,,,,marketing_com,Regie publicitaire de medias,WASQUEHAL,,59,,,,,,,,,,,,,,,,,,,,,,,,,,,,,,,,,,,,,,,,,,,,,,,535052393,53505239300043,73.12Z,,,,,,,,,,,sirene,
MESSAGE,,,a contacter,,,,,,,,,,,,marketing_com,Activites des agences de publicite,GONDREVILLE,,54,,,,,,,,,,,,,,,,,,,,,,,,,,,,,,,,,,,,,,,,,,,,,,,349631317,34963131700048,73.11Z,,,,,,,,,,,sirene,
METIS,,,a contacter,,,,,,,,,,,,marketing_com,Activites des agences de publicite,BORDEAUX,,33,,,,,,,,,,,,,,,,,,,,,,,,,,,,,,,,,,,,,,,,,,,,,,,447529082,44752908200094,73.11Z,,,,,,,,,,,sirene,
METROBUS,,,a contacter,,,,,,,,,,,,marketing_com,Regie publicitaire de medias,BOULOGNE-BILLANCOURT,,92,,,,,,,,,,,,,,,,,,,,,,,,,,,,,,,,,,,,,,,,,,,,,,,327096426,32709642600157,73.12Z,,,,,,,,,,,sirene,
METROBUS ILE DE FRANCE,,,a contacter,,,,,,,,,,,,marketing_com,Regie publicitaire de medias,BOULOGNE-BILLANCOURT,,92,,,,,,,,,,,,,,,,,,,,,,,,,,,,,,,,,,,,,,,,,,,,,,,904816782,90481678200042,73.12Z,,,,,,,,,,,sirene,
METRONOMI,,,a contacter,,,,,,,,,,,,marketing_com,Conseil en relations publiques et communication,LYON,,69,,,,,,,,,,,,,,,,,,,,,,,,,,,,,,,,,,,,,,,,,,,,,,,808492300,80849230000013,70.21Z,,,,,,,,,,,sirene,
METROPOLE ATELIER,,,a contacter,,,,,,,,,,,,marketing_com,Activites des agences de publicite,GENNEVILLIERS,,92,,,,,,,,,,,,,,,,,,,,,,,,,,,,,,,,,,,,,,,,,,,,,,,444130348,44413034800048,73.11Z,,,,,,,,,,,sirene,
METROPOLE MEDIAS ET REGIES,,,a contacter,,,,,,,,,,,,marketing_com,Regie publicitaire de medias,GENNEVILLIERS,,92,,,,,,,,,,,,,,,,,,,,,,,,,,,,,,,,,,,,,,,,,,,,,,,433759412,43375941200045,73.12Z,,,,,,,,,,,sirene,
MEZO,,,a contacter,,,,,,,,,,,,marketing_com,Conseil en relations publiques et communication,SAINT-OUEN-SUR-SEINE,,93,,,,,,,,,,,,,,,,,,,,,,,,,,,,,,,,,,,,,,,,,,,,,,,750114597,75011459700040,70.21Z,,,,,,,,,,,sirene,
MFC,,,a contacter,,,,,,,,,,,,marketing_com,Activites des agences de publicite,PARIS,,75,,,,,,,,,,,,,,,,,,,,,,,,,,,,,,,,,,,,,,,,,,,,,,,832761084,83276108400017,73.11Z,,,,,,,,,,,sirene,
MG COMMUNICATION,,,a contacter,,,,,,,,,,,,marketing_com,Activites des agences de publicite,LIMAS,,69,,,,,,,,,,,,,,,,,,,,,,,,,,,,,,,,,,,,,,,,,,,,,,,824633432,82463343200037,73.11Z,,,,,,,,,,,sirene,
MG'CONCEPT,,,a contacter,,,,,,,,,,,,marketing_com,Activites des agences de publicite,DRACY-LE-FORT,,71,,,,,,,,,,,,,,,,,,,,,,,,,,,,,,,,,,,,,,,,,,,,,,,800987174,80098717400011,73.11Z,,,,,,,,,,,sirene,
MGA FRANCE,,,a contacter,,,,,,,,,,,,marketing_com,Activites des agences de publicite,JUVIGNAC,,34,,,,,,,,,,,,,,,,,,,,,,,,,,,,,,,,,,,,,,,,,,,,,,,480673276,48067327600048,73.11Z,,,,,,,,,,,sirene,
MGT QUIDAM,,,a contacter,,,,,,,,,,,,marketing_com,Activites des agences de publicite,GALLARGUES-LE-MONTUEUX,,30,,,,,,,,,,,,,,,,,,,,,,,,,,,,,,,,,,,,,,,,,,,,,,,394276653,39427665300034,73.11Z,,,,,,,,,,,sirene,
MICKAEL DESSEAUX (COM'UNE IMAGE),,,a contacter,,,,,,,,,,,,marketing_com,Activites des agences de publicite,VERNON,,27,,,,,,,,,,,,,,,,,,,,,,,,,,,,,,,,,,,,,,,,,,,,,,,804295947,80429594700019,73.11Z,,,,,,,,,,,sirene,
MICROMU,,,a contacter,,,,,,,,,,,,marketing_com,Activites des agences de publicite,SAMATAN,,32,,,,,,,,,,,,,,,,,,,,,,,,,,,,,,,,,,,,,,,,,,,,,,,528891617,52889161700037,73.11Z,,,,,,,,,,,sirene,
MICROPUBLI,,,a contacter,,,,,,,,,,,,marketing_com,Activites des agences de publicite,VILLEPREUX,,78,,,,,,,,,,,,,,,,,,,,,,,,,,,,,,,,,,,,,,,,,,,,,,,342685591,34268559100014,73.11Z,,,,,,,,,,,sirene,
MIDI QUINZE,,,a contacter,,,,,,,,,,,,marketing_com,Activites des agences de publicite,PARIS,,75,,,,,,,,,,,,,,,,,,,,,,,,,,,,,,,,,,,,,,,,,,,,,,,824388813,82438881300035,73.11Z,,,,,,,,,,,sirene,
MIDISCOM,,,a contacter,,,,,,,,,,,,marketing_com,Activites des agences de publicite,PECHABOU,,31,,,,,,,,,,,,,,,,,,,,,,,,,,,,,,,,,,,,,,,,,,,,,,,391966983,39196698300051,73.11Z,,,,,,,,,,,sirene,
MIDWAY COMMUNICATION,,,a contacter,,,,,,,,,,,,marketing_com,Activites des agences de publicite,SCHILTIGHEIM,,67,,,,,,,,,,,,,,,,,,,,,,,,,,,,,,,,,,,,,,,,,,,,,,,513774190,51377419000021,73.11Z,,,,,,,,,,,sirene,
MIHARU,,,a contacter,,,,,,,,,,,,marketing_com,Conseil en relations publiques et communication,BEAUMONT-SUR-LEZE,,31,,,,,,,,,,,,,,,,,,,,,,,,,,,,,,,,,,,,,,,,,,,,,,,795035328,79503532800017,70.21Z,,,,,,,,,,,sirene,
MILETIS,,,a contacter,,,,,,,,,,,,marketing_com,Activites des agences de publicite,JOINVILLE-LE-PONT,,94,,,,,,,,,,,,,,,,,,,,,,,,,,,,,,,,,,,,,,,,,,,,,,,450266705,45026670500034,73.11Z,,,,,,,,,,,sirene,
MILLESIME,,,a contacter,,,,,,,,,,,,marketing_com,Activites des agences de publicite,FOUZILHON,,34,,,,,,,,,,,,,,,,,,,,,,,,,,,,,,,,,,,,,,,,,,,,,,,494068059,49406805900018,73.11Z,,,,,,,,,,,sirene,
MILOCTAV,,,a contacter,,,,,,,,,,,,marketing_com,Activites des agences de publicite,CHASSENEUIL-DU-POITOU,,86,,,,,,,,,,,,,,,,,,,,,,,,,,,,,,,,,,,,,,,,,,,,,,,798247839,79824783900029,73.11Z,,,,,,,,,,,sirene,
MIMOSA,,,a contacter,,,,,,,,,,,,marketing_com,Conseil en relations publiques et communication,ANGERS,,49,,,,,,,,,,,,,,,,,,,,,,,,,,,,,,,,,,,,,,,,,,,,,,,844683250,84468325000014,70.21Z,,,,,,,,,,,sirene,
MINALE DESIGN STRATEGY,,,a contacter,,,,,,,,,,,,marketing_com,Activites des agences de publicite,LEVALLOIS-PERRET,,92,,,,,,,,,,,,,,,,,,,,,,,,,,,,,,,,,,,,,,,,,,,,,,,411532765,41153276500046,73.11Z,,,,,,,,,,,sirene,
MIND ME AND CO,,,a contacter,,,,,,,,,,,,marketing_com,Activites des agences de publicite,SARREGUEMINES,,57,,,,,,,,,,,,,,,,,,,,,,,,,,,,,,,,,,,,,,,,,,,,,,,799896063,79989606300010,73.11Z,,,,,,,,,,,sirene,
MINDBLOW,,,a contacter,,,,,,,,,,,,marketing_com,Conseil en relations publiques et communication,LYON,,69,,,,,,,,,,,,,,,,,,,,,,,,,,,,,,,,,,,,,,,,,,,,,,,920117421,92011742100023,70.21Z,,,,,,,,,,,sirene,
MINDSET SOLUTION,,,a contacter,,,,,,,,,,,,marketing_com,Conseil en relations publiques et communication,VAL-DE-REUIL,,27,,,,,,,,,,,,,,,,,,,,,,,,,,,,,,,,,,,,,,,,,,,,,,,921575163,92157516300032,70.21Z,,,,,,,,,,,sirene,
MINERAL SAVOIR FAIRE,,,a contacter,,,,,,,,,,,,marketing_com,Conseil en relations publiques et communication,SAINT-HERBLAIN,,44,,,,,,,,,,,,,,,,,,,,,,,,,,,,,,,,,,,,,,,,,,,,,,,834883332,83488333200035,70.21Z,,,,,,,,,,,sirene,
MINORIS VENDERE,,,a contacter,,,,,,,,,,,,marketing_com,Activites des agences de publicite,MARCQ-EN-BARŒUL,,59,,,,,,,,,,,,,,,,,,,,,,,,,,,,,,,,,,,,,,,,,,,,,,,484372339,48437233900024,73.11Z,,,,,,,,,,,sirene,
MIO & CO,,,a contacter,,,,,,,,,,,,marketing_com,Conseil en relations publiques et communication,NANTERRE,,92,,,,,,,,,,,,,,,,,,,,,,,,,,,,,,,,,,,,,,,,,,,,,,,879284859,87928485900029,70.21Z,,,,,,,,,,,sirene,
MIOCHE STUDIO,,,a contacter,,,,,,,,,,,,marketing_com,Conseil en relations publiques et communication,PARIS,,75,,,,,,,,,,,,,,,,,,,,,,,,,,,,,,,,,,,,,,,,,,,,,,,824428973,82442897300013,70.21Z,,,,,,,,,,,sirene,
MISE EN EVIDENCE,,,a contacter,,,,,,,,,,,,marketing_com,Conseil en relations publiques et communication,PARIS,,75,,,,,,,,,,,,,,,,,,,,,,,,,,,,,,,,,,,,,,,,,,,,,,,534332671,53433267100021,70.21Z,,,,,,,,,,,sirene,
MISE EN SCENE,,,a contacter,,,,,,,,,,,,marketing_com,Activites des agences de publicite,SARTROUVILLE,,78,,,,,,,,,,,,,,,,,,,,,,,,,,,,,,,,,,,,,,,,,,,,,,,384447090,38444709000042,73.11Z,,,,,,,,,,,sirene,
MISTRAL MEDIA,,,a contacter,,,,,,,,,,,,marketing_com,Regie publicitaire de medias,PARIS,,75,,,,,,,,,,,,,,,,,,,,,,,,,,,,,,,,,,,,,,,,,,,,,,,383541232,38354123200062,73.12Z,,,,,,,,,,,sirene,
MIXDATA,,,a contacter,,,,,,,,,,,,marketing_com,Activites des agences de publicite,BOULOGNE-BILLANCOURT,,92,,,,,,,,,,,,,,,,,,,,,,,,,,,,,,,,,,,,,,,,,,,,,,,793277013,79327701300017,73.11Z,,,,,,,,,,,sirene,
MJB PUBLI SITES,,,a contacter,,,,,,,,,,,,marketing_com,Activites des agences de publicite,PIOLENC,,84,,,,,,,,,,,,,,,,,,,,,,,,,,,,,,,,,,,,,,,,,,,,,,,484304001,48430400100023,73.11Z,,,,,,,,,,,sirene,
MK EVENTS,,,a contacter,,,,,,,,,,,,marketing_com,Conseil en relations publiques et communication,PARIS,,75,,,,,,,,,,,,,,,,,,,,,,,,,,,,,,,,,,,,,,,,,,,,,,,441616398,44161639800042,70.21Z,,,,,,,,,,,sirene,
MK NEXUS,,,a contacter,,,,,,,,,,,,marketing_com,Activites des agences de publicite,LONGVIC,,21,,,,,,,,,,,,,,,,,,,,,,,,,,,,,,,,,,,,,,,,,,,,,,,484062203,48406220300050,73.11Z,,,,,,,,,,,sirene,
MKD GROUPE,,,a contacter,,,,,,,,,,,,marketing_com,Activites des agences de publicite,MAISONS-ALFORT,,94,,,,,,,,,,,,,,,,,,,,,,,,,,,,,,,,,,,,,,,,,,,,,,,852283761,85228376100017,73.11Z,,,,,,,,,,,sirene,
MKH-MARKETING KUHM HOLLNER,,,a contacter,,,,,,,,,,,,marketing_com,Activites des agences de publicite,NORDHEIM,,67,,,,,,,,,,,,,,,,,,,,,,,,,,,,,,,,,,,,,,,,,,,,,,,803135177,80313517700019,73.11Z,,,,,,,,,,,sirene,
MLD CONSULTING,,,a contacter,,,,,,,,,,,,marketing_com,Conseil en relations publiques et communication,SCEAUX,,92,,,,,,,,,,,,,,,,,,,,,,,,,,,,,,,,,,,,,,,,,,,,,,,892830670,89283067000014,70.21Z,,,,,,,,,,,sirene,
MLW,,,a contacter,,,,,,,,,,,,marketing_com,Activites des agences de publicite,CHAMPIGNY-SUR-MARNE,,94,,,,,,,,,,,,,,,,,,,,,,,,,,,,,,,,,,,,,,,,,,,,,,,510241359,51024135900072,73.11Z,,,,,,,,,,,sirene,
MNSTR.,,,a contacter,,,,,,,,,,,,marketing_com,Activites des agences de publicite,PARIS,,75,,,,,,,,,,,,,,,,,,,,,,,,,,,,,,,,,,,,,,,,,,,,,,,518586110,51858611000067,73.11Z,,,,,,,,,,,sirene,
MOBILITY REGIE ET SERVICES,,,a contacter,,,,,,,,,,,,marketing_com,Activites des agences de publicite,BOULOGNE-BILLANCOURT,,92,,,,,,,,,,,,,,,,,,,,,,,,,,,,,,,,,,,,,,,,,,,,,,,843577032,84357703200033,73.11Z,,,,,,,,,,,sirene,
MOBISPORT CONCEPT,,,a contacter,,,,,,,,,,,,marketing_com,Regie publicitaire de medias,MARSEILLE,,13,,,,,,,,,,,,,,,,,,,,,,,,,,,,,,,,,,,,,,,,,,,,,,,814632741,81463274100033,73.12Z,,,,,,,,,,,sirene,
MOBSUCCESS,,,a contacter,,,,,,,,,,,,marketing_com,Regie publicitaire de medias,PARIS,,75,,,,,,,,,,,,,,,,,,,,,,,,,,,,,,,,,,,,,,,,,,,,,,,809891583,80989158300050,73.12Z,,,,,,,,,,,sirene,
MODIMAGE,,,a contacter,,,,,,,,,,,,marketing_com,Activites des agences de publicite,PARIS,,75,,,,,,,,,,,,,,,,,,,,,,,,,,,,,,,,,,,,,,,,,,,,,,,451976732,45197673200037,73.11Z,,,,,,,,,,,sirene,
MODO,,,a contacter,,,,,,,,,,,,marketing_com,Conseil en relations publiques et communication,NANTES,,44,,,,,,,,,,,,,,,,,,,,,,,,,,,,,,,,,,,,,,,,,,,,,,,824465413,82446541300071,70.21Z,,,,,,,,,,,sirene,
MOJOCOM,,,a contacter,,,,,,,,,,,,marketing_com,Activites des agences de publicite,LES GETS,,74,,,,,,,,,,,,,,,,,,,,,,,,,,,,,,,,,,,,,,,,,,,,,,,798706537,79870653700023,73.11Z,,,,,,,,,,,sirene,
MOLECULE SCIENCE,,,a contacter,,,,,,,,,,,,marketing_com,Regie publicitaire de medias,MONTPELLIER,,34,,,,,,,,,,,,,,,,,,,,,,,,,,,,,,,,,,,,,,,,,,,,,,,909019168,90901916800022,73.12Z,,,,,,,,,,,sirene,
MOLECULES GRAPHIQUES,,,a contacter,,,,,,,,,,,,marketing_com,Activites des agences de publicite,MALAKOFF,,92,,,,,,,,,,,,,,,,,,,,,,,,,,,,,,,,,,,,,,,,,,,,,,,844130476,84413047600022,73.11Z,,,,,,,,,,,sirene,
MOMENTYS FRANCE,,,a contacter,,,,,,,,,,,,marketing_com,Conseil en relations publiques et communication,PARIS,,75,,,,,,,,,,,,,,,,,,,,,,,,,,,,,,,,,,,,,,,,,,,,,,,444929855,44492985500062,70.21Z,,,,,,,,,,,sirene,
MOMS PLANETE ENTREPRISE COMMUNICATION,,,a contacter,,,,,,,,,,,,marketing_com,Activites des agences de publicite,DIJON,,21,,,,,,,,,,,,,,,,,,,,,,,,,,,,,,,,,,,,,,,,,,,,,,,819964594,81996459400017,73.11Z,,,,,,,,,,,sirene,
MON AGENCE MARKETING,,,a contacter,,,,,,,,,,,,marketing_com,Conseil en relations publiques et communication,SCHILTIGHEIM,,67,,,,,,,,,,,,,,,,,,,,,,,,,,,,,,,,,,,,,,,,,,,,,,,889755583,88975558300016,70.21Z,,,,,,,,,,,sirene,
MON ATELIER COLORE,,,a contacter,,,,,,,,,,,,marketing_com,Conseil en relations publiques et communication,AURAY,,56,,,,,,,,,,,,,,,,,,,,,,,,,,,,,,,,,,,,,,,,,,,,,,,851351114,85135111400018,70.21Z,,,,,,,,,,,sirene,
MONAGRAPHIC,,,a contacter,,,,,,,,,,,,marketing_com,Activites des agences de publicite,MOZE-SUR-LOUET,,49,,,,,,,,,,,,,,,,,,,,,,,,,,,,,,,,,,,,,,,,,,,,,,,501093231,50109323100022,73.11Z,,,,,,,,,,,sirene,
MONDAPAR,,,a contacter,,,,,,,,,,,,marketing_com,Activites des agences de publicite,SAINT-BARTHELEMY-D'ANJOU,,49,,,,,,,,,,,,,,,,,,,,,,,,,,,,,,,,,,,,,,,,,,,,,,,520156316,52015631600074,73.11Z,,,,,,,,,,,sirene,
MONDE NOUVEAU,,,a contacter,,,,,,,,,,,,marketing_com,Activites des agences de publicite,LYON,,69,,,,,,,,,,,,,,,,,,,,,,,,,,,,,,,,,,,,,,,,,,,,,,,981187834,98118783400016,73.11Z,,,,,,,,,,,sirene,
MONET,,,a contacter,,,,,,,,,,,,marketing_com,Activites des agences de publicite,MALAKOFF,,92,,,,,,,,,,,,,,,,,,,,,,,,,,,,,,,,,,,,,,,,,,,,,,,394791248,39479124800039,73.11Z,,,,,,,,,,,sirene,
MONET ET ASSOCIES,,,a contacter,,,,,,,,,,,,marketing_com,Conseil en relations publiques et communication,LYON,,69,,,,,,,,,,,,,,,,,,,,,,,,,,,,,,,,,,,,,,,,,,,,,,,437630890,43763089000139,70.21Z,,,,,,,,,,,sirene,
MONETTE,,,a contacter,,,,,,,,,,,,marketing_com,Conseil en relations publiques et communication,BORDEAUX,,33,,,,,,,,,,,,,,,,,,,,,,,,,,,,,,,,,,,,,,,,,,,,,,,809111420,80911142000042,70.21Z,,,,,,,,,,,sirene,
MONEYTAG,,,a contacter,,,,,,,,,,,,marketing_com,Regie publicitaire de medias,PARIS,,75,,,,,,,,,,,,,,,,,,,,,,,,,,,,,,,,,,,,,,,,,,,,,,,823738919,82373891900062,73.12Z,,,,,,,,,,,sirene,
MONI,,,a contacter,,,,,,,,,,,,marketing_com,Activites des agences de publicite,PARIS,,75,,,,,,,,,,,,,,,,,,,,,,,,,,,,,,,,,,,,,,,,,,,,,,,394981344,39498134400093,73.11Z,,,,,,,,,,,sirene,
MONSIEUR DARMON,,,a contacter,,,,,,,,,,,,marketing_com,Activites des agences de publicite,NICE,,06,,,,,,,,,,,,,,,,,,,,,,,,,,,,,,,,,,,,,,,,,,,,,,,915322572,91532257200016,73.11Z,,,,,,,,,,,sirene,
MONTAGE DEMONTAGE AFFICHAGE,,,a contacter,,,,,,,,,,,,marketing_com,Activites des agences de publicite,VILLENEUVE-LE-ROI,,94,,,,,,,,,,,,,,,,,,,,,,,,,,,,,,,,,,,,,,,,,,,,,,,343918801,34391880100030,73.11Z,,,,,,,,,,,sirene,
MONTGOMERY COMMUNICATION,,,a contacter,,,,,,,,,,,,marketing_com,Activites des agences de publicite,LA ROCHELLE,,17,,,,,,,,,,,,,,,,,,,,,,,,,,,,,,,,,,,,,,,,,,,,,,,419445150,41944515000016,73.11Z,,,,,,,,,,,sirene,
MONTSERRAT COMMUNICATION,,,a contacter,,,,,,,,,,,,marketing_com,Conseil en relations publiques et communication,PERPIGNAN,,66,,,,,,,,,,,,,,,,,,,,,,,,,,,,,,,,,,,,,,,,,,,,,,,522849033,52284903300017,70.21Z,,,,,,,,,,,sirene,
MOOVSIT,,,a contacter,,,,,,,,,,,,marketing_com,Conseil en relations publiques et communication,SAINT-MARTIN-DU-VIVIER,,76,,,,,,,,,,,,,,,,,,,,,,,,,,,,,,,,,,,,,,,,,,,,,,,812735538,81273553800033,70.21Z,,,,,,,,,,,sirene,
MOOXY,,,a contacter,,,,,,,,,,,,marketing_com,Conseil en relations publiques et communication,ANNECY,,74,,,,,,,,,,,,,,,,,,,,,,,,,,,,,,,,,,,,,,,,,,,,,,,902001882,90200188200023,70.21Z,,,,,,,,,,,sirene,
MOSQUITO,,,a contacter,,,,,,,,,,,,marketing_com,Activites des agences de publicite,CHAMPS-SUR-MARNE,,77,,,,,,,,,,,,,,,,,,,,,,,,,,,,,,,,,,,,,,,,,,,,,,,412725608,41272560800019,73.11Z,,,,,,,,,,,sirene,
MOTION 4 EVER,,,a contacter,,,,,,,,,,,,marketing_com,Conseil en relations publiques et communication,CARQUEFOU,,44,,,,,,,,,,,,,,,,,,,,,,,,,,,,,,,,,,,,,,,,,,,,,,,528633605,52863360500027,70.21Z,,,,,,,,,,,sirene,
MOTO AXE,,,a contacter,,,,,,,,,,,,marketing_com,Activites des agences de publicite,CLERMONT-FERRAND,,63,,,,,,,,,,,,,,,,,,,,,,,,,,,,,,,,,,,,,,,,,,,,,,,394426795,39442679500040,73.11Z,,,,,,,,,,,sirene,
MOTORS GATE,,,a contacter,,,,,,,,,,,,marketing_com,Activites des agences de publicite,ORLEANS,,45,,,,,,,,,,,,,,,,,,,,,,,,,,,,,,,,,,,,,,,,,,,,,,,531322998,53132299800026,73.11Z,,,,,,,,,,,sirene,
MOTS D'ICI,,,a contacter,,,,,,,,,,,,marketing_com,Activites des agences de publicite,FORT-DE-FRANCE,,972,,,,,,,,,,,,,,,,,,,,,,,,,,,,,,,,,,,,,,,,,,,,,,,484970025,48497002500033,73.11Z,,,,,,,,,,,sirene,
MOUTON NOIR,,,a contacter,,,,,,,,,,,,marketing_com,Conseil en relations publiques et communication,LYON,,69,,,,,,,,,,,,,,,,,,,,,,,,,,,,,,,,,,,,,,,,,,,,,,,813750007,81375000700052,70.21Z,,,,,,,,,,,sirene,
MOUTY,,,a contacter,,,,,,,,,,,,marketing_com,Activites des agences de publicite,PARIS,,75,,,,,,,,,,,,,,,,,,,,,,,,,,,,,,,,,,,,,,,,,,,,,,,835109240,83510924000027,73.11Z,,,,,,,,,,,sirene,
MOUVEMENT COM,,,a contacter,,,,,,,,,,,,marketing_com,Conseil en relations publiques et communication,NICE,,06,,,,,,,,,,,,,,,,,,,,,,,,,,,,,,,,,,,,,,,,,,,,,,,819602186,81960218600010,70.21Z,,,,,,,,,,,sirene,
MOZOO,,,a contacter,,,,,,,,,,,,marketing_com,Activites des agences de publicite,PARIS,,75,,,,,,,,,,,,,,,,,,,,,,,,,,,,,,,,,,,,,,,,,,,,,,,817526536,81752653600021,73.11Z,,,,,,,,,,,sirene,
MPF CONSEIL,,,a contacter,,,,,,,,,,,,marketing_com,Conseil en relations publiques et communication,BOULOGNE-BILLANCOURT,,92,,,,,,,,,,,,,,,,,,,,,,,,,,,,,,,,,,,,,,,,,,,,,,,890709785,89070978500012,70.21Z,,,,,,,,,,,sirene,
MPM,,,a contacter,,,,,,,,,,,,marketing_com,Activites des agences de publicite,PERPIGNAN,,66,,,,,,,,,,,,,,,,,,,,,,,,,,,,,,,,,,,,,,,,,,,,,,,434890729,43489072900016,73.11Z,,,,,,,,,,,sirene,
MR BYRON,,,a contacter,,,,,,,,,,,,marketing_com,Activites des agences de publicite,GARCHES,,92,,,,,,,,,,,,,,,,,,,,,,,,,,,,,,,,,,,,,,,,,,,,,,,903726800,90372680000019,73.11Z,,,,,,,,,,,sirene,
MR4 GROUPE,,,a contacter,,,,,,,,,,,,marketing_com,Activites des agences de publicite,BARBEVILLE,,14,,,,,,,,,,,,,,,,,,,,,,,,,,,,,,,,,,,,,,,,,,,,,,,508458254,50845825400010,73.11Z,,,,,,,,,,,sirene,
MRG EVENTS,,,a contacter,,,,,,,,,,,,marketing_com,Regie publicitaire de medias,SAINT-GERMAIN-EN-LAYE,,78,,,,,,,,,,,,,,,,,,,,,,,,,,,,,,,,,,,,,,,,,,,,,,,880661038,88066103800021,73.12Z,,,,,,,,,,,sirene,
MRM WORLDWIDE,,,a contacter,,,,,,,,,,,,marketing_com,Activites des agences de publicite,NEUILLY-SUR-SEINE,,92,,,,,,,,,,,,,,,,,,,,,,,,,,,,,,,,,,,,,,,,,,,,,,,682008941,68200894100085,73.11Z,,,,,,,,,,,sirene,
MS ANIMATIONS,,,a contacter,,,,,,,,,,,,marketing_com,Activites des agences de publicite,GRANS,,13,,,,,,,,,,,,,,,,,,,,,,,,,,,,,,,,,,,,,,,,,,,,,,,817841802,81784180200025,73.11Z,,,,,,,,,,,sirene,
MSMS,,,a contacter,,,,,,,,,,,,marketing_com,Activites des agences de publicite,LA CHAPELLE-SAINT-AUBIN,,72,,,,,,,,,,,,,,,,,,,,,,,,,,,,,,,,,,,,,,,,,,,,,,,511236515,51123651500033,73.11Z,,,,,,,,,,,sirene,
MSP,,,a contacter,,,,,,,,,,,,marketing_com,Activites des agences de publicite,MULHOUSE,,68,,,,,,,,,,,,,,,,,,,,,,,,,,,,,,,,,,,,,,,,,,,,,,,793382359,79338235900032,73.11Z,,,,,,,,,,,sirene,
MSY PRODUCTION,,,a contacter,,,,,,,,,,,,marketing_com,Conseil en relations publiques et communication,ANGERS,,49,,,,,,,,,,,,,,,,,,,,,,,,,,,,,,,,,,,,,,,,,,,,,,,948958111,94895811100023,70.21Z,,,,,,,,,,,sirene,
MT SOLUTIONS,,,a contacter,,,,,,,,,,,,marketing_com,Conseil en relations publiques et communication,CORNEILLA-LA-RIVIERE,,66,,,,,,,,,,,,,,,,,,,,,,,,,,,,,,,,,,,,,,,,,,,,,,,848916730,84891673000015,70.21Z,,,,,,,,,,,sirene,
MTA,,,a contacter,,,,,,,,,,,,marketing_com,Activites des agences de publicite,PONTOISE,,95,,,,,,,,,,,,,,,,,,,,,,,,,,,,,,,,,,,,,,,,,,,,,,,903687051,90368705100016,73.11Z,,,,,,,,,,,sirene,
MTA CORPORATION,,,a contacter,,,,,,,,,,,,marketing_com,Conseil en relations publiques et communication,DEVECEY,,25,,,,,,,,,,,,,,,,,,,,,,,,,,,,,,,,,,,,,,,,,,,,,,,893737387,89373738700017,70.21Z,,,,,,,,,,,sirene,
MULTI MARK,,,a contacter,,,,,,,,,,,,marketing_com,Activites des agences de publicite,SAINT-ANDRE-LES-VERGERS,,10,,,,,,,,,,,,,,,,,,,,,,,,,,,,,,,,,,,,,,,,,,,,,,,751654070,75165407000034,73.11Z,,,,,,,,,,,sirene,
MULTIMED SOLUTIONS,,,a contacter,,,,,,,,,,,,marketing_com,Activites des agences de publicite,BALMA,,31,,,,,,,,,,,,,,,,,,,,,,,,,,,,,,,,,,,,,,,,,,,,,,,441619061,44161906100035,73.11Z,,,,,,,,,,,sirene,
MULTYPRINT,,,a contacter,,,,,,,,,,,,marketing_com,Activites des agences de publicite,VILLENOY,,77,,,,,,,,,,,,,,,,,,,,,,,,,,,,,,,,,,,,,,,,,,,,,,,524615374,52461537400047,73.11Z,,,,,,,,,,,sirene,
MURATI MERCHANDISING,,,a contacter,,,,,,,,,,,,marketing_com,Activites des agences de publicite,GARDANNE,,13,,,,,,,,,,,,,,,,,,,,,,,,,,,,,,,,,,,,,,,,,,,,,,,403650914,40365091400076,73.11Z,,,,,,,,,,,sirene,
MUSICONAIR,,,a contacter,,,,,,,,,,,,marketing_com,Activites des agences de publicite,STRASBOURG,,67,,,,,,,,,,,,,,,,,,,,,,,,,,,,,,,,,,,,,,,,,,,,,,,478862634,47886263400027,73.11Z,,,,,,,,,,,sirene,
MUZZLE INSTITUTE,,,a contacter,,,,,,,,,,,,marketing_com,Activites des agences de publicite,EPAGNY METZ-TESSY,,74,,,,,,,,,,,,,,,,,,,,,,,,,,,,,,,,,,,,,,,,,,,,,,,493569073,49356907300049,73.11Z,,,,,,,,,,,sirene,
MV MARKETING,,,a contacter,,,,,,,,,,,,marketing_com,Activites des agences de publicite,WASQUEHAL,,59,,,,,,,,,,,,,,,,,,,,,,,,,,,,,,,,,,,,,,,,,,,,,,,819676255,81967625500022,73.11Z,,,,,,,,,,,sirene,
MVGROUP,,,a contacter,,,,,,,,,,,,marketing_com,Activites des agences de publicite,CESSON-SEVIGNE,,35,,,,,,,,,,,,,,,,,,,,,,,,,,,,,,,,,,,,,,,,,,,,,,,519020325,51902032500055,73.11Z,,,,,,,,,,,sirene,
MX FAB,,,a contacter,,,,,,,,,,,,marketing_com,Activites des agences de publicite,MONTEVRAIN,,77,,,,,,,,,,,,,,,,,,,,,,,,,,,,,,,,,,,,,,,,,,,,,,,795177203,79517720300044,73.11Z,,,,,,,,,,,sirene,
MY CLIENT IS RICH,,,a contacter,,,,,,,,,,,,marketing_com,Conseil en relations publiques et communication,STRASBOURG,,67,,,,,,,,,,,,,,,,,,,,,,,,,,,,,,,,,,,,,,,,,,,,,,,529933087,52993308700031,70.21Z,,,,,,,,,,,sirene,
MY DESTINATION,,,a contacter,,,,,,,,,,,,marketing_com,Activites des agences de publicite,BORDEAUX,,33,,,,,,,,,,,,,,,,,,,,,,,,,,,,,,,,,,,,,,,,,,,,,,,804331874,80433187400029,73.11Z,,,,,,,,,,,sirene,
MY JUNGLY,,,a contacter,,,,,,,,,,,,marketing_com,Conseil en relations publiques et communication,PARIS,,75,,,,,,,,,,,,,,,,,,,,,,,,,,,,,,,,,,,,,,,,,,,,,,,528145477,52814547700030,70.21Z,,,,,,,,,,,sirene,
MY PRODUCTION,,,a contacter,,,,,,,,,,,,marketing_com,Conseil en relations publiques et communication,SALINS-LES-BAINS,,39,,,,,,,,,,,,,,,,,,,,,,,,,,,,,,,,,,,,,,,,,,,,,,,794947317,79494731700044,70.21Z,,,,,,,,,,,sirene,
MY SELLING TOOLS,,,a contacter,,,,,,,,,,,,marketing_com,Activites des agences de publicite,BOULOGNE-BILLANCOURT,,92,,,,,,,,,,,,,,,,,,,,,,,,,,,,,,,,,,,,,,,,,,,,,,,494138589,49413858900051,73.11Z,,,,,,,,,,,sirene,
MY SPORT AGENCY,,,a contacter,,,,,,,,,,,,marketing_com,Activites des agences de publicite,VENERQUE,,31,,,,,,,,,,,,,,,,,,,,,,,,,,,,,,,,,,,,,,,,,,,,,,,797800166,79780016600010,73.11Z,,,,,,,,,,,sirene,
MYCOM,,,a contacter,,,,,,,,,,,,marketing_com,Activites des agences de publicite,NEVERS,,58,,,,,,,,,,,,,,,,,,,,,,,,,,,,,,,,,,,,,,,,,,,,,,,797754421,79775442100031,73.11Z,,,,,,,,,,,sirene,
MYCOMM,,,a contacter,,,,,,,,,,,,marketing_com,Conseil en relations publiques et communication,ARCUEIL,,94,,,,,,,,,,,,,,,,,,,,,,,,,,,,,,,,,,,,,,,,,,,,,,,510368400,51036840000097,70.21Z,,,,,,,,,,,sirene,
MYDIGICOMPANY,,,a contacter,,,,,,,,,,,,marketing_com,Conseil en relations publiques et communication,BOULOGNE-BILLANCOURT,,92,,,,,,,,,,,,,,,,,,,,,,,,,,,,,,,,,,,,,,,,,,,,,,,819230137,81923013700054,70.21Z,,,,,,,,,,,sirene,
MYLEADS AGENCY,,,a contacter,,,,,,,,,,,,marketing_com,Activites des agences de publicite,SAINT-MAUR-DES-FOSSES,,94,,,,,,,,,,,,,,,,,,,,,,,,,,,,,,,,,,,,,,,,,,,,,,,853315976,85331597600011,73.11Z,,,,,,,,,,,sirene,
MYPASSPRO,,,a contacter,,,,,,,,,,,,marketing_com,Conseil en relations publiques et communication,AUBERVILLIERS,,93,,,,,,,,,,,,,,,,,,,,,,,,,,,,,,,,,,,,,,,,,,,,,,,821012382,82101238200049,70.21Z,,,,,,,,,,,sirene,
MYRCA,,,a contacter,,,,,,,,,,,,marketing_com,Activites des agences de publicite,NORDHEIM,,67,,,,,,,,,,,,,,,,,,,,,,,,,,,,,,,,,,,,,,,,,,,,,,,827901109,82790110900013,73.11Z,,,,,,,,,,,sirene,
MYRTILLE,,,a contacter,,,,,,,,,,,,marketing_com,Activites des agences de publicite,REIMS,,51,,,,,,,,,,,,,,,,,,,,,,,,,,,,,,,,,,,,,,,,,,,,,,,344489026,34448902600031,73.11Z,,,,,,,,,,,sirene,
MYST AGENCY,,,a contacter,,,,,,,,,,,,marketing_com,Conseil en relations publiques et communication,LE SOLER,,66,,,,,,,,,,,,,,,,,,,,,,,,,,,,,,,,,,,,,,,,,,,,,,,921489100,92148910000013,70.21Z,,,,,,,,,,,sirene,
N 124,,,a contacter,,,,,,,,,,,,marketing_com,Activites des agences de publicite,CREISSAN,,34,,,,,,,,,,,,,,,,,,,,,,,,,,,,,,,,,,,,,,,,,,,,,,,442134755,44213475500010,73.11Z,,,,,,,,,,,sirene,
N.R. COMMUNICATION,,,a contacter,,,,,,,,,,,,marketing_com,Regie publicitaire de medias,TOURS,,37,,,,,,,,,,,,,,,,,,,,,,,,,,,,,,,,,,,,,,,,,,,,,,,414679423,41467942300205,73.12Z,,,,,,,,,,,sirene,
N14,,,a contacter,,,,,,,,,,,,marketing_com,Activites des agences de publicite,VERTOU,,44,,,,,,,,,,,,,,,,,,,,,,,,,,,,,,,,,,,,,,,,,,,,,,,799760863,79976086300024,73.11Z,,,,,,,,,,,sirene,
NACCACHE BOURHANE,,,a contacter,,,,,,,,,,,,marketing_com,Activites des agences de publicite,SAINT-PIERRE,,974,,,,,,,,,,,,,,,,,,,,,,,,,,,,,,,,,,,,,,,,,,,,,,,811296888,81129688800027,73.11Z,,,,,,,,,,,sirene,
NAGIACOM,,,a contacter,,,,,,,,,,,,marketing_com,Regie publicitaire de medias,LE PUY-EN-VELAY,,43,,,,,,,,,,,,,,,,,,,,,,,,,,,,,,,,,,,,,,,,,,,,,,,415249309,41524930900022,73.12Z,,,,,,,,,,,sirene,
NAJA MOBILIER URBAIN,,,a contacter,,,,,,,,,,,,marketing_com,Regie publicitaire de medias,NEUILLY-SUR-SEINE,,92,,,,,,,,,,,,,,,,,,,,,,,,,,,,,,,,,,,,,,,,,,,,,,,380462135,38046213500076,73.12Z,,,,,,,,,,,sirene,
NAKARA.SOLUTIONS,,,a contacter,,,,,,,,,,,,marketing_com,Activites des agences de publicite,OBERHOFFEN-SUR-MODER,,67,,,,,,,,,,,,,,,,,,,,,,,,,,,,,,,,,,,,,,,,,,,,,,,521574343,52157434300096,73.11Z,,,,,,,,,,,sirene,
NAMIBIE,,,a contacter,,,,,,,,,,,,marketing_com,Activites des agences de publicite,VILLENNES-SUR-SEINE,,78,,,,,,,,,,,,,,,,,,,,,,,,,,,,,,,,,,,,,,,,,,,,,,,824366173,82436617300014,73.11Z,,,,,,,,,,,sirene,
NAPOLEON BUSINESS DEVELOPMENT,,,a contacter,,,,,,,,,,,,marketing_com,Conseil en relations publiques et communication,MARSEILLE,,13,,,,,,,,,,,,,,,,,,,,,,,,,,,,,,,,,,,,,,,,,,,,,,,818248916,81824891600038,70.21Z,,,,,,,,,,,sirene,
NASH & YOUNG,,,a contacter,,,,,,,,,,,,marketing_com,Activites des agences de publicite,PARIS,,75,,,,,,,,,,,,,,,,,,,,,,,,,,,,,,,,,,,,,,,,,,,,,,,501977656,50197765600021,73.11Z,,,,,,,,,,,sirene,
NASKIGO,,,a contacter,,,,,,,,,,,,marketing_com,Conseil en relations publiques et communication,NIORT,,79,,,,,,,,,,,,,,,,,,,,,,,,,,,,,,,,,,,,,,,,,,,,,,,842536096,84253609600055,70.21Z,,,,,,,,,,,sirene,
NASMO COMMUNICATION,,,a contacter,,,,,,,,,,,,marketing_com,Conseil en relations publiques et communication,NICE,,06,,,,,,,,,,,,,,,,,,,,,,,,,,,,,,,,,,,,,,,,,,,,,,,837493543,83749354300024,70.21Z,,,,,,,,,,,sirene,
NATACHA BATOUSSOVA COMMUNICATION,,,a contacter,,,,,,,,,,,,marketing_com,Conseil en relations publiques et communication,NICE,,06,,,,,,,,,,,,,,,,,,,,,,,,,,,,,,,,,,,,,,,,,,,,,,,830140927,83014092700013,70.21Z,,,,,,,,,,,sirene,
NATEVA COMMUNICATION,,,a contacter,,,,,,,,,,,,marketing_com,Conseil en relations publiques et communication,PARIS,,75,,,,,,,,,,,,,,,,,,,,,,,,,,,,,,,,,,,,,,,,,,,,,,,515242949,51524294900011,70.21Z,,,,,,,,,,,sirene,
NATH AFFICHAGE,,,a contacter,,,,,,,,,,,,marketing_com,Activites des agences de publicite,SAINT-BENOIT,,974,,,,,,,,,,,,,,,,,,,,,,,,,,,,,,,,,,,,,,,,,,,,,,,828829671,82882967100019,73.11Z,,,,,,,,,,,sirene,
NAUTILUS MEDIARSENAL,,,a contacter,,,,,,,,,,,,marketing_com,Activites des agences de publicite,SAINT-DENIS,,974,,,,,,,,,,,,,,,,,,,,,,,,,,,,,,,,,,,,,,,,,,,,,,,453242901,45324290100016,73.11Z,,,,,,,,,,,sirene,
NAUTILUS-CREATIONS PERSPECTIVES,,,a contacter,,,,,,,,,,,,marketing_com,Activites des agences de publicite,SAINT-DENIS,,974,,,,,,,,,,,,,,,,,,,,,,,,,,,,,,,,,,,,,,,,,,,,,,,333675361,33367536100021,73.11Z,,,,,,,,,,,sirene,
NBC,,,a contacter,,,,,,,,,,,,marketing_com,Activites des agences de publicite,SEYSSINET-PARISET,,38,,,,,,,,,,,,,,,,,,,,,,,,,,,,,,,,,,,,,,,,,,,,,,,828515361,82851536100040,73.11Z,,,,,,,,,,,sirene,
ND CONSEIL,,,a contacter,,,,,,,,,,,,marketing_com,Activites des agences de publicite,PARIS,,75,,,,,,,,,,,,,,,,,,,,,,,,,,,,,,,,,,,,,,,,,,,,,,,505281980,50528198000050,73.11Z,,,,,,,,,,,sirene,
NEA,,,a contacter,,,,,,,,,,,,marketing_com,Conseil en relations publiques et communication,MONTPELLIER,,34,,,,,,,,,,,,,,,,,,,,,,,,,,,,,,,,,,,,,,,,,,,,,,,508608106,50860810600037,70.21Z,,,,,,,,,,,sirene,
NEADS,,,a contacter,,,,,,,,,,,,marketing_com,Activites des agences de publicite,BOULOGNE-BILLANCOURT,,92,,,,,,,,,,,,,,,,,,,,,,,,,,,,,,,,,,,,,,,,,,,,,,,530588391,53058839100066,73.11Z,,,,,,,,,,,sirene,
NEBULYS,,,a contacter,,,,,,,,,,,,marketing_com,Conseil en relations publiques et communication,NARBONNE,,11,,,,,,,,,,,,,,,,,,,,,,,,,,,,,,,,,,,,,,,,,,,,,,,888375821,88837582100020,70.21Z,,,,,,,,,,,sirene,
NEC COMMUNICATION,,,a contacter,,,,,,,,,,,,marketing_com,Conseil en relations publiques et communication,DOLE,,39,,,,,,,,,,,,,,,,,,,,,,,,,,,,,,,,,,,,,,,,,,,,,,,840707236,84070723600013,70.21Z,,,,,,,,,,,sirene,
NEC TELEPROSPECTION,,,a contacter,,,,,,,,,,,,marketing_com,Activites des agences de publicite,DOLE,,39,,,,,,,,,,,,,,,,,,,,,,,,,,,,,,,,,,,,,,,,,,,,,,,840796445,84079644500020,73.11Z,,,,,,,,,,,sirene,
NECA-MONTAGE ET AFFICHAGE EN PUBLICITE,,,a contacter,,,,,,,,,,,,marketing_com,Activites des agences de publicite,AUBIERE,,63,,,,,,,,,,,,,,,,,,,,,,,,,,,,,,,,,,,,,,,,,,,,,,,317962207,31796220700021,73.11Z,,,,,,,,,,,sirene,
NEGOCOM ATLANTIQUE,,,a contacter,,,,,,,,,,,,marketing_com,Regie publicitaire de medias,PERIGUEUX,,24,,,,,,,,,,,,,,,,,,,,,,,,,,,,,,,,,,,,,,,,,,,,,,,830476933,83047693300023,73.12Z,,,,,,,,,,,sirene,
NEOCAMINO,,,a contacter,,,,,,,,,,,,marketing_com,Activites des agences de publicite,LYON,,69,,,,,,,,,,,,,,,,,,,,,,,,,,,,,,,,,,,,,,,,,,,,,,,539822692,53982269200064,73.11Z,,,,,,,,,,,sirene,
NEOM AGENCY,,,a contacter,,,,,,,,,,,,marketing_com,Conseil en relations publiques et communication,GONESSE,,95,,,,,,,,,,,,,,,,,,,,,,,,,,,,,,,,,,,,,,,,,,,,,,,847964830,84796483000016,70.21Z,,,,,,,,,,,sirene,
NEOZ,,,a contacter,,,,,,,,,,,,marketing_com,Conseil en relations publiques et communication,BAIE-MAHAULT,,971,,,,,,,,,,,,,,,,,,,,,,,,,,,,,,,,,,,,,,,,,,,,,,,788868131,78886813100038,70.21Z,,,,,,,,,,,sirene,
NEST COMMUNICATION SAS,,,a contacter,,,,,,,,,,,,marketing_com,Activites des agences de publicite,LE BOUSCAT,,33,,,,,,,,,,,,,,,,,,,,,,,,,,,,,,,,,,,,,,,,,,,,,,,794003673,79400367300017,73.11Z,,,,,,,,,,,sirene,
NET BUSINESS,,,a contacter,,,,,,,,,,,,marketing_com,Conseil en relations publiques et communication,,,,,,,,,,,,,,,,,,,,,,,,,,,,,,,,,,,,,,,,,,,,,,,,,,882721137,88272113700017,70.21Z,,,,,,,,,,,sirene,
NET PLUS ULTRA,,,a contacter,,,,,,,,,,,,marketing_com,Conseil en relations publiques et communication,MONTROUGE,,92,,,,,,,,,,,,,,,,,,,,,,,,,,,,,,,,,,,,,,,,,,,,,,,847808029,84780802900015,70.21Z,,,,,,,,,,,sirene,
NET STIM,,,a contacter,,,,,,,,,,,,marketing_com,Activites des agences de publicite,PARIS,,75,,,,,,,,,,,,,,,,,,,,,,,,,,,,,,,,,,,,,,,,,,,,,,,443418744,44341874400035,73.11Z,,,,,,,,,,,sirene,
NETCREATIVE - PAGES ANNUAIRES,,,a contacter,,,,,,,,,,,,marketing_com,Activites des agences de publicite,REIMS,,51,,,,,,,,,,,,,,,,,,,,,,,,,,,,,,,,,,,,,,,,,,,,,,,411606700,41160670000028,73.11Z,,,,,,,,,,,sirene,
NETILUM,,,a contacter,,,,,,,,,,,,marketing_com,Regie publicitaire de medias,BORDEAUX,,33,,,,,,,,,,,,,,,,,,,,,,,,,,,,,,,,,,,,,,,,,,,,,,,750845208,75084520800024,73.12Z,,,,,,,,,,,sirene,
NETPUB,,,a contacter,,,,,,,,,,,,marketing_com,Activites des agences de publicite,EGUILLES,,13,,,,,,,,,,,,,,,,,,,,,,,,,,,,,,,,,,,,,,,,,,,,,,,429959141,42995914100020,73.11Z,,,,,,,,,,,sirene,
NETSTARTER,,,a contacter,,,,,,,,,,,,marketing_com,Activites des agences de publicite,LE MANS,,72,,,,,,,,,,,,,,,,,,,,,,,,,,,,,,,,,,,,,,,,,,,,,,,880091459,88009145900011,73.11Z,,,,,,,,,,,sirene,
NETWORK REACH VISIBILITY,,,a contacter,,,,,,,,,,,,marketing_com,Conseil en relations publiques et communication,TOULOUSE,,31,,,,,,,,,,,,,,,,,,,,,,,,,,,,,,,,,,,,,,,,,,,,,,,813796794,81379679400036,70.21Z,,,,,,,,,,,sirene,
NEVEN,,,a contacter,,,,,,,,,,,,marketing_com,Conseil en relations publiques et communication,NANTES,,44,,,,,,,,,,,,,,,,,,,,,,,,,,,,,,,,,,,,,,,,,,,,,,,841188865,84118886500023,70.21Z,,,,,,,,,,,sirene,
NEW BUSINESS,,,a contacter,,,,,,,,,,,,marketing_com,Activites des agences de publicite,LEVALLOIS-PERRET,,92,,,,,,,,,,,,,,,,,,,,,,,,,,,,,,,,,,,,,,,,,,,,,,,313195422,31319542200032,73.11Z,,,,,,,,,,,sirene,
NEW COMPACT COMMUNICATION,,,a contacter,,,,,,,,,,,,marketing_com,Activites des agences de publicite,BEGLES,,33,,,,,,,,,,,,,,,,,,,,,,,,,,,,,,,,,,,,,,,,,,,,,,,899158588,89915858800033,73.11Z,,,,,,,,,,,sirene,
NEW EVENT TECHNOLOGY,,,a contacter,,,,,,,,,,,,marketing_com,Conseil en relations publiques et communication,BOULOGNE-BILLANCOURT,,92,,,,,,,,,,,,,,,,,,,,,,,,,,,,,,,,,,,,,,,,,,,,,,,800273518,80027351800020,70.21Z,,,,,,,,,,,sirene,
NEW GENERATION AGENCY,,,a contacter,,,,,,,,,,,,marketing_com,Activites des agences de publicite,PARIS,,75,,,,,,,,,,,,,,,,,,,,,,,,,,,,,,,,,,,,,,,,,,,,,,,793865619,79386561900035,73.11Z,,,,,,,,,,,sirene,
NEW KLUB,,,a contacter,,,,,,,,,,,,marketing_com,Conseil en relations publiques et communication,HEROUVILLE-SAINT-CLAIR,,14,,,,,,,,,,,,,,,,,,,,,,,,,,,,,,,,,,,,,,,,,,,,,,,803699842,80369984200024,70.21Z,,,,,,,,,,,sirene,
NEW LOG SOLUTIONS,,,a contacter,,,,,,,,,,,,marketing_com,Regie publicitaire de medias,FRETIN,,59,,,,,,,,,,,,,,,,,,,,,,,,,,,,,,,,,,,,,,,,,,,,,,,833757156,83375715600025,73.12Z,,,,,,,,,,,sirene,
NEW PLV,,,a contacter,,,,,,,,,,,,marketing_com,Activites des agences de publicite,MONT-DEVANT-SASSEY,,55,,,,,,,,,,,,,,,,,,,,,,,,,,,,,,,,,,,,,,,,,,,,,,,488896119,48889611900051,73.11Z,,,,,,,,,,,sirene,
NEW PUB ENSEIGNES,,,a contacter,,,,,,,,,,,,marketing_com,Activites des agences de publicite,BUSSY-SAINT-MARTIN,,77,,,,,,,,,,,,,,,,,,,,,,,,,,,,,,,,,,,,,,,,,,,,,,,399345560,39934556000037,73.11Z,,,,,,,,,,,sirene,
NEW VENISE,,,a contacter,,,,,,,,,,,,marketing_com,Activites des agences de publicite,BOULOGNE-BILLANCOURT,,92,,,,,,,,,,,,,,,,,,,,,,,,,,,,,,,,,,,,,,,,,,,,,,,797421872,79742187200020,73.11Z,,,,,,,,,,,sirene,
NEW-COLOR,,,a contacter,,,,,,,,,,,,marketing_com,Activites des agences de publicite,VERRIERES-EN-ANJOU,,49,,,,,,,,,,,,,,,,,,,,,,,,,,,,,,,,,,,,,,,,,,,,,,,402445761,40244576100057,73.11Z,,,,,,,,,,,sirene,
NEWDAY,,,a contacter,,,,,,,,,,,,marketing_com,Conseil en relations publiques et communication,LIMONEST,,69,,,,,,,,,,,,,,,,,,,,,,,,,,,,,,,,,,,,,,,,,,,,,,,982446312,98244631200018,70.21Z,,,,,,,,,,,sirene,
NEWSCREEN,,,a contacter,,,,,,,,,,,,marketing_com,Activites des agences de publicite,PARIS,,75,,,,,,,,,,,,,,,,,,,,,,,,,,,,,,,,,,,,,,,,,,,,,,,840700694,84070069400036,73.11Z,,,,,,,,,,,sirene,
NEWSPRINT PRODUCTION GROUP LIMITED,,,a contacter,,,,,,,,,,,,marketing_com,Activites des agences de publicite,,,,,,,,,,,,,,,,,,,,,,,,,,,,,,,,,,,,,,,,,,,,,,,,,,450917109,45091710900016,73.11Z,,,,,,,,,,,sirene,
NEWTON CONCEPT,,,a contacter,,,,,,,,,,,,marketing_com,Activites des agences de publicite,PERPIGNAN,,66,,,,,,,,,,,,,,,,,,,,,,,,,,,,,,,,,,,,,,,,,,,,,,,514646264,51464626400044,73.11Z,,,,,,,,,,,sirene,
NEWZEALAND,,,a contacter,,,,,,,,,,,,marketing_com,Activites des agences de publicite,LYON,,69,,,,,,,,,,,,,,,,,,,,,,,,,,,,,,,,,,,,,,,,,,,,,,,490505799,49050579900034,73.11Z,,,,,,,,,,,sirene,
NEX & COM,,,a contacter,,,,,,,,,,,,marketing_com,Activites des agences de publicite,PARIS,,75,,,,,,,,,,,,,,,,,,,,,,,,,,,,,,,,,,,,,,,,,,,,,,,339751885,33975188500064,73.11Z,,,,,,,,,,,sirene,
NEXT MEDIA SOLUTIONS,,,a contacter,,,,,,,,,,,,marketing_com,Regie publicitaire de medias,PARIS 15,,75,,,,,,,,,,,,,,,,,,,,,,,,,,,,,,,,,,,,,,,,,,,,,,,490746112,49074611200047,73.12Z,,,,,,,,,,,sirene,
NEXT ONE,,,a contacter,,,,,,,,,,,,marketing_com,Regie publicitaire de medias,LA MOTTE-SERVOLEX,,73,,,,,,,,,,,,,,,,,,,,,,,,,,,,,,,,,,,,,,,,,,,,,,,432996874,43299687400033,73.12Z,,,,,,,,,,,sirene,
NEXTOCOM,,,a contacter,,,,,,,,,,,,marketing_com,Activites des agences de publicite,NEUILLY-SUR-SEINE,,92,,,,,,,,,,,,,,,,,,,,,,,,,,,,,,,,,,,,,,,,,,,,,,,502205032,50220503200027,73.11Z,,,,,,,,,,,sirene,
NGA,,,a contacter,,,,,,,,,,,,marketing_com,Activites des agences de publicite,PARAY-LE-MONIAL,,71,,,,,,,,,,,,,,,,,,,,,,,,,,,,,,,,,,,,,,,,,,,,,,,379840960,37984096000023,73.11Z,,,,,,,,,,,sirene,
NIGHTFALL,,,a contacter,,,,,,,,,,,,marketing_com,Conseil en relations publiques et communication,ANGERS,,49,,,,,,,,,,,,,,,,,,,,,,,,,,,,,,,,,,,,,,,,,,,,,,,880973508,88097350800018,70.21Z,,,,,,,,,,,sirene,
NIKITA,,,a contacter,,,,,,,,,,,,marketing_com,Activites des agences de publicite,LILLE,,59,,,,,,,,,,,,,,,,,,,,,,,,,,,,,,,,,,,,,,,,,,,,,,,382728087,38272808700059,73.11Z,,,,,,,,,,,sirene,
NIKITA PUBLICITE,,,a contacter,,,,,,,,,,,,marketing_com,Activites des agences de publicite,MONTAUBAN,,82,,,,,,,,,,,,,,,,,,,,,,,,,,,,,,,,,,,,,,,,,,,,,,,321762882,32176288200058,73.11Z,,,,,,,,,,,sirene,
NO NAME,,,a contacter,,,,,,,,,,,,marketing_com,Activites des agences de publicite,JOINVILLE-LE-PONT,,94,,,,,,,,,,,,,,,,,,,,,,,,,,,,,,,,,,,,,,,,,,,,,,,493517445,49351744500042,73.11Z,,,,,,,,,,,sirene,
NOA BENGHOZI,,,a contacter,,,,,,,,,,,,marketing_com,Conseil en relations publiques et communication,NICE,,06,,,,,,,,,,,,,,,,,,,,,,,,,,,,,,,,,,,,,,,,,,,,,,,894090158,89409015800029,70.21Z,,,,,,,,,,,sirene,
NOALIA,,,a contacter,,,,,,,,,,,,marketing_com,Activites des agences de publicite,NOGENT-SUR-MARNE,,94,,,,,,,,,,,,,,,,,,,,,,,,,,,,,,,,,,,,,,,,,,,,,,,499922078,49992207800013,73.11Z,,,,,,,,,,,sirene,
NOBILITO,,,a contacter,,,,,,,,,,,,marketing_com,Conseil en relations publiques et communication,NANTES,,44,,,,,,,,,,,,,,,,,,,,,,,,,,,,,,,,,,,,,,,,,,,,,,,500547260,50054726000041,70.21Z,,,,,,,,,,,sirene,
NOBORA,,,a contacter,,,,,,,,,,,,marketing_com,Conseil en relations publiques et communication,PARIS,,75,,,,,,,,,,,,,,,,,,,,,,,,,,,,,,,,,,,,,,,,,,,,,,,799847926,79984792600042,70.21Z,,,,,,,,,,,sirene,
NOCHICHI,,,a contacter,,,,,,,,,,,,marketing_com,Conseil en relations publiques et communication,PARIS,,75,,,,,,,,,,,,,,,,,,,,,,,,,,,,,,,,,,,,,,,,,,,,,,,892786047,89278604700019,70.21Z,,,,,,,,,,,sirene,
NOCTAMPUB,,,a contacter,,,,,,,,,,,,marketing_com,Activites des agences de publicite,VANNES,,56,,,,,,,,,,,,,,,,,,,,,,,,,,,,,,,,,,,,,,,,,,,,,,,422985184,42298518400031,73.11Z,,,,,,,,,,,sirene,
NODI MERAKI,,,a contacter,,,,,,,,,,,,marketing_com,Activites des agences de publicite,ROUBAIX,,59,,,,,,,,,,,,,,,,,,,,,,,,,,,,,,,,,,,,,,,,,,,,,,,801990904,80199090400030,73.11Z,,,,,,,,,,,sirene,
NOEUD PAP,,,a contacter,,,,,,,,,,,,marketing_com,Activites des agences de publicite,L'UNION,,31,,,,,,,,,,,,,,,,,,,,,,,,,,,,,,,,,,,,,,,,,,,,,,,750736969,75073696900031,73.11Z,,,,,,,,,,,sirene,
NOHE AGENCY,,,a contacter,,,,,,,,,,,,marketing_com,Conseil en relations publiques et communication,COURCAY,,37,,,,,,,,,,,,,,,,,,,,,,,,,,,,,,,,,,,,,,,,,,,,,,,829922541,82992254100026,70.21Z,,,,,,,,,,,sirene,
NOIISE,,,a contacter,,,,,,,,,,,,marketing_com,Activites des agences de publicite,LYON,,69,,,,,,,,,,,,,,,,,,,,,,,,,,,,,,,,,,,,,,,,,,,,,,,798121422,79812142200108,73.11Z,,,,,,,,,,,sirene,
NOIIZY,,,a contacter,,,,,,,,,,,,marketing_com,Conseil en relations publiques et communication,STRASBOURG,,67,,,,,,,,,,,,,,,,,,,,,,,,,,,,,,,,,,,,,,,,,,,,,,,849121819,84912181900049,70.21Z,,,,,,,,,,,sirene,
NOIR IVOIRE,,,a contacter,,,,,,,,,,,,marketing_com,Activites des agences de publicite,COLLEGIEN,,77,,,,,,,,,,,,,,,,,,,,,,,,,,,,,,,,,,,,,,,,,,,,,,,408465060,40846506000056,73.11Z,,,,,,,,,,,sirene,
NOMAD EDUCATION,,,a contacter,,,,,,,,,,,,marketing_com,Activites des agences de publicite,PARIS,,75,,,,,,,,,,,,,,,,,,,,,,,,,,,,,,,,,,,,,,,,,,,,,,,533327128,53332712800054,73.11Z,,,,,,,,,,,sirene,
NOMAD RP,,,a contacter,,,,,,,,,,,,marketing_com,Conseil en relations publiques et communication,PARIS,,75,,,,,,,,,,,,,,,,,,,,,,,,,,,,,,,,,,,,,,,,,,,,,,,852762988,85276298800032,70.21Z,,,,,,,,,,,sirene,
NOMADS,,,a contacter,,,,,,,,,,,,marketing_com,Conseil en relations publiques et communication,LILLE,,59,,,,,,,,,,,,,,,,,,,,,,,,,,,,,,,,,,,,,,,,,,,,,,,524422318,52442231800021,70.21Z,,,,,,,,,,,sirene,
NOMEN INTERNATIONAL,,,a contacter,,,,,,,,,,,,marketing_com,Conseil en relations publiques et communication,PARIS,,75,,,,,,,,,,,,,,,,,,,,,,,,,,,,,,,,,,,,,,,,,,,,,,,333344687,33334468700061,70.21Z,,,,,,,,,,,sirene,
NORD COVER,,,a contacter,,,,,,,,,,,,marketing_com,Activites des agences de publicite,VALENCIENNES,,59,,,,,,,,,,,,,,,,,,,,,,,,,,,,,,,,,,,,,,,,,,,,,,,909400079,90940007900028,73.11Z,,,,,,,,,,,sirene,
NORD-IMAGE,,,a contacter,,,,,,,,,,,,marketing_com,Conseil en relations publiques et communication,ABBEVILLE,,80,,,,,,,,,,,,,,,,,,,,,,,,,,,,,,,,,,,,,,,,,,,,,,,435150271,43515027100029,70.21Z,,,,,,,,,,,sirene,
NORMANDIE CONSEIL MEDIAS,,,a contacter,,,,,,,,,,,,marketing_com,Regie publicitaire de medias,ROUEN,,76,,,,,,,,,,,,,,,,,,,,,,,,,,,,,,,,,,,,,,,,,,,,,,,824485270,82448527000097,73.12Z,,,,,,,,,,,sirene,
NORSE AGENCY,,,a contacter,,,,,,,,,,,,marketing_com,Activites des agences de publicite,PARIS,,75,,,,,,,,,,,,,,,,,,,,,,,,,,,,,,,,,,,,,,,,,,,,,,,851104992,85110499200025,73.11Z,,,,,,,,,,,sirene,
NORTH COMMUNICATION,,,a contacter,,,,,,,,,,,,marketing_com,Conseil en relations publiques et communication,PARIS,,75,,,,,,,,,,,,,,,,,,,,,,,,,,,,,,,,,,,,,,,,,,,,,,,512082520,51208252000036,70.21Z,,,,,,,,,,,sirene,
NOTCH UP,,,a contacter,,,,,,,,,,,,marketing_com,Activites des agences de publicite,NANTES,,44,,,,,,,,,,,,,,,,,,,,,,,,,,,,,,,,,,,,,,,,,,,,,,,334024528,33402452800112,73.11Z,,,,,,,,,,,sirene,
NOTE BLEUE,,,a contacter,,,,,,,,,,,,marketing_com,Activites des agences de publicite,POUCHARRAMET,,31,,,,,,,,,,,,,,,,,,,,,,,,,,,,,,,,,,,,,,,,,,,,,,,390231470,39023147000027,73.11Z,,,,,,,,,,,sirene,
NOTIFY,,,a contacter,,,,,,,,,,,,marketing_com,Activites des agences de publicite,PARIS,,75,,,,,,,,,,,,,,,,,,,,,,,,,,,,,,,,,,,,,,,,,,,,,,,490992948,49099294800052,73.11Z,,,,,,,,,,,sirene,
NOTORIA COMMUNICATION,,,a contacter,,,,,,,,,,,,marketing_com,Activites des agences de publicite,OSTWALD,,67,,,,,,,,,,,,,,,,,,,,,,,,,,,,,,,,,,,,,,,,,,,,,,,409403292,40940329200033,73.11Z,,,,,,,,,,,sirene,
NOUVEAU MONDE,,,a contacter,,,,,,,,,,,,marketing_com,Activites des agences de publicite,LYON,,69,,,,,,,,,,,,,,,,,,,,,,,,,,,,,,,,,,,,,,,,,,,,,,,387471485,38747148500020,73.11Z,,,,,,,,,,,sirene,
NOUVELLE COUR,,,a contacter,,,,,,,,,,,,marketing_com,Conseil en relations publiques et communication,SAINT-OUEN-SUR-SEINE,,93,,,,,,,,,,,,,,,,,,,,,,,,,,,,,,,,,,,,,,,,,,,,,,,492725437,49272543700031,70.21Z,,,,,,,,,,,sirene,
NOUVELLE GENERATION PRODUCTION,,,a contacter,,,,,,,,,,,,marketing_com,Activites des agences de publicite,PARIS,,75,,,,,,,,,,,,,,,,,,,,,,,,,,,,,,,,,,,,,,,,,,,,,,,818846503,81884650300030,73.11Z,,,,,,,,,,,sirene,
NOUVELLE VAGUE,,,a contacter,,,,,,,,,,,,marketing_com,Activites des agences de publicite,NANTES,,44,,,,,,,,,,,,,,,,,,,,,,,,,,,,,,,,,,,,,,,,,,,,,,,339786493,33978649300066,73.11Z,,,,,,,,,,,sirene,
NOUVELLE VISION COMMUNICATION,,,a contacter,,,,,,,,,,,,marketing_com,Activites des agences de publicite,MARSEILLE,,13,,,,,,,,,,,,,,,,,,,,,,,,,,,,,,,,,,,,,,,,,,,,,,,415402858,41540285800013,73.11Z,,,,,,,,,,,sirene,
NOUVELLES VOIX,,,a contacter,,,,,,,,,,,,marketing_com,Conseil en relations publiques et communication,NOGENT-SUR-MARNE,,94,,,,,,,,,,,,,,,,,,,,,,,,,,,,,,,,,,,,,,,,,,,,,,,892604315,89260431500010,70.21Z,,,,,,,,,,,sirene,
NOV'ACTION,,,a contacter,,,,,,,,,,,,marketing_com,Activites des agences de publicite,BOUC-BEL-AIR,,13,,,,,,,,,,,,,,,,,,,,,,,,,,,,,,,,,,,,,,,,,,,,,,,444950547,44495054700067,73.11Z,,,,,,,,,,,sirene,
NOVABOX,,,a contacter,,,,,,,,,,,,marketing_com,Activites des agences de publicite,ROCHECORBON,,37,,,,,,,,,,,,,,,,,,,,,,,,,,,,,,,,,,,,,,,,,,,,,,,491700993,49170099300042,73.11Z,,,,,,,,,,,sirene,
NOVACTION PROVENTE,,,a contacter,,,,,,,,,,,,marketing_com,Activites des agences de publicite,BOUC-BEL-AIR,,13,,,,,,,,,,,,,,,,,,,,,,,,,,,,,,,,,,,,,,,,,,,,,,,851963926,85196392600023,73.11Z,,,,,,,,,,,sirene,
NOVELUS,,,a contacter,,,,,,,,,,,,marketing_com,Activites des agences de publicite,LUNEL,,34,,,,,,,,,,,,,,,,,,,,,,,,,,,,,,,,,,,,,,,,,,,,,,,504763111,50476311100029,73.11Z,,,,,,,,,,,sirene,
NOVEMBRE,,,a contacter,,,,,,,,,,,,marketing_com,Activites des agences de publicite,STRASBOURG,,67,,,,,,,,,,,,,,,,,,,,,,,,,,,,,,,,,,,,,,,,,,,,,,,381273788,38127378800111,73.11Z,,,,,,,,,,,sirene,
NOVO,,,a contacter,,,,,,,,,,,,marketing_com,Conseil en relations publiques et communication,TOULOUSE,,31,,,,,,,,,,,,,,,,,,,,,,,,,,,,,,,,,,,,,,,,,,,,,,,478077852,47807785200042,70.21Z,,,,,,,,,,,sirene,
NOWOOO,,,a contacter,,,,,,,,,,,,marketing_com,Conseil en relations publiques et communication,PAU,,64,,,,,,,,,,,,,,,,,,,,,,,,,,,,,,,,,,,,,,,,,,,,,,,494397631,49439763100057,70.21Z,,,,,,,,,,,sirene,
NRJ GLOBAL,,,a contacter,,,,,,,,,,,,marketing_com,Regie publicitaire de medias,PARIS,,75,,,,,,,,,,,,,,,,,,,,,,,,,,,,,,,,,,,,,,,,,,,,,,,329255137,32925513700054,73.12Z,,,,,,,,,,,sirene,
NS-CONSEIL,,,a contacter,,,,,,,,,,,,marketing_com,Conseil en relations publiques et communication,MERIGNAC,,33,,,,,,,,,,,,,,,,,,,,,,,,,,,,,,,,,,,,,,,,,,,,,,,519408140,51940814000092,70.21Z,,,,,,,,,,,sirene,
NSK,,,a contacter,,,,,,,,,,,,marketing_com,Activites des agences de publicite,QUETIGNY,,21,,,,,,,,,,,,,,,,,,,,,,,,,,,,,,,,,,,,,,,,,,,,,,,814060307,81406030700026,73.11Z,,,,,,,,,,,sirene,
NUDE,,,a contacter,,,,,,,,,,,,marketing_com,Activites des agences de publicite,PARIS,,75,,,,,,,,,,,,,,,,,,,,,,,,,,,,,,,,,,,,,,,,,,,,,,,442960555,44296055500070,73.11Z,,,,,,,,,,,sirene,
NUMERIDIA,,,a contacter,,,,,,,,,,,,marketing_com,Activites des agences de publicite,BONDUES,,59,,,,,,,,,,,,,,,,,,,,,,,,,,,,,,,,,,,,,,,,,,,,,,,789403482,78940348200027,73.11Z,,,,,,,,,,,sirene,
NUMERIXIS.COM,,,a contacter,,,,,,,,,,,,marketing_com,Activites des agences de publicite,NEUVILLE-DE-POITOU,,86,,,,,,,,,,,,,,,,,,,,,,,,,,,,,,,,,,,,,,,,,,,,,,,497741488,49774148800033,73.11Z,,,,,,,,,,,sirene,
NUMERO 6,,,a contacter,,,,,,,,,,,,marketing_com,Activites des agences de publicite,LA CIOTAT,,13,,,,,,,,,,,,,,,,,,,,,,,,,,,,,,,,,,,,,,,,,,,,,,,534616453,53461645300039,73.11Z,,,,,,,,,,,sirene,
NW CONSEIL,,,a contacter,,,,,,,,,,,,marketing_com,Activites des agences de publicite,MARCQ-EN-BARŒUL,,59,,,,,,,,,,,,,,,,,,,,,,,,,,,,,,,,,,,,,,,,,,,,,,,808651111,80865111100011,73.11Z,,,,,,,,,,,sirene,
NWAY,,,a contacter,,,,,,,,,,,,marketing_com,Conseil en relations publiques et communication,ROUEN,,76,,,,,,,,,,,,,,,,,,,,,,,,,,,,,,,,,,,,,,,,,,,,,,,880777297,88077729700024,70.21Z,,,,,,,,,,,sirene,
O CONNECTION,,,a contacter,,,,,,,,,,,,marketing_com,Activites des agences de publicite,NEUILLY-SUR-SEINE,,92,,,,,,,,,,,,,,,,,,,,,,,,,,,,,,,,,,,,,,,,,,,,,,,513299529,51329952900067,73.11Z,,,,,,,,,,,sirene,
O PUISSANCE 4,,,a contacter,,,,,,,,,,,,marketing_com,Activites des agences de publicite,SAUSHEIM,,68,,,,,,,,,,,,,,,,,,,,,,,,,,,,,,,,,,,,,,,,,,,,,,,489780577,48978057700032,73.11Z,,,,,,,,,,,sirene,
O STUDIO,,,a contacter,,,,,,,,,,,,marketing_com,Activites des agences de publicite,VANNES,,56,,,,,,,,,,,,,,,,,,,,,,,,,,,,,,,,,,,,,,,,,,,,,,,825096779,82509677900012,73.11Z,,,,,,,,,,,sirene,
O'COMMUNICATION,,,a contacter,,,,,,,,,,,,marketing_com,Activites des agences de publicite,PUTEAUX,,92,,,,,,,,,,,,,,,,,,,,,,,,,,,,,,,,,,,,,,,,,,,,,,,479404865,47940486500038,73.11Z,,,,,,,,,,,sirene,
OBJECTIF ACADEMIE,,,a contacter,,,,,,,,,,,,marketing_com,Activites des agences de publicite,MARSEILLE,,13,,,,,,,,,,,,,,,,,,,,,,,,,,,,,,,,,,,,,,,,,,,,,,,910134998,91013499800020,73.11Z,,,,,,,,,,,sirene,
OBJECTIF MAINTENANCE CONSTRUCTION,,,a contacter,,,,,,,,,,,,marketing_com,Activites des agences de publicite,SAINT-MARTIN-D'HERES,,38,,,,,,,,,,,,,,,,,,,,,,,,,,,,,,,,,,,,,,,,,,,,,,,443932694,44393269400039,73.11Z,,,,,,,,,,,sirene,
OBSEQUES EN FRANCE,,,a contacter,,,,,,,,,,,,marketing_com,Activites des agences de publicite,AVESNELLES,,59,,,,,,,,,,,,,,,,,,,,,,,,,,,,,,,,,,,,,,,,,,,,,,,791603772,79160377200025,73.11Z,,,,,,,,,,,sirene,
OBVLAG ENTERTAINMENT,,,a contacter,,,,,,,,,,,,marketing_com,Conseil en relations publiques et communication,PARIS,,75,,,,,,,,,,,,,,,,,,,,,,,,,,,,,,,,,,,,,,,,,,,,,,,524567443,52456744300030,70.21Z,,,,,,,,,,,sirene,
OCEAN COMMUNICATION,,,a contacter,,,,,,,,,,,,marketing_com,Activites des agences de publicite,BOURG-ACHARD,,27,,,,,,,,,,,,,,,,,,,,,,,,,,,,,,,,,,,,,,,,,,,,,,,821381852,82138185200051,73.11Z,,,,,,,,,,,sirene,
OCEAN'S PUBLICITE,,,a contacter,,,,,,,,,,,,marketing_com,Activites des agences de publicite,GRAYAN-ET-L'HOPITAL,,33,,,,,,,,,,,,,,,,,,,,,,,,,,,,,,,,,,,,,,,,,,,,,,,828761890,82876189000015,73.11Z,,,,,,,,,,,sirene,
OCEBO,,,a contacter,,,,,,,,,,,,marketing_com,Activites des agences de publicite,LYON,,69,,,,,,,,,,,,,,,,,,,,,,,,,,,,,,,,,,,,,,,,,,,,,,,478627995,47862799500093,73.11Z,,,,,,,,,,,sirene,
OCEP OFFICE DE CREATIONS ET D EDITIONS PUBLICITAIRES,,,a contacter,,,,,,,,,,,,marketing_com,Activites des agences de publicite,CHARENTON-LE-PONT,,94,,,,,,,,,,,,,,,,,,,,,,,,,,,,,,,,,,,,,,,,,,,,,,,319116265,31911626500053,73.11Z,,,,,,,,,,,sirene,
OCI SERVICES SUPPORT,,,a contacter,,,,,,,,,,,,marketing_com,Conseil en relations publiques et communication,MUNDOLSHEIM,,67,,,,,,,,,,,,,,,,,,,,,,,,,,,,,,,,,,,,,,,,,,,,,,,877688804,87768880400013,70.21Z,,,,,,,,,,,sirene,
OCTA'COM,,,a contacter,,,,,,,,,,,,marketing_com,Activites des agences de publicite,ANDREZIEUX-BOUTHEON,,42,,,,,,,,,,,,,,,,,,,,,,,,,,,,,,,,,,,,,,,,,,,,,,,820781201,82078120100034,73.11Z,,,,,,,,,,,sirene,
OCTAVE,,,a contacter,,,,,,,,,,,,marketing_com,Activites des agences de publicite,TOURNAN-EN-BRIE,,77,,,,,,,,,,,,,,,,,,,,,,,,,,,,,,,,,,,,,,,,,,,,,,,505027631,50502763100017,73.11Z,,,,,,,,,,,sirene,
OCTOBRE SARL,,,a contacter,,,,,,,,,,,,marketing_com,Activites des agences de publicite,MORLAIX,,29,,,,,,,,,,,,,,,,,,,,,,,,,,,,,,,,,,,,,,,,,,,,,,,333672780,33367278000025,73.11Z,,,,,,,,,,,sirene,
OCTOPUS COMMUNICATION,,,a contacter,,,,,,,,,,,,marketing_com,Conseil en relations publiques et communication,CLERMONT-FERRAND,,63,,,,,,,,,,,,,,,,,,,,,,,,,,,,,,,,,,,,,,,,,,,,,,,539356154,53935615400044,70.21Z,,,,,,,,,,,sirene,
ODALIS,,,a contacter,,,,,,,,,,,,marketing_com,Regie publicitaire de medias,LE PLESSIS-BELLEVILLE,,60,,,,,,,,,,,,,,,,,,,,,,,,,,,,,,,,,,,,,,,,,,,,,,,428629521,42862952100033,73.12Z,,,,,,,,,,,sirene,
ODILE DERAY,,,a contacter,,,,,,,,,,,,marketing_com,Conseil en relations publiques et communication,TOULOUSE,,31,,,,,,,,,,,,,,,,,,,,,,,,,,,,,,,,,,,,,,,,,,,,,,,902511419,90251141900027,70.21Z,,,,,,,,,,,sirene,
OEIL DEVILLE,,,a contacter,,,,,,,,,,,,marketing_com,Activites des agences de publicite,SAINT-ETIENNE,,42,,,,,,,,,,,,,,,,,,,,,,,,,,,,,,,,,,,,,,,,,,,,,,,788597581,78859758100024,73.11Z,,,,,,,,,,,sirene,
OFFICE DE PUBLICATIONS ADMINISTRATIVES ET SOCIALES,,,a contacter,,,,,,,,,,,,marketing_com,Regie publicitaire de medias,PARIS,,75,,,,,,,,,,,,,,,,,,,,,,,,,,,,,,,,,,,,,,,,,,,,,,,333953123,33395312300119,73.12Z,,,,,,,,,,,sirene,
OFFICE DE TOURISME VALLEE DE L AULPS,,,a contacter,,,,,,,,,,,,marketing_com,Regie publicitaire de medias,SAINT-JEAN-D'AULPS,,74,,,,,,,,,,,,,,,,,,,,,,,,,,,,,,,,,,,,,,,,,,,,,,,488106915,48810691500025,73.12Z,,,,,,,,,,,sirene,
OFFICIEL PREVENTION,,,a contacter,,,,,,,,,,,,marketing_com,Activites des agences de publicite,VALENCE,,26,,,,,,,,,,,,,,,,,,,,,,,,,,,,,,,,,,,,,,,,,,,,,,,492380522,49238052200028,73.11Z,,,,,,,,,,,sirene,
OFFICIELCE,,,a contacter,,,,,,,,,,,,marketing_com,Activites des agences de publicite,VALENCE,,26,,,,,,,,,,,,,,,,,,,,,,,,,,,,,,,,,,,,,,,,,,,,,,,482961927,48296192700035,73.11Z,,,,,,,,,,,sirene,
OFFRES COMITE D'ENTREPRISE,,,a contacter,,,,,,,,,,,,marketing_com,Regie publicitaire de medias,PARIS,,75,,,,,,,,,,,,,,,,,,,,,,,,,,,,,,,,,,,,,,,,,,,,,,,827711136,82771113600024,73.12Z,,,,,,,,,,,sirene,
OFFSIDE,,,a contacter,,,,,,,,,,,,marketing_com,Conseil en relations publiques et communication,SAINT-GEORGES-LES-BAILLARGEAUX,,86,,,,,,,,,,,,,,,,,,,,,,,,,,,,,,,,,,,,,,,,,,,,,,,847709680,84770968000015,70.21Z,,,,,,,,,,,sirene,
OFFSIDE SARL,,,a contacter,,,,,,,,,,,,marketing_com,Conseil en relations publiques et communication,COURBEVOIE,,92,,,,,,,,,,,,,,,,,,,,,,,,,,,,,,,,,,,,,,,,,,,,,,,501300131,50130013100015,70.21Z,,,,,,,,,,,sirene,
OGILVY PARIS,,,a contacter,,,,,,,,,,,,marketing_com,Activites des agences de publicite,LEVALLOIS-PERRET,,92,,,,,,,,,,,,,,,,,,,,,,,,,,,,,,,,,,,,,,,,,,,,,,,342631207,34263120700079,73.11Z,,,,,,,,,,,sirene,
OGS,,,a contacter,,,,,,,,,,,,marketing_com,Activites des agences de publicite,BOULOGNE-BILLANCOURT,,92,,,,,,,,,,,,,,,,,,,,,,,,,,,,,,,,,,,,,,,,,,,,,,,799173307,79917330700023,73.11Z,,,,,,,,,,,sirene,
OGUEST EVENTS,,,a contacter,,,,,,,,,,,,marketing_com,Conseil en relations publiques et communication,PARIS,,75,,,,,,,,,,,,,,,,,,,,,,,,,,,,,,,,,,,,,,,,,,,,,,,507742245,50774224500016,70.21Z,,,,,,,,,,,sirene,
OGURY FRANCE,,,a contacter,,,,,,,,,,,,marketing_com,Activites des agences de publicite,PARIS,,75,,,,,,,,,,,,,,,,,,,,,,,,,,,,,,,,,,,,,,,,,,,,,,,807974902,80797490200031,73.11Z,,,,,,,,,,,sirene,
OH   STUDIO,,,a contacter,,,,,,,,,,,,marketing_com,Activites des agences de publicite,SAINT-ETIENNE,,42,,,,,,,,,,,,,,,,,,,,,,,,,,,,,,,,,,,,,,,,,,,,,,,501947204,50194720400035,73.11Z,,,,,,,,,,,sirene,
OH MY COM,,,a contacter,,,,,,,,,,,,marketing_com,Conseil en relations publiques et communication,CAILLOUX-SUR-FONTAINES,,69,,,,,,,,,,,,,,,,,,,,,,,,,,,,,,,,,,,,,,,,,,,,,,,517488052,51748805200047,70.21Z,,,,,,,,,,,sirene,
OH MY PRINT,,,a contacter,,,,,,,,,,,,marketing_com,Activites des agences de publicite,CAILLOUX-SUR-FONTAINES,,69,,,,,,,,,,,,,,,,,,,,,,,,,,,,,,,,,,,,,,,,,,,,,,,853149375,85314937500026,73.11Z,,,,,,,,,,,sirene,
OKEV,,,a contacter,,,,,,,,,,,,marketing_com,Activites des agences de publicite,PARIS,,75,,,,,,,,,,,,,,,,,,,,,,,,,,,,,,,,,,,,,,,,,,,,,,,893186940,89318694000027,73.11Z,,,,,,,,,,,sirene,
OKTO MEDIA,,,a contacter,,,,,,,,,,,,marketing_com,Regie publicitaire de medias,MARSEILLE,,13,,,,,,,,,,,,,,,,,,,,,,,,,,,,,,,,,,,,,,,,,,,,,,,894031863,89403186300018,73.12Z,,,,,,,,,,,sirene,
OLEPSYS,,,a contacter,,,,,,,,,,,,marketing_com,Activites des agences de publicite,ANGERS,,49,,,,,,,,,,,,,,,,,,,,,,,,,,,,,,,,,,,,,,,,,,,,,,,808182943,80818294300072,73.11Z,,,,,,,,,,,sirene,
OMBLINE,,,a contacter,,,,,,,,,,,,marketing_com,Activites des agences de publicite,MARSEILLE,,13,,,,,,,,,,,,,,,,,,,,,,,,,,,,,,,,,,,,,,,,,,,,,,,388795437,38879543700036,73.11Z,,,,,,,,,,,sirene,
OMEDIA,,,a contacter,,,,,,,,,,,,marketing_com,Activites des agences de publicite,PARIS,,75,,,,,,,,,,,,,,,,,,,,,,,,,,,,,,,,,,,,,,,,,,,,,,,385015755,38501575500056,73.11Z,,,,,,,,,,,sirene,
OMERYS,,,a contacter,,,,,,,,,,,,marketing_com,Conseil en relations publiques et communication,LES ABYMES,,971,,,,,,,,,,,,,,,,,,,,,,,,,,,,,,,,,,,,,,,,,,,,,,,498289560,49828956000035,70.21Z,,,,,,,,,,,sirene,
OMLLE,,,a contacter,,,,,,,,,,,,marketing_com,Conseil en relations publiques et communication,CANET-EN-ROUSSILLON,,66,,,,,,,,,,,,,,,,,,,,,,,,,,,,,,,,,,,,,,,,,,,,,,,848387494,84838749400018,70.21Z,,,,,,,,,,,sirene,
OMNI CINE,,,a contacter,,,,,,,,,,,,marketing_com,Regie publicitaire de medias,SAINT-ROMAIN-DE-COLBOSC,,76,,,,,,,,,,,,,,,,,,,,,,,,,,,,,,,,,,,,,,,,,,,,,,,538627191,53862719100041,73.12Z,,,,,,,,,,,sirene,
OMNICOM PUBLIC RELATIONS GROUP,,,a contacter,,,,,,,,,,,,marketing_com,Conseil en relations publiques et communication,PARIS,,75,,,,,,,,,,,,,,,,,,,,,,,,,,,,,,,,,,,,,,,,,,,,,,,414079251,41407925100099,70.21Z,,,,,,,,,,,sirene,
ONE HEART CHANNEL COMMUNICATION,,,a contacter,,,,,,,,,,,,marketing_com,Conseil en relations publiques et communication,PUTEAUX,,92,,,,,,,,,,,,,,,,,,,,,,,,,,,,,,,,,,,,,,,,,,,,,,,502654239,50265423900057,70.21Z,,,,,,,,,,,sirene,
ONE SARL,,,a contacter,,,,,,,,,,,,marketing_com,Activites des agences de publicite,RIVIERE SALEE,,972,,,,,,,,,,,,,,,,,,,,,,,,,,,,,,,,,,,,,,,,,,,,,,,840709893,84070989300019,73.11Z,,,,,,,,,,,sirene,
ONE YARD,,,a contacter,,,,,,,,,,,,marketing_com,Conseil en relations publiques et communication,PARIS,,75,,,,,,,,,,,,,,,,,,,,,,,,,,,,,,,,,,,,,,,,,,,,,,,801382136,80138213600035,70.21Z,,,,,,,,,,,sirene,
ONESHOTMEDIA,,,a contacter,,,,,,,,,,,,marketing_com,Activites des agences de publicite,CLICHY,,92,,,,,,,,,,,,,,,,,,,,,,,,,,,,,,,,,,,,,,,,,,,,,,,849205539,84920553900034,73.11Z,,,,,,,,,,,sirene,
ONIRIS,,,a contacter,,,,,,,,,,,,marketing_com,Conseil en relations publiques et communication,FRONTON,,31,,,,,,,,,,,,,,,,,,,,,,,,,,,,,,,,,,,,,,,,,,,,,,,842507261,84250726100035,70.21Z,,,,,,,,,,,sirene,
ONLY CONSEIL,,,a contacter,,,,,,,,,,,,marketing_com,Conseil en relations publiques et communication,PARIS,,75,,,,,,,,,,,,,,,,,,,,,,,,,,,,,,,,,,,,,,,,,,,,,,,420577207,42057720700087,70.21Z,,,,,,,,,,,sirene,
OP DESIGN & STAND,,,a contacter,,,,,,,,,,,,marketing_com,Activites des agences de publicite,ARTIGUES-PRES-BORDEAUX,,33,,,,,,,,,,,,,,,,,,,,,,,,,,,,,,,,,,,,,,,,,,,,,,,821229101,82122910100059,73.11Z,,,,,,,,,,,sirene,
OP MARKETING SERVICES,,,a contacter,,,,,,,,,,,,marketing_com,Activites des agences de publicite,SAINT-PAUL,,974,,,,,,,,,,,,,,,,,,,,,,,,,,,,,,,,,,,,,,,,,,,,,,,841859580,84185958000026,73.11Z,,,,,,,,,,,sirene,
OP'TEAM SPIRIT,,,a contacter,,,,,,,,,,,,marketing_com,Activites des agences de publicite,CHARENTON-LE-PONT,,94,,,,,,,,,,,,,,,,,,,,,,,,,,,,,,,,,,,,,,,,,,,,,,,505117507,50511750700010,73.11Z,,,,,,,,,,,sirene,
OPALE STICKER,,,a contacter,,,,,,,,,,,,marketing_com,Activites des agences de publicite,BOULOGNE-SUR-MER,,62,,,,,,,,,,,,,,,,,,,,,,,,,,,,,,,,,,,,,,,,,,,,,,,790004303,79000430300026,73.11Z,,,,,,,,,,,sirene,
OPALINE,,,a contacter,,,,,,,,,,,,marketing_com,Activites des agences de publicite,DOMONT,,95,,,,,,,,,,,,,,,,,,,,,,,,,,,,,,,,,,,,,,,,,,,,,,,439299223,43929922300032,73.11Z,,,,,,,,,,,sirene,
OPALINE,,,a contacter,,,,,,,,,,,,marketing_com,Activites des agences de publicite,SAINT-QUENTIN-FALLAVIER,,38,,,,,,,,,,,,,,,,,,,,,,,,,,,,,,,,,,,,,,,,,,,,,,,440387389,44038738900016,73.11Z,,,,,,,,,,,sirene,
OPEN 2 DIGITAL,,,a contacter,,,,,,,,,,,,marketing_com,Conseil en relations publiques et communication,ASNIERES-SUR-SEINE,,92,,,,,,,,,,,,,,,,,,,,,,,,,,,,,,,,,,,,,,,,,,,,,,,538075730,53807573000027,70.21Z,,,,,,,,,,,sirene,
OPEN 2 EUROPE,,,a contacter,,,,,,,,,,,,marketing_com,Conseil en relations publiques et communication,ASNIERES-SUR-SEINE,,92,,,,,,,,,,,,,,,,,,,,,,,,,,,,,,,,,,,,,,,,,,,,,,,435093869,43509386900046,70.21Z,,,,,,,,,,,sirene,
OPENMEDIAS,,,a contacter,,,,,,,,,,,,marketing_com,Activites des agences de publicite,PARIS,,75,,,,,,,,,,,,,,,,,,,,,,,,,,,,,,,,,,,,,,,,,,,,,,,849100243,84910024300047,73.11Z,,,,,,,,,,,sirene,
OPINION ACT,,,a contacter,,,,,,,,,,,,marketing_com,Activites des agences de publicite,PARIS,,75,,,,,,,,,,,,,,,,,,,,,,,,,,,,,,,,,,,,,,,,,,,,,,,477803647,47780364700064,73.11Z,,,,,,,,,,,sirene,
OPLUS,,,a contacter,,,,,,,,,,,,marketing_com,Activites des agences de publicite,LANCON-PROVENCE,,13,,,,,,,,,,,,,,,,,,,,,,,,,,,,,,,,,,,,,,,,,,,,,,,809707664,80970766400045,73.11Z,,,,,,,,,,,sirene,
OPPIDUM COMMUNICATION,,,a contacter,,,,,,,,,,,,marketing_com,Activites des agences de publicite,ISSOIRE,,63,,,,,,,,,,,,,,,,,,,,,,,,,,,,,,,,,,,,,,,,,,,,,,,502181969,50218196900044,73.11Z,,,,,,,,,,,sirene,
OPR MEDIA,,,a contacter,,,,,,,,,,,,marketing_com,Regie publicitaire de medias,PARIS,,75,,,,,,,,,,,,,,,,,,,,,,,,,,,,,,,,,,,,,,,,,,,,,,,488915257,48891525700031,73.12Z,,,,,,,,,,,sirene,
OPTELO,,,a contacter,,,,,,,,,,,,marketing_com,Activites des agences de publicite,PARIS,,75,,,,,,,,,,,,,,,,,,,,,,,,,,,,,,,,,,,,,,,,,,,,,,,488967878,48896787800072,73.11Z,,,,,,,,,,,sirene,
OPTI BORDEAUX CC,,,a contacter,,,,,,,,,,,,marketing_com,Conseil en relations publiques et communication,LA TESTE-DE-BUCH,,33,,,,,,,,,,,,,,,,,,,,,,,,,,,,,,,,,,,,,,,,,,,,,,,838334415,83833441500018,70.21Z,,,,,,,,,,,sirene,
OPTILIA,,,a contacter,,,,,,,,,,,,marketing_com,Conseil en relations publiques et communication,BRUGES,,33,,,,,,,,,,,,,,,,,,,,,,,,,,,,,,,,,,,,,,,,,,,,,,,792474298,79247429800017,70.21Z,,,,,,,,,,,sirene,
OPTINUM,,,a contacter,,,,,,,,,,,,marketing_com,Activites des agences de publicite,ST JEAN,,31,,,,,,,,,,,,,,,,,,,,,,,,,,,,,,,,,,,,,,,,,,,,,,,790484547,79048454700043,73.11Z,,,,,,,,,,,sirene,
ORA - DOCPROD,,,a contacter,,,,,,,,,,,,marketing_com,Conseil en relations publiques et communication,PARIS,,75,,,,,,,,,,,,,,,,,,,,,,,,,,,,,,,,,,,,,,,,,,,,,,,822997805,82299780500012,70.21Z,,,,,,,,,,,sirene,
ORANGE BLEUE PRODUCTION GRAPHIQUE,,,a contacter,,,,,,,,,,,,marketing_com,Activites des agences de publicite,ANNECY,,74,,,,,,,,,,,,,,,,,,,,,,,,,,,,,,,,,,,,,,,,,,,,,,,452773484,45277348400020,73.11Z,,,,,,,,,,,sirene,
ORBACO,,,a contacter,,,,,,,,,,,,marketing_com,Activites des agences de publicite,LIMOGES,,87,,,,,,,,,,,,,,,,,,,,,,,,,,,,,,,,,,,,,,,,,,,,,,,498767862,49876786200093,73.11Z,,,,,,,,,,,sirene,
ORBIS MEDIA,,,a contacter,,,,,,,,,,,,marketing_com,Conseil en relations publiques et communication,PARIS,,75,,,,,,,,,,,,,,,,,,,,,,,,,,,,,,,,,,,,,,,,,,,,,,,399289594,39928959400042,70.21Z,,,,,,,,,,,sirene,
ORCA - VISION FULL H.P.,,,a contacter,,,,,,,,,,,,marketing_com,Regie publicitaire de medias,VALLAURIS,,06,,,,,,,,,,,,,,,,,,,,,,,,,,,,,,,,,,,,,,,,,,,,,,,424960805,42496080500093,73.12Z,,,,,,,,,,,sirene,
ORCHID CREATION,,,a contacter,,,,,,,,,,,,marketing_com,Conseil en relations publiques et communication,PARIS,,75,,,,,,,,,,,,,,,,,,,,,,,,,,,,,,,,,,,,,,,,,,,,,,,539482356,53948235600018,70.21Z,,,,,,,,,,,sirene,
ORDINAIRE,,,a contacter,,,,,,,,,,,,marketing_com,Activites des agences de publicite,LYON,,69,,,,,,,,,,,,,,,,,,,,,,,,,,,,,,,,,,,,,,,,,,,,,,,852797018,85279701800037,73.11Z,,,,,,,,,,,sirene,
ORES,,,a contacter,,,,,,,,,,,,marketing_com,Activites des agences de publicite,LILLE,,59,,,,,,,,,,,,,,,,,,,,,,,,,,,,,,,,,,,,,,,,,,,,,,,798440798,79844079800048,73.11Z,,,,,,,,,,,sirene,
ORGANIC RAW MATERIAL SERVICES,,,a contacter,,,,,,,,,,,,marketing_com,Activites des agences de publicite,SAMATAN,,32,,,,,,,,,,,,,,,,,,,,,,,,,,,,,,,,,,,,,,,,,,,,,,,821804697,82180469700034,73.11Z,,,,,,,,,,,sirene,
ORGANISATION ET DEVELOPPEMENT,,,a contacter,,,,,,,,,,,,marketing_com,Activites des agences de publicite,COURBEVOIE,,92,,,,,,,,,,,,,,,,,,,,,,,,,,,,,,,,,,,,,,,,,,,,,,,445260169,44526016900088,73.11Z,,,,,,,,,,,sirene,
ORGANUM,,,a contacter,,,,,,,,,,,,marketing_com,Conseil en relations publiques et communication,PARIS,,75,,,,,,,,,,,,,,,,,,,,,,,,,,,,,,,,,,,,,,,,,,,,,,,394724843,39472484300062,70.21Z,,,,,,,,,,,sirene,
ORHES,,,a contacter,,,,,,,,,,,,marketing_com,Activites des agences de publicite,SAINT-OUEN-L'AUMONE,,95,,,,,,,,,,,,,,,,,,,,,,,,,,,,,,,,,,,,,,,,,,,,,,,489633073,48963307300015,73.11Z,,,,,,,,,,,sirene,
ORIENT COMMUNICATION,,,a contacter,,,,,,,,,,,,marketing_com,Activites des agences de publicite,STRASBOURG,,67,,,,,,,,,,,,,,,,,,,,,,,,,,,,,,,,,,,,,,,,,,,,,,,419595335,41959533500052,73.11Z,,,,,,,,,,,sirene,
ORIGIN CREATIVE AGENCY,,,a contacter,,,,,,,,,,,,marketing_com,Conseil en relations publiques et communication,LABEGE,,31,,,,,,,,,,,,,,,,,,,,,,,,,,,,,,,,,,,,,,,,,,,,,,,915364681,91536468100022,70.21Z,,,,,,,,,,,sirene,
ORIGINIS,,,a contacter,,,,,,,,,,,,marketing_com,Conseil en relations publiques et communication,NEVERS,,58,,,,,,,,,,,,,,,,,,,,,,,,,,,,,,,,,,,,,,,,,,,,,,,843738162,84373816200059,70.21Z,,,,,,,,,,,sirene,
ORIGNAL COMMUNICATION,,,a contacter,,,,,,,,,,,,marketing_com,Activites des agences de publicite,LORIENT,,56,,,,,,,,,,,,,,,,,,,,,,,,,,,,,,,,,,,,,,,,,,,,,,,789648987,78964898700038,73.11Z,,,,,,,,,,,sirene,
ORIGROUP,,,a contacter,,,,,,,,,,,,marketing_com,Conseil en relations publiques et communication,MAROLLES-EN-BRIE,,94,,,,,,,,,,,,,,,,,,,,,,,,,,,,,,,,,,,,,,,,,,,,,,,812245355,81224535500035,70.21Z,,,,,,,,,,,sirene,
ORION TRADING FRANCE (OT FRANCE),,,a contacter,,,,,,,,,,,,marketing_com,Regie publicitaire de medias,NEUILLY-SUR-SEINE,,92,,,,,,,,,,,,,,,,,,,,,,,,,,,,,,,,,,,,,,,,,,,,,,,542094263,54209426300093,73.12Z,,,,,,,,,,,sirene,
ORIXA MEDIA,,,a contacter,,,,,,,,,,,,marketing_com,Activites des agences de publicite,PARIS,,75,,,,,,,,,,,,,,,,,,,,,,,,,,,,,,,,,,,,,,,,,,,,,,,494334113,49433411300060,73.11Z,,,,,,,,,,,sirene,
ORLANDI,,,a contacter,,,,,,,,,,,,marketing_com,Activites des agences de publicite,LEVALLOIS-PERRET,,92,,,,,,,,,,,,,,,,,,,,,,,,,,,,,,,,,,,,,,,,,,,,,,,410428460,41042846000035,73.11Z,,,,,,,,,,,sirene,
ORUS AGENCY,,,a contacter,,,,,,,,,,,,marketing_com,Activites des agences de publicite,ERMONT,,95,,,,,,,,,,,,,,,,,,,,,,,,,,,,,,,,,,,,,,,,,,,,,,,903231918,90323191800033,73.11Z,,,,,,,,,,,sirene,
OSACTU,,,a contacter,,,,,,,,,,,,marketing_com,Conseil en relations publiques et communication,LYON,,69,,,,,,,,,,,,,,,,,,,,,,,,,,,,,,,,,,,,,,,,,,,,,,,827484650,82748465000011,70.21Z,,,,,,,,,,,sirene,
OSCAR ORGANISATION,,,a contacter,,,,,,,,,,,,marketing_com,Conseil en relations publiques et communication,NEUILLY-SUR-SEINE,,92,,,,,,,,,,,,,,,,,,,,,,,,,,,,,,,,,,,,,,,,,,,,,,,349952945,34995294500153,70.21Z,,,,,,,,,,,sirene,
OSGC,,,a contacter,,,,,,,,,,,,marketing_com,Activites des agences de publicite,QUIMPER,,29,,,,,,,,,,,,,,,,,,,,,,,,,,,,,,,,,,,,,,,,,,,,,,,491205852,49120585200032,73.11Z,,,,,,,,,,,sirene,
OSP,,,a contacter,,,,,,,,,,,,marketing_com,Regie publicitaire de medias,NEUILLY-SUR-SEINE,,92,,,,,,,,,,,,,,,,,,,,,,,,,,,,,,,,,,,,,,,,,,,,,,,326215688,32621568800069,73.12Z,,,,,,,,,,,sirene,
OSWALD ORB,,,a contacter,,,,,,,,,,,,marketing_com,Activites des agences de publicite,LEVALLOIS-PERRET,,92,,,,,,,,,,,,,,,,,,,,,,,,,,,,,,,,,,,,,,,,,,,,,,,343724944,34372494400057,73.11Z,,,,,,,,,,,sirene,
OTTA,,,a contacter,,,,,,,,,,,,marketing_com,Conseil en relations publiques et communication,BORDEAUX,,33,,,,,,,,,,,,,,,,,,,,,,,,,,,,,,,,,,,,,,,,,,,,,,,797617412,79761741200029,70.21Z,,,,,,,,,,,sirene,
OUEST EXPANSION,,,a contacter,,,,,,,,,,,,marketing_com,Regie publicitaire de medias,SAINT-GREGOIRE,,35,,,,,,,,,,,,,,,,,,,,,,,,,,,,,,,,,,,,,,,,,,,,,,,523187532,52318753200024,73.12Z,,,,,,,,,,,sirene,
OUI CARE COMMUNICATION,,,a contacter,,,,,,,,,,,,marketing_com,Activites des agences de publicite,LE MANS,,72,,,,,,,,,,,,,,,,,,,,,,,,,,,,,,,,,,,,,,,,,,,,,,,820110484,82011048400020,73.11Z,,,,,,,,,,,sirene,
OUI LOVE,,,a contacter,,,,,,,,,,,,marketing_com,Activites des agences de publicite,CLUSES,,74,,,,,,,,,,,,,,,,,,,,,,,,,,,,,,,,,,,,,,,,,,,,,,,817451982,81745198200026,73.11Z,,,,,,,,,,,sirene,
OUIGITAL,,,a contacter,,,,,,,,,,,,marketing_com,Activites des agences de publicite,LE KREMLIN-BICETRE,,94,,,,,,,,,,,,,,,,,,,,,,,,,,,,,,,,,,,,,,,,,,,,,,,844954271,84495427100020,73.11Z,,,,,,,,,,,sirene,
OUIGLASS FRANCE,,,a contacter,,,,,,,,,,,,marketing_com,Activites des agences de publicite,ORLEANS,,45,,,,,,,,,,,,,,,,,,,,,,,,,,,,,,,,,,,,,,,,,,,,,,,827728155,82772815500025,73.11Z,,,,,,,,,,,sirene,
OUTBRAIN FRANCE,,,a contacter,,,,,,,,,,,,marketing_com,Regie publicitaire de medias,PARIS,,75,,,,,,,,,,,,,,,,,,,,,,,,,,,,,,,,,,,,,,,,,,,,,,,320917610,32091761000067,73.12Z,,,,,,,,,,,sirene,
OUTBRAIN UK LIMITED,,,a contacter,,,,,,,,,,,,marketing_com,Regie publicitaire de medias,,,,,,,,,,,,,,,,,,,,,,,,,,,,,,,,,,,,,,,,,,,,,,,,,,534895727,53489572700012,73.12Z,,,,,,,,,,,sirene,
OUTREMER MEDITERRANEE,,,a contacter,,,,,,,,,,,,marketing_com,Activites des agences de publicite,NICE,,06,,,,,,,,,,,,,,,,,,,,,,,,,,,,,,,,,,,,,,,,,,,,,,,392111746,39211174600054,73.11Z,,,,,,,,,,,sirene,
OWLYX,,,a contacter,,,,,,,,,,,,marketing_com,Activites des agences de publicite,VILLEURBANNE,,69,,,,,,,,,,,,,,,,,,,,,,,,,,,,,,,,,,,,,,,,,,,,,,,830943494,83094349400021,73.11Z,,,,,,,,,,,sirene,
OXIALIVE,,,a contacter,,,,,,,,,,,,marketing_com,Regie publicitaire de medias,ARRAS,,62,,,,,,,,,,,,,,,,,,,,,,,,,,,,,,,,,,,,,,,,,,,,,,,498110121,49811012100023,73.12Z,,,,,,,,,,,sirene,
OXWOR,,,a contacter,,,,,,,,,,,,marketing_com,Conseil en relations publiques et communication,MORANGIS,,91,,,,,,,,,,,,,,,,,,,,,,,,,,,,,,,,,,,,,,,,,,,,,,,501472088,50147208800035,70.21Z,,,,,,,,,,,sirene,
OXYGEN OUEST,,,a contacter,,,,,,,,,,,,marketing_com,Conseil en relations publiques et communication,ANGERS,,49,,,,,,,,,,,,,,,,,,,,,,,,,,,,,,,,,,,,,,,,,,,,,,,520229147,52022914700035,70.21Z,,,,,,,,,,,sirene,
OXYGENE,,,a contacter,,,,,,,,,,,,marketing_com,Conseil en relations publiques et communication,MONTPELLIER,,34,,,,,,,,,,,,,,,,,,,,,,,,,,,,,,,,,,,,,,,,,,,,,,,890976384,89097638400044,70.21Z,,,,,,,,,,,sirene,
OXYGENE CONSEIL,,,a contacter,,,,,,,,,,,,marketing_com,Conseil en relations publiques et communication,CONDE-EN-NORMANDIE,,14,,,,,,,,,,,,,,,,,,,,,,,,,,,,,,,,,,,,,,,,,,,,,,,500515069,50051506900036,70.21Z,,,,,,,,,,,sirene,
OXYMEDIA,,,a contacter,,,,,,,,,,,,marketing_com,Regie publicitaire de medias,LUC-LA-PRIMAUBE,,12,,,,,,,,,,,,,,,,,,,,,,,,,,,,,,,,,,,,,,,,,,,,,,,508819190,50881919000028,73.12Z,,,,,,,,,,,sirene,
OZ,,,a contacter,,,,,,,,,,,,marketing_com,Activites des agences de publicite,BRON,,69,,,,,,,,,,,,,,,,,,,,,,,,,,,,,,,,,,,,,,,,,,,,,,,823010962,82301096200012,73.11Z,,,,,,,,,,,sirene,
OZALYD TRADE,,,a contacter,,,,,,,,,,,,marketing_com,Activites des agences de publicite,SAINT-ETIENNE,,42,,,,,,,,,,,,,,,,,,,,,,,,,,,,,,,,,,,,,,,,,,,,,,,892214321,89221432100028,73.11Z,,,,,,,,,,,sirene,
OZCO,,,a contacter,,,,,,,,,,,,marketing_com,Conseil en relations publiques et communication,BORDEAUX,,33,,,,,,,,,,,,,,,,,,,,,,,,,,,,,,,,,,,,,,,,,,,,,,,339668717,33966871700079,70.21Z,,,,,,,,,,,sirene,
OZE DESIGN,,,a contacter,,,,,,,,,,,,marketing_com,Activites des agences de publicite,ANGOULEME,,16,,,,,,,,,,,,,,,,,,,,,,,,,,,,,,,,,,,,,,,,,,,,,,,424257145,42425714500039,73.11Z,,,,,,,,,,,sirene,
P COM,,,a contacter,,,,,,,,,,,,marketing_com,Activites des agences de publicite,SAINT-DIZIER,,52,,,,,,,,,,,,,,,,,,,,,,,,,,,,,,,,,,,,,,,,,,,,,,,914300058,91430005800015,73.11Z,,,,,,,,,,,sirene,
P H J,,,a contacter,,,,,,,,,,,,marketing_com,Activites des agences de publicite,MACON,,71,,,,,,,,,,,,,,,,,,,,,,,,,,,,,,,,,,,,,,,,,,,,,,,411951163,41195116300012,73.11Z,,,,,,,,,,,sirene,
P N G,,,a contacter,,,,,,,,,,,,marketing_com,Activites des agences de publicite,SAINT-ANDRE-DE-CUBZAC,,33,,,,,,,,,,,,,,,,,,,,,,,,,,,,,,,,,,,,,,,,,,,,,,,821680832,82168083200010,73.11Z,,,,,,,,,,,sirene,
P VI MOB UR,,,a contacter,,,,,,,,,,,,marketing_com,Regie publicitaire de medias,ROUILLAC,,16,,,,,,,,,,,,,,,,,,,,,,,,,,,,,,,,,,,,,,,,,,,,,,,341565018,34156501800023,73.12Z,,,,,,,,,,,sirene,
P. GOLDMAN INTERNATIONAL,,,a contacter,,,,,,,,,,,,marketing_com,Conseil en relations publiques et communication,PARIS,,75,,,,,,,,,,,,,,,,,,,,,,,,,,,,,,,,,,,,,,,,,,,,,,,381586049,38158604900045,70.21Z,,,,,,,,,,,sirene,
P. ROGUIER STAND,,,a contacter,,,,,,,,,,,,marketing_com,Activites des agences de publicite,VILLENEUVE-SUR-AUVERS,,91,,,,,,,,,,,,,,,,,,,,,,,,,,,,,,,,,,,,,,,,,,,,,,,498202183,49820218300022,73.11Z,,,,,,,,,,,sirene,
P.BAILLEUL,,,a contacter,,,,,,,,,,,,marketing_com,Regie publicitaire de medias,PISCOP,,95,,,,,,,,,,,,,,,,,,,,,,,,,,,,,,,,,,,,,,,,,,,,,,,434681953,43468195300023,73.12Z,,,,,,,,,,,sirene,
P.F.C,,,a contacter,,,,,,,,,,,,marketing_com,Regie publicitaire de medias,LA GARDE,,83,,,,,,,,,,,,,,,,,,,,,,,,,,,,,,,,,,,,,,,,,,,,,,,443009550,44300955000049,73.12Z,,,,,,,,,,,sirene,
P.O.P.-PRESS OFFICE PARIS,,,a contacter,,,,,,,,,,,,marketing_com,Conseil en relations publiques et communication,PARIS,,75,,,,,,,,,,,,,,,,,,,,,,,,,,,,,,,,,,,,,,,,,,,,,,,453206500,45320650000051,70.21Z,,,,,,,,,,,sirene,
P0TTIER AFFICHAGE,,,a contacter,,,,,,,,,,,,marketing_com,Regie publicitaire de medias,MARCILLE-ROBERT,,35,,,,,,,,,,,,,,,,,,,,,,,,,,,,,,,,,,,,,,,,,,,,,,,451459499,45145949900013,73.12Z,,,,,,,,,,,sirene,
P21D,,,a contacter,,,,,,,,,,,,marketing_com,Regie publicitaire de medias,REDON,,35,,,,,,,,,,,,,,,,,,,,,,,,,,,,,,,,,,,,,,,,,,,,,,,347807950,34780795000055,73.12Z,,,,,,,,,,,sirene,
P39 FRANCE,,,a contacter,,,,,,,,,,,,marketing_com,Conseil en relations publiques et communication,PARIS,,75,,,,,,,,,,,,,,,,,,,,,,,,,,,,,,,,,,,,,,,,,,,,,,,513450544,51345054400079,70.21Z,,,,,,,,,,,sirene,
PAB EDITIONS,,,a contacter,,,,,,,,,,,,marketing_com,Activites des agences de publicite,BREST,,29,,,,,,,,,,,,,,,,,,,,,,,,,,,,,,,,,,,,,,,,,,,,,,,847720356,84772035600025,73.11Z,,,,,,,,,,,sirene,
PACKOM,,,a contacter,,,,,,,,,,,,marketing_com,Conseil en relations publiques et communication,COURCELLES-SAPICOURT,,51,,,,,,,,,,,,,,,,,,,,,,,,,,,,,,,,,,,,,,,,,,,,,,,889245973,88924597300017,70.21Z,,,,,,,,,,,sirene,
PACT'PUB,,,a contacter,,,,,,,,,,,,marketing_com,Activites des agences de publicite,SAINT-LAURENT-DE-MURE,,69,,,,,,,,,,,,,,,,,,,,,,,,,,,,,,,,,,,,,,,,,,,,,,,353017056,35301705600055,73.11Z,,,,,,,,,,,sirene,
PAGE DE MARQUE,,,a contacter,,,,,,,,,,,,marketing_com,Conseil en relations publiques et communication,ORLEANS,,45,,,,,,,,,,,,,,,,,,,,,,,,,,,,,,,,,,,,,,,,,,,,,,,477729560,47772956000029,70.21Z,,,,,,,,,,,sirene,
PAGINA COMMUNICATION,,,a contacter,,,,,,,,,,,,marketing_com,Activites des agences de publicite,SAINT-DIDIER-AU-MONT-D'OR,,69,,,,,,,,,,,,,,,,,,,,,,,,,,,,,,,,,,,,,,,,,,,,,,,437717051,43771705100035,73.11Z,,,,,,,,,,,sirene,
PAIHEME STUDIO,,,a contacter,,,,,,,,,,,,marketing_com,Regie publicitaire de medias,CAEN,,14,,,,,,,,,,,,,,,,,,,,,,,,,,,,,,,,,,,,,,,,,,,,,,,901150136,90115013600025,73.12Z,,,,,,,,,,,sirene,
PAILLETTE,,,a contacter,,,,,,,,,,,,marketing_com,Conseil en relations publiques et communication,PARIS,,75,,,,,,,,,,,,,,,,,,,,,,,,,,,,,,,,,,,,,,,,,,,,,,,883669798,88366979800018,70.21Z,,,,,,,,,,,sirene,
PAKA DIFFUSION,,,a contacter,,,,,,,,,,,,marketing_com,Activites des agences de publicite,CLAYE-SOUILLY,,77,,,,,,,,,,,,,,,,,,,,,,,,,,,,,,,,,,,,,,,,,,,,,,,794195966,79419596600047,73.11Z,,,,,,,,,,,sirene,
PALETTE PUBLICITAIRE VAR,,,a contacter,,,,,,,,,,,,marketing_com,Regie publicitaire de medias,LA VALETTE-DU-VAR,,83,,,,,,,,,,,,,,,,,,,,,,,,,,,,,,,,,,,,,,,,,,,,,,,341868297,34186829700068,73.12Z,,,,,,,,,,,sirene,
PALO ALTO NETWORKS (NETHERLANDS) B.V.,,,a contacter,,,,,,,,,,,,marketing_com,Activites des agences de publicite,,,,,,,,,,,,,,,,,,,,,,,,,,,,,,,,,,,,,,,,,,,,,,,,,,923145569,92314556900011,73.11Z,,,,,,,,,,,sirene,
PALOHA,,,a contacter,,,,,,,,,,,,marketing_com,Conseil en relations publiques et communication,LATTES,,34,,,,,,,,,,,,,,,,,,,,,,,,,,,,,,,,,,,,,,,,,,,,,,,921755401,92175540100020,70.21Z,,,,,,,,,,,sirene,
PALOMA,,,a contacter,,,,,,,,,,,,marketing_com,Conseil en relations publiques et communication,PARIS,,75,,,,,,,,,,,,,,,,,,,,,,,,,,,,,,,,,,,,,,,,,,,,,,,829110345,82911034500024,70.21Z,,,,,,,,,,,sirene,
PAN !,,,a contacter,,,,,,,,,,,,marketing_com,Activites des agences de publicite,STRASBOURG,,67,,,,,,,,,,,,,,,,,,,,,,,,,,,,,,,,,,,,,,,,,,,,,,,532776747,53277674700026,73.11Z,,,,,,,,,,,sirene,
PAN DGC,,,a contacter,,,,,,,,,,,,marketing_com,Activites des agences de publicite,BORDEAUX,,33,,,,,,,,,,,,,,,,,,,,,,,,,,,,,,,,,,,,,,,,,,,,,,,481952893,48195289300024,73.11Z,,,,,,,,,,,sirene,
PANA2,,,a contacter,,,,,,,,,,,,marketing_com,Activites des agences de publicite,DECHY,,59,,,,,,,,,,,,,,,,,,,,,,,,,,,,,,,,,,,,,,,,,,,,,,,902830447,90283044700014,73.11Z,,,,,,,,,,,sirene,
PANESSIEL,,,a contacter,,,,,,,,,,,,marketing_com,Conseil en relations publiques et communication,SAINT-ISMIER,,38,,,,,,,,,,,,,,,,,,,,,,,,,,,,,,,,,,,,,,,,,,,,,,,353643703,35364370300054,70.21Z,,,,,,,,,,,sirene,
PANO LANNION,,,a contacter,,,,,,,,,,,,marketing_com,Activites des agences de publicite,LANNION,,22,,,,,,,,,,,,,,,,,,,,,,,,,,,,,,,,,,,,,,,,,,,,,,,381397173,38139717300034,73.11Z,,,,,,,,,,,sirene,
PANORAMA,,,a contacter,,,,,,,,,,,,marketing_com,Conseil en relations publiques et communication,LILLE,,59,,,,,,,,,,,,,,,,,,,,,,,,,,,,,,,,,,,,,,,,,,,,,,,447676883,44767688300054,70.21Z,,,,,,,,,,,sirene,
PANORAMA LAL,,,a contacter,,,,,,,,,,,,marketing_com,Regie publicitaire de medias,EVRY-COURCOURONNES,,91,,,,,,,,,,,,,,,,,,,,,,,,,,,,,,,,,,,,,,,,,,,,,,,349229658,34922965800043,73.12Z,,,,,,,,,,,sirene,
PANTACOM,,,a contacter,,,,,,,,,,,,marketing_com,Activites des agences de publicite,NANTES,,44,,,,,,,,,,,,,,,,,,,,,,,,,,,,,,,,,,,,,,,,,,,,,,,880519293,88051929300034,73.11Z,,,,,,,,,,,sirene,
PANTEL GROUP,,,a contacter,,,,,,,,,,,,marketing_com,Activites des agences de publicite,JOINVILLE-LE-PONT,,94,,,,,,,,,,,,,,,,,,,,,,,,,,,,,,,,,,,,,,,,,,,,,,,878293968,87829396800037,73.11Z,,,,,,,,,,,sirene,
PAOMA STUDIO,,,a contacter,,,,,,,,,,,,marketing_com,Conseil en relations publiques et communication,VILLENEUVE-D'ASCQ,,59,,,,,,,,,,,,,,,,,,,,,,,,,,,,,,,,,,,,,,,,,,,,,,,753464247,75346424700042,70.21Z,,,,,,,,,,,sirene,
PAPAGAYO COMMUNICATION,,,a contacter,,,,,,,,,,,,marketing_com,Conseil en relations publiques et communication,SAINT-GERMAIN-EN-LAYE,,78,,,,,,,,,,,,,,,,,,,,,,,,,,,,,,,,,,,,,,,,,,,,,,,831286505,83128650500027,70.21Z,,,,,,,,,,,sirene,
PAPERBOYS,,,a contacter,,,,,,,,,,,,marketing_com,Activites des agences de publicite,LYON,,69,,,,,,,,,,,,,,,,,,,,,,,,,,,,,,,,,,,,,,,,,,,,,,,514000090,51400009000027,73.11Z,,,,,,,,,,,sirene,
PARIS EUROPLACE,,,a contacter,,,,,,,,,,,,marketing_com,Conseil en relations publiques et communication,PARIS,,75,,,,,,,,,,,,,,,,,,,,,,,,,,,,,,,,,,,,,,,,,,,,,,,393769252,39376925200015,70.21Z,,,,,,,,,,,sirene,
PARIS LE SUD,,,a contacter,,,,,,,,,,,,marketing_com,Activites des agences de publicite,VILLENEUVE LES AVIGNON,,30,,,,,,,,,,,,,,,,,,,,,,,,,,,,,,,,,,,,,,,,,,,,,,,404575409,40457540900036,73.11Z,,,,,,,,,,,sirene,
PARIS NORD BUSINESS SCHOOL,,,a contacter,,,,,,,,,,,,marketing_com,Conseil en relations publiques et communication,PARIS,,75,,,,,,,,,,,,,,,,,,,,,,,,,,,,,,,,,,,,,,,,,,,,,,,883135154,88313515400028,70.21Z,,,,,,,,,,,sirene,
PARKER & PARKER,,,a contacter,,,,,,,,,,,,marketing_com,Activites des agences de publicite,BORDEAUX,,33,,,,,,,,,,,,,,,,,,,,,,,,,,,,,,,,,,,,,,,,,,,,,,,450021787,45002178700095,73.11Z,,,,,,,,,,,sirene,
PARLONS RH,,,a contacter,,,,,,,,,,,,marketing_com,Conseil en relations publiques et communication,NANTERRE,,92,,,,,,,,,,,,,,,,,,,,,,,,,,,,,,,,,,,,,,,,,,,,,,,750850307,75085030700034,70.21Z,,,,,,,,,,,sirene,
PARTENAIRES D'AVENIR,,,a contacter,,,,,,,,,,,,marketing_com,Activites des agences de publicite,MONT-SAINT-AIGNAN,,76,,,,,,,,,,,,,,,,,,,,,,,,,,,,,,,,,,,,,,,,,,,,,,,453869562,45386956200026,73.11Z,,,,,,,,,,,sirene,
PARTIES PRENANTES,,,a contacter,,,,,,,,,,,,marketing_com,Activites des agences de publicite,PARIS,,75,,,,,,,,,,,,,,,,,,,,,,,,,,,,,,,,,,,,,,,,,,,,,,,443715016,44371501600053,73.11Z,,,,,,,,,,,sirene,
PARTNAIRE COMMUNICATION,,,a contacter,,,,,,,,,,,,marketing_com,Conseil en relations publiques et communication,OLIVET,,45,,,,,,,,,,,,,,,,,,,,,,,,,,,,,,,,,,,,,,,,,,,,,,,509285748,50928574800026,70.21Z,,,,,,,,,,,sirene,
PARTOUCHE STUDIO,,,a contacter,,,,,,,,,,,,marketing_com,Conseil en relations publiques et communication,TOURS,,37,,,,,,,,,,,,,,,,,,,,,,,,,,,,,,,,,,,,,,,,,,,,,,,832409122,83240912200021,70.21Z,,,,,,,,,,,sirene,
PARUVENDU.FR,,,a contacter,,,,,,,,,,,,marketing_com,Activites des agences de publicite,LYON,,69,,,,,,,,,,,,,,,,,,,,,,,,,,,,,,,,,,,,,,,,,,,,,,,320916109,32091610900137,73.11Z,,,,,,,,,,,sirene,
PAS A PAS,,,a contacter,,,,,,,,,,,,marketing_com,Activites des agences de publicite,LE CREUSOT,,71,,,,,,,,,,,,,,,,,,,,,,,,,,,,,,,,,,,,,,,,,,,,,,,792482440,79248244000023,73.11Z,,,,,,,,,,,sirene,
PASSAPORTE FASHIONISTA,,,a contacter,,,,,,,,,,,,marketing_com,Conseil en relations publiques et communication,PARIS,,75,,,,,,,,,,,,,,,,,,,,,,,,,,,,,,,,,,,,,,,,,,,,,,,828464925,82846492500019,70.21Z,,,,,,,,,,,sirene,
PASSION GRAPHIC,,,a contacter,,,,,,,,,,,,marketing_com,Activites des agences de publicite,ROISSY-EN-BRIE,,77,,,,,,,,,,,,,,,,,,,,,,,,,,,,,,,,,,,,,,,,,,,,,,,353948201,35394820100036,73.11Z,,,,,,,,,,,sirene,
PASTELLE,,,a contacter,,,,,,,,,,,,marketing_com,Activites des agences de publicite,ALFORTVILLE,,94,,,,,,,,,,,,,,,,,,,,,,,,,,,,,,,,,,,,,,,,,,,,,,,439707159,43970715900026,73.11Z,,,,,,,,,,,sirene,
PATAGONIA DEVELOPPEMENT,,,a contacter,,,,,,,,,,,,marketing_com,Conseil en relations publiques et communication,BOULOGNE-BILLANCOURT,,92,,,,,,,,,,,,,,,,,,,,,,,,,,,,,,,,,,,,,,,,,,,,,,,491328795,49132879500027,70.21Z,,,,,,,,,,,sirene,
PATRICE DECARSIN,,,a contacter,,,,,,,,,,,,marketing_com,Activites des agences de publicite,LIMETZ-VILLEZ,,78,,,,,,,,,,,,,,,,,,,,,,,,,,,,,,,,,,,,,,,,,,,,,,,451405179,45140517900016,73.11Z,,,,,,,,,,,sirene,
PATRICK CHOMEL,,,a contacter,,,,,,,,,,,,marketing_com,Regie publicitaire de medias,VALENCE,,26,,,,,,,,,,,,,,,,,,,,,,,,,,,,,,,,,,,,,,,,,,,,,,,487966368,48796636800036,73.12Z,,,,,,,,,,,sirene,
PATTE BLANCHE,,,a contacter,,,,,,,,,,,,marketing_com,Conseil en relations publiques et communication,MONTPELLIER,,34,,,,,,,,,,,,,,,,,,,,,,,,,,,,,,,,,,,,,,,,,,,,,,,499568129,49956812900054,70.21Z,,,,,,,,,,,sirene,
PAUL MEDIA GROUPE,,,a contacter,,,,,,,,,,,,marketing_com,Regie publicitaire de medias,LAMBERSART,,59,,,,,,,,,,,,,,,,,,,,,,,,,,,,,,,,,,,,,,,,,,,,,,,813805470,81380547000024,73.12Z,,,,,,,,,,,sirene,
PAURAUX,,,a contacter,,,,,,,,,,,,marketing_com,Activites des agences de publicite,TOULOUSE,,31,,,,,,,,,,,,,,,,,,,,,,,,,,,,,,,,,,,,,,,,,,,,,,,819101270,81910127000018,73.11Z,,,,,,,,,,,sirene,
PAUWELS,,,a contacter,,,,,,,,,,,,marketing_com,Activites des agences de publicite,LIMONEST,,69,,,,,,,,,,,,,,,,,,,,,,,,,,,,,,,,,,,,,,,,,,,,,,,327579538,32757953800056,73.11Z,,,,,,,,,,,sirene,
PAVILLON NOIR,,,a contacter,,,,,,,,,,,,marketing_com,Activites des agences de publicite,TOULOUSE,,31,,,,,,,,,,,,,,,,,,,,,,,,,,,,,,,,,,,,,,,,,,,,,,,390853638,39085363800067,73.11Z,,,,,,,,,,,sirene,
PAY SERVICES,,,a contacter,,,,,,,,,,,,marketing_com,Conseil en relations publiques et communication,BORDEAUX,,33,,,,,,,,,,,,,,,,,,,,,,,,,,,,,,,,,,,,,,,,,,,,,,,825059439,82505943900018,70.21Z,,,,,,,,,,,sirene,
PAYMERIX,,,a contacter,,,,,,,,,,,,marketing_com,Conseil en relations publiques et communication,THIAIS,,94,,,,,,,,,,,,,,,,,,,,,,,,,,,,,,,,,,,,,,,,,,,,,,,842438947,84243894700033,70.21Z,,,,,,,,,,,sirene,
PC3M,,,a contacter,,,,,,,,,,,,marketing_com,Activites des agences de publicite,NIMES,,30,,,,,,,,,,,,,,,,,,,,,,,,,,,,,,,,,,,,,,,,,,,,,,,794483206,79448320600072,73.11Z,,,,,,,,,,,sirene,
PCS2,,,a contacter,,,,,,,,,,,,marketing_com,Activites des agences de publicite,BORDEAUX,,33,,,,,,,,,,,,,,,,,,,,,,,,,,,,,,,,,,,,,,,,,,,,,,,522326644,52232664400047,73.11Z,,,,,,,,,,,sirene,
PEECH ME,,,a contacter,,,,,,,,,,,,marketing_com,Conseil en relations publiques et communication,PARIS,,75,,,,,,,,,,,,,,,,,,,,,,,,,,,,,,,,,,,,,,,,,,,,,,,807405816,80740581600032,70.21Z,,,,,,,,,,,sirene,
PEGASE,,,a contacter,,,,,,,,,,,,marketing_com,Activites des agences de publicite,MARSEILLE,,13,,,,,,,,,,,,,,,,,,,,,,,,,,,,,,,,,,,,,,,,,,,,,,,443377783,44337778300024,73.11Z,,,,,,,,,,,sirene,
PEMA 2 B SA,,,a contacter,,,,,,,,,,,,marketing_com,Activites des agences de publicite,NEUILLY-SUR-SEINE,,92,,,,,,,,,,,,,,,,,,,,,,,,,,,,,,,,,,,,,,,,,,,,,,,562080341,56208034100059,73.11Z,,,,,,,,,,,sirene,
PEMA 2 M,,,a contacter,,,,,,,,,,,,marketing_com,Regie publicitaire de medias,COURBEVOIE,,92,,,,,,,,,,,,,,,,,,,,,,,,,,,,,,,,,,,,,,,,,,,,,,,499660959,49966095900028,73.12Z,,,,,,,,,,,sirene,
PEMA CITY,,,a contacter,,,,,,,,,,,,marketing_com,Activites des agences de publicite,NEUILLY-SUR-SEINE,,92,,,,,,,,,,,,,,,,,,,,,,,,,,,,,,,,,,,,,,,,,,,,,,,481272839,48127283900020,73.11Z,,,,,,,,,,,sirene,
PENARD'S WINE & PARTNER'S,,,a contacter,,,,,,,,,,,,marketing_com,Conseil en relations publiques et communication,SURESNES,,92,,,,,,,,,,,,,,,,,,,,,,,,,,,,,,,,,,,,,,,,,,,,,,,509611810,50961181000029,70.21Z,,,,,,,,,,,sirene,
PEOPLE AGENCY,,,a contacter,,,,,,,,,,,,marketing_com,Activites des agences de publicite,SARTROUVILLE,,78,,,,,,,,,,,,,,,,,,,,,,,,,,,,,,,,,,,,,,,,,,,,,,,900907742,90090774200010,73.11Z,,,,,,,,,,,sirene,
PEPITES,,,a contacter,,,,,,,,,,,,marketing_com,Activites des agences de publicite,BAILLY,,78,,,,,,,,,,,,,,,,,,,,,,,,,,,,,,,,,,,,,,,,,,,,,,,534021019,53402101900029,73.11Z,,,,,,,,,,,sirene,
PEPPERGRAPHIK,,,a contacter,,,,,,,,,,,,marketing_com,Activites des agences de publicite,LE HAVRE,,76,,,,,,,,,,,,,,,,,,,,,,,,,,,,,,,,,,,,,,,,,,,,,,,753412121,75341212100042,73.11Z,,,,,,,,,,,sirene,
PEPPIA,,,a contacter,,,,,,,,,,,,marketing_com,Activites des agences de publicite,ROYAN,,17,,,,,,,,,,,,,,,,,,,,,,,,,,,,,,,,,,,,,,,,,,,,,,,518248570,51824857000013,73.11Z,,,,,,,,,,,sirene,
PERADOTTO PUBLICITE,,,a contacter,,,,,,,,,,,,marketing_com,Activites des agences de publicite,NICE,,06,,,,,,,,,,,,,,,,,,,,,,,,,,,,,,,,,,,,,,,,,,,,,,,324262492,32426249200022,73.11Z,,,,,,,,,,,sirene,
PERFECTO GROUPE,,,a contacter,,,,,,,,,,,,marketing_com,Regie publicitaire de medias,SAINT-CLOUD,,92,,,,,,,,,,,,,,,,,,,,,,,,,,,,,,,,,,,,,,,,,,,,,,,798572483,79857248300039,73.12Z,,,,,,,,,,,sirene,
PERFEO TERRITOIRE,,,a contacter,,,,,,,,,,,,marketing_com,Conseil en relations publiques et communication,MARSEILLE,,13,,,,,,,,,,,,,,,,,,,,,,,,,,,,,,,,,,,,,,,,,,,,,,,534768817,53476881700031,70.21Z,,,,,,,,,,,sirene,
PERFORMANCE ADVISER,,,a contacter,,,,,,,,,,,,marketing_com,Activites des agences de publicite,ANTHY-SUR-LEMAN,,74,,,,,,,,,,,,,,,,,,,,,,,,,,,,,,,,,,,,,,,,,,,,,,,411653181,41165318100031,73.11Z,,,,,,,,,,,sirene,
PERIMEDIAS,,,a contacter,,,,,,,,,,,,marketing_com,Activites des agences de publicite,LE PASSAGE,,47,,,,,,,,,,,,,,,,,,,,,,,,,,,,,,,,,,,,,,,,,,,,,,,414947226,41494722600026,73.11Z,,,,,,,,,,,sirene,
PERIMETRE - STANDS POUR LES FOIRES,,,a contacter,,,,,,,,,,,,marketing_com,Conseil en relations publiques et communication,NANTERRE,,92,,,,,,,,,,,,,,,,,,,,,,,,,,,,,,,,,,,,,,,,,,,,,,,919572271,91957227100014,70.21Z,,,,,,,,,,,sirene,
PERRIN PUBLICITE,,,a contacter,,,,,,,,,,,,marketing_com,Regie publicitaire de medias,THONON LES BAINS,,74,,,,,,,,,,,,,,,,,,,,,,,,,,,,,,,,,,,,,,,,,,,,,,,351113089,35111308900038,73.12Z,,,,,,,,,,,sirene,
PERSADO FRANCE,,,a contacter,,,,,,,,,,,,marketing_com,Conseil en relations publiques et communication,PARIS,,75,,,,,,,,,,,,,,,,,,,,,,,,,,,,,,,,,,,,,,,,,,,,,,,887984607,88798460700010,70.21Z,,,,,,,,,,,sirene,
PERSO CONCEPT,,,a contacter,,,,,,,,,,,,marketing_com,Activites des agences de publicite,SAINT-OUEN-L'AUMONE,,95,,,,,,,,,,,,,,,,,,,,,,,,,,,,,,,,,,,,,,,,,,,,,,,537530834,53753083400028,73.11Z,,,,,,,,,,,sirene,
PETITE TEMPETE,,,a contacter,,,,,,,,,,,,marketing_com,Conseil en relations publiques et communication,GRENOBLE,,38,,,,,,,,,,,,,,,,,,,,,,,,,,,,,,,,,,,,,,,,,,,,,,,848262762,84826276200042,70.21Z,,,,,,,,,,,sirene,
PETRONIO ASSOCIATES,,,a contacter,,,,,,,,,,,,marketing_com,Activites des agences de publicite,PARIS,,75,,,,,,,,,,,,,,,,,,,,,,,,,,,,,,,,,,,,,,,,,,,,,,,394409213,39440921300045,73.11Z,,,,,,,,,,,sirene,
PEZET PUBLICITE,,,a contacter,,,,,,,,,,,,marketing_com,Activites des agences de publicite,CEPET,,31,,,,,,,,,,,,,,,,,,,,,,,,,,,,,,,,,,,,,,,,,,,,,,,517688503,51768850300013,73.11Z,,,,,,,,,,,sirene,
PF ANIMATION,,,a contacter,,,,,,,,,,,,marketing_com,Activites des agences de publicite,CRASTATT,,67,,,,,,,,,,,,,,,,,,,,,,,,,,,,,,,,,,,,,,,,,,,,,,,517919247,51791924700026,73.11Z,,,,,,,,,,,sirene,
PFD,,,a contacter,,,,,,,,,,,,marketing_com,Activites des agences de publicite,BOULOGNE-BILLANCOURT,,92,,,,,,,,,,,,,,,,,,,,,,,,,,,,,,,,,,,,,,,,,,,,,,,381498955,38149895500024,73.11Z,,,,,,,,,,,sirene,
PG ET ASSOCIES,,,a contacter,,,,,,,,,,,,marketing_com,Activites des agences de publicite,PEYPIN,,13,,,,,,,,,,,,,,,,,,,,,,,,,,,,,,,,,,,,,,,,,,,,,,,819760240,81976024000021,73.11Z,,,,,,,,,,,sirene,
PGE CONSEILS,,,a contacter,,,,,,,,,,,,marketing_com,Activites des agences de publicite,ROUFFACH,,68,,,,,,,,,,,,,,,,,,,,,,,,,,,,,,,,,,,,,,,,,,,,,,,824820476,82482047600011,73.11Z,,,,,,,,,,,sirene,
PGO STORY,,,a contacter,,,,,,,,,,,,marketing_com,Conseil en relations publiques et communication,TOULOUSE,,31,,,,,,,,,,,,,,,,,,,,,,,,,,,,,,,,,,,,,,,,,,,,,,,789759289,78975928900026,70.21Z,,,,,,,,,,,sirene,
PHANIE MARKAGE,,,a contacter,,,,,,,,,,,,marketing_com,Activites des agences de publicite,LE PERRAY-EN-YVELINES,,78,,,,,,,,,,,,,,,,,,,,,,,,,,,,,,,,,,,,,,,,,,,,,,,877565952,87756595200026,73.11Z,,,,,,,,,,,sirene,
PHARDEX,,,a contacter,,,,,,,,,,,,marketing_com,Activites des agences de publicite,GENTILLY,,94,,,,,,,,,,,,,,,,,,,,,,,,,,,,,,,,,,,,,,,,,,,,,,,692023500,69202350000030,73.11Z,,,,,,,,,,,sirene,
PHARMANIMATION,,,a contacter,,,,,,,,,,,,marketing_com,Activites des agences de publicite,SAUZET,,26,,,,,,,,,,,,,,,,,,,,,,,,,,,,,,,,,,,,,,,,,,,,,,,501821516,50182151600041,73.11Z,,,,,,,,,,,sirene,
PHASS PUBLICITE,,,a contacter,,,,,,,,,,,,marketing_com,Activites des agences de publicite,CHASSIEU,,69,,,,,,,,,,,,,,,,,,,,,,,,,,,,,,,,,,,,,,,,,,,,,,,345075071,34507507100059,73.11Z,,,,,,,,,,,sirene,
PHEDON EUROPEENNE DE COMMUNICATION,,,a contacter,,,,,,,,,,,,marketing_com,Activites des agences de publicite,LILLE,,59,,,,,,,,,,,,,,,,,,,,,,,,,,,,,,,,,,,,,,,,,,,,,,,449292309,44929230900019,73.11Z,,,,,,,,,,,sirene,
PHENIX STUDIO,,,a contacter,,,,,,,,,,,,marketing_com,Activites des agences de publicite,HAUTE-GOULAINE,,44,,,,,,,,,,,,,,,,,,,,,,,,,,,,,,,,,,,,,,,,,,,,,,,788567543,78856754300053,73.11Z,,,,,,,,,,,sirene,
PHENIXDIGITAL,,,a contacter,,,,,,,,,,,,marketing_com,Regie publicitaire de medias,NEUILLY-SUR-SEINE,,92,,,,,,,,,,,,,,,,,,,,,,,,,,,,,,,,,,,,,,,,,,,,,,,820337707,82033770700021,73.12Z,,,,,,,,,,,sirene,
PHI-FA,,,a contacter,,,,,,,,,,,,marketing_com,Activites des agences de publicite,COUZEIX,,87,,,,,,,,,,,,,,,,,,,,,,,,,,,,,,,,,,,,,,,,,,,,,,,800038598,80003859800036,73.11Z,,,,,,,,,,,sirene,
PHILIPPE VEDIAUD PUBLICITE,,,a contacter,,,,,,,,,,,,marketing_com,Regie publicitaire de medias,GOUVIEUX,,60,,,,,,,,,,,,,,,,,,,,,,,,,,,,,,,,,,,,,,,,,,,,,,,751065715,75106571500136,73.12Z,,,,,,,,,,,sirene,
PHINLINE,,,a contacter,,,,,,,,,,,,marketing_com,Conseil en relations publiques et communication,NEUILLY-SUR-SEINE,,92,,,,,,,,,,,,,,,,,,,,,,,,,,,,,,,,,,,,,,,,,,,,,,,505306878,50530687800040,70.21Z,,,,,,,,,,,sirene,
PHOEBUS COMMUNICATION,,,a contacter,,,,,,,,,,,,marketing_com,Conseil en relations publiques et communication,BEAUMONT,,63,,,,,,,,,,,,,,,,,,,,,,,,,,,,,,,,,,,,,,,,,,,,,,,429204159,42920415900058,70.21Z,,,,,,,,,,,sirene,
PHONE OCEAN,,,a contacter,,,,,,,,,,,,marketing_com,Activites des agences de publicite,LAVAL,,53,,,,,,,,,,,,,,,,,,,,,,,,,,,,,,,,,,,,,,,,,,,,,,,378155733,37815573300066,73.11Z,,,,,,,,,,,sirene,
PHOTOCURE SAS,,,a contacter,,,,,,,,,,,,marketing_com,Activites des agences de publicite,PARIS,,75,,,,,,,,,,,,,,,,,,,,,,,,,,,,,,,,,,,,,,,,,,,,,,,879140770,87914077000014,73.11Z,,,,,,,,,,,sirene,
PIC 92 PUBLICITE IMPRESSION CREATION,,,a contacter,,,,,,,,,,,,marketing_com,Activites des agences de publicite,GARGES-LES-GONESSE,,95,,,,,,,,,,,,,,,,,,,,,,,,,,,,,,,,,,,,,,,,,,,,,,,776218653,77621865300041,73.11Z,,,,,,,,,,,sirene,
PICARDIE MEDIAS PUBLICITE,,,a contacter,,,,,,,,,,,,marketing_com,Regie publicitaire de medias,AMIENS,,80,,,,,,,,,,,,,,,,,,,,,,,,,,,,,,,,,,,,,,,,,,,,,,,315199372,31519937200063,73.12Z,,,,,,,,,,,sirene,
PICHJULELLU,,,a contacter,,,,,,,,,,,,marketing_com,Conseil en relations publiques et communication,SPELONCATO,,2B,,,,,,,,,,,,,,,,,,,,,,,,,,,,,,,,,,,,,,,,,,,,,,,899565659,89956565900013,70.21Z,,,,,,,,,,,sirene,
PICKCOM,,,a contacter,,,,,,,,,,,,marketing_com,Activites des agences de publicite,CANISY,,50,,,,,,,,,,,,,,,,,,,,,,,,,,,,,,,,,,,,,,,,,,,,,,,813768017,81376801700010,73.11Z,,,,,,,,,,,sirene,
PICKERS,,,a contacter,,,,,,,,,,,,marketing_com,Conseil en relations publiques et communication,PARIS,,75,,,,,,,,,,,,,,,,,,,,,,,,,,,,,,,,,,,,,,,,,,,,,,,818974529,81897452900104,70.21Z,,,,,,,,,,,sirene,
PICTURE ELEMENT,,,a contacter,,,,,,,,,,,,marketing_com,Conseil en relations publiques et communication,LYON,,69,,,,,,,,,,,,,,,,,,,,,,,,,,,,,,,,,,,,,,,,,,,,,,,841377922,84137792200031,70.21Z,,,,,,,,,,,sirene,
PIEDS CARRES,,,a contacter,,,,,,,,,,,,marketing_com,Conseil en relations publiques et communication,OULLINS-PIERRE-BENITE,,69,,,,,,,,,,,,,,,,,,,,,,,,,,,,,,,,,,,,,,,,,,,,,,,914546734,91454673400015,70.21Z,,,,,,,,,,,sirene,
PIERROT,,,a contacter,,,,,,,,,,,,marketing_com,Activites des agences de publicite,BORDEAUX,,33,,,,,,,,,,,,,,,,,,,,,,,,,,,,,,,,,,,,,,,,,,,,,,,891813479,89181347900021,73.11Z,,,,,,,,,,,sirene,
PILOT'IN,,,a contacter,,,,,,,,,,,,marketing_com,Conseil en relations publiques et communication,LYON,,69,,,,,,,,,,,,,,,,,,,,,,,,,,,,,,,,,,,,,,,,,,,,,,,794214619,79421461900031,70.21Z,,,,,,,,,,,sirene,
PILOTES PLV,,,a contacter,,,,,,,,,,,,marketing_com,Activites des agences de publicite,WAMBRECHIES,,59,,,,,,,,,,,,,,,,,,,,,,,,,,,,,,,,,,,,,,,,,,,,,,,408606705,40860670500023,73.11Z,,,,,,,,,,,sirene,
PIM PAM PUB,,,a contacter,,,,,,,,,,,,marketing_com,Activites des agences de publicite,SAINT-NABORD,,88,,,,,,,,,,,,,,,,,,,,,,,,,,,,,,,,,,,,,,,,,,,,,,,824088413,82408841300029,73.11Z,,,,,,,,,,,sirene,
PIMELY,,,a contacter,,,,,,,,,,,,marketing_com,Regie publicitaire de medias,LYON,,69,,,,,,,,,,,,,,,,,,,,,,,,,,,,,,,,,,,,,,,,,,,,,,,837775964,83777596400021,73.12Z,,,,,,,,,,,sirene,
PIMENT NOIR,,,a contacter,,,,,,,,,,,,marketing_com,Activites des agences de publicite,LOGNES,,77,,,,,,,,,,,,,,,,,,,,,,,,,,,,,,,,,,,,,,,,,,,,,,,798861878,79886187800048,73.11Z,,,,,,,,,,,sirene,
PIMENT SAUVAGE,,,a contacter,,,,,,,,,,,,marketing_com,Activites des agences de publicite,LA TRONCHE,,38,,,,,,,,,,,,,,,,,,,,,,,,,,,,,,,,,,,,,,,,,,,,,,,489495317,48949531700021,73.11Z,,,,,,,,,,,sirene,
PITXUCOM,,,a contacter,,,,,,,,,,,,marketing_com,Conseil en relations publiques et communication,GRATENTOUR,,31,,,,,,,,,,,,,,,,,,,,,,,,,,,,,,,,,,,,,,,,,,,,,,,811553007,81155300700014,70.21Z,,,,,,,,,,,sirene,
PIXALIONE,,,a contacter,,,,,,,,,,,,marketing_com,Activites des agences de publicite,PARIS,,75,,,,,,,,,,,,,,,,,,,,,,,,,,,,,,,,,,,,,,,,,,,,,,,494308570,49430857000055,73.11Z,,,,,,,,,,,sirene,
PIXALIONE LYON,,,a contacter,,,,,,,,,,,,marketing_com,Activites des agences de publicite,LYON,,69,,,,,,,,,,,,,,,,,,,,,,,,,,,,,,,,,,,,,,,,,,,,,,,883832842,88383284200024,73.11Z,,,,,,,,,,,sirene,
PIXEL PLUS,,,a contacter,,,,,,,,,,,,marketing_com,Activites des agences de publicite,MARSEILLE,,13,,,,,,,,,,,,,,,,,,,,,,,,,,,,,,,,,,,,,,,,,,,,,,,800373482,80037348200010,73.11Z,,,,,,,,,,,sirene,
PIXELIS,,,a contacter,,,,,,,,,,,,marketing_com,Conseil en relations publiques et communication,PARIS,,75,,,,,,,,,,,,,,,,,,,,,,,,,,,,,,,,,,,,,,,,,,,,,,,402328736,40232873600051,70.21Z,,,,,,,,,,,sirene,
PIXELYA,,,a contacter,,,,,,,,,,,,marketing_com,Activites des agences de publicite,COLMAR,,68,,,,,,,,,,,,,,,,,,,,,,,,,,,,,,,,,,,,,,,,,,,,,,,829449271,82944927100040,73.11Z,,,,,,,,,,,sirene,
PIXIELANES,,,a contacter,,,,,,,,,,,,marketing_com,Conseil en relations publiques et communication,BOULOGNE-BILLANCOURT,,92,,,,,,,,,,,,,,,,,,,,,,,,,,,,,,,,,,,,,,,,,,,,,,,833698962,83369896200036,70.21Z,,,,,,,,,,,sirene,
PIXIMEDIA,,,a contacter,,,,,,,,,,,,marketing_com,Activites des agences de publicite,NEUILLY-SUR-SEINE,,92,,,,,,,,,,,,,,,,,,,,,,,,,,,,,,,,,,,,,,,,,,,,,,,447827445,44782744500076,73.11Z,,,,,,,,,,,sirene,
PIXINE,,,a contacter,,,,,,,,,,,,marketing_com,Activites des agences de publicite,LIMOGES,,87,,,,,,,,,,,,,,,,,,,,,,,,,,,,,,,,,,,,,,,,,,,,,,,491372827,49137282700031,73.11Z,,,,,,,,,,,sirene,
PIXITY,,,a contacter,,,,,,,,,,,,marketing_com,Activites des agences de publicite,LA ROCHE-SUR-YON,,85,,,,,,,,,,,,,,,,,,,,,,,,,,,,,,,,,,,,,,,,,,,,,,,519717789,51971778900068,73.11Z,,,,,,,,,,,sirene,
PIZZIPUB,,,a contacter,,,,,,,,,,,,marketing_com,Regie publicitaire de medias,SARREBOURG,,57,,,,,,,,,,,,,,,,,,,,,,,,,,,,,,,,,,,,,,,,,,,,,,,797668613,79766861300020,73.12Z,,,,,,,,,,,sirene,
PJB & ASSOCIES,,,a contacter,,,,,,,,,,,,marketing_com,Conseil en relations publiques et communication,PARIS,,75,,,,,,,,,,,,,,,,,,,,,,,,,,,,,,,,,,,,,,,,,,,,,,,479783441,47978344100054,70.21Z,,,,,,,,,,,sirene,
PJB LYON,,,a contacter,,,,,,,,,,,,marketing_com,Activites des agences de publicite,SAINT-GENIS-LAVAL,,69,,,,,,,,,,,,,,,,,,,,,,,,,,,,,,,,,,,,,,,,,,,,,,,481004182,48100418200020,73.11Z,,,,,,,,,,,sirene,
PLAINE VUE,,,a contacter,,,,,,,,,,,,marketing_com,Activites des agences de publicite,LE COUDRAY,,28,,,,,,,,,,,,,,,,,,,,,,,,,,,,,,,,,,,,,,,,,,,,,,,393413091,39341309100025,73.11Z,,,,,,,,,,,sirene,
PLAN.NET,,,a contacter,,,,,,,,,,,,marketing_com,Activites des agences de publicite,NEUILLY-SUR-SEINE,,92,,,,,,,,,,,,,,,,,,,,,,,,,,,,,,,,,,,,,,,,,,,,,,,432824027,43282402700093,73.11Z,,,,,,,,,,,sirene,
PLANET 7,,,a contacter,,,,,,,,,,,,marketing_com,Activites des agences de publicite,PARIS,,75,,,,,,,,,,,,,,,,,,,,,,,,,,,,,,,,,,,,,,,,,,,,,,,408616175,40861617500050,73.11Z,,,,,,,,,,,sirene,
PLANET PUB,,,a contacter,,,,,,,,,,,,marketing_com,Activites des agences de publicite,SAINT-LAURENT-BLANGY,,62,,,,,,,,,,,,,,,,,,,,,,,,,,,,,,,,,,,,,,,,,,,,,,,884290883,88429088300021,73.11Z,,,,,,,,,,,sirene,
PLANETE ADHESIFS,,,a contacter,,,,,,,,,,,,marketing_com,Activites des agences de publicite,NOISY-LE-GRAND,,93,,,,,,,,,,,,,,,,,,,,,,,,,,,,,,,,,,,,,,,,,,,,,,,843020439,84302043900033,73.11Z,,,,,,,,,,,sirene,
PLANETE COMMUNICATION,,,a contacter,,,,,,,,,,,,marketing_com,Activites des agences de publicite,SEVREMOINE,,49,,,,,,,,,,,,,,,,,,,,,,,,,,,,,,,,,,,,,,,,,,,,,,,403676109,40367610900032,73.11Z,,,,,,,,,,,sirene,
PLANETE COMMUNICATION BOURGOIN-JALLIEU,,,a contacter,,,,,,,,,,,,marketing_com,Activites des agences de publicite,BOURGOIN-JALLIEU,,38,,,,,,,,,,,,,,,,,,,,,,,,,,,,,,,,,,,,,,,,,,,,,,,951335645,95133564500010,73.11Z,,,,,,,,,,,sirene,
PLANETE PUBLICITE,,,a contacter,,,,,,,,,,,,marketing_com,Activites des agences de publicite,PARIS,,75,,,,,,,,,,,,,,,,,,,,,,,,,,,,,,,,,,,,,,,,,,,,,,,403647902,40364790200069,73.11Z,,,,,,,,,,,sirene,
PLASTIMAGE 31 - GRAFCOM,,,a contacter,,,,,,,,,,,,marketing_com,Activites des agences de publicite,L'UNION,,31,,,,,,,,,,,,,,,,,,,,,,,,,,,,,,,,,,,,,,,,,,,,,,,349318600,34931860000021,73.11Z,,,,,,,,,,,sirene,
PLAYMAKER,,,a contacter,,,,,,,,,,,,marketing_com,Activites des agences de publicite,MARSEILLE,,13,,,,,,,,,,,,,,,,,,,,,,,,,,,,,,,,,,,,,,,,,,,,,,,750814857,75081485700033,73.11Z,,,,,,,,,,,sirene,
PLEAD,,,a contacter,,,,,,,,,,,,marketing_com,Activites des agences de publicite,PARIS,,75,,,,,,,,,,,,,,,,,,,,,,,,,,,,,,,,,,,,,,,,,,,,,,,824479042,82447904200031,73.11Z,,,,,,,,,,,sirene,
PLEBICOM,,,a contacter,,,,,,,,,,,,marketing_com,Activites des agences de publicite,PARIS,,75,,,,,,,,,,,,,,,,,,,,,,,,,,,,,,,,,,,,,,,,,,,,,,,433817111,43381711100084,73.11Z,,,,,,,,,,,sirene,
PLEGMA,,,a contacter,,,,,,,,,,,,marketing_com,Conseil en relations publiques et communication,REIMS,,51,,,,,,,,,,,,,,,,,,,,,,,,,,,,,,,,,,,,,,,,,,,,,,,845291285,84529128500011,70.21Z,,,,,,,,,,,sirene,
PLJ VISION,,,a contacter,,,,,,,,,,,,marketing_com,Activites des agences de publicite,SAINT-GILLES-CROIX-DE-VIE,,85,,,,,,,,,,,,,,,,,,,,,,,,,,,,,,,,,,,,,,,,,,,,,,,891780298,89178029800016,73.11Z,,,,,,,,,,,sirene,
PLM PERRIER-CORNET,,,a contacter,,,,,,,,,,,,marketing_com,Activites des agences de publicite,LYON,,69,,,,,,,,,,,,,,,,,,,,,,,,,,,,,,,,,,,,,,,,,,,,,,,322521212,32252121200041,73.11Z,,,,,,,,,,,sirene,
PLP COMPANY,,,a contacter,,,,,,,,,,,,marketing_com,Activites des agences de publicite,MONTAIGU-VENDEE,,85,,,,,,,,,,,,,,,,,,,,,,,,,,,,,,,,,,,,,,,,,,,,,,,844719658,84471965800016,73.11Z,,,,,,,,,,,sirene,
PLUS 2 SENS,,,a contacter,,,,,,,,,,,,marketing_com,Conseil en relations publiques et communication,LYON,,69,,,,,,,,,,,,,,,,,,,,,,,,,,,,,,,,,,,,,,,,,,,,,,,494384035,49438403500064,70.21Z,,,,,,,,,,,sirene,
PLUS 86,,,a contacter,,,,,,,,,,,,marketing_com,Activites des agences de publicite,PARIS,,75,,,,,,,,,,,,,,,,,,,,,,,,,,,,,,,,,,,,,,,,,,,,,,,882968670,88296867000019,73.11Z,,,,,,,,,,,sirene,
PLUS QUE PRO DIRECT,,,a contacter,,,,,,,,,,,,marketing_com,Activites des agences de publicite,SCHILTIGHEIM,,67,,,,,,,,,,,,,,,,,,,,,,,,,,,,,,,,,,,,,,,,,,,,,,,529633620,52963362000024,73.11Z,,,,,,,,,,,sirene,
PLUSCOM,,,a contacter,,,,,,,,,,,,marketing_com,Activites des agences de publicite,AYTRE,,17,,,,,,,,,,,,,,,,,,,,,,,,,,,,,,,,,,,,,,,,,,,,,,,508207446,50820744600057,73.11Z,,,,,,,,,,,sirene,
PLV BROKER,,,a contacter,,,,,,,,,,,,marketing_com,Activites des agences de publicite,SURESNES,,92,,,,,,,,,,,,,,,,,,,,,,,,,,,,,,,,,,,,,,,,,,,,,,,479174047,47917404700072,73.11Z,,,,,,,,,,,sirene,
PNP,,,a contacter,,,,,,,,,,,,marketing_com,Activites des agences de publicite,VERSON,,14,,,,,,,,,,,,,,,,,,,,,,,,,,,,,,,,,,,,,,,,,,,,,,,910447267,91044726700014,73.11Z,,,,,,,,,,,sirene,
PODIOCOM,,,a contacter,,,,,,,,,,,,marketing_com,Activites des agences de publicite,JANZE,,35,,,,,,,,,,,,,,,,,,,,,,,,,,,,,,,,,,,,,,,,,,,,,,,413582206,41358220600020,73.11Z,,,,,,,,,,,sirene,
PODIUM,,,a contacter,,,,,,,,,,,,marketing_com,Conseil en relations publiques et communication,SAINT-CYR-AU-MONT-D'OR,,69,,,,,,,,,,,,,,,,,,,,,,,,,,,,,,,,,,,,,,,,,,,,,,,978959328,97895932800011,70.21Z,,,,,,,,,,,sirene,
POGO PARTNERS SARL SCOP,,,a contacter,,,,,,,,,,,,marketing_com,Activites des agences de publicite,GARONS,,30,,,,,,,,,,,,,,,,,,,,,,,,,,,,,,,,,,,,,,,,,,,,,,,799293444,79929344400011,73.11Z,,,,,,,,,,,sirene,
POINT 11,,,a contacter,,,,,,,,,,,,marketing_com,Activites des agences de publicite,PARIS,,75,,,,,,,,,,,,,,,,,,,,,,,,,,,,,,,,,,,,,,,,,,,,,,,324030915,32403091500056,73.11Z,,,,,,,,,,,sirene,
POINT CEDILLE,,,a contacter,,,,,,,,,,,,marketing_com,Conseil en relations publiques et communication,TOURS,,37,,,,,,,,,,,,,,,,,,,,,,,,,,,,,,,,,,,,,,,,,,,,,,,808132005,80813200500014,70.21Z,,,,,,,,,,,sirene,
POINT D'ORGUE,,,a contacter,,,,,,,,,,,,marketing_com,Activites des agences de publicite,LEVALLOIS-PERRET,,92,,,,,,,,,,,,,,,,,,,,,,,,,,,,,,,,,,,,,,,,,,,,,,,820204071,82020407100055,73.11Z,,,,,,,,,,,sirene,
POINT DE CHUTE,,,a contacter,,,,,,,,,,,,marketing_com,Activites des agences de publicite,PARIS,,75,,,,,,,,,,,,,,,,,,,,,,,,,,,,,,,,,,,,,,,,,,,,,,,339719015,33971901500051,73.11Z,,,,,,,,,,,sirene,
POINT MADE,,,a contacter,,,,,,,,,,,,marketing_com,Activites des agences de publicite,CROIX,,59,,,,,,,,,,,,,,,,,,,,,,,,,,,,,,,,,,,,,,,,,,,,,,,792857435,79285743500012,73.11Z,,,,,,,,,,,sirene,
POINT PRESS,,,a contacter,,,,,,,,,,,,marketing_com,Activites des agences de publicite,LE PASSAGE,,47,,,,,,,,,,,,,,,,,,,,,,,,,,,,,,,,,,,,,,,,,,,,,,,838455970,83845597000015,73.11Z,,,,,,,,,,,sirene,
POINTVIRGULE.NET,,,a contacter,,,,,,,,,,,,marketing_com,Activites des agences de publicite,COMPIEGNE,,60,,,,,,,,,,,,,,,,,,,,,,,,,,,,,,,,,,,,,,,,,,,,,,,438292906,43829290600031,73.11Z,,,,,,,,,,,sirene,
POLE PROSPECTION,,,a contacter,,,,,,,,,,,,marketing_com,Activites des agences de publicite,VALLAURIS,,06,,,,,,,,,,,,,,,,,,,,,,,,,,,,,,,,,,,,,,,,,,,,,,,947871018,94787101800034,73.11Z,,,,,,,,,,,sirene,
POLE PUBLICITE ARMOR,,,a contacter,,,,,,,,,,,,marketing_com,Regie publicitaire de medias,SAINT-QUAY-PERROS,,22,,,,,,,,,,,,,,,,,,,,,,,,,,,,,,,,,,,,,,,,,,,,,,,495093726,49509372600042,73.12Z,,,,,,,,,,,sirene,
POLE SUD,,,a contacter,,,,,,,,,,,,marketing_com,Conseil en relations publiques et communication,OPIO,,06,,,,,,,,,,,,,,,,,,,,,,,,,,,,,,,,,,,,,,,,,,,,,,,418771564,41877156400048,70.21Z,,,,,,,,,,,sirene,
POLIGRAFICO ROGGERO & TORTIA FRANCE,,,a contacter,,,,,,,,,,,,marketing_com,Activites des agences de publicite,VERSAILLES,,78,,,,,,,,,,,,,,,,,,,,,,,,,,,,,,,,,,,,,,,,,,,,,,,488108275,48810827500097,73.11Z,,,,,,,,,,,sirene,
POLYDEA,,,a contacter,,,,,,,,,,,,marketing_com,Conseil en relations publiques et communication,PARIS,,75,,,,,,,,,,,,,,,,,,,,,,,,,,,,,,,,,,,,,,,,,,,,,,,521880468,52188046800033,70.21Z,,,,,,,,,,,sirene,
POLYFERENCE,,,a contacter,,,,,,,,,,,,marketing_com,Activites des agences de publicite,NEUILLY-SUR-SEINE,,92,,,,,,,,,,,,,,,,,,,,,,,,,,,,,,,,,,,,,,,,,,,,,,,393519624,39351962400042,73.11Z,,,,,,,,,,,sirene,
POLYTESSE,,,a contacter,,,,,,,,,,,,marketing_com,Activites des agences de publicite,BEAUNE,,21,,,,,,,,,,,,,,,,,,,,,,,,,,,,,,,,,,,,,,,,,,,,,,,881952261,88195226100025,73.11Z,,,,,,,,,,,sirene,
POLYVALENCE,,,a contacter,,,,,,,,,,,,marketing_com,Activites des agences de publicite,PARIS,,75,,,,,,,,,,,,,,,,,,,,,,,,,,,,,,,,,,,,,,,,,,,,,,,384321923,38432192300078,73.11Z,,,,,,,,,,,sirene,
POM & CUB,,,a contacter,,,,,,,,,,,,marketing_com,Activites des agences de publicite,SILLINGY,,74,,,,,,,,,,,,,,,,,,,,,,,,,,,,,,,,,,,,,,,,,,,,,,,821872967,82187296700020,73.11Z,,,,,,,,,,,sirene,
POMME KIWI,,,a contacter,,,,,,,,,,,,marketing_com,Activites des agences de publicite,FORBACH,,57,,,,,,,,,,,,,,,,,,,,,,,,,,,,,,,,,,,,,,,,,,,,,,,819899485,81989948500034,73.11Z,,,,,,,,,,,sirene,
POOP,,,a contacter,,,,,,,,,,,,marketing_com,Regie publicitaire de medias,LESCURE D'ALBIGEOIS,,81,,,,,,,,,,,,,,,,,,,,,,,,,,,,,,,,,,,,,,,,,,,,,,,820725349,82072534900014,73.12Z,,,,,,,,,,,sirene,
POP'COM,,,a contacter,,,,,,,,,,,,marketing_com,Activites des agences de publicite,MONT-SAINT-AIGNAN,,76,,,,,,,,,,,,,,,,,,,,,,,,,,,,,,,,,,,,,,,,,,,,,,,913896247,91389624700016,73.11Z,,,,,,,,,,,sirene,
POPCORN COMMUNICATION,,,a contacter,,,,,,,,,,,,marketing_com,Activites des agences de publicite,LANDIVISIAU,,29,,,,,,,,,,,,,,,,,,,,,,,,,,,,,,,,,,,,,,,,,,,,,,,834355208,83435520800010,73.11Z,,,,,,,,,,,sirene,
POPITA,,,a contacter,,,,,,,,,,,,marketing_com,Conseil en relations publiques et communication,CAHORS,,46,,,,,,,,,,,,,,,,,,,,,,,,,,,,,,,,,,,,,,,,,,,,,,,841184690,84118469000029,70.21Z,,,,,,,,,,,sirene,
PORTLAND PR EUROPE LIMITED,,,a contacter,,,,,,,,,,,,marketing_com,Conseil en relations publiques et communication,,,,,,,,,,,,,,,,,,,,,,,,,,,,,,,,,,,,,,,,,,,,,,,,,,539152157,53915215700019,70.21Z,,,,,,,,,,,sirene,
POSE PUB,,,a contacter,,,,,,,,,,,,marketing_com,Activites des agences de publicite,ANNET-SUR-MARNE,,77,,,,,,,,,,,,,,,,,,,,,,,,,,,,,,,,,,,,,,,,,,,,,,,818550352,81855035200012,73.11Z,,,,,,,,,,,sirene,
POSE SERVICE,,,a contacter,,,,,,,,,,,,marketing_com,Activites des agences de publicite,PONTAULT-COMBAULT,,77,,,,,,,,,,,,,,,,,,,,,,,,,,,,,,,,,,,,,,,,,,,,,,,320419963,32041996300055,73.11Z,,,,,,,,,,,sirene,
PPM SERVICES SARL,,,a contacter,,,,,,,,,,,,marketing_com,Activites des agences de publicite,WITTELSHEIM,,68,,,,,,,,,,,,,,,,,,,,,,,,,,,,,,,,,,,,,,,,,,,,,,,448548685,44854868500016,73.11Z,,,,,,,,,,,sirene,
PR PARADIGM INTERNATIONAL CONSULTING,,,a contacter,,,,,,,,,,,,marketing_com,Conseil en relations publiques et communication,PARIS,,75,,,,,,,,,,,,,,,,,,,,,,,,,,,,,,,,,,,,,,,,,,,,,,,808230213,80823021300031,70.21Z,,,,,,,,,,,sirene,
PRAGMA,,,a contacter,,,,,,,,,,,,marketing_com,Conseil en relations publiques et communication,NANCY,,54,,,,,,,,,,,,,,,,,,,,,,,,,,,,,,,,,,,,,,,,,,,,,,,832292668,83229266800106,70.21Z,,,,,,,,,,,sirene,
PRALON GRAPHIC,,,a contacter,,,,,,,,,,,,marketing_com,Activites des agences de publicite,MONTREUIL,,93,,,,,,,,,,,,,,,,,,,,,,,,,,,,,,,,,,,,,,,,,,,,,,,348983222,34898322200038,73.11Z,,,,,,,,,,,sirene,
PRECIPHAR,,,a contacter,,,,,,,,,,,,marketing_com,Activites des agences de publicite,SEVRES,,92,,,,,,,,,,,,,,,,,,,,,,,,,,,,,,,,,,,,,,,,,,,,,,,428927966,42892796600039,73.11Z,,,,,,,,,,,sirene,
PREDIMARK,,,a contacter,,,,,,,,,,,,marketing_com,Activites des agences de publicite,CASTELMAUROU,,31,,,,,,,,,,,,,,,,,,,,,,,,,,,,,,,,,,,,,,,,,,,,,,,901913517,90191351700024,73.11Z,,,,,,,,,,,sirene,
PREFERENDUM,,,a contacter,,,,,,,,,,,,marketing_com,Activites des agences de publicite,PARIS,,75,,,,,,,,,,,,,,,,,,,,,,,,,,,,,,,,,,,,,,,,,,,,,,,415130053,41513005300051,73.11Z,,,,,,,,,,,sirene,
PREMIUM PLV ET PACKAGING,,,a contacter,,,,,,,,,,,,marketing_com,Activites des agences de publicite,CONFLANS-SAINTE-HONORINE,,78,,,,,,,,,,,,,,,,,,,,,,,,,,,,,,,,,,,,,,,,,,,,,,,792494353,79249435300040,73.11Z,,,,,,,,,,,sirene,
PREMIUM SCM,,,a contacter,,,,,,,,,,,,marketing_com,Activites des agences de publicite,NEUILLY-SUR-SEINE,,92,,,,,,,,,,,,,,,,,,,,,,,,,,,,,,,,,,,,,,,,,,,,,,,398050781,39805078100051,73.11Z,,,,,,,,,,,sirene,
PREMIUM TRAFFIC,,,a contacter,,,,,,,,,,,,marketing_com,Regie publicitaire de medias,BORDEAUX,,33,,,,,,,,,,,,,,,,,,,,,,,,,,,,,,,,,,,,,,,,,,,,,,,534433339,53443333900015,73.12Z,,,,,,,,,,,sirene,
PRESCOM-A,,,a contacter,,,,,,,,,,,,marketing_com,Activites des agences de publicite,SAINT-NOM-LA-BRETECHE,,78,,,,,,,,,,,,,,,,,,,,,,,,,,,,,,,,,,,,,,,,,,,,,,,498862242,49886224200027,73.11Z,,,,,,,,,,,sirene,
PRESENCE FRANCE,,,a contacter,,,,,,,,,,,,marketing_com,Activites des agences de publicite,LA MADELEINE,,59,,,,,,,,,,,,,,,,,,,,,,,,,,,,,,,,,,,,,,,,,,,,,,,950383661,95038366100036,73.11Z,,,,,,,,,,,sirene,
PRESS-AGRUM,,,a contacter,,,,,,,,,,,,marketing_com,Activites des agences de publicite,STRASBOURG,,67,,,,,,,,,,,,,,,,,,,,,,,,,,,,,,,,,,,,,,,,,,,,,,,530677517,53067751700027,73.11Z,,,,,,,,,,,sirene,
PRESSE EDITION COMMUNICATION,,,a contacter,,,,,,,,,,,,marketing_com,Activites des agences de publicite,MARSEILLE,,13,,,,,,,,,,,,,,,,,,,,,,,,,,,,,,,,,,,,,,,,,,,,,,,392447066,39244706600052,73.11Z,,,,,,,,,,,sirene,
PRESSE EDITION SERVICES,,,a contacter,,,,,,,,,,,,marketing_com,Regie publicitaire de medias,AIX-EN-PROVENCE,,13,,,,,,,,,,,,,,,,,,,,,,,,,,,,,,,,,,,,,,,,,,,,,,,413489105,41348910500028,73.12Z,,,,,,,,,,,sirene,
PRESSE ET PAPIERS,,,a contacter,,,,,,,,,,,,marketing_com,Conseil en relations publiques et communication,PARIS,,75,,,,,,,,,,,,,,,,,,,,,,,,,,,,,,,,,,,,,,,,,,,,,,,404383945,40438394500080,70.21Z,,,,,,,,,,,sirene,
PRESSE MEDIA SANTE,,,a contacter,,,,,,,,,,,,marketing_com,Conseil en relations publiques et communication,VILLEURBANNE,,69,,,,,,,,,,,,,,,,,,,,,,,,,,,,,,,,,,,,,,,,,,,,,,,803691955,80369195500022,70.21Z,,,,,,,,,,,sirene,
PRESSE OPTIC,,,a contacter,,,,,,,,,,,,marketing_com,Activites des agences de publicite,PARIS,,75,,,,,,,,,,,,,,,,,,,,,,,,,,,,,,,,,,,,,,,,,,,,,,,451233696,45123369600025,73.11Z,,,,,,,,,,,sirene,
PRESSE PROMOTION,,,a contacter,,,,,,,,,,,,marketing_com,Activites des agences de publicite,SENILLE-SAINT-SAUVEUR,,86,,,,,,,,,,,,,,,,,,,,,,,,,,,,,,,,,,,,,,,,,,,,,,,311604441,31160444100023,73.11Z,,,,,,,,,,,sirene,
PREST'MMI,,,a contacter,,,,,,,,,,,,marketing_com,Conseil en relations publiques et communication,WATTRELOS,,59,,,,,,,,,,,,,,,,,,,,,,,,,,,,,,,,,,,,,,,,,,,,,,,949647275,94964727500021,70.21Z,,,,,,,,,,,sirene,
PRESTA PUB,,,a contacter,,,,,,,,,,,,marketing_com,Activites des agences de publicite,COUTERNON,,21,,,,,,,,,,,,,,,,,,,,,,,,,,,,,,,,,,,,,,,,,,,,,,,880968300,88096830000017,73.11Z,,,,,,,,,,,sirene,
PRESTA SERVICE REUNION,,,a contacter,,,,,,,,,,,,marketing_com,Activites des agences de publicite,SAINT-PIERRE,,974,,,,,,,,,,,,,,,,,,,,,,,,,,,,,,,,,,,,,,,,,,,,,,,914173653,91417365300017,73.11Z,,,,,,,,,,,sirene,
PRESTABOOST,,,a contacter,,,,,,,,,,,,marketing_com,Activites des agences de publicite,SAINT-LAURENT-DE-NESTE,,65,,,,,,,,,,,,,,,,,,,,,,,,,,,,,,,,,,,,,,,,,,,,,,,910453224,91045322400016,73.11Z,,,,,,,,,,,sirene,
PRESTATION MERCH DILLON,,,a contacter,,,,,,,,,,,,marketing_com,Activites des agences de publicite,FORT DE FRANCE,,972,,,,,,,,,,,,,,,,,,,,,,,,,,,,,,,,,,,,,,,,,,,,,,,879752442,87975244200019,73.11Z,,,,,,,,,,,sirene,
PRESTI ACTES SERVICES,,,a contacter,,,,,,,,,,,,marketing_com,Regie publicitaire de medias,PARIS,,75,,,,,,,,,,,,,,,,,,,,,,,,,,,,,,,,,,,,,,,,,,,,,,,491202438,49120243800025,73.12Z,,,,,,,,,,,sirene,
PRETEXT INFOGRAPHIE,,,a contacter,,,,,,,,,,,,marketing_com,Activites des agences de publicite,BAGNOLS,,69,,,,,,,,,,,,,,,,,,,,,,,,,,,,,,,,,,,,,,,,,,,,,,,353980188,35398018800059,73.11Z,,,,,,,,,,,sirene,
PRETEXTE,,,a contacter,,,,,,,,,,,,marketing_com,Activites des agences de publicite,VENDOME,,41,,,,,,,,,,,,,,,,,,,,,,,,,,,,,,,,,,,,,,,,,,,,,,,431301829,43130182900039,73.11Z,,,,,,,,,,,sirene,
PRINT CHAIN,,,a contacter,,,,,,,,,,,,marketing_com,Conseil en relations publiques et communication,ASNIERES-SUR-SEINE,,92,,,,,,,,,,,,,,,,,,,,,,,,,,,,,,,,,,,,,,,,,,,,,,,444361679,44436167900020,70.21Z,,,,,,,,,,,sirene,
PRINT EVENT,,,a contacter,,,,,,,,,,,,marketing_com,Activites des agences de publicite,BAILLARGUES,,34,,,,,,,,,,,,,,,,,,,,,,,,,,,,,,,,,,,,,,,,,,,,,,,844843342,84484334200016,73.11Z,,,,,,,,,,,sirene,
PRINT MY PUB,,,a contacter,,,,,,,,,,,,marketing_com,Activites des agences de publicite,LA NEUVILLE-CHANT-D'OISEL,,76,,,,,,,,,,,,,,,,,,,,,,,,,,,,,,,,,,,,,,,,,,,,,,,828918326,82891832600012,73.11Z,,,,,,,,,,,sirene,
PRINTNGO,,,a contacter,,,,,,,,,,,,marketing_com,Regie publicitaire de medias,MONDEVILLE,,14,,,,,,,,,,,,,,,,,,,,,,,,,,,,,,,,,,,,,,,,,,,,,,,522032994,52203299400041,73.12Z,,,,,,,,,,,sirene,
PRINTVALLEE,,,a contacter,,,,,,,,,,,,marketing_com,Activites des agences de publicite,COURBEVOIE,,92,,,,,,,,,,,,,,,,,,,,,,,,,,,,,,,,,,,,,,,,,,,,,,,377552260,37755226000079,73.11Z,,,,,,,,,,,sirene,
PRISME INTERNATIONAL CONSULTING,,,a contacter,,,,,,,,,,,,marketing_com,Conseil en relations publiques et communication,LYON,,69,,,,,,,,,,,,,,,,,,,,,,,,,,,,,,,,,,,,,,,,,,,,,,,404401523,40440152300067,70.21Z,,,,,,,,,,,sirene,
PRISMO COMMUNICATION,,,a contacter,,,,,,,,,,,,marketing_com,Conseil en relations publiques et communication,SAINT-JACQUES-DE-LA-LANDE,,35,,,,,,,,,,,,,,,,,,,,,,,,,,,,,,,,,,,,,,,,,,,,,,,880658968,88065896800024,70.21Z,,,,,,,,,,,sirene,
PRO & GO FRANCE,,,a contacter,,,,,,,,,,,,marketing_com,Conseil en relations publiques et communication,SAINT-CYR-L'ECOLE,,78,,,,,,,,,,,,,,,,,,,,,,,,,,,,,,,,,,,,,,,,,,,,,,,809190853,80919085300022,70.21Z,,,,,,,,,,,sirene,
PRO DIRECT MARKETING,,,a contacter,,,,,,,,,,,,marketing_com,Conseil en relations publiques et communication,MARSEILLE,,13,,,,,,,,,,,,,,,,,,,,,,,,,,,,,,,,,,,,,,,,,,,,,,,399600964,39960096400064,70.21Z,,,,,,,,,,,sirene,
PRO MERCH,,,a contacter,,,,,,,,,,,,marketing_com,Activites des agences de publicite,FORT DE FRANCE,,972,,,,,,,,,,,,,,,,,,,,,,,,,,,,,,,,,,,,,,,,,,,,,,,889867289,88986728900015,73.11Z,,,,,,,,,,,sirene,
PRO POSE SERVICES,,,a contacter,,,,,,,,,,,,marketing_com,Activites des agences de publicite,SAINT-PIERRE-DU-PERRAY,,91,,,,,,,,,,,,,,,,,,,,,,,,,,,,,,,,,,,,,,,,,,,,,,,792452526,79245252600041,73.11Z,,,,,,,,,,,sirene,
PRO RED PROMOTION ROUGE ESF DIFFUSION,,,a contacter,,,,,,,,,,,,marketing_com,Activites des agences de publicite,VAL-D ISERE,,73,,,,,,,,,,,,,,,,,,,,,,,,,,,,,,,,,,,,,,,,,,,,,,,751565508,75156550800015,73.11Z,,,,,,,,,,,sirene,
PRO SIGMA,,,a contacter,,,,,,,,,,,,marketing_com,Activites des agences de publicite,VIROFLAY,,78,,,,,,,,,,,,,,,,,,,,,,,,,,,,,,,,,,,,,,,,,,,,,,,401573480,40157348000027,73.11Z,,,,,,,,,,,sirene,
PRO- G,,,a contacter,,,,,,,,,,,,marketing_com,Activites des agences de publicite,GRENOBLE,,38,,,,,,,,,,,,,,,,,,,,,,,,,,,,,,,,,,,,,,,,,,,,,,,441705274,44170527400039,73.11Z,,,,,,,,,,,sirene,
PRO-FYL,,,a contacter,,,,,,,,,,,,marketing_com,Activites des agences de publicite,SAINT-ETIENNE,,42,,,,,,,,,,,,,,,,,,,,,,,,,,,,,,,,,,,,,,,,,,,,,,,818978215,81897821500023,73.11Z,,,,,,,,,,,sirene,
PROCESS BLUE,,,a contacter,,,,,,,,,,,,marketing_com,Activites des agences de publicite,VANNES,,56,,,,,,,,,,,,,,,,,,,,,,,,,,,,,,,,,,,,,,,,,,,,,,,381564913,38156491300030,73.11Z,,,,,,,,,,,sirene,
PRODELEXO,,,a contacter,,,,,,,,,,,,marketing_com,Activites des agences de publicite,TOURCOING,,59,,,,,,,,,,,,,,,,,,,,,,,,,,,,,,,,,,,,,,,,,,,,,,,800747222,80074722200043,73.11Z,,,,,,,,,,,sirene,
PRODEZZA,,,a contacter,,,,,,,,,,,,marketing_com,Activites des agences de publicite,LYON,,69,,,,,,,,,,,,,,,,,,,,,,,,,,,,,,,,,,,,,,,,,,,,,,,515101400,51510140000023,73.11Z,,,,,,,,,,,sirene,
PROFIL PUBLIC,,,a contacter,,,,,,,,,,,,marketing_com,Conseil en relations publiques et communication,TOULOUSE,,31,,,,,,,,,,,,,,,,,,,,,,,,,,,,,,,,,,,,,,,,,,,,,,,829360593,82936059300059,70.21Z,,,,,,,,,,,sirene,
PROFILE !,,,a contacter,,,,,,,,,,,,marketing_com,Conseil en relations publiques et communication,PARIS,,75,,,,,,,,,,,,,,,,,,,,,,,,,,,,,,,,,,,,,,,,,,,,,,,429468895,42946889500041,70.21Z,,,,,,,,,,,sirene,
PROFORMATS,,,a contacter,,,,,,,,,,,,marketing_com,Activites des agences de publicite,BORDEAUX,,33,,,,,,,,,,,,,,,,,,,,,,,,,,,,,,,,,,,,,,,,,,,,,,,353892268,35389226800072,73.11Z,,,,,,,,,,,sirene,
PROJECTIL-SOGEPRESS,,,a contacter,,,,,,,,,,,,marketing_com,Activites des agences de publicite,SAINT-AVERTIN,,37,,,,,,,,,,,,,,,,,,,,,,,,,,,,,,,,,,,,,,,,,,,,,,,343421921,34342192100044,73.11Z,,,,,,,,,,,sirene,
PROJEF,,,a contacter,,,,,,,,,,,,marketing_com,Activites des agences de publicite,ETALANS,,25,,,,,,,,,,,,,,,,,,,,,,,,,,,,,,,,,,,,,,,,,,,,,,,510818495,51081849500036,73.11Z,,,,,,,,,,,sirene,
PROMESSA,,,a contacter,,,,,,,,,,,,marketing_com,Activites des agences de publicite,RAMBOUILLET,,78,,,,,,,,,,,,,,,,,,,,,,,,,,,,,,,,,,,,,,,,,,,,,,,329264683,32926468300031,73.11Z,,,,,,,,,,,sirene,
PROMO CONTACT,,,a contacter,,,,,,,,,,,,marketing_com,Activites des agences de publicite,BEZIERS,,34,,,,,,,,,,,,,,,,,,,,,,,,,,,,,,,,,,,,,,,,,,,,,,,489577254,48957725400035,73.11Z,,,,,,,,,,,sirene,
PROMOACTION,,,a contacter,,,,,,,,,,,,marketing_com,Activites des agences de publicite,GIVORS,,69,,,,,,,,,,,,,,,,,,,,,,,,,,,,,,,,,,,,,,,,,,,,,,,792638975,79263897500039,73.11Z,,,,,,,,,,,sirene,
PROMOBOX,,,a contacter,,,,,,,,,,,,marketing_com,Conseil en relations publiques et communication,PARIS,,75,,,,,,,,,,,,,,,,,,,,,,,,,,,,,,,,,,,,,,,,,,,,,,,422977298,42297729800039,70.21Z,,,,,,,,,,,sirene,
PROMODEV,,,a contacter,,,,,,,,,,,,marketing_com,Activites des agences de publicite,AUBAGNE,,13,,,,,,,,,,,,,,,,,,,,,,,,,,,,,,,,,,,,,,,,,,,,,,,890559883,89055988300024,73.11Z,,,,,,,,,,,sirene,
PROMOFEL,,,a contacter,,,,,,,,,,,,marketing_com,Activites des agences de publicite,MONTAUBAN,,82,,,,,,,,,,,,,,,,,,,,,,,,,,,,,,,,,,,,,,,,,,,,,,,490241361,49024136100016,73.11Z,,,,,,,,,,,sirene,
PROMOSTIM,,,a contacter,,,,,,,,,,,,marketing_com,Activites des agences de publicite,MONTREUIL,,93,,,,,,,,,,,,,,,,,,,,,,,,,,,,,,,,,,,,,,,,,,,,,,,308896364,30889636400038,73.11Z,,,,,,,,,,,sirene,
PROMOTELEC,,,a contacter,,,,,,,,,,,,marketing_com,Conseil en relations publiques et communication,COURBEVOIE,,92,,,,,,,,,,,,,,,,,,,,,,,,,,,,,,,,,,,,,,,,,,,,,,,304177116,30417711600163,70.21Z,,,,,,,,,,,sirene,
PROMOTION ESF TIGNES LE LAC,,,a contacter,,,,,,,,,,,,marketing_com,Activites des agences de publicite,TIGNES,,73,,,,,,,,,,,,,,,,,,,,,,,,,,,,,,,,,,,,,,,,,,,,,,,818338246,81833824600015,73.11Z,,,,,,,,,,,sirene,
PROMOTION L ET H,,,a contacter,,,,,,,,,,,,marketing_com,Activites des agences de publicite,RILLIEUX-LA-PAPE,,69,,,,,,,,,,,,,,,,,,,,,,,,,,,,,,,,,,,,,,,,,,,,,,,305025793,30502579300038,73.11Z,,,,,,,,,,,sirene,
PROMOUVOIR,,,a contacter,,,,,,,,,,,,marketing_com,Activites des agences de publicite,REMIREMONT,,88,,,,,,,,,,,,,,,,,,,,,,,,,,,,,,,,,,,,,,,,,,,,,,,843394891,84339489100058,73.11Z,,,,,,,,,,,sirene,
PROMOVIL,,,a contacter,,,,,,,,,,,,marketing_com,Regie publicitaire de medias,VERRIERES-EN-ANJOU,,49,,,,,,,,,,,,,,,,,,,,,,,,,,,,,,,,,,,,,,,,,,,,,,,340930080,34093008000031,73.12Z,,,,,,,,,,,sirene,
PROPULS CONNECT,,,a contacter,,,,,,,,,,,,marketing_com,Activites des agences de publicite,WOIPPY,,57,,,,,,,,,,,,,,,,,,,,,,,,,,,,,,,,,,,,,,,,,,,,,,,533434684,53343468400049,73.11Z,,,,,,,,,,,sirene,
PROPULSE,,,a contacter,,,,,,,,,,,,marketing_com,Activites des agences de publicite,DIJON,,21,,,,,,,,,,,,,,,,,,,,,,,,,,,,,,,,,,,,,,,,,,,,,,,444012967,44401296700048,73.11Z,,,,,,,,,,,sirene,
PROSPECTIV SARL,,,a contacter,,,,,,,,,,,,marketing_com,Conseil en relations publiques et communication,COLMAR,,68,,,,,,,,,,,,,,,,,,,,,,,,,,,,,,,,,,,,,,,,,,,,,,,434196242,43419624200037,70.21Z,,,,,,,,,,,sirene,
PROTOCOLE AGENCY,,,a contacter,,,,,,,,,,,,marketing_com,Conseil en relations publiques et communication,MARSEILLE,,13,,,,,,,,,,,,,,,,,,,,,,,,,,,,,,,,,,,,,,,,,,,,,,,814060778,81406077800036,70.21Z,,,,,,,,,,,sirene,
PROXIMITY,,,a contacter,,,,,,,,,,,,marketing_com,Activites des agences de publicite,BOULOGNE-BILLANCOURT,,92,,,,,,,,,,,,,,,,,,,,,,,,,,,,,,,,,,,,,,,,,,,,,,,382163087,38216308700069,73.11Z,,,,,,,,,,,sirene,
PROXIPUB,,,a contacter,,,,,,,,,,,,marketing_com,Activites des agences de publicite,PLOUAY,,56,,,,,,,,,,,,,,,,,,,,,,,,,,,,,,,,,,,,,,,,,,,,,,,408219715,40821971500047,73.11Z,,,,,,,,,,,sirene,
PSB ET ASSOCIES,,,a contacter,,,,,,,,,,,,marketing_com,Activites des agences de publicite,VILLENEUVE-D'ASCQ,,59,,,,,,,,,,,,,,,,,,,,,,,,,,,,,,,,,,,,,,,,,,,,,,,310774617,31077461700032,73.11Z,,,,,,,,,,,sirene,
PUB 2 COM,,,a contacter,,,,,,,,,,,,marketing_com,Activites des agences de publicite,SAINT-MARTIN-DE-CRAU,,13,,,,,,,,,,,,,,,,,,,,,,,,,,,,,,,,,,,,,,,,,,,,,,,751411836,75141183600016,73.11Z,,,,,,,,,,,sirene,
PUB DECOR,,,a contacter,,,,,,,,,,,,marketing_com,Activites des agences de publicite,LA GUERINIERE,,85,,,,,,,,,,,,,,,,,,,,,,,,,,,,,,,,,,,,,,,,,,,,,,,501068175,50106817500014,73.11Z,,,,,,,,,,,sirene,
PUB FACTORY SN,,,a contacter,,,,,,,,,,,,marketing_com,Activites des agences de publicite,ANGLET,,64,,,,,,,,,,,,,,,,,,,,,,,,,,,,,,,,,,,,,,,,,,,,,,,920109964,92010996400014,73.11Z,,,,,,,,,,,sirene,
PUB GRESIVAUDAN,,,a contacter,,,,,,,,,,,,marketing_com,Activites des agences de publicite,LUMBIN,,38,,,,,,,,,,,,,,,,,,,,,,,,,,,,,,,,,,,,,,,,,,,,,,,510114234,51011423400014,73.11Z,,,,,,,,,,,sirene,
PUB IMPACT,,,a contacter,,,,,,,,,,,,marketing_com,Regie publicitaire de medias,SAINT-NICOLAS,,62,,,,,,,,,,,,,,,,,,,,,,,,,,,,,,,,,,,,,,,,,,,,,,,851452086,85145208600016,73.12Z,,,,,,,,,,,sirene,
PUB OCEANE,,,a contacter,,,,,,,,,,,,marketing_com,Activites des agences de publicite,LE LOROUX-BOTTEREAU,,44,,,,,,,,,,,,,,,,,,,,,,,,,,,,,,,,,,,,,,,,,,,,,,,418649349,41864934900028,73.11Z,,,,,,,,,,,sirene,
PUB UP,,,a contacter,,,,,,,,,,,,marketing_com,Activites des agences de publicite,MESSEIN,,54,,,,,,,,,,,,,,,,,,,,,,,,,,,,,,,,,,,,,,,,,,,,,,,803626399,80362639900023,73.11Z,,,,,,,,,,,sirene,
PUB XL,,,a contacter,,,,,,,,,,,,marketing_com,Activites des agences de publicite,MEXY,,54,,,,,,,,,,,,,,,,,,,,,,,,,,,,,,,,,,,,,,,,,,,,,,,537416596,53741659600014,73.11Z,,,,,,,,,,,sirene,
PUB' SERVICES COMMUNICATIONS,,,a contacter,,,,,,,,,,,,marketing_com,Activites des agences de publicite,COLMAR,,68,,,,,,,,,,,,,,,,,,,,,,,,,,,,,,,,,,,,,,,,,,,,,,,522025618,52202561800052,73.11Z,,,,,,,,,,,sirene,
PUB'ATTITUDE SARL,,,a contacter,,,,,,,,,,,,marketing_com,Activites des agences de publicite,AUBENAS,,07,,,,,,,,,,,,,,,,,,,,,,,,,,,,,,,,,,,,,,,,,,,,,,,451777064,45177706400036,73.11Z,,,,,,,,,,,sirene,
PUBAVENUE,,,a contacter,,,,,,,,,,,,marketing_com,Activites des agences de publicite,ROANNE,,42,,,,,,,,,,,,,,,,,,,,,,,,,,,,,,,,,,,,,,,,,,,,,,,484195128,48419512800059,73.11Z,,,,,,,,,,,sirene,
PUBLAND SERVICE,,,a contacter,,,,,,,,,,,,marketing_com,Activites des agences de publicite,MARSEILLE,,13,,,,,,,,,,,,,,,,,,,,,,,,,,,,,,,,,,,,,,,,,,,,,,,414362871,41436287100025,73.11Z,,,,,,,,,,,sirene,
PUBLI 13,,,a contacter,,,,,,,,,,,,marketing_com,Activites des agences de publicite,MARSEILLE,,13,,,,,,,,,,,,,,,,,,,,,,,,,,,,,,,,,,,,,,,,,,,,,,,799292495,79929249500014,73.11Z,,,,,,,,,,,sirene,
PUBLI ACTION,,,a contacter,,,,,,,,,,,,marketing_com,Activites des agences de publicite,TOUFFLERS,,59,,,,,,,,,,,,,,,,,,,,,,,,,,,,,,,,,,,,,,,,,,,,,,,320862006,32086200600048,73.11Z,,,,,,,,,,,sirene,
PUBLI AQUITAINE,,,a contacter,,,,,,,,,,,,marketing_com,Regie publicitaire de medias,SAUCATS,,33,,,,,,,,,,,,,,,,,,,,,,,,,,,,,,,,,,,,,,,,,,,,,,,326603834,32660383400044,73.12Z,,,,,,,,,,,sirene,
PUBLI COMM,,,a contacter,,,,,,,,,,,,marketing_com,Activites des agences de publicite,AGEN,,47,,,,,,,,,,,,,,,,,,,,,,,,,,,,,,,,,,,,,,,,,,,,,,,451228407,45122840700040,73.11Z,,,,,,,,,,,sirene,
PUBLI D,,,a contacter,,,,,,,,,,,,marketing_com,Activites des agences de publicite,SECLIN,,59,,,,,,,,,,,,,,,,,,,,,,,,,,,,,,,,,,,,,,,,,,,,,,,833880842,83388084200020,73.11Z,,,,,,,,,,,sirene,
PUBLI DECO,,,a contacter,,,,,,,,,,,,marketing_com,Activites des agences de publicite,IFS,,14,,,,,,,,,,,,,,,,,,,,,,,,,,,,,,,,,,,,,,,,,,,,,,,424554749,42455474900020,73.11Z,,,,,,,,,,,sirene,
PUBLI ESPACE,,,a contacter,,,,,,,,,,,,marketing_com,Regie publicitaire de medias,VERTOU,,44,,,,,,,,,,,,,,,,,,,,,,,,,,,,,,,,,,,,,,,,,,,,,,,350889358,35088935800049,73.12Z,,,,,,,,,,,sirene,
PUBLI ESSOR MOBILIERS URBAINS,,,a contacter,,,,,,,,,,,,marketing_com,Regie publicitaire de medias,SAINT-DIZIER,,52,,,,,,,,,,,,,,,,,,,,,,,,,,,,,,,,,,,,,,,,,,,,,,,382587277,38258727700023,73.12Z,,,,,,,,,,,sirene,
PUBLI-DIFFUSION,,,a contacter,,,,,,,,,,,,marketing_com,Regie publicitaire de medias,SOTTEVILLE-LES-ROUEN,,76,,,,,,,,,,,,,,,,,,,,,,,,,,,,,,,,,,,,,,,,,,,,,,,314468174,31446817400045,73.12Z,,,,,,,,,,,sirene,
PUBLI-VOILE SARL,,,a contacter,,,,,,,,,,,,marketing_com,Activites des agences de publicite,SAINT-MARTIN-SUR-LE-PRE,,51,,,,,,,,,,,,,,,,,,,,,,,,,,,,,,,,,,,,,,,,,,,,,,,440993749,44099374900025,73.11Z,,,,,,,,,,,sirene,
PUBLIC ACTIF,,,a contacter,,,,,,,,,,,,marketing_com,Activites des agences de publicite,LYON,,69,,,,,,,,,,,,,,,,,,,,,,,,,,,,,,,,,,,,,,,,,,,,,,,519239677,51923967700056,73.11Z,,,,,,,,,,,sirene,
PUBLICARA,,,a contacter,,,,,,,,,,,,marketing_com,Activites des agences de publicite,LE LAMENTIN,,972,,,,,,,,,,,,,,,,,,,,,,,,,,,,,,,,,,,,,,,,,,,,,,,428799779,42879977900023,73.11Z,,,,,,,,,,,sirene,
PUBLICIS CONSULTANTS FRANCE,,,a contacter,,,,,,,,,,,,marketing_com,Activites des agences de publicite,PARIS,,75,,,,,,,,,,,,,,,,,,,,,,,,,,,,,,,,,,,,,,,,,,,,,,,338519051,33851905100043,73.11Z,,,,,,,,,,,sirene,
PUBLICIS XP,,,a contacter,,,,,,,,,,,,marketing_com,Activites des agences de publicite,PARIS,,75,,,,,,,,,,,,,,,,,,,,,,,,,,,,,,,,,,,,,,,,,,,,,,,429125305,42912530500095,73.11Z,,,,,,,,,,,sirene,
PUBLICISLIVE FRANCE,,,a contacter,,,,,,,,,,,,marketing_com,Activites des agences de publicite,PARIS,,75,,,,,,,,,,,,,,,,,,,,,,,,,,,,,,,,,,,,,,,,,,,,,,,451365803,45136580300076,73.11Z,,,,,,,,,,,sirene,
PUBLICITE BENOIST,,,a contacter,,,,,,,,,,,,marketing_com,Activites des agences de publicite,VAUX-LE-PENIL,,77,,,,,,,,,,,,,,,,,,,,,,,,,,,,,,,,,,,,,,,,,,,,,,,451284210,45128421000023,73.11Z,,,,,,,,,,,sirene,
PUBLICITE DE CECCO,,,a contacter,,,,,,,,,,,,marketing_com,Activites des agences de publicite,NIMES,,30,,,,,,,,,,,,,,,,,,,,,,,,,,,,,,,,,,,,,,,,,,,,,,,341200988,34120098800028,73.11Z,,,,,,,,,,,sirene,
PUBLICITE DECOR,,,a contacter,,,,,,,,,,,,marketing_com,Activites des agences de publicite,CALUIRE-ET-CUIRE,,69,,,,,,,,,,,,,,,,,,,,,,,,,,,,,,,,,,,,,,,,,,,,,,,382219061,38221906100019,73.11Z,,,,,,,,,,,sirene,
PUBLICITE INSULAIRE MEDITERRANEENNE,,,a contacter,,,,,,,,,,,,marketing_com,Regie publicitaire de medias,FURIANI,,2B,,,,,,,,,,,,,,,,,,,,,,,,,,,,,,,,,,,,,,,,,,,,,,,353537707,35353770700013,73.12Z,,,,,,,,,,,sirene,
PUBLICITE LEPEUT,,,a contacter,,,,,,,,,,,,marketing_com,Activites des agences de publicite,BESANCON,,25,,,,,,,,,,,,,,,,,,,,,,,,,,,,,,,,,,,,,,,,,,,,,,,412647513,41264751300057,73.11Z,,,,,,,,,,,sirene,
PUBLICITE LUCIEN TRUCHE,,,a contacter,,,,,,,,,,,,marketing_com,Activites des agences de publicite,LYON,,69,,,,,,,,,,,,,,,,,,,,,,,,,,,,,,,,,,,,,,,,,,,,,,,432336196,43233619600030,73.11Z,,,,,,,,,,,sirene,
PUBLICITE LUMINEUSE ET AFFICHAGE LIOTE,,,a contacter,,,,,,,,,,,,marketing_com,Activites des agences de publicite,BOULOGNE-BILLANCOURT,,92,,,,,,,,,,,,,,,,,,,,,,,,,,,,,,,,,,,,,,,,,,,,,,,338369564,33836956400020,73.11Z,,,,,,,,,,,sirene,
PUBLICITE ROUERGUE SARL,,,a contacter,,,,,,,,,,,,marketing_com,Activites des agences de publicite,ONET-LE-CHATEAU,,12,,,,,,,,,,,,,,,,,,,,,,,,,,,,,,,,,,,,,,,,,,,,,,,492568167,49256816700018,73.11Z,,,,,,,,,,,sirene,
PUBLICITES MUNICIPALES,,,a contacter,,,,,,,,,,,,marketing_com,Regie publicitaire de medias,SAINT-FRANCOIS,,971,,,,,,,,,,,,,,,,,,,,,,,,,,,,,,,,,,,,,,,,,,,,,,,533461646,53346164600010,73.12Z,,,,,,,,,,,sirene,
PUBLICOM MEDITERRANEE,,,a contacter,,,,,,,,,,,,marketing_com,Activites des agences de publicite,AIX-EN-PROVENCE,,13,,,,,,,,,,,,,,,,,,,,,,,,,,,,,,,,,,,,,,,,,,,,,,,410765663,41076566300043,73.11Z,,,,,,,,,,,sirene,
PUBLICREATION,,,a contacter,,,,,,,,,,,,marketing_com,Activites des agences de publicite,PERPIGNAN,,66,,,,,,,,,,,,,,,,,,,,,,,,,,,,,,,,,,,,,,,,,,,,,,,810378166,81037816600021,73.11Z,,,,,,,,,,,sirene,
PUBLIDEE,,,a contacter,,,,,,,,,,,,marketing_com,Activites des agences de publicite,NOTRE-DAME-DE-BONDEVILLE,,76,,,,,,,,,,,,,,,,,,,,,,,,,,,,,,,,,,,,,,,,,,,,,,,324979178,32497917800070,73.11Z,,,,,,,,,,,sirene,
PUBLIGO,,,a contacter,,,,,,,,,,,,marketing_com,Conseil en relations publiques et communication,LOUHANS,,71,,,,,,,,,,,,,,,,,,,,,,,,,,,,,,,,,,,,,,,,,,,,,,,502441868,50244186800069,70.21Z,,,,,,,,,,,sirene,
PUBLIGOURMET,,,a contacter,,,,,,,,,,,,marketing_com,Activites des agences de publicite,VESOUL,,70,,,,,,,,,,,,,,,,,,,,,,,,,,,,,,,,,,,,,,,,,,,,,,,815195979,81519597900027,73.11Z,,,,,,,,,,,sirene,
PUBLIGRAPHIE,,,a contacter,,,,,,,,,,,,marketing_com,Activites des agences de publicite,SEMOY,,45,,,,,,,,,,,,,,,,,,,,,,,,,,,,,,,,,,,,,,,,,,,,,,,353727746,35372774600029,73.11Z,,,,,,,,,,,sirene,
PUBLIKA,,,a contacter,,,,,,,,,,,,marketing_com,Conseil en relations publiques et communication,VAILHAUQUES,,34,,,,,,,,,,,,,,,,,,,,,,,,,,,,,,,,,,,,,,,,,,,,,,,482559754,48255975400031,70.21Z,,,,,,,,,,,sirene,
PUBLILEGAL,,,a contacter,,,,,,,,,,,,marketing_com,Activites des agences de publicite,PARIS,,75,,,,,,,,,,,,,,,,,,,,,,,,,,,,,,,,,,,,,,,,,,,,,,,562091611,56209161100094,73.11Z,,,,,,,,,,,sirene,
PUBLIMAC,,,a contacter,,,,,,,,,,,,marketing_com,Activites des agences de publicite,ASNIERES-SUR-SEINE,,92,,,,,,,,,,,,,,,,,,,,,,,,,,,,,,,,,,,,,,,,,,,,,,,562068940,56206894000013,73.11Z,,,,,,,,,,,sirene,
PUBLIMAN,,,a contacter,,,,,,,,,,,,marketing_com,Regie publicitaire de medias,CENAC-ET-SAINT-JULIEN,,24,,,,,,,,,,,,,,,,,,,,,,,,,,,,,,,,,,,,,,,,,,,,,,,419339437,41933943700032,73.12Z,,,,,,,,,,,sirene,
PUBLIMAT,,,a contacter,,,,,,,,,,,,marketing_com,Regie publicitaire de medias,AGINCOURT,,54,,,,,,,,,,,,,,,,,,,,,,,,,,,,,,,,,,,,,,,,,,,,,,,332976430,33297643000030,73.12Z,,,,,,,,,,,sirene,
PUBLIMAX,,,a contacter,,,,,,,,,,,,marketing_com,Regie publicitaire de medias,HAGUENAU,,67,,,,,,,,,,,,,,,,,,,,,,,,,,,,,,,,,,,,,,,,,,,,,,,421462805,42146280500035,73.12Z,,,,,,,,,,,sirene,
PUBLIMONTRE DEVELOPPEMENT,,,a contacter,,,,,,,,,,,,marketing_com,Activites des agences de publicite,EVRY-COURCOURONNES,,91,,,,,,,,,,,,,,,,,,,,,,,,,,,,,,,,,,,,,,,,,,,,,,,478807555,47880755500030,73.11Z,,,,,,,,,,,sirene,
PUBLIPEINT,,,a contacter,,,,,,,,,,,,marketing_com,Regie publicitaire de medias,MERY-SUR-OISE,,95,,,,,,,,,,,,,,,,,,,,,,,,,,,,,,,,,,,,,,,,,,,,,,,437571672,43757167200025,73.12Z,,,,,,,,,,,sirene,
PUBLIPRESS,,,a contacter,,,,,,,,,,,,marketing_com,Activites des agences de publicite,MONT-SAINT-AIGNAN,,76,,,,,,,,,,,,,,,,,,,,,,,,,,,,,,,,,,,,,,,,,,,,,,,502176639,50217663900024,73.11Z,,,,,,,,,,,sirene,
PUBLIPRESSE MEDIAS,,,a contacter,,,,,,,,,,,,marketing_com,Conseil en relations publiques et communication,MORTEAU,,25,,,,,,,,,,,,,,,,,,,,,,,,,,,,,,,,,,,,,,,,,,,,,,,424896645,42489664500035,70.21Z,,,,,,,,,,,sirene,
PUBLISCOOP BY COCKTAIL,,,a contacter,,,,,,,,,,,,marketing_com,Activites des agences de publicite,LA ROCHE-SUR-YON,,85,,,,,,,,,,,,,,,,,,,,,,,,,,,,,,,,,,,,,,,,,,,,,,,799021530,79902153000057,73.11Z,,,,,,,,,,,sirene,
PUBLISKI,,,a contacter,,,,,,,,,,,,marketing_com,Activites des agences de publicite,ANNECY,,74,,,,,,,,,,,,,,,,,,,,,,,,,,,,,,,,,,,,,,,,,,,,,,,692044852,69204485200055,73.11Z,,,,,,,,,,,sirene,
PUBLOCITY GMBH&CO.KG,,,a contacter,,,,,,,,,,,,marketing_com,Activites des agences de publicite,,,,,,,,,,,,,,,,,,,,,,,,,,,,,,,,,,,,,,,,,,,,,,,,,,792354631,79235463100014,73.11Z,,,,,,,,,,,sirene,
PUBLY CLUB,,,a contacter,,,,,,,,,,,,marketing_com,Regie publicitaire de medias,SAINT-CLOUD,,92,,,,,,,,,,,,,,,,,,,,,,,,,,,,,,,,,,,,,,,,,,,,,,,981030869,98103086900011,73.12Z,,,,,,,,,,,sirene,
PUBMATIC LIMITED,,,a contacter,,,,,,,,,,,,marketing_com,Activites des agences de publicite,,,,,,,,,,,,,,,,,,,,,,,,,,,,,,,,,,,,,,,,,,,,,,,,,,907551618,90755161800016,73.11Z,,,,,,,,,,,sirene,
PUCK L'AGENCE,,,a contacter,,,,,,,,,,,,marketing_com,Activites des agences de publicite,CLAMART,,92,,,,,,,,,,,,,,,,,,,,,,,,,,,,,,,,,,,,,,,,,,,,,,,492546510,49254651000040,73.11Z,,,,,,,,,,,sirene,
PUISSANCE HUIT,,,a contacter,,,,,,,,,,,,marketing_com,Activites des agences de publicite,LA FARE-LES-OLIVIERS,,13,,,,,,,,,,,,,,,,,,,,,,,,,,,,,,,,,,,,,,,,,,,,,,,879303295,87930329500015,73.11Z,,,,,,,,,,,sirene,
PULP CONSUMER CREATIVE BRAND,,,a contacter,,,,,,,,,,,,marketing_com,Activites des agences de publicite,BOULOGNE-BILLANCOURT,,92,,,,,,,,,,,,,,,,,,,,,,,,,,,,,,,,,,,,,,,,,,,,,,,953435419,95343541900023,73.11Z,,,,,,,,,,,sirene,
PULS,,,a contacter,,,,,,,,,,,,marketing_com,Activites des agences de publicite,CENON,,33,,,,,,,,,,,,,,,,,,,,,,,,,,,,,,,,,,,,,,,,,,,,,,,795371434,79537143400031,73.11Z,,,,,,,,,,,sirene,
PULS'AFUSION,,,a contacter,,,,,,,,,,,,marketing_com,Activites des agences de publicite,CARQUEFOU,,44,,,,,,,,,,,,,,,,,,,,,,,,,,,,,,,,,,,,,,,,,,,,,,,492802335,49280233500025,73.11Z,,,,,,,,,,,sirene,
PUPPETS,,,a contacter,,,,,,,,,,,,marketing_com,Activites des agences de publicite,PARIS,,75,,,,,,,,,,,,,,,,,,,,,,,,,,,,,,,,,,,,,,,,,,,,,,,538592858,53859285800046,73.11Z,,,,,,,,,,,sirene,
PURE MOMENT,,,a contacter,,,,,,,,,,,,marketing_com,Conseil en relations publiques et communication,MARSEILLE,,13,,,,,,,,,,,,,,,,,,,,,,,,,,,,,,,,,,,,,,,,,,,,,,,539146118,53914611800036,70.21Z,,,,,,,,,,,sirene,
PURE-COM,,,a contacter,,,,,,,,,,,,marketing_com,Activites des agences de publicite,SERVON,,77,,,,,,,,,,,,,,,,,,,,,,,,,,,,,,,,,,,,,,,,,,,,,,,890972235,89097223500018,73.11Z,,,,,,,,,,,sirene,
PURJUS COMMUNICATION,,,a contacter,,,,,,,,,,,,marketing_com,Conseil en relations publiques et communication,VAUVENARGUES,,13,,,,,,,,,,,,,,,,,,,,,,,,,,,,,,,,,,,,,,,,,,,,,,,497794297,49779429700026,70.21Z,,,,,,,,,,,sirene,
PWP CORP,,,a contacter,,,,,,,,,,,,marketing_com,Conseil en relations publiques et communication,SURESNES,,92,,,,,,,,,,,,,,,,,,,,,,,,,,,,,,,,,,,,,,,,,,,,,,,888754462,88875446200016,70.21Z,,,,,,,,,,,sirene,
PY-PROMOCOM SAS,,,a contacter,,,,,,,,,,,,marketing_com,Activites des agences de publicite,TOULOUSE,,31,,,,,,,,,,,,,,,,,,,,,,,,,,,,,,,,,,,,,,,,,,,,,,,410720221,41072022100044,73.11Z,,,,,,,,,,,sirene,
PYGMA SARL,,,a contacter,,,,,,,,,,,,marketing_com,Activites des agences de publicite,LE PETIT-QUEVILLY,,76,,,,,,,,,,,,,,,,,,,,,,,,,,,,,,,,,,,,,,,,,,,,,,,413523473,41352347300069,73.11Z,,,,,,,,,,,sirene,
PYMAC,,,a contacter,,,,,,,,,,,,marketing_com,Activites des agences de publicite,AIX-EN-PROVENCE,,13,,,,,,,,,,,,,,,,,,,,,,,,,,,,,,,,,,,,,,,,,,,,,,,419396254,41939625400015,73.11Z,,,,,,,,,,,sirene,
PYR'AT PUBLICITE,,,a contacter,,,,,,,,,,,,marketing_com,Activites des agences de publicite,POEY-DE-LESCAR,,64,,,,,,,,,,,,,,,,,,,,,,,,,,,,,,,,,,,,,,,,,,,,,,,838473684,83847368400036,73.11Z,,,,,,,,,,,sirene,
PYRAMID,,,a contacter,,,,,,,,,,,,marketing_com,Activites des agences de publicite,CHAMBLY,,60,,,,,,,,,,,,,,,,,,,,,,,,,,,,,,,,,,,,,,,,,,,,,,,529528705,52952870500039,73.11Z,,,,,,,,,,,sirene,
PYRENEES MULTIMEDIA ET PUBLICITE,,,a contacter,,,,,,,,,,,,marketing_com,Regie publicitaire de medias,MONTAILLOU,,09,,,,,,,,,,,,,,,,,,,,,,,,,,,,,,,,,,,,,,,,,,,,,,,509084232,50908423200016,73.12Z,,,,,,,,,,,sirene,
QUADRI ' 7,,,a contacter,,,,,,,,,,,,marketing_com,Activites des agences de publicite,SAINT-PAIR-SUR-MER,,50,,,,,,,,,,,,,,,,,,,,,,,,,,,,,,,,,,,,,,,,,,,,,,,488267667,48826766700027,73.11Z,,,,,,,,,,,sirene,
QUADRI POSE,,,a contacter,,,,,,,,,,,,marketing_com,Activites des agences de publicite,HERBLAY-SUR-SEINE,,95,,,,,,,,,,,,,,,,,,,,,,,,,,,,,,,,,,,,,,,,,,,,,,,808300834,80830083400021,73.11Z,,,,,,,,,,,sirene,
QUAI DES ORFEVRES,,,a contacter,,,,,,,,,,,,marketing_com,Conseil en relations publiques et communication,PARIS,,75,,,,,,,,,,,,,,,,,,,,,,,,,,,,,,,,,,,,,,,,,,,,,,,500241088,50024108800052,70.21Z,,,,,,,,,,,sirene,
QUALI BEAUTE,,,a contacter,,,,,,,,,,,,marketing_com,Activites des agences de publicite,BOULOGNE-BILLANCOURT,,92,,,,,,,,,,,,,,,,,,,,,,,,,,,,,,,,,,,,,,,,,,,,,,,807655469,80765546900029,73.11Z,,,,,,,,,,,sirene,
QUALWORLD,,,a contacter,,,,,,,,,,,,marketing_com,Conseil en relations publiques et communication,SORBIERS,,42,,,,,,,,,,,,,,,,,,,,,,,,,,,,,,,,,,,,,,,,,,,,,,,799384441,79938444100033,70.21Z,,,,,,,,,,,sirene,
QUAN,,,a contacter,,,,,,,,,,,,marketing_com,Conseil en relations publiques et communication,PORT-DE-BOUC,,13,,,,,,,,,,,,,,,,,,,,,,,,,,,,,,,,,,,,,,,,,,,,,,,890002660,89000266000037,70.21Z,,,,,,,,,,,sirene,
QUANTAFORM INTERNATIONAL,,,a contacter,,,,,,,,,,,,marketing_com,Conseil en relations publiques et communication,BIOT,,06,,,,,,,,,,,,,,,,,,,,,,,,,,,,,,,,,,,,,,,,,,,,,,,803430685,80343068500013,70.21Z,,,,,,,,,,,sirene,
QUATRE BIS,,,a contacter,,,,,,,,,,,,marketing_com,Activites des agences de publicite,PARIS,,75,,,,,,,,,,,,,,,,,,,,,,,,,,,,,,,,,,,,,,,,,,,,,,,391040698,39104069800030,73.11Z,,,,,,,,,,,sirene,
QUATRIEME JOUR,,,a contacter,,,,,,,,,,,,marketing_com,Conseil en relations publiques et communication,PARIS,,75,,,,,,,,,,,,,,,,,,,,,,,,,,,,,,,,,,,,,,,,,,,,,,,491400164,49140016400043,70.21Z,,,,,,,,,,,sirene,
QUETZAL,,,a contacter,,,,,,,,,,,,marketing_com,Activites des agences de publicite,WASQUEHAL,,59,,,,,,,,,,,,,,,,,,,,,,,,,,,,,,,,,,,,,,,,,,,,,,,420295123,42029512300046,73.11Z,,,,,,,,,,,sirene,
QUI PLUS EST,,,a contacter,,,,,,,,,,,,marketing_com,Conseil en relations publiques et communication,CHAMALIERES,,63,,,,,,,,,,,,,,,,,,,,,,,,,,,,,,,,,,,,,,,,,,,,,,,451572176,45157217600043,70.21Z,,,,,,,,,,,sirene,
QWAMPLIFY,,,a contacter,,,,,,,,,,,,marketing_com,Activites des agences de publicite,LEVALLOIS-PERRET,,92,,,,,,,,,,,,,,,,,,,,,,,,,,,,,,,,,,,,,,,,,,,,,,,500517776,50051777600067,73.11Z,,,,,,,,,,,sirene,
R,,,a contacter,,,,,,,,,,,,marketing_com,Regie publicitaire de medias,MOUGINS,,06,,,,,,,,,,,,,,,,,,,,,,,,,,,,,,,,,,,,,,,,,,,,,,,502207079,50220707900026,73.12Z,,,,,,,,,,,sirene,
R D D AFFICHAGE,,,a contacter,,,,,,,,,,,,marketing_com,Regie publicitaire de medias,MARSEILLE,,13,,,,,,,,,,,,,,,,,,,,,,,,,,,,,,,,,,,,,,,,,,,,,,,332700137,33270013700034,73.12Z,,,,,,,,,,,sirene,
R.D.M.M. CONCEPTS,,,a contacter,,,,,,,,,,,,marketing_com,Conseil en relations publiques et communication,PARIS,,75,,,,,,,,,,,,,,,,,,,,,,,,,,,,,,,,,,,,,,,,,,,,,,,422822130,42282213000064,70.21Z,,,,,,,,,,,sirene,
R2 STAND & EVENT,,,a contacter,,,,,,,,,,,,marketing_com,Conseil en relations publiques et communication,PARIS,,75,,,,,,,,,,,,,,,,,,,,,,,,,,,,,,,,,,,,,,,,,,,,,,,522816339,52281633900033,70.21Z,,,,,,,,,,,sirene,
RACECARS,,,a contacter,,,,,,,,,,,,marketing_com,Activites des agences de publicite,VARENNES-SUR-SEINE,,77,,,,,,,,,,,,,,,,,,,,,,,,,,,,,,,,,,,,,,,,,,,,,,,417714664,41771466400030,73.11Z,,,,,,,,,,,sirene,
RADIOACTIVITE,,,a contacter,,,,,,,,,,,,marketing_com,Regie publicitaire de medias,EVRY-COURCOURONNES,,91,,,,,,,,,,,,,,,,,,,,,,,,,,,,,,,,,,,,,,,,,,,,,,,452805906,45280590600024,73.12Z,,,,,,,,,,,sirene,
RANGOON,,,a contacter,,,,,,,,,,,,marketing_com,Activites des agences de publicite,COURBEVOIE,,92,,,,,,,,,,,,,,,,,,,,,,,,,,,,,,,,,,,,,,,,,,,,,,,434076618,43407661800041,73.11Z,,,,,,,,,,,sirene,
RANIERI,,,a contacter,,,,,,,,,,,,marketing_com,Activites des agences de publicite,PARIS,,75,,,,,,,,,,,,,,,,,,,,,,,,,,,,,,,,,,,,,,,,,,,,,,,750999351,75099935100059,73.11Z,,,,,,,,,,,sirene,
RASPAIL COMMUNICATION,,,a contacter,,,,,,,,,,,,marketing_com,Activites des agences de publicite,PARIS,,75,,,,,,,,,,,,,,,,,,,,,,,,,,,,,,,,,,,,,,,,,,,,,,,478737620,47873762000011,73.11Z,,,,,,,,,,,sirene,
RAYONS,,,a contacter,,,,,,,,,,,,marketing_com,Activites des agences de publicite,MARSEILLE 6,,13,,,,,,,,,,,,,,,,,,,,,,,,,,,,,,,,,,,,,,,,,,,,,,,880240015,88024001500029,73.11Z,,,,,,,,,,,sirene,
RC CONCEPT OPERATIONNEL,,,a contacter,,,,,,,,,,,,marketing_com,Activites des agences de publicite,BOULOGNE-BILLANCOURT,,92,,,,,,,,,,,,,,,,,,,,,,,,,,,,,,,,,,,,,,,,,,,,,,,517575445,51757544500013,73.11Z,,,,,,,,,,,sirene,
RC2C,,,a contacter,,,,,,,,,,,,marketing_com,Conseil en relations publiques et communication,LA ROCHELLE,,17,,,,,,,,,,,,,,,,,,,,,,,,,,,,,,,,,,,,,,,,,,,,,,,813759032,81375903200036,70.21Z,,,,,,,,,,,sirene,
RCA FACTORY,,,a contacter,,,,,,,,,,,,marketing_com,Conseil en relations publiques et communication,COURBEVOIE,,92,,,,,,,,,,,,,,,,,,,,,,,,,,,,,,,,,,,,,,,,,,,,,,,448916114,44891611400078,70.21Z,,,,,,,,,,,sirene,
RDA,,,a contacter,,,,,,,,,,,,marketing_com,Regie publicitaire de medias,GAGNY,,93,,,,,,,,,,,,,,,,,,,,,,,,,,,,,,,,,,,,,,,,,,,,,,,847857174,84785717400027,73.12Z,,,,,,,,,,,sirene,
RDY MONTAGE,,,a contacter,,,,,,,,,,,,marketing_com,Activites des agences de publicite,AUGNY,,57,,,,,,,,,,,,,,,,,,,,,,,,,,,,,,,,,,,,,,,,,,,,,,,483777215,48377721500052,73.11Z,,,,,,,,,,,sirene,
RE-IMAGINE HEALTH AGENCY,,,a contacter,,,,,,,,,,,,marketing_com,Activites des agences de publicite,PARIS,,75,,,,,,,,,,,,,,,,,,,,,,,,,,,,,,,,,,,,,,,,,,,,,,,480963057,48096305700025,73.11Z,,,,,,,,,,,sirene,
RE-MIND,,,a contacter,,,,,,,,,,,,marketing_com,Activites des agences de publicite,BOULOGNE-BILLANCOURT,,92,,,,,,,,,,,,,,,,,,,,,,,,,,,,,,,,,,,,,,,,,,,,,,,497860734,49786073400126,73.11Z,,,,,,,,,,,sirene,
RE-PACKED,,,a contacter,,,,,,,,,,,,marketing_com,Activites des agences de publicite,AUXERRE,,89,,,,,,,,,,,,,,,,,,,,,,,,,,,,,,,,,,,,,,,,,,,,,,,805279106,80527910600027,73.11Z,,,,,,,,,,,sirene,
REAC'TIME,,,a contacter,,,,,,,,,,,,marketing_com,Regie publicitaire de medias,TALUYERS,,69,,,,,,,,,,,,,,,,,,,,,,,,,,,,,,,,,,,,,,,,,,,,,,,538319252,53831925200010,73.12Z,,,,,,,,,,,sirene,
READY UP,,,a contacter,,,,,,,,,,,,marketing_com,Conseil en relations publiques et communication,BOE,,47,,,,,,,,,,,,,,,,,,,,,,,,,,,,,,,,,,,,,,,,,,,,,,,905307021,90530702100014,70.21Z,,,,,,,,,,,sirene,
REAL,,,a contacter,,,,,,,,,,,,marketing_com,Activites des agences de publicite,EGUILLES,,13,,,,,,,,,,,,,,,,,,,,,,,,,,,,,,,,,,,,,,,,,,,,,,,448713768,44871376800027,73.11Z,,,,,,,,,,,sirene,
RECTANGLE,,,a contacter,,,,,,,,,,,,marketing_com,Activites des agences de publicite,LONS-LE-SAUNIER,,39,,,,,,,,,,,,,,,,,,,,,,,,,,,,,,,,,,,,,,,,,,,,,,,802248674,80224867400037,73.11Z,,,,,,,,,,,sirene,
RECTO VERSO,,,a contacter,,,,,,,,,,,,marketing_com,Conseil en relations publiques et communication,SAINT-DENIS,,974,,,,,,,,,,,,,,,,,,,,,,,,,,,,,,,,,,,,,,,,,,,,,,,899421820,89942182000015,70.21Z,,,,,,,,,,,sirene,
RED CONCEPT,,,a contacter,,,,,,,,,,,,marketing_com,Activites des agences de publicite,SAINT-LAURENT-DU-VAR,,06,,,,,,,,,,,,,,,,,,,,,,,,,,,,,,,,,,,,,,,,,,,,,,,890976194,89097619400013,73.11Z,,,,,,,,,,,sirene,
RED LORRY YELLOW LORRY GMBH,,,a contacter,,,,,,,,,,,,marketing_com,Conseil en relations publiques et communication,,,,,,,,,,,,,,,,,,,,,,,,,,,,,,,,,,,,,,,,,,,,,,,,,,890869241,89086924100012,70.21Z,,,,,,,,,,,sirene,
RED MANGO,,,a contacter,,,,,,,,,,,,marketing_com,Activites des agences de publicite,SAINTE-MARIE,,974,,,,,,,,,,,,,,,,,,,,,,,,,,,,,,,,,,,,,,,,,,,,,,,917886764,91788676400013,73.11Z,,,,,,,,,,,sirene,
REDACTOGRAPHE,,,a contacter,,,,,,,,,,,,marketing_com,Activites des agences de publicite,BORDEAUX,,33,,,,,,,,,,,,,,,,,,,,,,,,,,,,,,,,,,,,,,,,,,,,,,,839797495,83979749500034,73.11Z,,,,,,,,,,,sirene,
REDPILL,,,a contacter,,,,,,,,,,,,marketing_com,Conseil en relations publiques et communication,PARIS,,75,,,,,,,,,,,,,,,,,,,,,,,,,,,,,,,,,,,,,,,,,,,,,,,834421307,83442130700044,70.21Z,,,,,,,,,,,sirene,
REDPILL CHOICE,,,a contacter,,,,,,,,,,,,marketing_com,Activites des agences de publicite,EVRY-COURCOURONNES,,91,,,,,,,,,,,,,,,,,,,,,,,,,,,,,,,,,,,,,,,,,,,,,,,844371740,84437174000029,73.11Z,,,,,,,,,,,sirene,
REDPILL GROUP,,,a contacter,,,,,,,,,,,,marketing_com,Conseil en relations publiques et communication,PARIS,,75,,,,,,,,,,,,,,,,,,,,,,,,,,,,,,,,,,,,,,,,,,,,,,,814668893,81466889300047,70.21Z,,,,,,,,,,,sirene,
REDUCBOX,,,a contacter,,,,,,,,,,,,marketing_com,Conseil en relations publiques et communication,VENCE,,06,,,,,,,,,,,,,,,,,,,,,,,,,,,,,,,,,,,,,,,,,,,,,,,511670655,51167065500022,70.21Z,,,,,,,,,,,sirene,
REDUK'SPORTS,,,a contacter,,,,,,,,,,,,marketing_com,Conseil en relations publiques et communication,OPPEDE,,84,,,,,,,,,,,,,,,,,,,,,,,,,,,,,,,,,,,,,,,,,,,,,,,837565258,83756525800022,70.21Z,,,,,,,,,,,sirene,
REFERENCE,,,a contacter,,,,,,,,,,,,marketing_com,Activites des agences de publicite,TOURS,,37,,,,,,,,,,,,,,,,,,,,,,,,,,,,,,,,,,,,,,,,,,,,,,,414422485,41442248500030,73.11Z,,,,,,,,,,,sirene,
REFLET COMMUNICATION,,,a contacter,,,,,,,,,,,,marketing_com,Activites des agences de publicite,BELFORT,,90,,,,,,,,,,,,,,,,,,,,,,,,,,,,,,,,,,,,,,,,,,,,,,,438016909,43801690900055,73.11Z,,,,,,,,,,,sirene,
REFLEX ENSEIGNE,,,a contacter,,,,,,,,,,,,marketing_com,Activites des agences de publicite,BEAULIEU-SUR-MER,,06,,,,,,,,,,,,,,,,,,,,,,,,,,,,,,,,,,,,,,,,,,,,,,,442446373,44244637300023,73.11Z,,,,,,,,,,,sirene,
REFLEX2COM,,,a contacter,,,,,,,,,,,,marketing_com,Activites des agences de publicite,MONTMELIAN,,73,,,,,,,,,,,,,,,,,,,,,,,,,,,,,,,,,,,,,,,,,,,,,,,808897730,80889773000038,73.11Z,,,,,,,,,,,sirene,
REGICOM WEBFORMANCE,,,a contacter,,,,,,,,,,,,marketing_com,Activites des agences de publicite,LEVALLOIS-PERRET,,92,,,,,,,,,,,,,,,,,,,,,,,,,,,,,,,,,,,,,,,,,,,,,,,525312294,52531229400305,73.11Z,,,,,,,,,,,sirene,
REGIE 1981,,,a contacter,,,,,,,,,,,,marketing_com,Regie publicitaire de medias,ORLEANS,,45,,,,,,,,,,,,,,,,,,,,,,,,,,,,,,,,,,,,,,,,,,,,,,,340537570,34053757000046,73.12Z,,,,,,,,,,,sirene,
REGIE CARAIBES NUMERO 1,,,a contacter,,,,,,,,,,,,marketing_com,Regie publicitaire de medias,LES ABYMES,,971,,,,,,,,,,,,,,,,,,,,,,,,,,,,,,,,,,,,,,,,,,,,,,,320974447,32097444700072,73.12Z,,,,,,,,,,,sirene,
REGIE COMMUNICATION MARKETING,,,a contacter,,,,,,,,,,,,marketing_com,Regie publicitaire de medias,NICE,,06,,,,,,,,,,,,,,,,,,,,,,,,,,,,,,,,,,,,,,,,,,,,,,,387660848,38766084800020,73.12Z,,,,,,,,,,,sirene,
REGIE D ESPACE PUBLICITE,,,a contacter,,,,,,,,,,,,marketing_com,Regie publicitaire de medias,BUSSY-SAINT-GEORGES,,77,,,,,,,,,,,,,,,,,,,,,,,,,,,,,,,,,,,,,,,,,,,,,,,345335442,34533544200041,73.12Z,,,,,,,,,,,sirene,
REGIE EDITION PUBLICITE DELANOE,,,a contacter,,,,,,,,,,,,marketing_com,Activites des agences de publicite,LORIENT,,56,,,,,,,,,,,,,,,,,,,,,,,,,,,,,,,,,,,,,,,,,,,,,,,424206456,42420645600024,73.11Z,,,,,,,,,,,sirene,
REGIE ESPACE MEDIAS,,,a contacter,,,,,,,,,,,,marketing_com,Regie publicitaire de medias,AVIGNON,,84,,,,,,,,,,,,,,,,,,,,,,,,,,,,,,,,,,,,,,,,,,,,,,,395198740,39519874000015,73.12Z,,,,,,,,,,,sirene,
REGIE ESPACE REUNION,,,a contacter,,,,,,,,,,,,marketing_com,Activites des agences de publicite,SAINT-DENIS,,974,,,,,,,,,,,,,,,,,,,,,,,,,,,,,,,,,,,,,,,,,,,,,,,899470330,89947033000015,73.11Z,,,,,,,,,,,sirene,
REGIE GENERALE GUYANAISE DE PUBLICITE,,,a contacter,,,,,,,,,,,,marketing_com,Regie publicitaire de medias,CAYENNE,,973,,,,,,,,,,,,,,,,,,,,,,,,,,,,,,,,,,,,,,,,,,,,,,,512239666,51223966600013,73.12Z,,,,,,,,,,,sirene,
REGIE MASCAREIGNES,,,a contacter,,,,,,,,,,,,marketing_com,Regie publicitaire de medias,LE PORT,,974,,,,,,,,,,,,,,,,,,,,,,,,,,,,,,,,,,,,,,,,,,,,,,,888643129,88864312900032,73.12Z,,,,,,,,,,,sirene,
REGIE MELODIE,,,a contacter,,,,,,,,,,,,marketing_com,Regie publicitaire de medias,SARREGUEMINES,,57,,,,,,,,,,,,,,,,,,,,,,,,,,,,,,,,,,,,,,,,,,,,,,,795287259,79528725900027,73.12Z,,,,,,,,,,,sirene,
REGIE NETWORKS LANGUEDOC ROUSSILLON,,,a contacter,,,,,,,,,,,,marketing_com,Regie publicitaire de medias,CASTELNAU-LE-LEZ,,34,,,,,,,,,,,,,,,,,,,,,,,,,,,,,,,,,,,,,,,,,,,,,,,333264513,33326451300099,73.12Z,,,,,,,,,,,sirene,
REGIE OUEST,,,a contacter,,,,,,,,,,,,marketing_com,Regie publicitaire de medias,SAINT-LO,,50,,,,,,,,,,,,,,,,,,,,,,,,,,,,,,,,,,,,,,,,,,,,,,,345034185,34503418500016,73.12Z,,,,,,,,,,,sirene,
REGIE PUBLICITAIRE SMP,,,a contacter,,,,,,,,,,,,marketing_com,Regie publicitaire de medias,MONTPELLIER,,34,,,,,,,,,,,,,,,,,,,,,,,,,,,,,,,,,,,,,,,,,,,,,,,539603258,53960325800028,73.12Z,,,,,,,,,,,sirene,
REGIE PUBLICITE INDUSTRIELLE,,,a contacter,,,,,,,,,,,,marketing_com,Regie publicitaire de medias,BUSSY-SAINT-GEORGES,,77,,,,,,,,,,,,,,,,,,,,,,,,,,,,,,,,,,,,,,,,,,,,,,,542085659,54208565900036,73.12Z,,,,,,,,,,,sirene,
REGIEPRO,,,a contacter,,,,,,,,,,,,marketing_com,Conseil en relations publiques et communication,NICE,,06,,,,,,,,,,,,,,,,,,,,,,,,,,,,,,,,,,,,,,,,,,,,,,,811829662,81182966200022,70.21Z,,,,,,,,,,,sirene,
REGIEPUB BOURGOGNE,,,a contacter,,,,,,,,,,,,marketing_com,Regie publicitaire de medias,SAINT-CHAMOND,,42,,,,,,,,,,,,,,,,,,,,,,,,,,,,,,,,,,,,,,,,,,,,,,,752493031,75249303100070,73.12Z,,,,,,,,,,,sirene,
REGIMEDIA,,,a contacter,,,,,,,,,,,,marketing_com,Activites des agences de publicite,BOULOGNE-BILLANCOURT,,92,,,,,,,,,,,,,,,,,,,,,,,,,,,,,,,,,,,,,,,,,,,,,,,333075752,33307575200050,73.11Z,,,,,,,,,,,sirene,
REGIONAL MANAGEMENT GROUP,,,a contacter,,,,,,,,,,,,marketing_com,Activites des agences de publicite,LEVALLOIS-PERRET,,92,,,,,,,,,,,,,,,,,,,,,,,,,,,,,,,,,,,,,,,,,,,,,,,414960062,41496006200043,73.11Z,,,,,,,,,,,sirene,
REGIONDO GMBH,,,a contacter,,,,,,,,,,,,marketing_com,Activites des agences de publicite,,,,,,,,,,,,,,,,,,,,,,,,,,,,,,,,,,,,,,,,,,,,,,,,,,838155141,83815514100016,73.11Z,,,,,,,,,,,sirene,
REGIPUB,,,a contacter,,,,,,,,,,,,marketing_com,Regie publicitaire de medias,PARIS,,75,,,,,,,,,,,,,,,,,,,,,,,,,,,,,,,,,,,,,,,,,,,,,,,814671202,81467120200038,73.12Z,,,,,,,,,,,sirene,
REGISTER,,,a contacter,,,,,,,,,,,,marketing_com,Activites des agences de publicite,LILLE,,59,,,,,,,,,,,,,,,,,,,,,,,,,,,,,,,,,,,,,,,,,,,,,,,338902554,33890255400082,73.11Z,,,,,,,,,,,sirene,
REGULUS COMMUNICATION,,,a contacter,,,,,,,,,,,,marketing_com,Activites des agences de publicite,SAINT-OUEN-SUR-SEINE,,93,,,,,,,,,,,,,,,,,,,,,,,,,,,,,,,,,,,,,,,,,,,,,,,852681246,85268124600025,73.11Z,,,,,,,,,,,sirene,
REIMS PUBLICITE,,,a contacter,,,,,,,,,,,,marketing_com,Activites des agences de publicite,REIMS,,51,,,,,,,,,,,,,,,,,,,,,,,,,,,,,,,,,,,,,,,,,,,,,,,814330627,81433062700039,73.11Z,,,,,,,,,,,sirene,
RELATIONS DURABLES,,,a contacter,,,,,,,,,,,,marketing_com,Conseil en relations publiques et communication,LINARD-MALVAL,,23,,,,,,,,,,,,,,,,,,,,,,,,,,,,,,,,,,,,,,,,,,,,,,,517629572,51762957200010,70.21Z,,,,,,,,,,,sirene,
RELIEF COMMUNICATION,,,a contacter,,,,,,,,,,,,marketing_com,Activites des agences de publicite,CHAMBERY,,73,,,,,,,,,,,,,,,,,,,,,,,,,,,,,,,,,,,,,,,,,,,,,,,840423784,84042378400015,73.11Z,,,,,,,,,,,sirene,
REMARQUEZ-MOI,,,a contacter,,,,,,,,,,,,marketing_com,Regie publicitaire de medias,LA CHAPELLE-SUR-ERDRE,,44,,,,,,,,,,,,,,,,,,,,,,,,,,,,,,,,,,,,,,,,,,,,,,,532390226,53239022600019,73.12Z,,,,,,,,,,,sirene,
REMIX COWORKING,,,a contacter,,,,,,,,,,,,marketing_com,Conseil en relations publiques et communication,PARIS,,75,,,,,,,,,,,,,,,,,,,,,,,,,,,,,,,,,,,,,,,,,,,,,,,494411408,49441140800029,70.21Z,,,,,,,,,,,sirene,
REPAWAY,,,a contacter,,,,,,,,,,,,marketing_com,Conseil en relations publiques et communication,LILLE,,59,,,,,,,,,,,,,,,,,,,,,,,,,,,,,,,,,,,,,,,,,,,,,,,520693821,52069382100032,70.21Z,,,,,,,,,,,sirene,
REPSCO PROMOTION,,,a contacter,,,,,,,,,,,,marketing_com,Activites des agences de publicite,COURBEVOIE,,92,,,,,,,,,,,,,,,,,,,,,,,,,,,,,,,,,,,,,,,,,,,,,,,431810860,43181086000095,73.11Z,,,,,,,,,,,sirene,
REPUBLIC,,,a contacter,,,,,,,,,,,,marketing_com,Conseil en relations publiques et communication,PARIS,,75,,,,,,,,,,,,,,,,,,,,,,,,,,,,,,,,,,,,,,,,,,,,,,,339540122,33954012200118,70.21Z,,,,,,,,,,,sirene,
REPUBLIK IT,,,a contacter,,,,,,,,,,,,marketing_com,Conseil en relations publiques et communication,SURESNES,,92,,,,,,,,,,,,,,,,,,,,,,,,,,,,,,,,,,,,,,,,,,,,,,,890019391,89001939100022,70.21Z,,,,,,,,,,,sirene,
REPUBLIK RH,,,a contacter,,,,,,,,,,,,marketing_com,Conseil en relations publiques et communication,SURESNES,,92,,,,,,,,,,,,,,,,,,,,,,,,,,,,,,,,,,,,,,,,,,,,,,,949193338,94919333800017,70.21Z,,,,,,,,,,,sirene,
REQST,,,a contacter,,,,,,,,,,,,marketing_com,Activites des agences de publicite,PARIS,,75,,,,,,,,,,,,,,,,,,,,,,,,,,,,,,,,,,,,,,,,,,,,,,,809394695,80939469500039,73.11Z,,,,,,,,,,,sirene,
RESEAUX ADAPTES,,,a contacter,,,,,,,,,,,,marketing_com,Conseil en relations publiques et communication,AIX-EN-PROVENCE,,13,,,,,,,,,,,,,,,,,,,,,,,,,,,,,,,,,,,,,,,,,,,,,,,808258834,80825883400023,70.21Z,,,,,,,,,,,sirene,
RESEAUX IMPULXION,,,a contacter,,,,,,,,,,,,marketing_com,Activites des agences de publicite,SAINT-HERBLAIN,,44,,,,,,,,,,,,,,,,,,,,,,,,,,,,,,,,,,,,,,,,,,,,,,,448230235,44823023500013,73.11Z,,,,,,,,,,,sirene,
RESELFORM SELLING PARTNER,,,a contacter,,,,,,,,,,,,marketing_com,Regie publicitaire de medias,ISSY-LES-MOULINEAUX,,92,,,,,,,,,,,,,,,,,,,,,,,,,,,,,,,,,,,,,,,,,,,,,,,894508324,89450832400031,73.12Z,,,,,,,,,,,sirene,
RESOMEDIA,,,a contacter,,,,,,,,,,,,marketing_com,Regie publicitaire de medias,LYON,,69,,,,,,,,,,,,,,,,,,,,,,,,,,,,,,,,,,,,,,,,,,,,,,,419216866,41921686600063,73.12Z,,,,,,,,,,,sirene,
RESONANCE,,,a contacter,,,,,,,,,,,,marketing_com,Activites des agences de publicite,CARCASSONNE,,11,,,,,,,,,,,,,,,,,,,,,,,,,,,,,,,,,,,,,,,,,,,,,,,478119837,47811983700035,73.11Z,,,,,,,,,,,sirene,
RESONANCE PUBLIQUE,C,0,a contacter,,,,,,,,,,,,marketing_com,Conseil en relations publiques et communication,LYON,,69,,,,,,,,,https://www.pappers.fr/entreprise/509481016,https://annuaire-entreprises.data.gouv.fr/entreprise/509481016,https://annuaire-entreprises.data.gouv.fr/annonces/509481016,https://annuaire-entreprises.data.gouv.fr/donnees-financieres/509481016,https://annuaire-entreprises.data.gouv.fr/dirigeants/509481016,https://www.google.com/maps/search/?api=1&query=RESONANCE+PUBLIQUE+LYON,https://www.google.com/search?q=RESONANCE+PUBLIQUE+LYON,https://news.google.com/search?hl=fr&q=%22RESONANCE+PUBLIQUE%22,https://www.linkedin.com/search/results/companies/?keywords=RESONANCE+PUBLIQUE,,https://www.pagesjaunes.fr/annuaire/chercherlespros?quoiqui=RESONANCE+PUBLIQUE&ou=LYON,https://www.societe.com/cgi-bin/search?champs=509481016,,,,,,,,,,,,,,,,,,,,,,,,FR92509481016,,,509481016,50948101600061,70.21Z,,,,,,,,non,oui,2026-08-01,sirene,
RESOSIGN,,,a contacter,,,,,,,,,,,,marketing_com,Activites des agences de publicite,MARSEILLE,,13,,,,,,,,,,,,,,,,,,,,,,,,,,,,,,,,,,,,,,,,,,,,,,,534618269,53461826900037,73.11Z,,,,,,,,,,,sirene,
RESPECT MEDIA,,,a contacter,,,,,,,,,,,,marketing_com,Regie publicitaire de medias,PARIS,,75,,,,,,,,,,,,,,,,,,,,,,,,,,,,,,,,,,,,,,,,,,,,,,,444576508,44457650800063,73.12Z,,,,,,,,,,,sirene,
RETAIL SAFARI,,,a contacter,,,,,,,,,,,,marketing_com,Activites des agences de publicite,NEUILLY-SUR-SEINE,,92,,,,,,,,,,,,,,,,,,,,,,,,,,,,,,,,,,,,,,,,,,,,,,,447731373,44773137300075,73.11Z,,,,,,,,,,,sirene,
RETAILSPOT,,,a contacter,,,,,,,,,,,,marketing_com,Regie publicitaire de medias,COLOMBES,,92,,,,,,,,,,,,,,,,,,,,,,,,,,,,,,,,,,,,,,,,,,,,,,,921977492,92197749200013,73.12Z,,,,,,,,,,,sirene,
REUGO,,,a contacter,,,,,,,,,,,,marketing_com,Activites des agences de publicite,MOMMENHEIM,,67,,,,,,,,,,,,,,,,,,,,,,,,,,,,,,,,,,,,,,,,,,,,,,,434661146,43466114600036,73.11Z,,,,,,,,,,,sirene,
REUSSIR GRAND OUEST,,,a contacter,,,,,,,,,,,,marketing_com,Regie publicitaire de medias,COLOMBELLES,,14,,,,,,,,,,,,,,,,,,,,,,,,,,,,,,,,,,,,,,,,,,,,,,,388918930,38891893000032,73.12Z,,,,,,,,,,,sirene,
REVELATIONS,,,a contacter,,,,,,,,,,,,marketing_com,Activites des agences de publicite,CESSON-SEVIGNE,,35,,,,,,,,,,,,,,,,,,,,,,,,,,,,,,,,,,,,,,,,,,,,,,,802166868,80216686800025,73.11Z,,,,,,,,,,,sirene,
REVERB,,,a contacter,,,,,,,,,,,,marketing_com,Conseil en relations publiques et communication,GRENOBLE,,38,,,,,,,,,,,,,,,,,,,,,,,,,,,,,,,,,,,,,,,,,,,,,,,918690645,91869064500018,70.21Z,,,,,,,,,,,sirene,
REVIVAL,,,a contacter,,,,,,,,,,,,marketing_com,Activites des agences de publicite,MONTREUIL,,93,,,,,,,,,,,,,,,,,,,,,,,,,,,,,,,,,,,,,,,,,,,,,,,981508005,98150800500015,73.11Z,,,,,,,,,,,sirene,
REVOLUTIONR,,,a contacter,,,,,,,,,,,,marketing_com,Activites des agences de publicite,RUEIL-MALMAISON,,92,,,,,,,,,,,,,,,,,,,,,,,,,,,,,,,,,,,,,,,,,,,,,,,493963870,49396387000024,73.11Z,,,,,,,,,,,sirene,
REWARD PARTNERS,,,a contacter,,,,,,,,,,,,marketing_com,Conseil en relations publiques et communication,MONTREUIL,,93,,,,,,,,,,,,,,,,,,,,,,,,,,,,,,,,,,,,,,,,,,,,,,,948429501,94842950100026,70.21Z,,,,,,,,,,,sirene,
REWORLD MEDIA CONNECT,,,a contacter,,,,,,,,,,,,marketing_com,Regie publicitaire de medias,BOULOGNE BILLANCOURT,,92,,,,,,,,,,,,,,,,,,,,,,,,,,,,,,,,,,,,,,,,,,,,,,,814841516,81484151600028,73.12Z,,,,,,,,,,,sirene,
REWORLD MEDIA FACTORY,,,a contacter,,,,,,,,,,,,marketing_com,Regie publicitaire de medias,BOULOGNE BILLANCOURT,,92,,,,,,,,,,,,,,,,,,,,,,,,,,,,,,,,,,,,,,,,,,,,,,,793167974,79316797400047,73.12Z,,,,,,,,,,,sirene,
RG DESIGN,,,a contacter,,,,,,,,,,,,marketing_com,Activites des agences de publicite,MARSEILLE,,13,,,,,,,,,,,,,,,,,,,,,,,,,,,,,,,,,,,,,,,,,,,,,,,504836149,50483614900022,73.11Z,,,,,,,,,,,sirene,
RHEA MARKETING,,,a contacter,,,,,,,,,,,,marketing_com,Activites des agences de publicite,RIVEDOUX-PLAGE,,17,,,,,,,,,,,,,,,,,,,,,,,,,,,,,,,,,,,,,,,,,,,,,,,528687254,52868725400029,73.11Z,,,,,,,,,,,sirene,
RHOBS,,,a contacter,,,,,,,,,,,,marketing_com,Activites des agences de publicite,ANNECY,,74,,,,,,,,,,,,,,,,,,,,,,,,,,,,,,,,,,,,,,,,,,,,,,,828435370,82843537000014,73.11Z,,,,,,,,,,,sirene,
RICOM,,,a contacter,,,,,,,,,,,,marketing_com,Activites des agences de publicite,CHOLET,,49,,,,,,,,,,,,,,,,,,,,,,,,,,,,,,,,,,,,,,,,,,,,,,,483449419,48344941900033,73.11Z,,,,,,,,,,,sirene,
RIDELEC,,,a contacter,,,,,,,,,,,,marketing_com,Activites des agences de publicite,GUINGAMP,,22,,,,,,,,,,,,,,,,,,,,,,,,,,,,,,,,,,,,,,,,,,,,,,,388955353,38895535300031,73.11Z,,,,,,,,,,,sirene,
RIMAS,,,a contacter,,,,,,,,,,,,marketing_com,Activites des agences de publicite,SAINT-DENIS,,93,,,,,,,,,,,,,,,,,,,,,,,,,,,,,,,,,,,,,,,,,,,,,,,922271887,92227188700015,73.11Z,,,,,,,,,,,sirene,
RINOCEROS-MEDIAGRAPHIE,,,a contacter,,,,,,,,,,,,marketing_com,Activites des agences de publicite,POITIERS,,86,,,,,,,,,,,,,,,,,,,,,,,,,,,,,,,,,,,,,,,,,,,,,,,451160931,45116093100015,73.11Z,,,,,,,,,,,sirene,
RIOU SOLUTIONS,,,a contacter,,,,,,,,,,,,marketing_com,Activites des agences de publicite,SAINT-LAURENT-BLANGY,,62,,,,,,,,,,,,,,,,,,,,,,,,,,,,,,,,,,,,,,,,,,,,,,,512903030,51290303000025,73.11Z,,,,,,,,,,,sirene,
RIPPLE MARKS,,,a contacter,,,,,,,,,,,,marketing_com,Activites des agences de publicite,NANTES,,44,,,,,,,,,,,,,,,,,,,,,,,,,,,,,,,,,,,,,,,,,,,,,,,482288370,48228837000042,73.11Z,,,,,,,,,,,sirene,
RIVA.COM,,,a contacter,,,,,,,,,,,,marketing_com,Conseil en relations publiques et communication,BREST,,29,,,,,,,,,,,,,,,,,,,,,,,,,,,,,,,,,,,,,,,,,,,,,,,413425281,41342528100099,70.21Z,,,,,,,,,,,sirene,
RIVE MEDIA,,,a contacter,,,,,,,,,,,,marketing_com,Regie publicitaire de medias,VINCENNES,,94,,,,,,,,,,,,,,,,,,,,,,,,,,,,,,,,,,,,,,,,,,,,,,,411490253,41149025300035,73.12Z,,,,,,,,,,,sirene,
RIVERSIDE,,,a contacter,,,,,,,,,,,,marketing_com,Activites des agences de publicite,BORDEAUX,,33,,,,,,,,,,,,,,,,,,,,,,,,,,,,,,,,,,,,,,,,,,,,,,,794101238,79410123800044,73.11Z,,,,,,,,,,,sirene,
RIZ BLANC,,,a contacter,,,,,,,,,,,,marketing_com,Conseil en relations publiques et communication,MONTPELLIER,,34,,,,,,,,,,,,,,,,,,,,,,,,,,,,,,,,,,,,,,,,,,,,,,,840704316,84070431600032,70.21Z,,,,,,,,,,,sirene,
RL SPORTS,,,a contacter,,,,,,,,,,,,marketing_com,Activites des agences de publicite,ALLASSAC,,19,,,,,,,,,,,,,,,,,,,,,,,,,,,,,,,,,,,,,,,,,,,,,,,819064734,81906473400026,73.11Z,,,,,,,,,,,sirene,
RM PUBLICITE,,,a contacter,,,,,,,,,,,,marketing_com,Regie publicitaire de medias,ETRECHY,,91,,,,,,,,,,,,,,,,,,,,,,,,,,,,,,,,,,,,,,,,,,,,,,,519774327,51977432700042,73.12Z,,,,,,,,,,,sirene,
RND,,,a contacter,,,,,,,,,,,,marketing_com,Activites des agences de publicite,PARIS,,75,,,,,,,,,,,,,,,,,,,,,,,,,,,,,,,,,,,,,,,,,,,,,,,442997359,44299735900066,73.11Z,,,,,,,,,,,sirene,
ROCHESTER ELECTRONICS LTD,,,a contacter,,,,,,,,,,,,marketing_com,Activites des agences de publicite,,,,,,,,,,,,,,,,,,,,,,,,,,,,,,,,,,,,,,,,,,,,,,,,,,884297219,88429721900013,73.11Z,,,,,,,,,,,sirene,
RODIZIO BRAZIL DEVELOPPEMENT,,,a contacter,,,,,,,,,,,,marketing_com,Activites des agences de publicite,COLOMBES,,92,,,,,,,,,,,,,,,,,,,,,,,,,,,,,,,,,,,,,,,,,,,,,,,884872631,88487263100012,73.11Z,,,,,,,,,,,sirene,
ROLLINGBOX,,,a contacter,,,,,,,,,,,,marketing_com,Regie publicitaire de medias,VERSAILLES,,78,,,,,,,,,,,,,,,,,,,,,,,,,,,,,,,,,,,,,,,,,,,,,,,493418644,49341864400073,73.12Z,,,,,,,,,,,sirene,
ROMAIN FIEF,,,a contacter,,,,,,,,,,,,marketing_com,Activites des agences de publicite,VALENCE,,26,,,,,,,,,,,,,,,,,,,,,,,,,,,,,,,,,,,,,,,,,,,,,,,512264300,51226430000041,73.11Z,,,,,,,,,,,sirene,
ROOM 2.2 : THE DIGITAL SUITE,,,a contacter,,,,,,,,,,,,marketing_com,Activites des agences de publicite,PARIS,,75,,,,,,,,,,,,,,,,,,,,,,,,,,,,,,,,,,,,,,,,,,,,,,,798235420,79823542000022,73.11Z,,,,,,,,,,,sirene,
ROOM 701,,,a contacter,,,,,,,,,,,,marketing_com,Conseil en relations publiques et communication,TROYES,,10,,,,,,,,,,,,,,,,,,,,,,,,,,,,,,,,,,,,,,,,,,,,,,,799828405,79982840500024,70.21Z,,,,,,,,,,,sirene,
ROSA PARIS,,,a contacter,,,,,,,,,,,,marketing_com,Activites des agences de publicite,PARIS,,75,,,,,,,,,,,,,,,,,,,,,,,,,,,,,,,,,,,,,,,,,,,,,,,537415275,53741527500032,73.11Z,,,,,,,,,,,sirene,
ROSE,,,a contacter,,,,,,,,,,,,marketing_com,Activites des agences de publicite,COURBEVOIE,,92,,,,,,,,,,,,,,,,,,,,,,,,,,,,,,,,,,,,,,,,,,,,,,,529237927,52923792700064,73.11Z,,,,,,,,,,,sirene,
ROSEBASILIC,,,a contacter,,,,,,,,,,,,marketing_com,Activites des agences de publicite,MARSANNAY-LA-COTE,,21,,,,,,,,,,,,,,,,,,,,,,,,,,,,,,,,,,,,,,,,,,,,,,,492995519,49299551900021,73.11Z,,,,,,,,,,,sirene,
ROSIER RP,,,a contacter,,,,,,,,,,,,marketing_com,Activites des agences de publicite,BORDEAUX,,33,,,,,,,,,,,,,,,,,,,,,,,,,,,,,,,,,,,,,,,,,,,,,,,914694831,91469483100019,73.11Z,,,,,,,,,,,sirene,
ROSSEL IMMO CONSEIL MEDIA,,,a contacter,,,,,,,,,,,,marketing_com,Regie publicitaire de medias,LILLE,,59,,,,,,,,,,,,,,,,,,,,,,,,,,,,,,,,,,,,,,,,,,,,,,,884538539,88453853900013,73.12Z,,,,,,,,,,,sirene,
ROSSEL RADIO PUB,,,a contacter,,,,,,,,,,,,marketing_com,Regie publicitaire de medias,LILLE,,59,,,,,,,,,,,,,,,,,,,,,,,,,,,,,,,,,,,,,,,,,,,,,,,808613434,80861343400030,73.12Z,,,,,,,,,,,sirene,
ROUGE & RED MEDIAS,,,a contacter,,,,,,,,,,,,marketing_com,Activites des agences de publicite,LEVALLOIS PERRET,,92,,,,,,,,,,,,,,,,,,,,,,,,,,,,,,,,,,,,,,,,,,,,,,,791268055,79126805500039,73.11Z,,,,,,,,,,,sirene,
ROUGE VERT COMMUNICATION,,,a contacter,,,,,,,,,,,,marketing_com,Activites des agences de publicite,VILLEFRANCHE-SUR-SAONE,,69,,,,,,,,,,,,,,,,,,,,,,,,,,,,,,,,,,,,,,,,,,,,,,,495089070,49508907000017,73.11Z,,,,,,,,,,,sirene,
ROUGE VIF,,,a contacter,,,,,,,,,,,,marketing_com,Conseil en relations publiques et communication,VERSAILLES,,78,,,,,,,,,,,,,,,,,,,,,,,,,,,,,,,,,,,,,,,,,,,,,,,345174221,34517422100050,70.21Z,,,,,,,,,,,sirene,
ROUGE VIF TERRITOIRES,,,a contacter,,,,,,,,,,,,marketing_com,Conseil en relations publiques et communication,VERSAILLES,,78,,,,,,,,,,,,,,,,,,,,,,,,,,,,,,,,,,,,,,,,,,,,,,,392317723,39231772300089,70.21Z,,,,,,,,,,,sirene,
ROULE MARCEL,,,a contacter,,,,,,,,,,,,marketing_com,Activites des agences de publicite,ANGERS,,49,,,,,,,,,,,,,,,,,,,,,,,,,,,,,,,,,,,,,,,,,,,,,,,824897599,82489759900034,73.11Z,,,,,,,,,,,sirene,
RTB HOUSE FRANCE,,,a contacter,,,,,,,,,,,,marketing_com,Activites des agences de publicite,PARIS,,75,,,,,,,,,,,,,,,,,,,,,,,,,,,,,,,,,,,,,,,,,,,,,,,841323892,84132389200023,73.11Z,,,,,,,,,,,sirene,
RTL ADALLIANCE SAS,,,a contacter,,,,,,,,,,,,marketing_com,Regie publicitaire de medias,NEUILLY-SUR-SEINE,,92,,,,,,,,,,,,,,,,,,,,,,,,,,,,,,,,,,,,,,,,,,,,,,,662000991,66200099100064,73.12Z,,,,,,,,,,,sirene,
RTS COMMUNICATION,,,a contacter,,,,,,,,,,,,marketing_com,Regie publicitaire de medias,SETE,,34,,,,,,,,,,,,,,,,,,,,,,,,,,,,,,,,,,,,,,,,,,,,,,,751238767,75123876700014,73.12Z,,,,,,,,,,,sirene,
RUBAN BLANC,,,a contacter,,,,,,,,,,,,marketing_com,Conseil en relations publiques et communication,PARIS,,75,,,,,,,,,,,,,,,,,,,,,,,,,,,,,,,,,,,,,,,,,,,,,,,753776541,75377654100025,70.21Z,,,,,,,,,,,sirene,
RUBRIK C,,,a contacter,,,,,,,,,,,,marketing_com,Activites des agences de publicite,GRIGNY,,91,,,,,,,,,,,,,,,,,,,,,,,,,,,,,,,,,,,,,,,,,,,,,,,353186851,35318685100054,73.11Z,,,,,,,,,,,sirene,
RUE MEDIA,,,a contacter,,,,,,,,,,,,marketing_com,Regie publicitaire de medias,CORBAS,,69,,,,,,,,,,,,,,,,,,,,,,,,,,,,,,,,,,,,,,,,,,,,,,,831240064,83124006400020,73.12Z,,,,,,,,,,,sirene,
RUF POSEUR D'EMPREINTE,,,a contacter,,,,,,,,,,,,marketing_com,Activites des agences de publicite,SABLONS,,38,,,,,,,,,,,,,,,,,,,,,,,,,,,,,,,,,,,,,,,,,,,,,,,395386006,39538600600047,73.11Z,,,,,,,,,,,sirene,
RUIZ ET HILL,,,a contacter,,,,,,,,,,,,marketing_com,Activites des agences de publicite,BENOUVILLE,,14,,,,,,,,,,,,,,,,,,,,,,,,,,,,,,,,,,,,,,,,,,,,,,,752386391,75238639100029,73.11Z,,,,,,,,,,,sirene,
RUMEUR PUBLIQUE,,,a contacter,,,,,,,,,,,,marketing_com,Conseil en relations publiques et communication,SAINT-DENIS,,93,,,,,,,,,,,,,,,,,,,,,,,,,,,,,,,,,,,,,,,,,,,,,,,524866241,52486624100036,70.21Z,,,,,,,,,,,sirene,
RUMEUR PUBLIQUE GROUP,,,a contacter,,,,,,,,,,,,marketing_com,Conseil en relations publiques et communication,SAINT-DENIS,,93,,,,,,,,,,,,,,,,,,,,,,,,,,,,,,,,,,,,,,,,,,,,,,,789936655,78993665500032,70.21Z,,,,,,,,,,,sirene,
RUN MARKETING,,,a contacter,,,,,,,,,,,,marketing_com,Activites des agences de publicite,SAINT-PIERRE,,974,,,,,,,,,,,,,,,,,,,,,,,,,,,,,,,,,,,,,,,,,,,,,,,898920897,89892089700011,73.11Z,,,,,,,,,,,sirene,
RVM,,,a contacter,,,,,,,,,,,,marketing_com,Regie publicitaire de medias,VILLEURBANNE,,69,,,,,,,,,,,,,,,,,,,,,,,,,,,,,,,,,,,,,,,,,,,,,,,852833177,85283317700037,73.12Z,,,,,,,,,,,sirene,
RVM COMMUNICATION,,,a contacter,,,,,,,,,,,,marketing_com,Activites des agences de publicite,CHARLEVILLE-MEZIERES,,08,,,,,,,,,,,,,,,,,,,,,,,,,,,,,,,,,,,,,,,,,,,,,,,507522316,50752231600029,73.11Z,,,,,,,,,,,sirene,
RYSK,,,a contacter,,,,,,,,,,,,marketing_com,Activites des agences de publicite,PARIS,,75,,,,,,,,,,,,,,,,,,,,,,,,,,,,,,,,,,,,,,,,,,,,,,,512409954,51240995400033,73.11Z,,,,,,,,,,,sirene,
S F FACTORY,,,a contacter,,,,,,,,,,,,marketing_com,Activites des agences de publicite,SAINT-DENIS,,93,,,,,,,,,,,,,,,,,,,,,,,,,,,,,,,,,,,,,,,,,,,,,,,480176957,48017695700060,73.11Z,,,,,,,,,,,sirene,
S I E P,,,a contacter,,,,,,,,,,,,marketing_com,Activites des agences de publicite,SAINT-GERMAIN-DE-LA-COUDRE,,61,,,,,,,,,,,,,,,,,,,,,,,,,,,,,,,,,,,,,,,,,,,,,,,353869951,35386995100031,73.11Z,,,,,,,,,,,sirene,
S MEDIA,,,a contacter,,,,,,,,,,,,marketing_com,Conseil en relations publiques et communication,MULHOUSE,,68,,,,,,,,,,,,,,,,,,,,,,,,,,,,,,,,,,,,,,,,,,,,,,,790573497,79057349700019,70.21Z,,,,,,,,,,,sirene,
S'PRICOM,,,a contacter,,,,,,,,,,,,marketing_com,Activites des agences de publicite,CHATEAUGIRON,,35,,,,,,,,,,,,,,,,,,,,,,,,,,,,,,,,,,,,,,,,,,,,,,,890475205,89047520500013,73.11Z,,,,,,,,,,,sirene,
S.A.R.L. LEVALLOIS,,,a contacter,,,,,,,,,,,,marketing_com,Activites des agences de publicite,COUVAINS,,50,,,,,,,,,,,,,,,,,,,,,,,,,,,,,,,,,,,,,,,,,,,,,,,509567111,50956711100018,73.11Z,,,,,,,,,,,sirene,
S.A.S. EMPREINTE GRAPHIQUE,,,a contacter,,,,,,,,,,,,marketing_com,Activites des agences de publicite,COLOMBES,,92,,,,,,,,,,,,,,,,,,,,,,,,,,,,,,,,,,,,,,,,,,,,,,,402299705,40229970500036,73.11Z,,,,,,,,,,,sirene,
S.P.U,,,a contacter,,,,,,,,,,,,marketing_com,Activites des agences de publicite,VALBONNE,,06,,,,,,,,,,,,,,,,,,,,,,,,,,,,,,,,,,,,,,,,,,,,,,,917461220,91746122000035,73.11Z,,,,,,,,,,,sirene,
S2H,,,a contacter,,,,,,,,,,,,marketing_com,Conseil en relations publiques et communication,PARIS,,75,,,,,,,,,,,,,,,,,,,,,,,,,,,,,,,,,,,,,,,,,,,,,,,518736723,51873672300058,70.21Z,,,,,,,,,,,sirene,
SA RAISON DE PLUS,,,a contacter,,,,,,,,,,,,marketing_com,Activites des agences de publicite,VILLENEUVE-D'ASCQ,,59,,,,,,,,,,,,,,,,,,,,,,,,,,,,,,,,,,,,,,,,,,,,,,,391519352,39151935200069,73.11Z,,,,,,,,,,,sirene,
SABIAZ PUBLICITE LES SABLES,,,a contacter,,,,,,,,,,,,marketing_com,Activites des agences de publicite,LES SABLES D'OLONNE,,85,,,,,,,,,,,,,,,,,,,,,,,,,,,,,,,,,,,,,,,,,,,,,,,809561202,80956120200015,73.11Z,,,,,,,,,,,sirene,
SABOT AFFICHAGE,,,a contacter,,,,,,,,,,,,marketing_com,Activites des agences de publicite,VILLENEUVE-LOUBET,,06,,,,,,,,,,,,,,,,,,,,,,,,,,,,,,,,,,,,,,,,,,,,,,,898472410,89847241000015,73.11Z,,,,,,,,,,,sirene,
SACREE MUSIQUE,,,a contacter,,,,,,,,,,,,marketing_com,Conseil en relations publiques et communication,TOULON,,83,,,,,,,,,,,,,,,,,,,,,,,,,,,,,,,,,,,,,,,,,,,,,,,953949377,95394937700030,70.21Z,,,,,,,,,,,sirene,
SACREE PLV,,,a contacter,,,,,,,,,,,,marketing_com,Activites des agences de publicite,SAINT-LOUBES,,33,,,,,,,,,,,,,,,,,,,,,,,,,,,,,,,,,,,,,,,,,,,,,,,503296063,50329606300020,73.11Z,,,,,,,,,,,sirene,
SAENTYS FRANCE,,,a contacter,,,,,,,,,,,,marketing_com,Activites des agences de publicite,PARIS,,75,,,,,,,,,,,,,,,,,,,,,,,,,,,,,,,,,,,,,,,,,,,,,,,833510076,83351007600072,73.11Z,,,,,,,,,,,sirene,
SAFICH,,,a contacter,,,,,,,,,,,,marketing_com,Activites des agences de publicite,PROUVY,,59,,,,,,,,,,,,,,,,,,,,,,,,,,,,,,,,,,,,,,,,,,,,,,,891219123,89121912300017,73.11Z,,,,,,,,,,,sirene,
SAGA DIGITAL,,,a contacter,,,,,,,,,,,,marketing_com,Activites des agences de publicite,POMPEY,,54,,,,,,,,,,,,,,,,,,,,,,,,,,,,,,,,,,,,,,,,,,,,,,,339794828,33979482800071,73.11Z,,,,,,,,,,,sirene,
SAGEM NETWORKS,,,a contacter,,,,,,,,,,,,marketing_com,Conseil en relations publiques et communication,SAINT-PRIEST,,69,,,,,,,,,,,,,,,,,,,,,,,,,,,,,,,,,,,,,,,,,,,,,,,334992187,33499218700024,70.21Z,,,,,,,,,,,sirene,
SAINT LOUIS CONSEIL,,,a contacter,,,,,,,,,,,,marketing_com,Activites des agences de publicite,LIBOURNE,,33,,,,,,,,,,,,,,,,,,,,,,,,,,,,,,,,,,,,,,,,,,,,,,,522347251,52234725100012,73.11Z,,,,,,,,,,,sirene,
SAINT TROPEZ PRESSE,,,a contacter,,,,,,,,,,,,marketing_com,Regie publicitaire de medias,SAINT TROPEZ,,83,,,,,,,,,,,,,,,,,,,,,,,,,,,,,,,,,,,,,,,,,,,,,,,404745796,40474579600023,73.12Z,,,,,,,,,,,sirene,
SAISON D'OR PAU,,,a contacter,,,,,,,,,,,,marketing_com,Activites des agences de publicite,PAU,,64,,,,,,,,,,,,,,,,,,,,,,,,,,,,,,,,,,,,,,,,,,,,,,,890402811,89040281100032,73.11Z,,,,,,,,,,,sirene,
SALES FACTORY MOP,,,a contacter,,,,,,,,,,,,marketing_com,Activites des agences de publicite,SURESNES,,92,,,,,,,,,,,,,,,,,,,,,,,,,,,,,,,,,,,,,,,,,,,,,,,908222789,90822278900012,73.11Z,,,,,,,,,,,sirene,
SALES IN MOTION,,,a contacter,,,,,,,,,,,,marketing_com,Activites des agences de publicite,LEVALLOIS-PERRET,,92,,,,,,,,,,,,,,,,,,,,,,,,,,,,,,,,,,,,,,,,,,,,,,,529545865,52954586500055,73.11Z,,,,,,,,,,,sirene,
SAM,,,a contacter,,,,,,,,,,,,marketing_com,Activites des agences de publicite,MUNDOLSHEIM,,67,,,,,,,,,,,,,,,,,,,,,,,,,,,,,,,,,,,,,,,,,,,,,,,909462723,90946272300018,73.11Z,,,,,,,,,,,sirene,
SAMBA,,,a contacter,,,,,,,,,,,,marketing_com,Conseil en relations publiques et communication,TOULOUSE,,31,,,,,,,,,,,,,,,,,,,,,,,,,,,,,,,,,,,,,,,,,,,,,,,894235829,89423582900013,70.21Z,,,,,,,,,,,sirene,
SAMOA,,,a contacter,,,,,,,,,,,,marketing_com,Conseil en relations publiques et communication,MONTIGNY-LE-BRETONNEUX,,78,,,,,,,,,,,,,,,,,,,,,,,,,,,,,,,,,,,,,,,,,,,,,,,950559633,95055963300041,70.21Z,,,,,,,,,,,sirene,
SANDWICH COMMUNICATION,,,a contacter,,,,,,,,,,,,marketing_com,Activites des agences de publicite,MONTSURS,,53,,,,,,,,,,,,,,,,,,,,,,,,,,,,,,,,,,,,,,,,,,,,,,,879882793,87988279300018,73.11Z,,,,,,,,,,,sirene,
SARAWAK AIX-EN-PROVENCE,,,a contacter,,,,,,,,,,,,marketing_com,Activites des agences de publicite,AIX-EN-PROVENCE,,13,,,,,,,,,,,,,,,,,,,,,,,,,,,,,,,,,,,,,,,,,,,,,,,331926253,33192625300112,73.11Z,,,,,,,,,,,sirene,
SARL 100  REGIE,,,a contacter,,,,,,,,,,,,marketing_com,Regie publicitaire de medias,AUSSILLON,,81,,,,,,,,,,,,,,,,,,,,,,,,,,,,,,,,,,,,,,,,,,,,,,,452900483,45290048300028,73.12Z,,,,,,,,,,,sirene,
SARL 32 DECEMBRE,,,a contacter,,,,,,,,,,,,marketing_com,Activites des agences de publicite,SAINT-ETIENNE,,42,,,,,,,,,,,,,,,,,,,,,,,,,,,,,,,,,,,,,,,,,,,,,,,521974006,52197400600038,73.11Z,,,,,,,,,,,sirene,
SARL AFDF,,,a contacter,,,,,,,,,,,,marketing_com,Conseil en relations publiques et communication,FONDETTES,,37,,,,,,,,,,,,,,,,,,,,,,,,,,,,,,,,,,,,,,,,,,,,,,,351521000,35152100000049,70.21Z,,,,,,,,,,,sirene,
SARL AFFIPOSE BOTTIN PATRICK,,,a contacter,,,,,,,,,,,,marketing_com,Activites des agences de publicite,LACROIX-SUR-MEUSE,,55,,,,,,,,,,,,,,,,,,,,,,,,,,,,,,,,,,,,,,,,,,,,,,,348327123,34832712300041,73.11Z,,,,,,,,,,,sirene,
SARL AGATE,,,a contacter,,,,,,,,,,,,marketing_com,Activites des agences de publicite,LA ROCHEBEAUCOURT ET ARGENTINE,,24,,,,,,,,,,,,,,,,,,,,,,,,,,,,,,,,,,,,,,,,,,,,,,,401046909,40104690900032,73.11Z,,,,,,,,,,,sirene,
SARL ALPHA COMMUNICATION,,,a contacter,,,,,,,,,,,,marketing_com,Conseil en relations publiques et communication,NEUILLY-SUR-SEINE,,92,,,,,,,,,,,,,,,,,,,,,,,,,,,,,,,,,,,,,,,,,,,,,,,478290943,47829094300073,70.21Z,,,,,,,,,,,sirene,
SARL ANIMA-COM,,,a contacter,,,,,,,,,,,,marketing_com,Activites des agences de publicite,ROSIERES-EN-SANTERRE,,80,,,,,,,,,,,,,,,,,,,,,,,,,,,,,,,,,,,,,,,,,,,,,,,487432841,48743284100020,73.11Z,,,,,,,,,,,sirene,
SARL APP,,,a contacter,,,,,,,,,,,,marketing_com,Regie publicitaire de medias,BEZIERS,,34,,,,,,,,,,,,,,,,,,,,,,,,,,,,,,,,,,,,,,,,,,,,,,,400724928,40072492800025,73.12Z,,,,,,,,,,,sirene,
SARL ARCOS,,,a contacter,,,,,,,,,,,,marketing_com,Activites des agences de publicite,REIMS,,51,,,,,,,,,,,,,,,,,,,,,,,,,,,,,,,,,,,,,,,,,,,,,,,491369518,49136951800031,73.11Z,,,,,,,,,,,sirene,
SARL ARCOS COMMUNICATION,,,a contacter,,,,,,,,,,,,marketing_com,Activites des agences de publicite,SARREGUEMINES,,57,,,,,,,,,,,,,,,,,,,,,,,,,,,,,,,,,,,,,,,,,,,,,,,491236030,49123603000046,73.11Z,,,,,,,,,,,sirene,
SARL ARPEGE,,,a contacter,,,,,,,,,,,,marketing_com,Activites des agences de publicite,MONTEUX,,84,,,,,,,,,,,,,,,,,,,,,,,,,,,,,,,,,,,,,,,,,,,,,,,419401898,41940189800020,73.11Z,,,,,,,,,,,sirene,
SARL ARSAPRIM,,,a contacter,,,,,,,,,,,,marketing_com,Activites des agences de publicite,GRAVESON,,13,,,,,,,,,,,,,,,,,,,,,,,,,,,,,,,,,,,,,,,,,,,,,,,491845707,49184570700026,73.11Z,,,,,,,,,,,sirene,
SARL ATLANTIQUE EVENEMENT,,,a contacter,,,,,,,,,,,,marketing_com,Conseil en relations publiques et communication,VIENNAY,,79,,,,,,,,,,,,,,,,,,,,,,,,,,,,,,,,,,,,,,,,,,,,,,,410630776,41063077600046,70.21Z,,,,,,,,,,,sirene,
SARL ATOUT PUB,,,a contacter,,,,,,,,,,,,marketing_com,Activites des agences de publicite,LENS,,62,,,,,,,,,,,,,,,,,,,,,,,,,,,,,,,,,,,,,,,,,,,,,,,434004289,43400428900030,73.11Z,,,,,,,,,,,sirene,
SARL ATOUT PUB,,,a contacter,,,,,,,,,,,,marketing_com,Activites des agences de publicite,NOISY-LE-SEC,,93,,,,,,,,,,,,,,,,,,,,,,,,,,,,,,,,,,,,,,,,,,,,,,,342145463,34214546300044,73.11Z,,,,,,,,,,,sirene,
SARL AVOSMARQUES,,,a contacter,,,,,,,,,,,,marketing_com,Activites des agences de publicite,PONTOISE,,95,,,,,,,,,,,,,,,,,,,,,,,,,,,,,,,,,,,,,,,,,,,,,,,394017610,39401761000053,73.11Z,,,,,,,,,,,sirene,
SARL BAISSAC,,,a contacter,,,,,,,,,,,,marketing_com,Activites des agences de publicite,ROFFIAC,,15,,,,,,,,,,,,,,,,,,,,,,,,,,,,,,,,,,,,,,,,,,,,,,,384584330,38458433000029,73.11Z,,,,,,,,,,,sirene,
SARL BILLIOTTE & COMMUNICATION,,,a contacter,,,,,,,,,,,,marketing_com,Activites des agences de publicite,NANCY,,54,,,,,,,,,,,,,,,,,,,,,,,,,,,,,,,,,,,,,,,,,,,,,,,402328421,40232842100068,73.11Z,,,,,,,,,,,sirene,
SARL BIS ART,,,a contacter,,,,,,,,,,,,marketing_com,Activites des agences de publicite,SERVON,,77,,,,,,,,,,,,,,,,,,,,,,,,,,,,,,,,,,,,,,,,,,,,,,,492643762,49264376200031,73.11Z,,,,,,,,,,,sirene,
SARL BSIGNS ENSEIGNES,,,a contacter,,,,,,,,,,,,marketing_com,Activites des agences de publicite,BORDERES-SUR-L'ECHEZ,,65,,,,,,,,,,,,,,,,,,,,,,,,,,,,,,,,,,,,,,,,,,,,,,,524841228,52484122800025,73.11Z,,,,,,,,,,,sirene,
SARL CHAMPAGNE CREATION,,,a contacter,,,,,,,,,,,,marketing_com,Conseil en relations publiques et communication,REIMS,,51,,,,,,,,,,,,,,,,,,,,,,,,,,,,,,,,,,,,,,,,,,,,,,,307221770,30722177000042,70.21Z,,,,,,,,,,,sirene,
SARL CINQUIEME DIMENSION,,,a contacter,,,,,,,,,,,,marketing_com,Conseil en relations publiques et communication,TOULOUSE,,31,,,,,,,,,,,,,,,,,,,,,,,,,,,,,,,,,,,,,,,,,,,,,,,503907297,50390729700041,70.21Z,,,,,,,,,,,sirene,
SARL CITHEA COMMUNICATION,,,a contacter,,,,,,,,,,,,marketing_com,Activites des agences de publicite,PARIS,,75,,,,,,,,,,,,,,,,,,,,,,,,,,,,,,,,,,,,,,,,,,,,,,,422962233,42296223300033,73.11Z,,,,,,,,,,,sirene,
SARL COM CONSEIL MR,,,a contacter,,,,,,,,,,,,marketing_com,Conseil en relations publiques et communication,LORIENT,,56,,,,,,,,,,,,,,,,,,,,,,,,,,,,,,,,,,,,,,,,,,,,,,,507523686,50752368600057,70.21Z,,,,,,,,,,,sirene,
SARL COM RB,,,a contacter,,,,,,,,,,,,marketing_com,Activites des agences de publicite,COURNON-D'AUVERGNE,,63,,,,,,,,,,,,,,,,,,,,,,,,,,,,,,,,,,,,,,,,,,,,,,,792576563,79257656300037,73.11Z,,,,,,,,,,,sirene,
SARL COM'MEDIA,,,a contacter,,,,,,,,,,,,marketing_com,Activites des agences de publicite,SALEILLES,,66,,,,,,,,,,,,,,,,,,,,,,,,,,,,,,,,,,,,,,,,,,,,,,,392533287,39253328700042,73.11Z,,,,,,,,,,,sirene,
SARL COMQUEST,,,a contacter,,,,,,,,,,,,marketing_com,Activites des agences de publicite,BOULOGNE-BILLANCOURT,,92,,,,,,,,,,,,,,,,,,,,,,,,,,,,,,,,,,,,,,,,,,,,,,,414373357,41437335700030,73.11Z,,,,,,,,,,,sirene,
SARL CONCEPT EVOLUTION ET DEVELOPPEMENT,,,a contacter,,,,,,,,,,,,marketing_com,Activites des agences de publicite,NANTES,,44,,,,,,,,,,,,,,,,,,,,,,,,,,,,,,,,,,,,,,,,,,,,,,,838919850,83891985000019,73.11Z,,,,,,,,,,,sirene,
SARL CRISTAL QUARTZ,,,a contacter,,,,,,,,,,,,marketing_com,Regie publicitaire de medias,LILLEBONNE,,76,,,,,,,,,,,,,,,,,,,,,,,,,,,,,,,,,,,,,,,,,,,,,,,525254926,52525492600039,73.12Z,,,,,,,,,,,sirene,
SARL DEKALCO,,,a contacter,,,,,,,,,,,,marketing_com,Regie publicitaire de medias,TOULOUSE,,31,,,,,,,,,,,,,,,,,,,,,,,,,,,,,,,,,,,,,,,,,,,,,,,419345574,41934557400026,73.12Z,,,,,,,,,,,sirene,
SARL DESIGN CONCEPTION AGENCY,,,a contacter,,,,,,,,,,,,marketing_com,Activites des agences de publicite,BIARRITZ,,64,,,,,,,,,,,,,,,,,,,,,,,,,,,,,,,,,,,,,,,,,,,,,,,418115390,41811539000043,73.11Z,,,,,,,,,,,sirene,
SARL DISC NOHAIN,,,a contacter,,,,,,,,,,,,marketing_com,Regie publicitaire de medias,BOURGES,,18,,,,,,,,,,,,,,,,,,,,,,,,,,,,,,,,,,,,,,,,,,,,,,,382652279,38265227900037,73.12Z,,,,,,,,,,,sirene,
SARL DISTRIB' SERVICES,,,a contacter,,,,,,,,,,,,marketing_com,Activites des agences de publicite,GASVILLE-OISEME,,28,,,,,,,,,,,,,,,,,,,,,,,,,,,,,,,,,,,,,,,,,,,,,,,483741559,48374155900080,73.11Z,,,,,,,,,,,sirene,
SARL DOYEN,,,a contacter,,,,,,,,,,,,marketing_com,Activites des agences de publicite,SAINT-MAUR-DES-FOSSES,,94,,,,,,,,,,,,,,,,,,,,,,,,,,,,,,,,,,,,,,,,,,,,,,,331520262,33152026200022,73.11Z,,,,,,,,,,,sirene,
SARL EFIC,,,a contacter,,,,,,,,,,,,marketing_com,Regie publicitaire de medias,CREPY-EN-VALOIS,,60,,,,,,,,,,,,,,,,,,,,,,,,,,,,,,,,,,,,,,,,,,,,,,,402924948,40292494800043,73.12Z,,,,,,,,,,,sirene,
SARL ENCORE,,,a contacter,,,,,,,,,,,,marketing_com,Conseil en relations publiques et communication,ANGOULEME,,16,,,,,,,,,,,,,,,,,,,,,,,,,,,,,,,,,,,,,,,,,,,,,,,838605269,83860526900037,70.21Z,,,,,,,,,,,sirene,
SARL GABARIT,,,a contacter,,,,,,,,,,,,marketing_com,Activites des agences de publicite,SAINT-ANDRE-LEZ-LILLE,,59,,,,,,,,,,,,,,,,,,,,,,,,,,,,,,,,,,,,,,,,,,,,,,,402692693,40269269300037,73.11Z,,,,,,,,,,,sirene,
SARL GRAPHIK IMPACT,,,a contacter,,,,,,,,,,,,marketing_com,Conseil en relations publiques et communication,CHARLEVILLE-MEZIERES,,08,,,,,,,,,,,,,,,,,,,,,,,,,,,,,,,,,,,,,,,,,,,,,,,538110040,53811004000036,70.21Z,,,,,,,,,,,sirene,
SARL GUERIN PUBLICITE,,,a contacter,,,,,,,,,,,,marketing_com,Activites des agences de publicite,FLERS,,61,,,,,,,,,,,,,,,,,,,,,,,,,,,,,,,,,,,,,,,,,,,,,,,751078718,75107871800028,73.11Z,,,,,,,,,,,sirene,
SARL HCOM,,,a contacter,,,,,,,,,,,,marketing_com,Conseil en relations publiques et communication,MAISONS-ALFORT,,94,,,,,,,,,,,,,,,,,,,,,,,,,,,,,,,,,,,,,,,,,,,,,,,450454707,45045470700024,70.21Z,,,,,,,,,,,sirene,
SARL HMD,,,a contacter,,,,,,,,,,,,marketing_com,Activites des agences de publicite,SAINS-LES-MARQUION,,62,,,,,,,,,,,,,,,,,,,,,,,,,,,,,,,,,,,,,,,,,,,,,,,480992403,48099240300018,73.11Z,,,,,,,,,,,sirene,
SARL ID2MARK,,,a contacter,,,,,,,,,,,,marketing_com,Activites des agences de publicite,MARSEILLE,,13,,,,,,,,,,,,,,,,,,,,,,,,,,,,,,,,,,,,,,,,,,,,,,,503404238,50340423800043,73.11Z,,,,,,,,,,,sirene,
SARL INSIGHTCOM,,,a contacter,,,,,,,,,,,,marketing_com,Activites des agences de publicite,MONTPELLIER,,34,,,,,,,,,,,,,,,,,,,,,,,,,,,,,,,,,,,,,,,,,,,,,,,805338266,80533826600036,73.11Z,,,,,,,,,,,sirene,
SARL INSTINCT GRAFIK,,,a contacter,,,,,,,,,,,,marketing_com,Activites des agences de publicite,ROCHEFORT,,17,,,,,,,,,,,,,,,,,,,,,,,,,,,,,,,,,,,,,,,,,,,,,,,809683576,80968357600023,73.11Z,,,,,,,,,,,sirene,
SARL INTERSTICE,,,a contacter,,,,,,,,,,,,marketing_com,Activites des agences de publicite,LENS,,62,,,,,,,,,,,,,,,,,,,,,,,,,,,,,,,,,,,,,,,,,,,,,,,326564481,32656448100025,73.11Z,,,,,,,,,,,sirene,
SARL KAIMAN,,,a contacter,,,,,,,,,,,,marketing_com,Activites des agences de publicite,RONCQ,,59,,,,,,,,,,,,,,,,,,,,,,,,,,,,,,,,,,,,,,,,,,,,,,,378062715,37806271500065,73.11Z,,,,,,,,,,,sirene,
SARL KONFITURE,,,a contacter,,,,,,,,,,,,marketing_com,Conseil en relations publiques et communication,ROUBAIX,,59,,,,,,,,,,,,,,,,,,,,,,,,,,,,,,,,,,,,,,,,,,,,,,,508274503,50827450300012,70.21Z,,,,,,,,,,,sirene,
SARL LE JOURNAL,,,a contacter,,,,,,,,,,,,marketing_com,Regie publicitaire de medias,BETHUNE,,62,,,,,,,,,,,,,,,,,,,,,,,,,,,,,,,,,,,,,,,,,,,,,,,380451914,38045191400044,73.12Z,,,,,,,,,,,sirene,
SARL LEBON PUBLICITE,,,a contacter,,,,,,,,,,,,marketing_com,Regie publicitaire de medias,SAVIGNAC-LES-EGLISES,,24,,,,,,,,,,,,,,,,,,,,,,,,,,,,,,,,,,,,,,,,,,,,,,,407690197,40769019700022,73.12Z,,,,,,,,,,,sirene,
SARL LEFRANC LEFORT,,,a contacter,,,,,,,,,,,,marketing_com,Activites des agences de publicite,ORLEANS,,45,,,,,,,,,,,,,,,,,,,,,,,,,,,,,,,,,,,,,,,,,,,,,,,439793852,43979385200021,73.11Z,,,,,,,,,,,sirene,
SARL LES COMMUNICANTS,,,a contacter,,,,,,,,,,,,marketing_com,Conseil en relations publiques et communication,LEVALLOIS-PERRET,,92,,,,,,,,,,,,,,,,,,,,,,,,,,,,,,,,,,,,,,,,,,,,,,,419721485,41972148500052,70.21Z,,,,,,,,,,,sirene,
SARL LES PHYTONAUTES,,,a contacter,,,,,,,,,,,,marketing_com,Conseil en relations publiques et communication,BEAUFOU,,85,,,,,,,,,,,,,,,,,,,,,,,,,,,,,,,,,,,,,,,,,,,,,,,824513618,82451361800028,70.21Z,,,,,,,,,,,sirene,
SARL LICINA,,,a contacter,,,,,,,,,,,,marketing_com,Activites des agences de publicite,AULNAY-SOUS-BOIS,,93,,,,,,,,,,,,,,,,,,,,,,,,,,,,,,,,,,,,,,,,,,,,,,,831129184,83112918400014,73.11Z,,,,,,,,,,,sirene,
SARL LINEAL,,,a contacter,,,,,,,,,,,,marketing_com,Activites des agences de publicite,LILLE,,59,,,,,,,,,,,,,,,,,,,,,,,,,,,,,,,,,,,,,,,,,,,,,,,338106883,33810688300063,73.11Z,,,,,,,,,,,sirene,
SARL MAGMA CREA,,,a contacter,,,,,,,,,,,,marketing_com,Activites des agences de publicite,CLERMONT-FERRAND,,63,,,,,,,,,,,,,,,,,,,,,,,,,,,,,,,,,,,,,,,,,,,,,,,494071160,49407116000027,73.11Z,,,,,,,,,,,sirene,
SARL MAJULO,,,a contacter,,,,,,,,,,,,marketing_com,Regie publicitaire de medias,PLAN-DE-CUQUES,,13,,,,,,,,,,,,,,,,,,,,,,,,,,,,,,,,,,,,,,,,,,,,,,,452618341,45261834100062,73.12Z,,,,,,,,,,,sirene,
SARL MAK2COM,,,a contacter,,,,,,,,,,,,marketing_com,Activites des agences de publicite,ANGLET,,64,,,,,,,,,,,,,,,,,,,,,,,,,,,,,,,,,,,,,,,,,,,,,,,519320121,51932012100022,73.11Z,,,,,,,,,,,sirene,
SARL MATHEUS COMMUNICATION,,,a contacter,,,,,,,,,,,,marketing_com,Activites des agences de publicite,AURAY,,56,,,,,,,,,,,,,,,,,,,,,,,,,,,,,,,,,,,,,,,,,,,,,,,440730745,44073074500013,73.11Z,,,,,,,,,,,sirene,
SARL MCV COMMUNICATION,,,a contacter,,,,,,,,,,,,marketing_com,Activites des agences de publicite,BRIVE-LA-GAILLARDE,,19,,,,,,,,,,,,,,,,,,,,,,,,,,,,,,,,,,,,,,,,,,,,,,,831683222,83168322200028,73.11Z,,,,,,,,,,,sirene,
SARL MEDIA FORCE,,,a contacter,,,,,,,,,,,,marketing_com,Regie publicitaire de medias,BULGNEVILLE,,88,,,,,,,,,,,,,,,,,,,,,,,,,,,,,,,,,,,,,,,,,,,,,,,350800553,35080055300025,73.12Z,,,,,,,,,,,sirene,
SARL MOT COMPTE DOUBLE,,,a contacter,,,,,,,,,,,,marketing_com,Conseil en relations publiques et communication,LILLE,,59,,,,,,,,,,,,,,,,,,,,,,,,,,,,,,,,,,,,,,,,,,,,,,,487969578,48796957800045,70.21Z,,,,,,,,,,,sirene,
SARL OBJET,,,a contacter,,,,,,,,,,,,marketing_com,Activites des agences de publicite,BLANQUEFORT,,33,,,,,,,,,,,,,,,,,,,,,,,,,,,,,,,,,,,,,,,,,,,,,,,339697666,33969766600040,73.11Z,,,,,,,,,,,sirene,
SARL OLYMPACT,,,a contacter,,,,,,,,,,,,marketing_com,Regie publicitaire de medias,LEZIGNAN-CORBIERES,,11,,,,,,,,,,,,,,,,,,,,,,,,,,,,,,,,,,,,,,,,,,,,,,,419126016,41912601600056,73.12Z,,,,,,,,,,,sirene,
SARL OREP,,,a contacter,,,,,,,,,,,,marketing_com,Activites des agences de publicite,NONANT,,14,,,,,,,,,,,,,,,,,,,,,,,,,,,,,,,,,,,,,,,,,,,,,,,351078167,35107816700035,73.11Z,,,,,,,,,,,sirene,
SARL PANENKA,,,a contacter,,,,,,,,,,,,marketing_com,Activites des agences de publicite,PANTIN,,93,,,,,,,,,,,,,,,,,,,,,,,,,,,,,,,,,,,,,,,,,,,,,,,539469288,53946928800036,73.11Z,,,,,,,,,,,sirene,
SARL PASSING COMMUNICATION,,,a contacter,,,,,,,,,,,,marketing_com,Activites des agences de publicite,SAINT-ETIENNE,,42,,,,,,,,,,,,,,,,,,,,,,,,,,,,,,,,,,,,,,,,,,,,,,,411868615,41186861500039,73.11Z,,,,,,,,,,,sirene,
SARL PORTOBELLO COMUNICATION,,,a contacter,,,,,,,,,,,,marketing_com,Regie publicitaire de medias,CHANGE,,53,,,,,,,,,,,,,,,,,,,,,,,,,,,,,,,,,,,,,,,,,,,,,,,513290627,51329062700027,73.12Z,,,,,,,,,,,sirene,
SARL PRESTAGIFT,,,a contacter,,,,,,,,,,,,marketing_com,Activites des agences de publicite,CHAMPIGNY-SUR-MARNE,,94,,,,,,,,,,,,,,,,,,,,,,,,,,,,,,,,,,,,,,,,,,,,,,,539797738,53979773800041,73.11Z,,,,,,,,,,,sirene,
SARL PUB CONSEILS,,,a contacter,,,,,,,,,,,,marketing_com,Activites des agences de publicite,PIETRASERENA,,2B,,,,,,,,,,,,,,,,,,,,,,,,,,,,,,,,,,,,,,,,,,,,,,,824404768,82440476800015,73.11Z,,,,,,,,,,,sirene,
SARL PUBLI CONTACT,,,a contacter,,,,,,,,,,,,marketing_com,Regie publicitaire de medias,SAINT-GREGOIRE,,35,,,,,,,,,,,,,,,,,,,,,,,,,,,,,,,,,,,,,,,,,,,,,,,385383534,38538353400034,73.12Z,,,,,,,,,,,sirene,
SARL PUBLI LETTRES,,,a contacter,,,,,,,,,,,,marketing_com,Activites des agences de publicite,COSNES-ET-ROMAIN,,54,,,,,,,,,,,,,,,,,,,,,,,,,,,,,,,,,,,,,,,,,,,,,,,329391411,32939141100025,73.11Z,,,,,,,,,,,sirene,
SARL PUBLI LIVE,,,a contacter,,,,,,,,,,,,marketing_com,Activites des agences de publicite,BASTIA,,2B,,,,,,,,,,,,,,,,,,,,,,,,,,,,,,,,,,,,,,,,,,,,,,,498206572,49820657200022,73.11Z,,,,,,,,,,,sirene,
SARL PUBLICITE DECOUX,,,a contacter,,,,,,,,,,,,marketing_com,Activites des agences de publicite,POMPAIRE,,79,,,,,,,,,,,,,,,,,,,,,,,,,,,,,,,,,,,,,,,,,,,,,,,329691760,32969176000030,73.11Z,,,,,,,,,,,sirene,
SARL PUBLICITE MOURET,,,a contacter,,,,,,,,,,,,marketing_com,Activites des agences de publicite,GENNEVILLIERS,,92,,,,,,,,,,,,,,,,,,,,,,,,,,,,,,,,,,,,,,,,,,,,,,,410251920,41025192000022,73.11Z,,,,,,,,,,,sirene,
SARL PUBLICO,,,a contacter,,,,,,,,,,,,marketing_com,Activites des agences de publicite,BASTIA,,2B,,,,,,,,,,,,,,,,,,,,,,,,,,,,,,,,,,,,,,,,,,,,,,,794221911,79422191100033,73.11Z,,,,,,,,,,,sirene,
SARL PUBLIROULE RPA,,,a contacter,,,,,,,,,,,,marketing_com,Regie publicitaire de medias,SAINT-JEAN-DE-SAVIGNY,,50,,,,,,,,,,,,,,,,,,,,,,,,,,,,,,,,,,,,,,,,,,,,,,,805050929,80505092900019,73.12Z,,,,,,,,,,,sirene,
SARL REGIE FREQUENCE ESPACE,,,a contacter,,,,,,,,,,,,marketing_com,Regie publicitaire de medias,MARSEILLE,,13,,,,,,,,,,,,,,,,,,,,,,,,,,,,,,,,,,,,,,,,,,,,,,,347768459,34776845900047,73.12Z,,,,,,,,,,,sirene,
SARL ROSE,,,a contacter,,,,,,,,,,,,marketing_com,Activites des agences de publicite,TOURS,,37,,,,,,,,,,,,,,,,,,,,,,,,,,,,,,,,,,,,,,,,,,,,,,,794826297,79482629700010,73.11Z,,,,,,,,,,,sirene,
SARL SAVOIE PUB'DIFFUSION,,,a contacter,,,,,,,,,,,,marketing_com,Activites des agences de publicite,BARBERAZ,,73,,,,,,,,,,,,,,,,,,,,,,,,,,,,,,,,,,,,,,,,,,,,,,,341901791,34190179100028,73.11Z,,,,,,,,,,,sirene,
SARL SPORTS ET PUBLICITE,,,a contacter,,,,,,,,,,,,marketing_com,Regie publicitaire de medias,SAINT-MELOIR-DES-ONDES,,35,,,,,,,,,,,,,,,,,,,,,,,,,,,,,,,,,,,,,,,,,,,,,,,440011021,44001102100019,73.12Z,,,,,,,,,,,sirene,
SARL TACTIC IMPRESSIONS,,,a contacter,,,,,,,,,,,,marketing_com,Activites des agences de publicite,LE THILLAY,,95,,,,,,,,,,,,,,,,,,,,,,,,,,,,,,,,,,,,,,,,,,,,,,,793626359,79362635900020,73.11Z,,,,,,,,,,,sirene,
SARL TERADELIS,,,a contacter,,,,,,,,,,,,marketing_com,Activites des agences de publicite,MONTBELIARD,,25,,,,,,,,,,,,,,,,,,,,,,,,,,,,,,,,,,,,,,,,,,,,,,,435216411,43521641100031,73.11Z,,,,,,,,,,,sirene,
SARL UN ZERO UN,,,a contacter,,,,,,,,,,,,marketing_com,Conseil en relations publiques et communication,CHARLEVILLE-MEZIERES,,08,,,,,,,,,,,,,,,,,,,,,,,,,,,,,,,,,,,,,,,,,,,,,,,818711467,81871146700022,70.21Z,,,,,,,,,,,sirene,
SARL URBAM PRO PUB,,,a contacter,,,,,,,,,,,,marketing_com,Activites des agences de publicite,BRASSAC,,81,,,,,,,,,,,,,,,,,,,,,,,,,,,,,,,,,,,,,,,,,,,,,,,533566915,53356691500021,73.11Z,,,,,,,,,,,sirene,
SARL VERYWELL,,,a contacter,,,,,,,,,,,,marketing_com,Activites des agences de publicite,TOULOUSE,,31,,,,,,,,,,,,,,,,,,,,,,,,,,,,,,,,,,,,,,,,,,,,,,,499393452,49939345200044,73.11Z,,,,,,,,,,,sirene,
SARL VOIX OFF,,,a contacter,,,,,,,,,,,,marketing_com,Conseil en relations publiques et communication,BAGNOLS-SUR-CEZE,,30,,,,,,,,,,,,,,,,,,,,,,,,,,,,,,,,,,,,,,,,,,,,,,,397776253,39777625300049,70.21Z,,,,,,,,,,,sirene,
SARL WINDSOR - ASSIST'PROS,,,a contacter,,,,,,,,,,,,marketing_com,Conseil en relations publiques et communication,LA ROCHELLE,,17,,,,,,,,,,,,,,,,,,,,,,,,,,,,,,,,,,,,,,,,,,,,,,,794549402,79454940200012,70.21Z,,,,,,,,,,,sirene,
SAS BADSENDER FRANCE,,,a contacter,,,,,,,,,,,,marketing_com,Activites des agences de publicite,PARIS,,75,,,,,,,,,,,,,,,,,,,,,,,,,,,,,,,,,,,,,,,,,,,,,,,813108123,81310812300049,73.11Z,,,,,,,,,,,sirene,
SAS BUEIL PUBLICITE MOBILIER URBAIN,,,a contacter,,,,,,,,,,,,marketing_com,Activites des agences de publicite,BUEIL,,27,,,,,,,,,,,,,,,,,,,,,,,,,,,,,,,,,,,,,,,,,,,,,,,400166757,40016675700015,73.11Z,,,,,,,,,,,sirene,
SAS COMBIER-KOENIG,,,a contacter,,,,,,,,,,,,marketing_com,Activites des agences de publicite,CHANES,,71,,,,,,,,,,,,,,,,,,,,,,,,,,,,,,,,,,,,,,,,,,,,,,,349156844,34915684400038,73.11Z,,,,,,,,,,,sirene,
SAS DOOHYOULIKE,,,a contacter,,,,,,,,,,,,marketing_com,Activites des agences de publicite,LEVALLOIS-PERRET,,92,,,,,,,,,,,,,,,,,,,,,,,,,,,,,,,,,,,,,,,,,,,,,,,839682143,83968214300046,73.11Z,,,,,,,,,,,sirene,
SAS ENYOKO,,,a contacter,,,,,,,,,,,,marketing_com,Conseil en relations publiques et communication,FLEURANCE,,32,,,,,,,,,,,,,,,,,,,,,,,,,,,,,,,,,,,,,,,,,,,,,,,883296063,88329606300026,70.21Z,,,,,,,,,,,sirene,
SAS GABRIEL,,,a contacter,,,,,,,,,,,,marketing_com,Activites des agences de publicite,ESPALION,,12,,,,,,,,,,,,,,,,,,,,,,,,,,,,,,,,,,,,,,,,,,,,,,,479521262,47952126200028,73.11Z,,,,,,,,,,,sirene,
SAS GAILLAC IMPRIM,,,a contacter,,,,,,,,,,,,marketing_com,Activites des agences de publicite,GAILLAC,,81,,,,,,,,,,,,,,,,,,,,,,,,,,,,,,,,,,,,,,,,,,,,,,,914680228,91468022800014,73.11Z,,,,,,,,,,,sirene,
SAS HOTEL REPUBLIQUE,,,a contacter,,,,,,,,,,,,marketing_com,Activites des agences de publicite,TOULOUSE,,31,,,,,,,,,,,,,,,,,,,,,,,,,,,,,,,,,,,,,,,,,,,,,,,440809168,44080916800030,73.11Z,,,,,,,,,,,sirene,
SAS KALI COMMUNICATION,,,a contacter,,,,,,,,,,,,marketing_com,Activites des agences de publicite,MARQUETTE-LEZ-LILLE,,59,,,,,,,,,,,,,,,,,,,,,,,,,,,,,,,,,,,,,,,,,,,,,,,400708558,40070855800053,73.11Z,,,,,,,,,,,sirene,
SAS LE STUDIO,,,a contacter,,,,,,,,,,,,marketing_com,Activites des agences de publicite,LANNION,,22,,,,,,,,,,,,,,,,,,,,,,,,,,,,,,,,,,,,,,,,,,,,,,,798934220,79893422000012,73.11Z,,,,,,,,,,,sirene,
SAS MAD MONKEYS CONSULTING,,,a contacter,,,,,,,,,,,,marketing_com,Conseil en relations publiques et communication,BASTIA,,2B,,,,,,,,,,,,,,,,,,,,,,,,,,,,,,,,,,,,,,,,,,,,,,,804636942,80463694200026,70.21Z,,,,,,,,,,,sirene,
SAS MDM SIGNALETIQUE,,,a contacter,,,,,,,,,,,,marketing_com,Activites des agences de publicite,VILLENEUVE-D'ASCQ,,59,,,,,,,,,,,,,,,,,,,,,,,,,,,,,,,,,,,,,,,,,,,,,,,819692922,81969292200027,73.11Z,,,,,,,,,,,sirene,
SAS PHD,,,a contacter,,,,,,,,,,,,marketing_com,Conseil en relations publiques et communication,BOULOGNE-BILLANCOURT,,92,,,,,,,,,,,,,,,,,,,,,,,,,,,,,,,,,,,,,,,,,,,,,,,409787413,40978741300049,70.21Z,,,,,,,,,,,sirene,
SAS PUBLICITE RICHARD,,,a contacter,,,,,,,,,,,,marketing_com,Activites des agences de publicite,LA ROCHE-SUR-FORON,,74,,,,,,,,,,,,,,,,,,,,,,,,,,,,,,,,,,,,,,,,,,,,,,,905204707,90520470700012,73.11Z,,,,,,,,,,,sirene,
SAS SCANDERIE PUBLICITE,,,a contacter,,,,,,,,,,,,marketing_com,Activites des agences de publicite,ISLE,,87,,,,,,,,,,,,,,,,,,,,,,,,,,,,,,,,,,,,,,,,,,,,,,,323379305,32337930500069,73.11Z,,,,,,,,,,,sirene,
SAS W CORP,,,a contacter,,,,,,,,,,,,marketing_com,Activites des agences de publicite,PARIS,,75,,,,,,,,,,,,,,,,,,,,,,,,,,,,,,,,,,,,,,,,,,,,,,,480897263,48089726300046,73.11Z,,,,,,,,,,,sirene,
SASU A NEW STORY,,,a contacter,,,,,,,,,,,,marketing_com,Conseil en relations publiques et communication,ALBI,,81,,,,,,,,,,,,,,,,,,,,,,,,,,,,,,,,,,,,,,,,,,,,,,,814556346,81455634600025,70.21Z,,,,,,,,,,,sirene,
SASU ALADDIN BIJO CONSULTING,,,a contacter,,,,,,,,,,,,marketing_com,Activites des agences de publicite,LA GARDE,,83,,,,,,,,,,,,,,,,,,,,,,,,,,,,,,,,,,,,,,,,,,,,,,,852451954,85245195400022,73.11Z,,,,,,,,,,,sirene,
SATS,,,a contacter,,,,,,,,,,,,marketing_com,Activites des agences de publicite,ANNET-SUR-MARNE,,77,,,,,,,,,,,,,,,,,,,,,,,,,,,,,,,,,,,,,,,,,,,,,,,800166449,80016644900010,73.11Z,,,,,,,,,,,sirene,
SAVENCIA PRODUITS LAITIERS FRANCE,,,a contacter,,,,,,,,,,,,marketing_com,Activites des agences de publicite,VIROFLAY,,78,,,,,,,,,,,,,,,,,,,,,,,,,,,,,,,,,,,,,,,,,,,,,,,394530703,39453070300088,73.11Z,,,,,,,,,,,sirene,
SAY COM,,,a contacter,,,,,,,,,,,,marketing_com,Activites des agences de publicite,LA ROCHE-SUR-YON,,85,,,,,,,,,,,,,,,,,,,,,,,,,,,,,,,,,,,,,,,,,,,,,,,502671761,50267176100042,73.11Z,,,,,,,,,,,sirene,
SBSH GROUPE,,,a contacter,,,,,,,,,,,,marketing_com,Activites des agences de publicite,MARNES-LA-COQUETTE,,92,,,,,,,,,,,,,,,,,,,,,,,,,,,,,,,,,,,,,,,,,,,,,,,879124667,87912466700038,73.11Z,,,,,,,,,,,sirene,
SC CONSEIL,,,a contacter,,,,,,,,,,,,marketing_com,Conseil en relations publiques et communication,TOULOUSE,,31,,,,,,,,,,,,,,,,,,,,,,,,,,,,,,,,,,,,,,,,,,,,,,,499767036,49976703600043,70.21Z,,,,,,,,,,,sirene,
SC2,,,a contacter,,,,,,,,,,,,marketing_com,Conseil en relations publiques et communication,COGNAC,,16,,,,,,,,,,,,,,,,,,,,,,,,,,,,,,,,,,,,,,,,,,,,,,,450176425,45017642500012,70.21Z,,,,,,,,,,,sirene,
SCA ANIM,,,a contacter,,,,,,,,,,,,marketing_com,Activites des agences de publicite,ISLE ADAM,,95,,,,,,,,,,,,,,,,,,,,,,,,,,,,,,,,,,,,,,,,,,,,,,,830939989,83093998900018,73.11Z,,,,,,,,,,,sirene,
SCANDINAVIAN TOBACCO  GROUP FRANCE,,,a contacter,,,,,,,,,,,,marketing_com,Activites des agences de publicite,NANTERRE,,92,,,,,,,,,,,,,,,,,,,,,,,,,,,,,,,,,,,,,,,,,,,,,,,305792079,30579207900074,73.11Z,,,,,,,,,,,sirene,
SCDC ENTREPRISE,,,a contacter,,,,,,,,,,,,marketing_com,Activites des agences de publicite,MONDEVILLE,,14,,,,,,,,,,,,,,,,,,,,,,,,,,,,,,,,,,,,,,,,,,,,,,,799651377,79965137700043,73.11Z,,,,,,,,,,,sirene,
SCDF DALTON,,,a contacter,,,,,,,,,,,,marketing_com,Activites des agences de publicite,LYON,,69,,,,,,,,,,,,,,,,,,,,,,,,,,,,,,,,,,,,,,,,,,,,,,,324536267,32453626700036,73.11Z,,,,,,,,,,,sirene,
SCHIN,,,a contacter,,,,,,,,,,,,marketing_com,Regie publicitaire de medias,PARIS,,75,,,,,,,,,,,,,,,,,,,,,,,,,,,,,,,,,,,,,,,,,,,,,,,528284524,52828452400030,73.12Z,,,,,,,,,,,sirene,
SCIBIDS TECHNOLOGY,,,a contacter,,,,,,,,,,,,marketing_com,Activites des agences de publicite,PARIS,,75,,,,,,,,,,,,,,,,,,,,,,,,,,,,,,,,,,,,,,,,,,,,,,,822771309,82277130900041,73.11Z,,,,,,,,,,,sirene,
SCO DEVELOPPEMENT,,,a contacter,,,,,,,,,,,,marketing_com,Activites des agences de publicite,ANGERS,,49,,,,,,,,,,,,,,,,,,,,,,,,,,,,,,,,,,,,,,,,,,,,,,,802522417,80252241700012,73.11Z,,,,,,,,,,,sirene,
SCOPIC,,,a contacter,,,,,,,,,,,,marketing_com,Activites des agences de publicite,NANTES,,44,,,,,,,,,,,,,,,,,,,,,,,,,,,,,,,,,,,,,,,,,,,,,,,479556714,47955671400026,73.11Z,,,,,,,,,,,sirene,
SCOPUB,,,a contacter,,,,,,,,,,,,marketing_com,Activites des agences de publicite,REVEL,,31,,,,,,,,,,,,,,,,,,,,,,,,,,,,,,,,,,,,,,,,,,,,,,,753373190,75337319000028,73.11Z,,,,,,,,,,,sirene,
SCOPUS,,,a contacter,,,,,,,,,,,,marketing_com,Activites des agences de publicite,MERIGNAC,,33,,,,,,,,,,,,,,,,,,,,,,,,,,,,,,,,,,,,,,,,,,,,,,,438065070,43806507000080,73.11Z,,,,,,,,,,,sirene,
SCORE MARKETING,,,a contacter,,,,,,,,,,,,marketing_com,Activites des agences de publicite,DOURDAN,,91,,,,,,,,,,,,,,,,,,,,,,,,,,,,,,,,,,,,,,,,,,,,,,,403694623,40369462300030,73.11Z,,,,,,,,,,,sirene,
SCP,,,a contacter,,,,,,,,,,,,marketing_com,Conseil en relations publiques et communication,LEVALLOIS-PERRET,,92,,,,,,,,,,,,,,,,,,,,,,,,,,,,,,,,,,,,,,,,,,,,,,,817634207,81763420700010,70.21Z,,,,,,,,,,,sirene,
SCREENBASE,,,a contacter,,,,,,,,,,,,marketing_com,Activites des agences de publicite,LEVALLOIS-PERRET,,92,,,,,,,,,,,,,,,,,,,,,,,,,,,,,,,,,,,,,,,,,,,,,,,531628907,53162890700036,73.11Z,,,,,,,,,,,sirene,
SCRIBEO,,,a contacter,,,,,,,,,,,,marketing_com,Activites des agences de publicite,COURBEVOIE,,92,,,,,,,,,,,,,,,,,,,,,,,,,,,,,,,,,,,,,,,,,,,,,,,818872822,81887282200031,73.11Z,,,,,,,,,,,sirene,
SCRIBEUR,,,a contacter,,,,,,,,,,,,marketing_com,Activites des agences de publicite,GRENOBLE,,38,,,,,,,,,,,,,,,,,,,,,,,,,,,,,,,,,,,,,,,,,,,,,,,829717651,82971765100030,73.11Z,,,,,,,,,,,sirene,
SD COMM SARL,,,a contacter,,,,,,,,,,,,marketing_com,Regie publicitaire de medias,SOULEUVRE EN BOCAGE,,14,,,,,,,,,,,,,,,,,,,,,,,,,,,,,,,,,,,,,,,,,,,,,,,501094056,50109405600014,73.12Z,,,,,,,,,,,sirene,
SD CONSEIL,,,a contacter,,,,,,,,,,,,marketing_com,Conseil en relations publiques et communication,PARIS,,75,,,,,,,,,,,,,,,,,,,,,,,,,,,,,,,,,,,,,,,,,,,,,,,950574079,95057407900097,70.21Z,,,,,,,,,,,sirene,
SD TEC CONSULTING,,,a contacter,,,,,,,,,,,,marketing_com,Conseil en relations publiques et communication,OYTIER-SAINT-OBLAS,,38,,,,,,,,,,,,,,,,,,,,,,,,,,,,,,,,,,,,,,,,,,,,,,,791155682,79115568200010,70.21Z,,,,,,,,,,,sirene,
SDCC,,,a contacter,,,,,,,,,,,,marketing_com,Activites des agences de publicite,PARIS,,75,,,,,,,,,,,,,,,,,,,,,,,,,,,,,,,,,,,,,,,,,,,,,,,408548790,40854879000034,73.11Z,,,,,,,,,,,sirene,
SDFA,,,a contacter,,,,,,,,,,,,marketing_com,Activites des agences de publicite,PARIS,,75,,,,,,,,,,,,,,,,,,,,,,,,,,,,,,,,,,,,,,,,,,,,,,,419406087,41940608700033,73.11Z,,,,,,,,,,,sirene,
SDSOCIALBIZ,,,a contacter,,,,,,,,,,,,marketing_com,Activites des agences de publicite,NEUILLY-PLAISANCE,,93,,,,,,,,,,,,,,,,,,,,,,,,,,,,,,,,,,,,,,,,,,,,,,,838234839,83823483900010,73.11Z,,,,,,,,,,,sirene,
SDWA,,,a contacter,,,,,,,,,,,,marketing_com,Activites des agences de publicite,GENNEVILLIERS,,92,,,,,,,,,,,,,,,,,,,,,,,,,,,,,,,,,,,,,,,,,,,,,,,438926776,43892677600057,73.11Z,,,,,,,,,,,sirene,
SEA TO SEA,,,a contacter,,,,,,,,,,,,marketing_com,Conseil en relations publiques et communication,CONCARNEAU,,29,,,,,,,,,,,,,,,,,,,,,,,,,,,,,,,,,,,,,,,,,,,,,,,502081813,50208181300029,70.21Z,,,,,,,,,,,sirene,
SEACOMOD,,,a contacter,,,,,,,,,,,,marketing_com,Regie publicitaire de medias,DARDILLY,,69,,,,,,,,,,,,,,,,,,,,,,,,,,,,,,,,,,,,,,,,,,,,,,,529986259,52998625900024,73.12Z,,,,,,,,,,,sirene,
SECTION 4,,,a contacter,,,,,,,,,,,,marketing_com,Activites des agences de publicite,EPINAL,,88,,,,,,,,,,,,,,,,,,,,,,,,,,,,,,,,,,,,,,,,,,,,,,,823807862,82380786200029,73.11Z,,,,,,,,,,,sirene,
SEDAP,,,a contacter,,,,,,,,,,,,marketing_com,Regie publicitaire de medias,WARHEM,,59,,,,,,,,,,,,,,,,,,,,,,,,,,,,,,,,,,,,,,,,,,,,,,,753193556,75319355600036,73.12Z,,,,,,,,,,,sirene,
SEDECA CARAIBE,,,a contacter,,,,,,,,,,,,marketing_com,Activites des agences de publicite,PETIT-BOURG,,971,,,,,,,,,,,,,,,,,,,,,,,,,,,,,,,,,,,,,,,,,,,,,,,340596584,34059658400060,73.11Z,,,,,,,,,,,sirene,
SEDICOM,,,a contacter,,,,,,,,,,,,marketing_com,Activites des agences de publicite,MONTPELLIER,,34,,,,,,,,,,,,,,,,,,,,,,,,,,,,,,,,,,,,,,,,,,,,,,,345017545,34501754500053,73.11Z,,,,,,,,,,,sirene,
SEEQLE,,,a contacter,,,,,,,,,,,,marketing_com,Regie publicitaire de medias,NANCY,,54,,,,,,,,,,,,,,,,,,,,,,,,,,,,,,,,,,,,,,,,,,,,,,,809063142,80906314200032,73.12Z,,,,,,,,,,,sirene,
SEITOSEI,,,a contacter,,,,,,,,,,,,marketing_com,Conseil en relations publiques et communication,PARIS,,75,,,,,,,,,,,,,,,,,,,,,,,,,,,,,,,,,,,,,,,,,,,,,,,478453038,47845303800083,70.21Z,,,,,,,,,,,sirene,
SELECT CONSEIL,,,a contacter,,,,,,,,,,,,marketing_com,Activites des agences de publicite,MALZEVILLE,,54,,,,,,,,,,,,,,,,,,,,,,,,,,,,,,,,,,,,,,,,,,,,,,,433872603,43387260300041,73.11Z,,,,,,,,,,,sirene,
SELEXIUM MEDIA,,,a contacter,,,,,,,,,,,,marketing_com,Activites des agences de publicite,PARIS,,75,,,,,,,,,,,,,,,,,,,,,,,,,,,,,,,,,,,,,,,,,,,,,,,799521877,79952187700040,73.11Z,,,,,,,,,,,sirene,
SELF MEDIA,,,a contacter,,,,,,,,,,,,marketing_com,Activites des agences de publicite,VINCENNES,,94,,,,,,,,,,,,,,,,,,,,,,,,,,,,,,,,,,,,,,,,,,,,,,,417724549,41772454900056,73.11Z,,,,,,,,,,,sirene,
SELL,,,a contacter,,,,,,,,,,,,marketing_com,Activites des agences de publicite,CROISSY-SUR-SEINE,,78,,,,,,,,,,,,,,,,,,,,,,,,,,,,,,,,,,,,,,,,,,,,,,,487476715,48747671500031,73.11Z,,,,,,,,,,,sirene,
SELLTIM,,,a contacter,,,,,,,,,,,,marketing_com,Activites des agences de publicite,LANESTER,,56,,,,,,,,,,,,,,,,,,,,,,,,,,,,,,,,,,,,,,,,,,,,,,,808664320,80866432000013,73.11Z,,,,,,,,,,,sirene,
SEM ISSY MEDIA,,,a contacter,,,,,,,,,,,,marketing_com,Activites des agences de publicite,ISSY-LES-MOULINEAUX,,92,,,,,,,,,,,,,,,,,,,,,,,,,,,,,,,,,,,,,,,,,,,,,,,353453814,35345381400017,73.11Z,,,,,,,,,,,sirene,
SEM RENOV,,,a contacter,,,,,,,,,,,,marketing_com,Conseil en relations publiques et communication,LES BELLEVILLE,,73,,,,,,,,,,,,,,,,,,,,,,,,,,,,,,,,,,,,,,,,,,,,,,,417712304,41771230400027,70.21Z,,,,,,,,,,,sirene,
SEMANTICEXPERTS,,,a contacter,,,,,,,,,,,,marketing_com,Conseil en relations publiques et communication,VALBONNE,,06,,,,,,,,,,,,,,,,,,,,,,,,,,,,,,,,,,,,,,,,,,,,,,,809881360,80988136000030,70.21Z,,,,,,,,,,,sirene,
SENNSE,,,a contacter,,,,,,,,,,,,marketing_com,Conseil en relations publiques et communication,PARIS,,75,,,,,,,,,,,,,,,,,,,,,,,,,,,,,,,,,,,,,,,,,,,,,,,419852413,41985241300055,70.21Z,,,,,,,,,,,sirene,
SENSE,,,a contacter,,,,,,,,,,,,marketing_com,Activites des agences de publicite,CLICHY,,92,,,,,,,,,,,,,,,,,,,,,,,,,,,,,,,,,,,,,,,,,,,,,,,918449158,91844915800032,73.11Z,,,,,,,,,,,sirene,
SENSOA,,,a contacter,,,,,,,,,,,,marketing_com,Activites des agences de publicite,NANTES,,44,,,,,,,,,,,,,,,,,,,,,,,,,,,,,,,,,,,,,,,,,,,,,,,489220194,48922019400034,73.11Z,,,,,,,,,,,sirene,
SEO MONKEY,,,a contacter,,,,,,,,,,,,marketing_com,Conseil en relations publiques et communication,LILLE,,59,,,,,,,,,,,,,,,,,,,,,,,,,,,,,,,,,,,,,,,,,,,,,,,890259153,89025915300017,70.21Z,,,,,,,,,,,sirene,
SEPPA,,,a contacter,,,,,,,,,,,,marketing_com,Conseil en relations publiques et communication,FLOIRAC,,33,,,,,,,,,,,,,,,,,,,,,,,,,,,,,,,,,,,,,,,,,,,,,,,434804720,43480472000036,70.21Z,,,,,,,,,,,sirene,
SEPPA SEEDS,,,a contacter,,,,,,,,,,,,marketing_com,Activites des agences de publicite,FLOIRAC,,33,,,,,,,,,,,,,,,,,,,,,,,,,,,,,,,,,,,,,,,,,,,,,,,982429425,98242942500019,73.11Z,,,,,,,,,,,sirene,
SEPT LIEUX,,,a contacter,,,,,,,,,,,,marketing_com,Conseil en relations publiques et communication,AIX-EN-PROVENCE,,13,,,,,,,,,,,,,,,,,,,,,,,,,,,,,,,,,,,,,,,,,,,,,,,382038933,38203893300042,70.21Z,,,,,,,,,,,sirene,
SEPT LIEUX MARKETING,,,a contacter,,,,,,,,,,,,marketing_com,Conseil en relations publiques et communication,AIX-EN-PROVENCE,,13,,,,,,,,,,,,,,,,,,,,,,,,,,,,,,,,,,,,,,,,,,,,,,,508514056,50851405600037,70.21Z,,,,,,,,,,,sirene,
SEPT PUBLICITE,,,a contacter,,,,,,,,,,,,marketing_com,Regie publicitaire de medias,MAMERS,,72,,,,,,,,,,,,,,,,,,,,,,,,,,,,,,,,,,,,,,,,,,,,,,,500501200,50050120000025,73.12Z,,,,,,,,,,,sirene,
SEPTIME,,,a contacter,,,,,,,,,,,,marketing_com,Regie publicitaire de medias,RODEZ,,12,,,,,,,,,,,,,,,,,,,,,,,,,,,,,,,,,,,,,,,,,,,,,,,428943237,42894323700035,73.12Z,,,,,,,,,,,sirene,
SEQUEL FRANCE,,,a contacter,,,,,,,,,,,,marketing_com,Activites des agences de publicite,PARIS,,75,,,,,,,,,,,,,,,,,,,,,,,,,,,,,,,,,,,,,,,,,,,,,,,531316818,53131681800024,73.11Z,,,,,,,,,,,sirene,
SERGENT PAPERS,,,a contacter,,,,,,,,,,,,marketing_com,Regie publicitaire de medias,TOULOUSE,,31,,,,,,,,,,,,,,,,,,,,,,,,,,,,,,,,,,,,,,,,,,,,,,,492713169,49271316900091,73.12Z,,,,,,,,,,,sirene,
SERI7 CONCEPT,,,a contacter,,,,,,,,,,,,marketing_com,Activites des agences de publicite,ALISSAS,,07,,,,,,,,,,,,,,,,,,,,,,,,,,,,,,,,,,,,,,,,,,,,,,,508799616,50879961600026,73.11Z,,,,,,,,,,,sirene,
SERIAL CREATIVE,,,a contacter,,,,,,,,,,,,marketing_com,Activites des agences de publicite,PARIS,,75,,,,,,,,,,,,,,,,,,,,,,,,,,,,,,,,,,,,,,,,,,,,,,,487843286,48784328600047,73.11Z,,,,,,,,,,,sirene,
SERIOUS TEAM 360,,,a contacter,,,,,,,,,,,,marketing_com,Conseil en relations publiques et communication,GUYANCOURT,,78,,,,,,,,,,,,,,,,,,,,,,,,,,,,,,,,,,,,,,,,,,,,,,,809984784,80998478400029,70.21Z,,,,,,,,,,,sirene,
SERIPUB,,,a contacter,,,,,,,,,,,,marketing_com,Activites des agences de publicite,ETRECHY,,91,,,,,,,,,,,,,,,,,,,,,,,,,,,,,,,,,,,,,,,,,,,,,,,790312318,79031231800039,73.11Z,,,,,,,,,,,sirene,
SERITAIR,,,a contacter,,,,,,,,,,,,marketing_com,Activites des agences de publicite,MULHOUSE,,68,,,,,,,,,,,,,,,,,,,,,,,,,,,,,,,,,,,,,,,,,,,,,,,409112448,40911244800041,73.11Z,,,,,,,,,,,sirene,
SERUSIER SIGNALETIQUE,,,a contacter,,,,,,,,,,,,marketing_com,Activites des agences de publicite,SAINTE-CATHERINE,,62,,,,,,,,,,,,,,,,,,,,,,,,,,,,,,,,,,,,,,,,,,,,,,,310603022,31060302200016,73.11Z,,,,,,,,,,,sirene,
SERVIAN PUB,,,a contacter,,,,,,,,,,,,marketing_com,Activites des agences de publicite,SERVIAN,,34,,,,,,,,,,,,,,,,,,,,,,,,,,,,,,,,,,,,,,,,,,,,,,,514534718,51453471800010,73.11Z,,,,,,,,,,,sirene,
SERVICEPLAN PARIS,,,a contacter,,,,,,,,,,,,marketing_com,Activites des agences de publicite,NEUILLY-SUR-SEINE,,92,,,,,,,,,,,,,,,,,,,,,,,,,,,,,,,,,,,,,,,,,,,,,,,379373897,37937389700063,73.11Z,,,,,,,,,,,sirene,
SERVICES-CONSEILS & PUBLICITE,,,a contacter,,,,,,,,,,,,marketing_com,Regie publicitaire de medias,LEVALLOIS-PERRET,,92,,,,,,,,,,,,,,,,,,,,,,,,,,,,,,,,,,,,,,,,,,,,,,,502050073,50205007300050,73.12Z,,,,,,,,,,,sirene,
SESIOM,,,a contacter,,,,,,,,,,,,marketing_com,Conseil en relations publiques et communication,CLERMONT-FERRAND,,63,,,,,,,,,,,,,,,,,,,,,,,,,,,,,,,,,,,,,,,,,,,,,,,914528005,91452800500020,70.21Z,,,,,,,,,,,sirene,
SETRA,,,a contacter,,,,,,,,,,,,marketing_com,Activites des agences de publicite,SAINT-JEAN-DE-MAURIENNE,,73,,,,,,,,,,,,,,,,,,,,,,,,,,,,,,,,,,,,,,,,,,,,,,,792564460,79256446000014,73.11Z,,,,,,,,,,,sirene,
SEVANOVA,,,a contacter,,,,,,,,,,,,marketing_com,Conseil en relations publiques et communication,LYON,,69,,,,,,,,,,,,,,,,,,,,,,,,,,,,,,,,,,,,,,,,,,,,,,,440687713,44068771300048,70.21Z,,,,,,,,,,,sirene,
SEVEN LAB,,,a contacter,,,,,,,,,,,,marketing_com,Activites des agences de publicite,POITIERS,,86,,,,,,,,,,,,,,,,,,,,,,,,,,,,,,,,,,,,,,,,,,,,,,,883835530,88383553000022,73.11Z,,,,,,,,,,,sirene,
SEVEN O,,,a contacter,,,,,,,,,,,,marketing_com,Activites des agences de publicite,BELLE-EGLISE,,60,,,,,,,,,,,,,,,,,,,,,,,,,,,,,,,,,,,,,,,,,,,,,,,495046948,49504694800032,73.11Z,,,,,,,,,,,sirene,
SG ORGANISATION,,,a contacter,,,,,,,,,,,,marketing_com,Conseil en relations publiques et communication,NANCY,,54,,,,,,,,,,,,,,,,,,,,,,,,,,,,,,,,,,,,,,,,,,,,,,,453663429,45366342900034,70.21Z,,,,,,,,,,,sirene,
SHADDOK,,,a contacter,,,,,,,,,,,,marketing_com,Activites des agences de publicite,SAINT-ANDRE-LEZ-LILLE,,59,,,,,,,,,,,,,,,,,,,,,,,,,,,,,,,,,,,,,,,,,,,,,,,520769399,52076939900038,73.11Z,,,,,,,,,,,sirene,
SHADOW COMMUNICATION,,,a contacter,,,,,,,,,,,,marketing_com,Conseil en relations publiques et communication,BOULOGNE-BILLANCOURT,,92,,,,,,,,,,,,,,,,,,,,,,,,,,,,,,,,,,,,,,,,,,,,,,,528624802,52862480200047,70.21Z,,,,,,,,,,,sirene,
SHAKA-GROUP,,,a contacter,,,,,,,,,,,,marketing_com,Activites des agences de publicite,BELLENEUVE,,21,,,,,,,,,,,,,,,,,,,,,,,,,,,,,,,,,,,,,,,,,,,,,,,825107345,82510734500019,73.11Z,,,,,,,,,,,sirene,
SHAKER CONCEPT,,,a contacter,,,,,,,,,,,,marketing_com,Conseil en relations publiques et communication,BAIE-MAHAULT,,971,,,,,,,,,,,,,,,,,,,,,,,,,,,,,,,,,,,,,,,,,,,,,,,847936432,84793643200016,70.21Z,,,,,,,,,,,sirene,
SHAMS CONSEILS,,,a contacter,,,,,,,,,,,,marketing_com,Conseil en relations publiques et communication,IVRY-SUR-SEINE,,94,,,,,,,,,,,,,,,,,,,,,,,,,,,,,,,,,,,,,,,,,,,,,,,452684020,45268402000053,70.21Z,,,,,,,,,,,sirene,
SHARITI,,,a contacter,,,,,,,,,,,,marketing_com,Conseil en relations publiques et communication,ENGHIEN-LES-BAINS,,95,,,,,,,,,,,,,,,,,,,,,,,,,,,,,,,,,,,,,,,,,,,,,,,978134542,97813454200015,70.21Z,,,,,,,,,,,sirene,
SHE DESIGNS BOOKS,,,a contacter,,,,,,,,,,,,marketing_com,Conseil en relations publiques et communication,CUGAND,,85,,,,,,,,,,,,,,,,,,,,,,,,,,,,,,,,,,,,,,,,,,,,,,,853000537,85300053700011,70.21Z,,,,,,,,,,,sirene,
SHEBAM !,,,a contacter,,,,,,,,,,,,marketing_com,Activites des agences de publicite,TADEN,,22,,,,,,,,,,,,,,,,,,,,,,,,,,,,,,,,,,,,,,,,,,,,,,,819851593,81985159300031,73.11Z,,,,,,,,,,,sirene,
SHESY M,,,a contacter,,,,,,,,,,,,marketing_com,Activites des agences de publicite,GROSLAY,,95,,,,,,,,,,,,,,,,,,,,,,,,,,,,,,,,,,,,,,,,,,,,,,,917542268,91754226800011,73.11Z,,,,,,,,,,,sirene,
SHIFT,,,a contacter,,,,,,,,,,,,marketing_com,Activites des agences de publicite,LA MADELEINE,,59,,,,,,,,,,,,,,,,,,,,,,,,,,,,,,,,,,,,,,,,,,,,,,,839503489,83950348900016,73.11Z,,,,,,,,,,,sirene,
SHIFTMENTOR,,,a contacter,,,,,,,,,,,,marketing_com,Conseil en relations publiques et communication,ASNIERES-SUR-SEINE,,92,,,,,,,,,,,,,,,,,,,,,,,,,,,,,,,,,,,,,,,,,,,,,,,884845421,88484542100012,70.21Z,,,,,,,,,,,sirene,
SHOP ME MORE,,,a contacter,,,,,,,,,,,,marketing_com,Activites des agences de publicite,NEUILLY-SUR-SEINE,,92,,,,,,,,,,,,,,,,,,,,,,,,,,,,,,,,,,,,,,,,,,,,,,,751325416,75132541600046,73.11Z,,,,,,,,,,,sirene,
SHOP MY INFLUENCE,,,a contacter,,,,,,,,,,,,marketing_com,Activites des agences de publicite,CLICHY,,92,,,,,,,,,,,,,,,,,,,,,,,,,,,,,,,,,,,,,,,,,,,,,,,898694781,89869478100045,73.11Z,,,,,,,,,,,sirene,
SHOPFULLY MARKETING,,,a contacter,,,,,,,,,,,,marketing_com,Activites des agences de publicite,,,,,,,,,,,,,,,,,,,,,,,,,,,,,,,,,,,,,,,,,,,,,,,,,,921965109,92196510900017,73.11Z,,,,,,,,,,,sirene,
SHUNPO,,,a contacter,,,,,,,,,,,,marketing_com,Conseil en relations publiques et communication,LYON,,69,,,,,,,,,,,,,,,,,,,,,,,,,,,,,,,,,,,,,,,,,,,,,,,920195336,92019533600028,70.21Z,,,,,,,,,,,sirene,
SIDIESE,,,a contacter,,,,,,,,,,,,marketing_com,Activites des agences de publicite,PARIS,,75,,,,,,,,,,,,,,,,,,,,,,,,,,,,,,,,,,,,,,,,,,,,,,,484482658,48448265800024,73.11Z,,,,,,,,,,,sirene,
SIFORM SERVICES,,,a contacter,,,,,,,,,,,,marketing_com,Activites des agences de publicite,PRIVAS,,07,,,,,,,,,,,,,,,,,,,,,,,,,,,,,,,,,,,,,,,,,,,,,,,831610175,83161017500042,73.11Z,,,,,,,,,,,sirene,
SIGN & VOLUME,,,a contacter,,,,,,,,,,,,marketing_com,Activites des agences de publicite,ISNEAUVILLE,,76,,,,,,,,,,,,,,,,,,,,,,,,,,,,,,,,,,,,,,,,,,,,,,,493876841,49387684100021,73.11Z,,,,,,,,,,,sirene,
SIGN PUB,,,a contacter,,,,,,,,,,,,marketing_com,Activites des agences de publicite,MARIGNANE,,13,,,,,,,,,,,,,,,,,,,,,,,,,,,,,,,,,,,,,,,,,,,,,,,404862724,40486272400014,73.11Z,,,,,,,,,,,sirene,
SIGN'A2,,,a contacter,,,,,,,,,,,,marketing_com,Activites des agences de publicite,LENS,,62,,,,,,,,,,,,,,,,,,,,,,,,,,,,,,,,,,,,,,,,,,,,,,,845300466,84530046600016,73.11Z,,,,,,,,,,,sirene,
SIGNAL INDUSTRIE,,,a contacter,,,,,,,,,,,,marketing_com,Activites des agences de publicite,GENAS,,69,,,,,,,,,,,,,,,,,,,,,,,,,,,,,,,,,,,,,,,,,,,,,,,389023029,38902302900025,73.11Z,,,,,,,,,,,sirene,
SIGNALETIK DIFFUSION,,,a contacter,,,,,,,,,,,,marketing_com,Activites des agences de publicite,BONNEUIL-SUR-MARNE,,94,,,,,,,,,,,,,,,,,,,,,,,,,,,,,,,,,,,,,,,,,,,,,,,401691563,40169156300068,73.11Z,,,,,,,,,,,sirene,
SIGNALI,,,a contacter,,,,,,,,,,,,marketing_com,Regie publicitaire de medias,MORLAIX,,29,,,,,,,,,,,,,,,,,,,,,,,,,,,,,,,,,,,,,,,,,,,,,,,353263254,35326325400040,73.12Z,,,,,,,,,,,sirene,
SIGNALISATION COMMERCIALE,,,a contacter,,,,,,,,,,,,marketing_com,Regie publicitaire de medias,VENELLES,,13,,,,,,,,,,,,,,,,,,,,,,,,,,,,,,,,,,,,,,,,,,,,,,,339610651,33961065100087,73.12Z,,,,,,,,,,,sirene,
SIGNAPUB,,,a contacter,,,,,,,,,,,,marketing_com,Activites des agences de publicite,CHANGE,,53,,,,,,,,,,,,,,,,,,,,,,,,,,,,,,,,,,,,,,,,,,,,,,,485101224,48510122400031,73.11Z,,,,,,,,,,,sirene,
SIGNATURE,,,a contacter,,,,,,,,,,,,marketing_com,Activites des agences de publicite,SAINT-BARTHELEMY-D'ANJOU,,49,,,,,,,,,,,,,,,,,,,,,,,,,,,,,,,,,,,,,,,,,,,,,,,347575722,34757572200033,73.11Z,,,,,,,,,,,sirene,
SIGNATURE COMMUNICATION,,,a contacter,,,,,,,,,,,,marketing_com,Conseil en relations publiques et communication,ANNECY,,74,,,,,,,,,,,,,,,,,,,,,,,,,,,,,,,,,,,,,,,,,,,,,,,789290517,78929051700034,70.21Z,,,,,,,,,,,sirene,
SIGNETIS,,,a contacter,,,,,,,,,,,,marketing_com,Activites des agences de publicite,CHAMBRAY-LES-TOURS,,37,,,,,,,,,,,,,,,,,,,,,,,,,,,,,,,,,,,,,,,,,,,,,,,438097222,43809722200055,73.11Z,,,,,,,,,,,sirene,
SIGNS,,,a contacter,,,,,,,,,,,,marketing_com,Conseil en relations publiques et communication,IVRY-SUR-SEINE,,94,,,,,,,,,,,,,,,,,,,,,,,,,,,,,,,,,,,,,,,,,,,,,,,851521468,85152146800021,70.21Z,,,,,,,,,,,sirene,
SIMODIS-BANQUE D'AFFICHES,,,a contacter,,,,,,,,,,,,marketing_com,Activites des agences de publicite,CHEVILLY-LARUE,,94,,,,,,,,,,,,,,,,,,,,,,,,,,,,,,,,,,,,,,,,,,,,,,,319773404,31977340400037,73.11Z,,,,,,,,,,,sirene,
SIMPLY WEB,,,a contacter,,,,,,,,,,,,marketing_com,Conseil en relations publiques et communication,SAINT-JEAN-D'ILLAC,,33,,,,,,,,,,,,,,,,,,,,,,,,,,,,,,,,,,,,,,,,,,,,,,,801007014,80100701400021,70.21Z,,,,,,,,,,,sirene,
SINGULIERS PLURIEL - AGENCE DES COMMUNICATIONS,,,a contacter,,,,,,,,,,,,marketing_com,Activites des agences de publicite,ROUEN,,76,,,,,,,,,,,,,,,,,,,,,,,,,,,,,,,,,,,,,,,,,,,,,,,908557200,90855720000023,73.11Z,,,,,,,,,,,sirene,
SIOUXE,,,a contacter,,,,,,,,,,,,marketing_com,Activites des agences de publicite,PARIS,,75,,,,,,,,,,,,,,,,,,,,,,,,,,,,,,,,,,,,,,,,,,,,,,,398254201,39825420100062,73.11Z,,,,,,,,,,,sirene,
SIR WINSTON,,,a contacter,,,,,,,,,,,,marketing_com,Activites des agences de publicite,PARIS,,75,,,,,,,,,,,,,,,,,,,,,,,,,,,,,,,,,,,,,,,,,,,,,,,818369746,81836974600057,73.11Z,,,,,,,,,,,sirene,
SIRIUS MARKETING COMMUNICATIONS,,,a contacter,,,,,,,,,,,,marketing_com,Activites des agences de publicite,MONTPELLIER,,34,,,,,,,,,,,,,,,,,,,,,,,,,,,,,,,,,,,,,,,,,,,,,,,841339872,84133987200027,73.11Z,,,,,,,,,,,sirene,
SIROCCO,,,a contacter,,,,,,,,,,,,marketing_com,Activites des agences de publicite,ECULLY,,69,,,,,,,,,,,,,,,,,,,,,,,,,,,,,,,,,,,,,,,,,,,,,,,808409734,80840973400056,73.11Z,,,,,,,,,,,sirene,
SISMO,,,a contacter,,,,,,,,,,,,marketing_com,Activites des agences de publicite,PARIS,,75,,,,,,,,,,,,,,,,,,,,,,,,,,,,,,,,,,,,,,,,,,,,,,,412885402,41288540200039,73.11Z,,,,,,,,,,,sirene,
SITEM,,,a contacter,,,,,,,,,,,,marketing_com,Conseil en relations publiques et communication,CLICHY-SOUS-BOIS,,93,,,,,,,,,,,,,,,,,,,,,,,,,,,,,,,,,,,,,,,,,,,,,,,910510700,91051070000016,70.21Z,,,,,,,,,,,sirene,
SIX,,,a contacter,,,,,,,,,,,,marketing_com,Activites des agences de publicite,AMIENS,,80,,,,,,,,,,,,,,,,,,,,,,,,,,,,,,,,,,,,,,,,,,,,,,,417592292,41759229200037,73.11Z,,,,,,,,,,,sirene,
SIX FEET OVER,,,a contacter,,,,,,,,,,,,marketing_com,Activites des agences de publicite,ORCHIES,,59,,,,,,,,,,,,,,,,,,,,,,,,,,,,,,,,,,,,,,,,,,,,,,,539937318,53993731800027,73.11Z,,,,,,,,,,,sirene,
SJM,,,a contacter,,,,,,,,,,,,marketing_com,Activites des agences de publicite,CAISSARGUES,,30,,,,,,,,,,,,,,,,,,,,,,,,,,,,,,,,,,,,,,,,,,,,,,,398239053,39823905300075,73.11Z,,,,,,,,,,,sirene,
SKAZE,,,a contacter,,,,,,,,,,,,marketing_com,Regie publicitaire de medias,PARIS,,75,,,,,,,,,,,,,,,,,,,,,,,,,,,,,,,,,,,,,,,,,,,,,,,821735412,82173541200024,73.12Z,,,,,,,,,,,sirene,
SKERZO MARKETING ET COMMUNICATION,,,a contacter,,,,,,,,,,,,marketing_com,Activites des agences de publicite,STRASBOURG,,67,,,,,,,,,,,,,,,,,,,,,,,,,,,,,,,,,,,,,,,,,,,,,,,403110257,40311025700033,73.11Z,,,,,,,,,,,sirene,
SKGD CREATION,,,a contacter,,,,,,,,,,,,marketing_com,Activites des agences de publicite,MONTMAGNY,,95,,,,,,,,,,,,,,,,,,,,,,,,,,,,,,,,,,,,,,,,,,,,,,,809110125,80911012500014,73.11Z,,,,,,,,,,,sirene,
SLEIPNER BUSINESS SOLUTIONS,,,a contacter,,,,,,,,,,,,marketing_com,Conseil en relations publiques et communication,SAINT-BARTHELEMY-DE-VALS,,26,,,,,,,,,,,,,,,,,,,,,,,,,,,,,,,,,,,,,,,,,,,,,,,789740115,78974011500017,70.21Z,,,,,,,,,,,sirene,
SLIDEUP,,,a contacter,,,,,,,,,,,,marketing_com,Conseil en relations publiques et communication,PESSAC,,33,,,,,,,,,,,,,,,,,,,,,,,,,,,,,,,,,,,,,,,,,,,,,,,883463911,88346391100023,70.21Z,,,,,,,,,,,sirene,
SLOOP COMMUNICATION,,,a contacter,,,,,,,,,,,,marketing_com,Conseil en relations publiques et communication,NANTES,,44,,,,,,,,,,,,,,,,,,,,,,,,,,,,,,,,,,,,,,,,,,,,,,,444031181,44403118100050,70.21Z,,,,,,,,,,,sirene,
SLP SIGNALETIQUE LOGISTIQUE PERFORMANCE,,,a contacter,,,,,,,,,,,,marketing_com,Activites des agences de publicite,ANDREZIEUX-BOUTHEON,,42,,,,,,,,,,,,,,,,,,,,,,,,,,,,,,,,,,,,,,,,,,,,,,,384792305,38479230500052,73.11Z,,,,,,,,,,,sirene,
SMAK,,,a contacter,,,,,,,,,,,,marketing_com,Conseil en relations publiques et communication,NANTES,,44,,,,,,,,,,,,,,,,,,,,,,,,,,,,,,,,,,,,,,,,,,,,,,,803014018,80301401800029,70.21Z,,,,,,,,,,,sirene,
SMALL PLANET,,,a contacter,,,,,,,,,,,,marketing_com,Conseil en relations publiques et communication,PARIS,,75,,,,,,,,,,,,,,,,,,,,,,,,,,,,,,,,,,,,,,,,,,,,,,,513962563,51396256300021,70.21Z,,,,,,,,,,,sirene,
SMALL STORIES,,,a contacter,,,,,,,,,,,,marketing_com,Conseil en relations publiques et communication,LIMONEST,,69,,,,,,,,,,,,,,,,,,,,,,,,,,,,,,,,,,,,,,,,,,,,,,,808028005,80802800500011,70.21Z,,,,,,,,,,,sirene,
SMART CLIC FRANCE,,,a contacter,,,,,,,,,,,,marketing_com,Conseil en relations publiques et communication,CAGNES-SUR-MER,,06,,,,,,,,,,,,,,,,,,,,,,,,,,,,,,,,,,,,,,,,,,,,,,,530412006,53041200600039,70.21Z,,,,,,,,,,,sirene,
SMART SHOPPER,,,a contacter,,,,,,,,,,,,marketing_com,Activites des agences de publicite,SAINT-PAUL,,974,,,,,,,,,,,,,,,,,,,,,,,,,,,,,,,,,,,,,,,,,,,,,,,513435313,51343531300087,73.11Z,,,,,,,,,,,sirene,
SMARTECH PLV,,,a contacter,,,,,,,,,,,,marketing_com,Activites des agences de publicite,LOGNES,,77,,,,,,,,,,,,,,,,,,,,,,,,,,,,,,,,,,,,,,,,,,,,,,,453759664,45375966400114,73.11Z,,,,,,,,,,,sirene,
SMARTMEDIA,,,a contacter,,,,,,,,,,,,marketing_com,Regie publicitaire de medias,NEUILLY-SUR-SEINE,,92,,,,,,,,,,,,,,,,,,,,,,,,,,,,,,,,,,,,,,,,,,,,,,,804206126,80420612600026,73.12Z,,,,,,,,,,,sirene,
SMB COMMUNICATION,,,a contacter,,,,,,,,,,,,marketing_com,Conseil en relations publiques et communication,TEMPLEMARS,,59,,,,,,,,,,,,,,,,,,,,,,,,,,,,,,,,,,,,,,,,,,,,,,,877920876,87792087600027,70.21Z,,,,,,,,,,,sirene,
SMILE CONSEIL,,,a contacter,,,,,,,,,,,,marketing_com,Conseil en relations publiques et communication,LEVALLOIS-PERRET,,92,,,,,,,,,,,,,,,,,,,,,,,,,,,,,,,,,,,,,,,,,,,,,,,827897943,82789794300037,70.21Z,,,,,,,,,,,sirene,
SMITH  CORPORATE,,,a contacter,,,,,,,,,,,,marketing_com,Activites des agences de publicite,VILLEBON-SUR-YVETTE,,91,,,,,,,,,,,,,,,,,,,,,,,,,,,,,,,,,,,,,,,,,,,,,,,392030326,39203032600046,73.11Z,,,,,,,,,,,sirene,
SNACK,,,a contacter,,,,,,,,,,,,marketing_com,Conseil en relations publiques et communication,BORDEAUX,,33,,,,,,,,,,,,,,,,,,,,,,,,,,,,,,,,,,,,,,,,,,,,,,,832544258,83254425800052,70.21Z,,,,,,,,,,,sirene,
SNAPS,,,a contacter,,,,,,,,,,,,marketing_com,Activites des agences de publicite,CHAMPIGNY-SUR-MARNE,,94,,,,,,,,,,,,,,,,,,,,,,,,,,,,,,,,,,,,,,,,,,,,,,,308528900,30852890000050,73.11Z,,,,,,,,,,,sirene,
SNOW GLOBE,,,a contacter,,,,,,,,,,,,marketing_com,Activites des agences de publicite,TOULON,,83,,,,,,,,,,,,,,,,,,,,,,,,,,,,,,,,,,,,,,,,,,,,,,,491618294,49161829400038,73.11Z,,,,,,,,,,,sirene,
SO AGENCY,,,a contacter,,,,,,,,,,,,marketing_com,Conseil en relations publiques et communication,PARIS,,75,,,,,,,,,,,,,,,,,,,,,,,,,,,,,,,,,,,,,,,,,,,,,,,491695615,49169561500048,70.21Z,,,,,,,,,,,sirene,
SO HAPPY WEB,,,a contacter,,,,,,,,,,,,marketing_com,Conseil en relations publiques et communication,TOULOUSE,,31,,,,,,,,,,,,,,,,,,,,,,,,,,,,,,,,,,,,,,,,,,,,,,,803133008,80313300800026,70.21Z,,,,,,,,,,,sirene,
SO',,,a contacter,,,,,,,,,,,,marketing_com,Activites des agences de publicite,BREAL-SOUS-MONTFORT,,35,,,,,,,,,,,,,,,,,,,,,,,,,,,,,,,,,,,,,,,,,,,,,,,799457247,79945724700036,73.11Z,,,,,,,,,,,sirene,
SO'COMM,,,a contacter,,,,,,,,,,,,marketing_com,Activites des agences de publicite,HEROUVILLE SAINT CLAIR,,14,,,,,,,,,,,,,,,,,,,,,,,,,,,,,,,,,,,,,,,,,,,,,,,511668949,51166894900031,73.11Z,,,,,,,,,,,sirene,
SO'HELLO,,,a contacter,,,,,,,,,,,,marketing_com,Conseil en relations publiques et communication,PARNE-SUR-ROC,,53,,,,,,,,,,,,,,,,,,,,,,,,,,,,,,,,,,,,,,,,,,,,,,,897815254,89781525400015,70.21Z,,,,,,,,,,,sirene,
SO.COM.5,,,a contacter,,,,,,,,,,,,marketing_com,Conseil en relations publiques et communication,SAINT-CHAMOND,,42,,,,,,,,,,,,,,,,,,,,,,,,,,,,,,,,,,,,,,,,,,,,,,,533619854,53361985400052,70.21Z,,,,,,,,,,,sirene,
SO.P.P.A.AGRI SERVICE 46,,,a contacter,,,,,,,,,,,,marketing_com,Regie publicitaire de medias,CAHORS,,46,,,,,,,,,,,,,,,,,,,,,,,,,,,,,,,,,,,,,,,,,,,,,,,320687239,32068723900022,73.12Z,,,,,,,,,,,sirene,
SOC AFFICHAGE MARTINIQUAIS,,,a contacter,,,,,,,,,,,,marketing_com,Activites des agences de publicite,DUCOS,,972,,,,,,,,,,,,,,,,,,,,,,,,,,,,,,,,,,,,,,,,,,,,,,,327820932,32782093200041,73.11Z,,,,,,,,,,,sirene,
SOC EDIT TOURISME THERM SETT COMMUNIC,,,a contacter,,,,,,,,,,,,marketing_com,Activites des agences de publicite,ROYAT,,63,,,,,,,,,,,,,,,,,,,,,,,,,,,,,,,,,,,,,,,,,,,,,,,480208677,48020867700017,73.11Z,,,,,,,,,,,sirene,
SOC EDITI MEUSIENNE PRESSE AGRICOLE,,,a contacter,,,,,,,,,,,,marketing_com,Activites des agences de publicite,BRAS-SUR-MEUSE,,55,,,,,,,,,,,,,,,,,,,,,,,,,,,,,,,,,,,,,,,,,,,,,,,847180080,84718008000024,73.11Z,,,,,,,,,,,sirene,
SOC EFIL,,,a contacter,,,,,,,,,,,,marketing_com,Activites des agences de publicite,TOURS,,37,,,,,,,,,,,,,,,,,,,,,,,,,,,,,,,,,,,,,,,,,,,,,,,322927005,32292700500031,73.11Z,,,,,,,,,,,sirene,
SOC ELISION,,,a contacter,,,,,,,,,,,,marketing_com,Activites des agences de publicite,VALLAURIS,,06,,,,,,,,,,,,,,,,,,,,,,,,,,,,,,,,,,,,,,,,,,,,,,,384091906,38409190600048,73.11Z,,,,,,,,,,,sirene,
SOC GERANCE EXPL ETAB JAC,,,a contacter,,,,,,,,,,,,marketing_com,Activites des agences de publicite,CHILLY-MAZARIN,,91,,,,,,,,,,,,,,,,,,,,,,,,,,,,,,,,,,,,,,,,,,,,,,,302304878,30230487800044,73.11Z,,,,,,,,,,,sirene,
SOC INTER PUBLI,,,a contacter,,,,,,,,,,,,marketing_com,Regie publicitaire de medias,HOUILLES,,78,,,,,,,,,,,,,,,,,,,,,,,,,,,,,,,,,,,,,,,,,,,,,,,602043895,60204389500047,73.12Z,,,,,,,,,,,sirene,
SOC NOUV PETITES AFFICHES A M,,,a contacter,,,,,,,,,,,,marketing_com,Regie publicitaire de medias,NICE,,06,,,,,,,,,,,,,,,,,,,,,,,,,,,,,,,,,,,,,,,,,,,,,,,957808306,95780830600022,73.12Z,,,,,,,,,,,sirene,
SOCIACOM,,,a contacter,,,,,,,,,,,,marketing_com,Conseil en relations publiques et communication,BOIS-COLOMBES,,92,,,,,,,,,,,,,,,,,,,,,,,,,,,,,,,,,,,,,,,,,,,,,,,803183458,80318345800014,70.21Z,,,,,,,,,,,sirene,
SOCIAL CUT AGENCY,,,a contacter,,,,,,,,,,,,marketing_com,Activites des agences de publicite,PARIS,,75,,,,,,,,,,,,,,,,,,,,,,,,,,,,,,,,,,,,,,,,,,,,,,,883642167,88364216700042,73.11Z,,,,,,,,,,,sirene,
SOCIAL KILLERS,,,a contacter,,,,,,,,,,,,marketing_com,Conseil en relations publiques et communication,PARIS,,75,,,,,,,,,,,,,,,,,,,,,,,,,,,,,,,,,,,,,,,,,,,,,,,890858111,89085811100010,70.21Z,,,,,,,,,,,sirene,
SOCIETE AFFICHAGE GUADELOUPEEN,,,a contacter,,,,,,,,,,,,marketing_com,Regie publicitaire de medias,PETIT-BOURG,,971,,,,,,,,,,,,,,,,,,,,,,,,,,,,,,,,,,,,,,,,,,,,,,,332483817,33248381700091,73.12Z,,,,,,,,,,,sirene,
SOCIETE ALBUM,,,a contacter,,,,,,,,,,,,marketing_com,Activites des agences de publicite,MACON,,71,,,,,,,,,,,,,,,,,,,,,,,,,,,,,,,,,,,,,,,,,,,,,,,350444550,35044455000056,73.11Z,,,,,,,,,,,sirene,
SOCIETE ALPHA CONTACT,,,a contacter,,,,,,,,,,,,marketing_com,Activites des agences de publicite,VERSAILLES,,78,,,,,,,,,,,,,,,,,,,,,,,,,,,,,,,,,,,,,,,,,,,,,,,312148109,31214810900043,73.11Z,,,,,,,,,,,sirene,
SOCIETE D ORGANISATION ET DE NORMALISATION DES INDUSTRIES DU SPECTACLE,,,a contacter,,,,,,,,,,,,marketing_com,Activites des agences de publicite,LES ULIS,,91,,,,,,,,,,,,,,,,,,,,,,,,,,,,,,,,,,,,,,,,,,,,,,,302607502,30260750200143,73.11Z,,,,,,,,,,,sirene,
SOCIETE D'ACTIVITE TOURISTIQUE,,,a contacter,,,,,,,,,,,,marketing_com,Conseil en relations publiques et communication,CONTREXEVILLE,,88,,,,,,,,,,,,,,,,,,,,,,,,,,,,,,,,,,,,,,,,,,,,,,,440002145,44000214500025,70.21Z,,,,,,,,,,,sirene,
SOCIETE D'EDITIONS RURALES ET AGRICOLES DE LORRAINE,,,a contacter,,,,,,,,,,,,marketing_com,Activites des agences de publicite,LAXOU,,54,,,,,,,,,,,,,,,,,,,,,,,,,,,,,,,,,,,,,,,,,,,,,,,332263821,33226382100016,73.11Z,,,,,,,,,,,sirene,
SOCIETE DE COMMERCIALISATION D'ANIMATION ET DE MARCHANDISING,,,a contacter,,,,,,,,,,,,marketing_com,Activites des agences de publicite,SAINT-DENIS,,974,,,,,,,,,,,,,,,,,,,,,,,,,,,,,,,,,,,,,,,,,,,,,,,422424846,42242484600018,73.11Z,,,,,,,,,,,sirene,
SOCIETE DE COMMUNICATION TERRESTRE,,,a contacter,,,,,,,,,,,,marketing_com,Activites des agences de publicite,LYON,,69,,,,,,,,,,,,,,,,,,,,,,,,,,,,,,,,,,,,,,,,,,,,,,,433999257,43399925700036,73.11Z,,,,,,,,,,,sirene,
SOCIETE DE CONSEIL EN COMMUNICATION ET CONCERTATION,,,a contacter,,,,,,,,,,,,marketing_com,Conseil en relations publiques et communication,SAINT-CAPRAIS-DE-BORDEAUX,,33,,,,,,,,,,,,,,,,,,,,,,,,,,,,,,,,,,,,,,,,,,,,,,,493307888,49330788800013,70.21Z,,,,,,,,,,,sirene,
SOCIETE DE FRANCHISE POUR L INFORMATION PHARMACEUTIQUE,,,a contacter,,,,,,,,,,,,marketing_com,Activites des agences de publicite,NEUILLY-SUR-SEINE,,92,,,,,,,,,,,,,,,,,,,,,,,,,,,,,,,,,,,,,,,,,,,,,,,325031854,32503185400129,73.11Z,,,,,,,,,,,sirene,
SOCIETE DE PUBLICITE CASTELPONTINE ET ENSEIGNES,,,a contacter,,,,,,,,,,,,marketing_com,Activites des agences de publicite,PONT-DU-CHATEAU,,63,,,,,,,,,,,,,,,,,,,,,,,,,,,,,,,,,,,,,,,,,,,,,,,889213088,88921308800038,73.11Z,,,,,,,,,,,sirene,
SOCIETE DES AVIS GARANTIS,,,a contacter,,,,,,,,,,,,marketing_com,Activites des agences de publicite,PARIS,,75,,,,,,,,,,,,,,,,,,,,,,,,,,,,,,,,,,,,,,,,,,,,,,,832987630,83298763000023,73.11Z,,,,,,,,,,,sirene,
SOCIETE DUWOOD INTERNATIONALE,,,a contacter,,,,,,,,,,,,marketing_com,Activites des agences de publicite,PARIS,,75,,,,,,,,,,,,,,,,,,,,,,,,,,,,,,,,,,,,,,,,,,,,,,,327894044,32789404400061,73.11Z,,,,,,,,,,,sirene,
SOCIETE EDITIONS MANIFESTATIONS ECONOMIQ,,,a contacter,,,,,,,,,,,,marketing_com,Activites des agences de publicite,PARIS,,75,,,,,,,,,,,,,,,,,,,,,,,,,,,,,,,,,,,,,,,,,,,,,,,612032912,61203291200026,73.11Z,,,,,,,,,,,sirene,
SOCIETE EUROPEENNE DE PUBLICITE,,,a contacter,,,,,,,,,,,,marketing_com,Regie publicitaire de medias,PARIS,,75,,,,,,,,,,,,,,,,,,,,,,,,,,,,,,,,,,,,,,,,,,,,,,,692047806,69204780600108,73.12Z,,,,,,,,,,,sirene,
SOCIETE EUROPENNE DE REGIES,,,a contacter,,,,,,,,,,,,marketing_com,Regie publicitaire de medias,NEUILLY-SUR-SEINE,,92,,,,,,,,,,,,,,,,,,,,,,,,,,,,,,,,,,,,,,,,,,,,,,,414008003,41400800300066,73.12Z,,,,,,,,,,,sirene,
SOCIETE FRANCAISE D'INFORMATION ET DE PROMOTION,,,a contacter,,,,,,,,,,,,marketing_com,Regie publicitaire de medias,LA CHAPELLE-SAINT-MESMIN,,45,,,,,,,,,,,,,,,,,,,,,,,,,,,,,,,,,,,,,,,,,,,,,,,324165349,32416534900022,73.12Z,,,,,,,,,,,sirene,
SOCIETE GENERALE DE COMMUNICATION,,,a contacter,,,,,,,,,,,,marketing_com,Activites des agences de publicite,LA HAIE-FOUASSIERE,,44,,,,,,,,,,,,,,,,,,,,,,,,,,,,,,,,,,,,,,,,,,,,,,,422603787,42260378700041,73.11Z,,,,,,,,,,,sirene,
SOCIETE INDUSTRIELLE DE REALISATION ET D'IMPRESSION SERIGRAPHIQUE,,,a contacter,,,,,,,,,,,,marketing_com,Activites des agences de publicite,LE HAVRE,,76,,,,,,,,,,,,,,,,,,,,,,,,,,,,,,,,,,,,,,,,,,,,,,,389216177,38921617700052,73.11Z,,,,,,,,,,,sirene,
SOCIETE INFORMATION ET PUBLICITE,,,a contacter,,,,,,,,,,,,marketing_com,Activites des agences de publicite,TOULOUSE,,31,,,,,,,,,,,,,,,,,,,,,,,,,,,,,,,,,,,,,,,,,,,,,,,350566675,35056667500053,73.11Z,,,,,,,,,,,sirene,
SOCIETE L'OEIL PUBLICITE,,,a contacter,,,,,,,,,,,,marketing_com,Regie publicitaire de medias,MARCOUSSIS,,91,,,,,,,,,,,,,,,,,,,,,,,,,,,,,,,,,,,,,,,,,,,,,,,400153920,40015392000030,73.12Z,,,,,,,,,,,sirene,
SOCIETE LD,,,a contacter,,,,,,,,,,,,marketing_com,Activites des agences de publicite,PARIS,,75,,,,,,,,,,,,,,,,,,,,,,,,,,,,,,,,,,,,,,,,,,,,,,,622027506,62202750600014,73.11Z,,,,,,,,,,,sirene,
SOCIETE LOVERIENNE DE PUBLICITE,,,a contacter,,,,,,,,,,,,marketing_com,Activites des agences de publicite,CHEVILLY-LARUE,,94,,,,,,,,,,,,,,,,,,,,,,,,,,,,,,,,,,,,,,,,,,,,,,,387624554,38762455400029,73.11Z,,,,,,,,,,,sirene,
SOCIETE MERCHANDISING DU SUD,,,a contacter,,,,,,,,,,,,marketing_com,Activites des agences de publicite,LE TAMPON,,974,,,,,,,,,,,,,,,,,,,,,,,,,,,,,,,,,,,,,,,,,,,,,,,837716422,83771642200014,73.11Z,,,,,,,,,,,sirene,
SOCIETE METROPOLITAINE DE PUBLICITE ET D AFFICHAGE,,,a contacter,,,,,,,,,,,,marketing_com,Regie publicitaire de medias,BOULOGNE-BILLANCOURT,,92,,,,,,,,,,,,,,,,,,,,,,,,,,,,,,,,,,,,,,,,,,,,,,,312665581,31266558100137,73.12Z,,,,,,,,,,,sirene,
SOCIETE MODERNE DE GRAVURE,,,a contacter,,,,,,,,,,,,marketing_com,Activites des agences de publicite,MARSEILLE,,13,,,,,,,,,,,,,,,,,,,,,,,,,,,,,,,,,,,,,,,,,,,,,,,310792593,31079259300025,73.11Z,,,,,,,,,,,sirene,
SOCIETE NATIONALE PUBLICITE COMMUNICATION,,,a contacter,,,,,,,,,,,,marketing_com,Regie publicitaire de medias,MARSEILLE,,13,,,,,,,,,,,,,,,,,,,,,,,,,,,,,,,,,,,,,,,,,,,,,,,332493899,33249389900030,73.12Z,,,,,,,,,,,sirene,
SOCIETE NOUVELLE ABRACADABRA,,,a contacter,,,,,,,,,,,,marketing_com,Activites des agences de publicite,SARTROUVILLE,,78,,,,,,,,,,,,,,,,,,,,,,,,,,,,,,,,,,,,,,,,,,,,,,,890979693,89097969300011,73.11Z,,,,,,,,,,,sirene,
SOCIETE NOUVELLE OTRAD SERVICES,,,a contacter,,,,,,,,,,,,marketing_com,Activites des agences de publicite,PARIS,,75,,,,,,,,,,,,,,,,,,,,,,,,,,,,,,,,,,,,,,,,,,,,,,,431372986,43137298600031,73.11Z,,,,,,,,,,,sirene,
SOCIETE NOUVELLE ROM,,,a contacter,,,,,,,,,,,,marketing_com,Activites des agences de publicite,NICE,,06,,,,,,,,,,,,,,,,,,,,,,,,,,,,,,,,,,,,,,,,,,,,,,,880196696,88019669600012,73.11Z,,,,,,,,,,,sirene,
SOCIETE PUBLIMAG DECO,,,a contacter,,,,,,,,,,,,marketing_com,Activites des agences de publicite,OZOIR-LA-FERRIERE,,77,,,,,,,,,,,,,,,,,,,,,,,,,,,,,,,,,,,,,,,,,,,,,,,971200555,97120055500045,73.11Z,,,,,,,,,,,sirene,
SOCIETE REGIONALE DE REGIE PUBLICITAIRE,,,a contacter,,,,,,,,,,,,marketing_com,Regie publicitaire de medias,NIMES,,30,,,,,,,,,,,,,,,,,,,,,,,,,,,,,,,,,,,,,,,,,,,,,,,388067415,38806741500025,73.12Z,,,,,,,,,,,sirene,
SOCIETE ROANNAISE D'OBJETS PUBLICITAIRES ET DE COMMUNICATION - PAR ABREVIATION SOROPUB AND COM,,,a contacter,,,,,,,,,,,,marketing_com,Activites des agences de publicite,ROANNE,,42,,,,,,,,,,,,,,,,,,,,,,,,,,,,,,,,,,,,,,,,,,,,,,,953116035,95311603500015,73.11Z,,,,,,,,,,,sirene,
SOCIETE VAROL SARL,,,a contacter,,,,,,,,,,,,marketing_com,Activites des agences de publicite,MOISSY-CRAMAYEL,,77,,,,,,,,,,,,,,,,,,,,,,,,,,,,,,,,,,,,,,,,,,,,,,,498998210,49899821000039,73.11Z,,,,,,,,,,,sirene,
SOCOM DIGITAL,,,a contacter,,,,,,,,,,,,marketing_com,Activites des agences de publicite,SAINT-CHAMOND,,42,,,,,,,,,,,,,,,,,,,,,,,,,,,,,,,,,,,,,,,,,,,,,,,919379115,91937911500034,73.11Z,,,,,,,,,,,sirene,
SOCREATIV',,,a contacter,,,,,,,,,,,,marketing_com,Conseil en relations publiques et communication,BORDEAUX,,33,,,,,,,,,,,,,,,,,,,,,,,,,,,,,,,,,,,,,,,,,,,,,,,788838316,78883831600057,70.21Z,,,,,,,,,,,sirene,
SODICOS SOCIETE NOUVELLE,,,a contacter,,,,,,,,,,,,marketing_com,Regie publicitaire de medias,LA ROCHE-SUR-YON,,85,,,,,,,,,,,,,,,,,,,,,,,,,,,,,,,,,,,,,,,,,,,,,,,900864661,90086466100013,73.12Z,,,,,,,,,,,sirene,
SODIGIX,,,a contacter,,,,,,,,,,,,marketing_com,Activites des agences de publicite,ENTRAIGUES-SUR-LA-SORGUE,,84,,,,,,,,,,,,,,,,,,,,,,,,,,,,,,,,,,,,,,,,,,,,,,,880240585,88024058500021,73.11Z,,,,,,,,,,,sirene,
SOFRE&COM COMMUNICATION,,,a contacter,,,,,,,,,,,,marketing_com,Activites des agences de publicite,BOULOGNE-BILLANCOURT,,92,,,,,,,,,,,,,,,,,,,,,,,,,,,,,,,,,,,,,,,,,,,,,,,482109477,48210947700042,73.11Z,,,,,,,,,,,sirene,
SOFTWAY MEDICAL BIOLOGIE,,,a contacter,,,,,,,,,,,,marketing_com,Conseil en relations publiques et communication,ROGNAC,,13,,,,,,,,,,,,,,,,,,,,,,,,,,,,,,,,,,,,,,,,,,,,,,,401419528,40141952800047,70.21Z,,,,,,,,,,,sirene,
SOGO COM,,,a contacter,,,,,,,,,,,,marketing_com,Conseil en relations publiques et communication,POISY,,74,,,,,,,,,,,,,,,,,,,,,,,,,,,,,,,,,,,,,,,,,,,,,,,511682387,51168238700044,70.21Z,,,,,,,,,,,sirene,
SOIXANTE SEIZE,,,a contacter,,,,,,,,,,,,marketing_com,Activites des agences de publicite,PARIS,,75,,,,,,,,,,,,,,,,,,,,,,,,,,,,,,,,,,,,,,,,,,,,,,,439300393,43930039300048,73.11Z,,,,,,,,,,,sirene,
SOKEO,,,a contacter,,,,,,,,,,,,marketing_com,Activites des agences de publicite,MARSEILLE,,13,,,,,,,,,,,,,,,,,,,,,,,,,,,,,,,,,,,,,,,,,,,,,,,828093575,82809357500037,73.11Z,,,,,,,,,,,sirene,
SOLELHAR,,,a contacter,,,,,,,,,,,,marketing_com,Conseil en relations publiques et communication,LUC-SUR-AUDE,,11,,,,,,,,,,,,,,,,,,,,,,,,,,,,,,,,,,,,,,,,,,,,,,,912702438,91270243800017,70.21Z,,,,,,,,,,,sirene,
SOLIDARPRINT,,,a contacter,,,,,,,,,,,,marketing_com,Conseil en relations publiques et communication,BLENEAU,,89,,,,,,,,,,,,,,,,,,,,,,,,,,,,,,,,,,,,,,,,,,,,,,,791298706,79129870600015,70.21Z,,,,,,,,,,,sirene,
SOLOCAL OUTRE-MER,,,a contacter,,,,,,,,,,,,marketing_com,Regie publicitaire de medias,BOULOGNE-BILLANCOURT,,92,,,,,,,,,,,,,,,,,,,,,,,,,,,,,,,,,,,,,,,,,,,,,,,420423477,42042347700066,73.12Z,,,,,,,,,,,sirene,
SOLUTION SAS,,,a contacter,,,,,,,,,,,,marketing_com,Regie publicitaire de medias,BRIE-COMTE-ROBERT,,77,,,,,,,,,,,,,,,,,,,,,,,,,,,,,,,,,,,,,,,,,,,,,,,380315994,38031599400059,73.12Z,,,,,,,,,,,sirene,
SOMA PUB IMPRESSIONS,,,a contacter,,,,,,,,,,,,marketing_com,Activites des agences de publicite,VIVIERS,,07,,,,,,,,,,,,,,,,,,,,,,,,,,,,,,,,,,,,,,,,,,,,,,,342751617,34275161700024,73.11Z,,,,,,,,,,,sirene,
SOMAPUB,,,a contacter,,,,,,,,,,,,marketing_com,Activites des agences de publicite,FORT-DE-FRANCE,,972,,,,,,,,,,,,,,,,,,,,,,,,,,,,,,,,,,,,,,,,,,,,,,,824066278,82406627800014,73.11Z,,,,,,,,,,,sirene,
SOMAWEB,,,a contacter,,,,,,,,,,,,marketing_com,Conseil en relations publiques et communication,LABEGE,,31,,,,,,,,,,,,,,,,,,,,,,,,,,,,,,,,,,,,,,,,,,,,,,,795398262,79539826200035,70.21Z,,,,,,,,,,,sirene,
SONCONCEPT,,,a contacter,,,,,,,,,,,,marketing_com,Conseil en relations publiques et communication,BAGNOLS-SUR-CEZE,,30,,,,,,,,,,,,,,,,,,,,,,,,,,,,,,,,,,,,,,,,,,,,,,,851378224,85137822400014,70.21Z,,,,,,,,,,,sirene,
SOPAREV,,,a contacter,,,,,,,,,,,,marketing_com,Activites des agences de publicite,LE MEE-SUR-SEINE,,77,,,,,,,,,,,,,,,,,,,,,,,,,,,,,,,,,,,,,,,,,,,,,,,521641209,52164120900031,73.11Z,,,,,,,,,,,sirene,
SOPHIE TEXIER (PSD CREATIONS ECO),,,a contacter,,,,,,,,,,,,marketing_com,Conseil en relations publiques et communication,SAINT-REMY-DE-PROVENCE,,13,,,,,,,,,,,,,,,,,,,,,,,,,,,,,,,,,,,,,,,,,,,,,,,494322803,49432280300029,70.21Z,,,,,,,,,,,sirene,
SOPPROM,,,a contacter,,,,,,,,,,,,marketing_com,Activites des agences de publicite,LE PETIT-QUEVILLY,,76,,,,,,,,,,,,,,,,,,,,,,,,,,,,,,,,,,,,,,,,,,,,,,,349866780,34986678000035,73.11Z,,,,,,,,,,,sirene,
SORECO PUBLICITE,,,a contacter,,,,,,,,,,,,marketing_com,Activites des agences de publicite,SOTTEVILLE-LES-ROUEN,,76,,,,,,,,,,,,,,,,,,,,,,,,,,,,,,,,,,,,,,,,,,,,,,,482322591,48232259100025,73.11Z,,,,,,,,,,,sirene,
SOSO RP DISTRIBUTION,,,a contacter,,,,,,,,,,,,marketing_com,Activites des agences de publicite,LES VILLETTES,,43,,,,,,,,,,,,,,,,,,,,,,,,,,,,,,,,,,,,,,,,,,,,,,,789907888,78990788800034,73.11Z,,,,,,,,,,,sirene,
SOURCINN,,,a contacter,,,,,,,,,,,,marketing_com,Activites des agences de publicite,PARIS,,75,,,,,,,,,,,,,,,,,,,,,,,,,,,,,,,,,,,,,,,,,,,,,,,803821495,80382149500048,73.11Z,,,,,,,,,,,sirene,
SOUTHNEXT,,,a contacter,,,,,,,,,,,,marketing_com,Conseil en relations publiques et communication,PARIS,,75,,,,,,,,,,,,,,,,,,,,,,,,,,,,,,,,,,,,,,,,,,,,,,,797517836,79751783600079,70.21Z,,,,,,,,,,,sirene,
SOVIFAB SERVICES,,,a contacter,,,,,,,,,,,,marketing_com,Activites des agences de publicite,MALEMORT,,19,,,,,,,,,,,,,,,,,,,,,,,,,,,,,,,,,,,,,,,,,,,,,,,418922050,41892205000012,73.11Z,,,,,,,,,,,sirene,
SPACE,,,a contacter,,,,,,,,,,,,marketing_com,Activites des agences de publicite,BREUIL-MAGNE,,17,,,,,,,,,,,,,,,,,,,,,,,,,,,,,,,,,,,,,,,,,,,,,,,382350189,38235018900025,73.11Z,,,,,,,,,,,sirene,
SPARK,,,a contacter,,,,,,,,,,,,marketing_com,Activites des agences de publicite,SAINT-MANDE,,94,,,,,,,,,,,,,,,,,,,,,,,,,,,,,,,,,,,,,,,,,,,,,,,849335203,84933520300022,73.11Z,,,,,,,,,,,sirene,
SPARKLING PRESSE,,,a contacter,,,,,,,,,,,,marketing_com,Conseil en relations publiques et communication,CHATILLON,,92,,,,,,,,,,,,,,,,,,,,,,,,,,,,,,,,,,,,,,,,,,,,,,,810884940,81088494000034,70.21Z,,,,,,,,,,,sirene,
SPARKNEWS,,,a contacter,,,,,,,,,,,,marketing_com,Conseil en relations publiques et communication,PARIS,,75,,,,,,,,,,,,,,,,,,,,,,,,,,,,,,,,,,,,,,,,,,,,,,,533807087,53380708700028,70.21Z,,,,,,,,,,,sirene,
SPECIFIQUE,,,a contacter,,,,,,,,,,,,marketing_com,Activites des agences de publicite,PARIS,,75,,,,,,,,,,,,,,,,,,,,,,,,,,,,,,,,,,,,,,,,,,,,,,,413120247,41312024700023,73.11Z,,,,,,,,,,,sirene,
SPIN PARTNERS,,,a contacter,,,,,,,,,,,,marketing_com,Conseil en relations publiques et communication,MONTROUGE,,92,,,,,,,,,,,,,,,,,,,,,,,,,,,,,,,,,,,,,,,,,,,,,,,428910715,42891071500054,70.21Z,,,,,,,,,,,sirene,
SPINTANK,,,a contacter,,,,,,,,,,,,marketing_com,Conseil en relations publiques et communication,PARIS,,75,,,,,,,,,,,,,,,,,,,,,,,,,,,,,,,,,,,,,,,,,,,,,,,490067022,49006702200056,70.21Z,,,,,,,,,,,sirene,
SPIRALE MARKETING,,,a contacter,,,,,,,,,,,,marketing_com,Activites des agences de publicite,CHAPONOST,,69,,,,,,,,,,,,,,,,,,,,,,,,,,,,,,,,,,,,,,,,,,,,,,,803466556,80346655600021,73.11Z,,,,,,,,,,,sirene,
SPK,,,a contacter,,,,,,,,,,,,marketing_com,Activites des agences de publicite,NANTES,,44,,,,,,,,,,,,,,,,,,,,,,,,,,,,,,,,,,,,,,,,,,,,,,,819522699,81952269900035,73.11Z,,,,,,,,,,,sirene,
SPKTR,,,a contacter,,,,,,,,,,,,marketing_com,Activites des agences de publicite,TOULOUSE,,31,,,,,,,,,,,,,,,,,,,,,,,,,,,,,,,,,,,,,,,,,,,,,,,843913930,84391393000031,73.11Z,,,,,,,,,,,sirene,
SPM FRANCE,,,a contacter,,,,,,,,,,,,marketing_com,Activites des agences de publicite,OZOIR-LA-FERRIERE,,77,,,,,,,,,,,,,,,,,,,,,,,,,,,,,,,,,,,,,,,,,,,,,,,524042827,52404282700054,73.11Z,,,,,,,,,,,sirene,
SPONSOPLUS,,,a contacter,,,,,,,,,,,,marketing_com,Conseil en relations publiques et communication,BIARRITZ,,64,,,,,,,,,,,,,,,,,,,,,,,,,,,,,,,,,,,,,,,,,,,,,,,530793215,53079321500035,70.21Z,,,,,,,,,,,sirene,
SPORT & CO,,,a contacter,,,,,,,,,,,,marketing_com,Conseil en relations publiques et communication,PARIS,,75,,,,,,,,,,,,,,,,,,,,,,,,,,,,,,,,,,,,,,,,,,,,,,,453271686,45327168600074,70.21Z,,,,,,,,,,,sirene,
SPORT COVER,,,a contacter,,,,,,,,,,,,marketing_com,Conseil en relations publiques et communication,PARIS,,75,,,,,,,,,,,,,,,,,,,,,,,,,,,,,,,,,,,,,,,,,,,,,,,533593257,53359325700017,70.21Z,,,,,,,,,,,sirene,
SPORT MARKET,,,a contacter,,,,,,,,,,,,marketing_com,Activites des agences de publicite,SAINT-CLOUD,,92,,,,,,,,,,,,,,,,,,,,,,,,,,,,,,,,,,,,,,,,,,,,,,,440332617,44033261700032,73.11Z,,,,,,,,,,,sirene,
SPORTEO,,,a contacter,,,,,,,,,,,,marketing_com,Conseil en relations publiques et communication,CHATEAUNEUF-SUR-ISERE,,26,,,,,,,,,,,,,,,,,,,,,,,,,,,,,,,,,,,,,,,,,,,,,,,899725105,89972510500014,70.21Z,,,,,,,,,,,sirene,
SPORTFIVE EMEA,,,a contacter,,,,,,,,,,,,marketing_com,Activites des agences de publicite,BOULOGNE-BILLANCOURT,,92,,,,,,,,,,,,,,,,,,,,,,,,,,,,,,,,,,,,,,,,,,,,,,,873803456,87380345600094,73.11Z,,,,,,,,,,,sirene,
SPORTFIVE FRANCE ACTIVATION,,,a contacter,,,,,,,,,,,,marketing_com,Conseil en relations publiques et communication,BOULOGNE-BILLANCOURT,,92,,,,,,,,,,,,,,,,,,,,,,,,,,,,,,,,,,,,,,,,,,,,,,,518902283,51890228300044,70.21Z,,,,,,,,,,,sirene,
SPORTFIVE MIDDLE EAST & AFRICA,,,a contacter,,,,,,,,,,,,marketing_com,Activites des agences de publicite,BOULOGNE-BILLANCOURT,,92,,,,,,,,,,,,,,,,,,,,,,,,,,,,,,,,,,,,,,,,,,,,,,,899351613,89935161300018,73.11Z,,,,,,,,,,,sirene,
SPORTING COMM,,,a contacter,,,,,,,,,,,,marketing_com,Activites des agences de publicite,TOULOUSE,,31,,,,,,,,,,,,,,,,,,,,,,,,,,,,,,,,,,,,,,,,,,,,,,,485327084,48532708400011,73.11Z,,,,,,,,,,,sirene,
SPOT 2 COM,,,a contacter,,,,,,,,,,,,marketing_com,Activites des agences de publicite,RODEZ,,12,,,,,,,,,,,,,,,,,,,,,,,,,,,,,,,,,,,,,,,,,,,,,,,883900631,88390063100010,73.11Z,,,,,,,,,,,sirene,
SPREADINGAPPS,,,a contacter,,,,,,,,,,,,marketing_com,Conseil en relations publiques et communication,LE PETIT-QUEVILLY,,76,,,,,,,,,,,,,,,,,,,,,,,,,,,,,,,,,,,,,,,,,,,,,,,534533211,53453321100031,70.21Z,,,,,,,,,,,sirene,
SPREY,,,a contacter,,,,,,,,,,,,marketing_com,Activites des agences de publicite,ILLKIRCH-GRAFFENSTADEN,,67,,,,,,,,,,,,,,,,,,,,,,,,,,,,,,,,,,,,,,,,,,,,,,,738500370,73850037000114,73.11Z,,,,,,,,,,,sirene,
SQUARE,,,a contacter,,,,,,,,,,,,marketing_com,Activites des agences de publicite,LYON,,69,,,,,,,,,,,,,,,,,,,,,,,,,,,,,,,,,,,,,,,,,,,,,,,329032650,32903265000049,73.11Z,,,,,,,,,,,sirene,
STACCATO,,,a contacter,,,,,,,,,,,,marketing_com,Activites des agences de publicite,BESANCON,,25,,,,,,,,,,,,,,,,,,,,,,,,,,,,,,,,,,,,,,,,,,,,,,,438810285,43881028500033,73.11Z,,,,,,,,,,,sirene,
STAENK,,,a contacter,,,,,,,,,,,,marketing_com,Conseil en relations publiques et communication,LYON,,69,,,,,,,,,,,,,,,,,,,,,,,,,,,,,,,,,,,,,,,,,,,,,,,819828484,81982848400033,70.21Z,,,,,,,,,,,sirene,
STARFOX ANALYTICS,,,a contacter,,,,,,,,,,,,marketing_com,Activites des agences de publicite,PARIS,,75,,,,,,,,,,,,,,,,,,,,,,,,,,,,,,,,,,,,,,,,,,,,,,,898522941,89852294100027,73.11Z,,,,,,,,,,,sirene,
STASH,,,a contacter,,,,,,,,,,,,marketing_com,Conseil en relations publiques et communication,LYON,,69,,,,,,,,,,,,,,,,,,,,,,,,,,,,,,,,,,,,,,,,,,,,,,,538986761,53898676100020,70.21Z,,,,,,,,,,,sirene,
"STATE OF VICTORIA, VICTORIAN GOVERNMENT TRADE & INVESTMENT",,,a contacter,,,,,,,,,,,,marketing_com,Conseil en relations publiques et communication,,,,,,,,,,,,,,,,,,,,,,,,,,,,,,,,,,,,,,,,,,,,,,,,,,918293291,91829329100012,70.21Z,,,,,,,,,,,sirene,
STE D'IMPRESSION NEO OFFSET ET NUMERIQUE,,,a contacter,,,,,,,,,,,,marketing_com,Activites des agences de publicite,ENNERY,,95,,,,,,,,,,,,,,,,,,,,,,,,,,,,,,,,,,,,,,,,,,,,,,,447864174,44786417400019,73.11Z,,,,,,,,,,,sirene,
STEF ELECTRO SERVICE,,,a contacter,,,,,,,,,,,,marketing_com,Activites des agences de publicite,PRESLES-EN-BRIE,,77,,,,,,,,,,,,,,,,,,,,,,,,,,,,,,,,,,,,,,,,,,,,,,,499677953,49967795300030,73.11Z,,,,,,,,,,,sirene,
STEFFEN CONSULTING,,,a contacter,,,,,,,,,,,,marketing_com,Activites des agences de publicite,PARIS,,75,,,,,,,,,,,,,,,,,,,,,,,,,,,,,,,,,,,,,,,,,,,,,,,434833836,43483383600043,73.11Z,,,,,,,,,,,sirene,
STEM HEALTHCARE FRANCE,,,a contacter,,,,,,,,,,,,marketing_com,Activites des agences de publicite,LYON,,69,,,,,,,,,,,,,,,,,,,,,,,,,,,,,,,,,,,,,,,,,,,,,,,528502305,52850230500030,73.11Z,,,,,,,,,,,sirene,
STEREVA,,,a contacter,,,,,,,,,,,,marketing_com,Conseil en relations publiques et communication,PARIS,,75,,,,,,,,,,,,,,,,,,,,,,,,,,,,,,,,,,,,,,,,,,,,,,,498202589,49820258900095,70.21Z,,,,,,,,,,,sirene,
STICK'N PUB,,,a contacter,,,,,,,,,,,,marketing_com,Activites des agences de publicite,COUSANCES-LES-FORGES,,55,,,,,,,,,,,,,,,,,,,,,,,,,,,,,,,,,,,,,,,,,,,,,,,814870986,81487098600027,73.11Z,,,,,,,,,,,sirene,
STICKSONE,,,a contacter,,,,,,,,,,,,marketing_com,Activites des agences de publicite,SAIVRES,,79,,,,,,,,,,,,,,,,,,,,,,,,,,,,,,,,,,,,,,,,,,,,,,,831126917,83112691700010,73.11Z,,,,,,,,,,,sirene,
STIM'BUILDING EVENTS,,,a contacter,,,,,,,,,,,,marketing_com,Conseil en relations publiques et communication,SAINT-GREGOIRE,,35,,,,,,,,,,,,,,,,,,,,,,,,,,,,,,,,,,,,,,,,,,,,,,,750723850,75072385000020,70.21Z,,,,,,,,,,,sirene,
STIMACTIV,,,a contacter,,,,,,,,,,,,marketing_com,Activites des agences de publicite,DIJON,,21,,,,,,,,,,,,,,,,,,,,,,,,,,,,,,,,,,,,,,,,,,,,,,,493360242,49336024200058,73.11Z,,,,,,,,,,,sirene,
STIMULI SANTE,,,a contacter,,,,,,,,,,,,marketing_com,Activites des agences de publicite,PARIS,,75,,,,,,,,,,,,,,,,,,,,,,,,,,,,,,,,,,,,,,,,,,,,,,,811818731,81181873100051,73.11Z,,,,,,,,,,,sirene,
STIV MEDIA,,,a contacter,,,,,,,,,,,,marketing_com,Regie publicitaire de medias,SAINT-ETIENNE,,42,,,,,,,,,,,,,,,,,,,,,,,,,,,,,,,,,,,,,,,,,,,,,,,851655522,85165552200023,73.12Z,,,,,,,,,,,sirene,
STORIES,,,a contacter,,,,,,,,,,,,marketing_com,Conseil en relations publiques et communication,PARIS,,75,,,,,,,,,,,,,,,,,,,,,,,,,,,,,,,,,,,,,,,,,,,,,,,798057881,79805788100012,70.21Z,,,,,,,,,,,sirene,
STORM COMMUNICATION,,,a contacter,,,,,,,,,,,,marketing_com,Activites des agences de publicite,MARSEILLE,,13,,,,,,,,,,,,,,,,,,,,,,,,,,,,,,,,,,,,,,,,,,,,,,,893737296,89373729600036,73.11Z,,,,,,,,,,,sirene,
STORY COMPAGNIE,,,a contacter,,,,,,,,,,,,marketing_com,Activites des agences de publicite,SAINT-MALO,,35,,,,,,,,,,,,,,,,,,,,,,,,,,,,,,,,,,,,,,,,,,,,,,,893425801,89342580100022,73.11Z,,,,,,,,,,,sirene,
STORYBUZZ,,,a contacter,,,,,,,,,,,,marketing_com,Conseil en relations publiques et communication,BOE,,47,,,,,,,,,,,,,,,,,,,,,,,,,,,,,,,,,,,,,,,,,,,,,,,844124958,84412495800027,70.21Z,,,,,,,,,,,sirene,
STRADA ACTION,,,a contacter,,,,,,,,,,,,marketing_com,Activites des agences de publicite,LYON,,69,,,,,,,,,,,,,,,,,,,,,,,,,,,,,,,,,,,,,,,,,,,,,,,517401212,51740121200025,73.11Z,,,,,,,,,,,sirene,
STRADA MARKETING,,,a contacter,,,,,,,,,,,,marketing_com,Activites des agences de publicite,LYON,,69,,,,,,,,,,,,,,,,,,,,,,,,,,,,,,,,,,,,,,,,,,,,,,,449196021,44919602100041,73.11Z,,,,,,,,,,,sirene,
STRADA PERFORMANCE,,,a contacter,,,,,,,,,,,,marketing_com,Activites des agences de publicite,LYON,,69,,,,,,,,,,,,,,,,,,,,,,,,,,,,,,,,,,,,,,,,,,,,,,,538209610,53820961000020,73.11Z,,,,,,,,,,,sirene,
STRAT&ACT,,,a contacter,,,,,,,,,,,,marketing_com,Conseil en relations publiques et communication,PARIS,,75,,,,,,,,,,,,,,,,,,,,,,,,,,,,,,,,,,,,,,,,,,,,,,,531790764,53179076400017,70.21Z,,,,,,,,,,,sirene,
STRATEGE,,,a contacter,,,,,,,,,,,,marketing_com,Activites des agences de publicite,LIMOGES,,87,,,,,,,,,,,,,,,,,,,,,,,,,,,,,,,,,,,,,,,,,,,,,,,411966773,41196677300060,73.11Z,,,,,,,,,,,sirene,
STRATEGES MULTI MEDIA,,,a contacter,,,,,,,,,,,,marketing_com,Activites des agences de publicite,PERPIGNAN,,66,,,,,,,,,,,,,,,,,,,,,,,,,,,,,,,,,,,,,,,,,,,,,,,401920582,40192058200038,73.11Z,,,,,,,,,,,sirene,
STRATEGIES,,,a contacter,,,,,,,,,,,,marketing_com,Activites des agences de publicite,LE BOUSCAT,,33,,,,,,,,,,,,,,,,,,,,,,,,,,,,,,,,,,,,,,,,,,,,,,,409720018,40972001800038,73.11Z,,,,,,,,,,,sirene,
STRATEGIES DURABLES,,,a contacter,,,,,,,,,,,,marketing_com,Activites des agences de publicite,VERSAILLES,,78,,,,,,,,,,,,,,,,,,,,,,,,,,,,,,,,,,,,,,,,,,,,,,,501207971,50120797100026,73.11Z,,,,,,,,,,,sirene,
STRATEGIK & NUMERIK,,,a contacter,,,,,,,,,,,,marketing_com,Activites des agences de publicite,PANTIN,,93,,,,,,,,,,,,,,,,,,,,,,,,,,,,,,,,,,,,,,,,,,,,,,,408375095,40837509500051,73.11Z,,,,,,,,,,,sirene,
STRATELIUM,,,a contacter,,,,,,,,,,,,marketing_com,Activites des agences de publicite,VERSAILLES,,78,,,,,,,,,,,,,,,,,,,,,,,,,,,,,,,,,,,,,,,,,,,,,,,479527871,47952787100061,73.11Z,,,,,,,,,,,sirene,
STRATIS,,,a contacter,,,,,,,,,,,,marketing_com,Activites des agences de publicite,LA FARLEDE,,83,,,,,,,,,,,,,,,,,,,,,,,,,,,,,,,,,,,,,,,,,,,,,,,421455312,42145531200056,73.11Z,,,,,,,,,,,sirene,
STRATOGENE,,,a contacter,,,,,,,,,,,,marketing_com,Activites des agences de publicite,VILLE,,67,,,,,,,,,,,,,,,,,,,,,,,,,,,,,,,,,,,,,,,,,,,,,,,809009376,80900937600017,73.11Z,,,,,,,,,,,sirene,
STREET DISPATCH,,,a contacter,,,,,,,,,,,,marketing_com,Activites des agences de publicite,PARIS,,75,,,,,,,,,,,,,,,,,,,,,,,,,,,,,,,,,,,,,,,,,,,,,,,851076000,85107600000013,73.11Z,,,,,,,,,,,sirene,
STRIDE-UP,,,a contacter,,,,,,,,,,,,marketing_com,Conseil en relations publiques et communication,PARIS,,75,,,,,,,,,,,,,,,,,,,,,,,,,,,,,,,,,,,,,,,,,,,,,,,879601359,87960135900018,70.21Z,,,,,,,,,,,sirene,
STUDIO 218,,,a contacter,,,,,,,,,,,,marketing_com,Conseil en relations publiques et communication,LYON,,69,,,,,,,,,,,,,,,,,,,,,,,,,,,,,,,,,,,,,,,,,,,,,,,798283750,79828375000015,70.21Z,,,,,,,,,,,sirene,
STUDIO 3615,,,a contacter,,,,,,,,,,,,marketing_com,Activites des agences de publicite,MARSEILLE,,13,,,,,,,,,,,,,,,,,,,,,,,,,,,,,,,,,,,,,,,,,,,,,,,827609967,82760996700019,73.11Z,,,,,,,,,,,sirene,
STUDIO 42 DEGRES 9,,,a contacter,,,,,,,,,,,,marketing_com,Conseil en relations publiques et communication,BASTIA,,2B,,,,,,,,,,,,,,,,,,,,,,,,,,,,,,,,,,,,,,,,,,,,,,,905193645,90519364500017,70.21Z,,,,,,,,,,,sirene,
STUDIO 882,,,a contacter,,,,,,,,,,,,marketing_com,Conseil en relations publiques et communication,TOULOUSE,,31,,,,,,,,,,,,,,,,,,,,,,,,,,,,,,,,,,,,,,,,,,,,,,,895233716,89523371600011,70.21Z,,,,,,,,,,,sirene,
STUDIO B,,,a contacter,,,,,,,,,,,,marketing_com,Conseil en relations publiques et communication,ARLES,,13,,,,,,,,,,,,,,,,,,,,,,,,,,,,,,,,,,,,,,,,,,,,,,,794516336,79451633600029,70.21Z,,,,,,,,,,,sirene,
STUDIO C,,,a contacter,,,,,,,,,,,,marketing_com,Activites des agences de publicite,RIOM,,63,,,,,,,,,,,,,,,,,,,,,,,,,,,,,,,,,,,,,,,,,,,,,,,384358925,38435892500046,73.11Z,,,,,,,,,,,sirene,
STUDIO CARIOCA,,,a contacter,,,,,,,,,,,,marketing_com,Activites des agences de publicite,BOIS-COLOMBES,,92,,,,,,,,,,,,,,,,,,,,,,,,,,,,,,,,,,,,,,,,,,,,,,,399638634,39963863400077,73.11Z,,,,,,,,,,,sirene,
STUDIO DE LA ROCHE,,,a contacter,,,,,,,,,,,,marketing_com,Conseil en relations publiques et communication,MONTFORT-LE-GESNOIS,,72,,,,,,,,,,,,,,,,,,,,,,,,,,,,,,,,,,,,,,,,,,,,,,,919095364,91909536400015,70.21Z,,,,,,,,,,,sirene,
STUDIO EN TETE,,,a contacter,,,,,,,,,,,,marketing_com,Conseil en relations publiques et communication,BREST,,29,,,,,,,,,,,,,,,,,,,,,,,,,,,,,,,,,,,,,,,,,,,,,,,499891471,49989147100058,70.21Z,,,,,,,,,,,sirene,
STUDIO FRANCIS MATHIEU,,,a contacter,,,,,,,,,,,,marketing_com,Activites des agences de publicite,VILLERS-LES-NANCY,,54,,,,,,,,,,,,,,,,,,,,,,,,,,,,,,,,,,,,,,,,,,,,,,,794168997,79416899700011,73.11Z,,,,,,,,,,,sirene,
STUDIO GINETTE,,,a contacter,,,,,,,,,,,,marketing_com,Activites des agences de publicite,SAINT-EGREVE,,38,,,,,,,,,,,,,,,,,,,,,,,,,,,,,,,,,,,,,,,,,,,,,,,402045348,40204534800040,73.11Z,,,,,,,,,,,sirene,
STUDIO HB,,,a contacter,,,,,,,,,,,,marketing_com,Activites des agences de publicite,LYON,,69,,,,,,,,,,,,,,,,,,,,,,,,,,,,,,,,,,,,,,,,,,,,,,,482963303,48296330300037,73.11Z,,,,,,,,,,,sirene,
STUDIO LESTELLE,,,a contacter,,,,,,,,,,,,marketing_com,Activites des agences de publicite,SAINT-OUEN-SUR-SEINE,,93,,,,,,,,,,,,,,,,,,,,,,,,,,,,,,,,,,,,,,,,,,,,,,,322916339,32291633900045,73.11Z,,,,,,,,,,,sirene,
STUDIO M FRANCE,,,a contacter,,,,,,,,,,,,marketing_com,Activites des agences de publicite,LEVALLOIS-PERRET,,92,,,,,,,,,,,,,,,,,,,,,,,,,,,,,,,,,,,,,,,,,,,,,,,502144876,50214487600039,73.11Z,,,,,,,,,,,sirene,
STUDIO MANDARINE,,,a contacter,,,,,,,,,,,,marketing_com,Activites des agences de publicite,CHAMALIERES,,63,,,,,,,,,,,,,,,,,,,,,,,,,,,,,,,,,,,,,,,,,,,,,,,891933772,89193377200032,73.11Z,,,,,,,,,,,sirene,
STUDIO ONA,,,a contacter,,,,,,,,,,,,marketing_com,Conseil en relations publiques et communication,BIDART,,64,,,,,,,,,,,,,,,,,,,,,,,,,,,,,,,,,,,,,,,,,,,,,,,977990282,97799028200013,70.21Z,,,,,,,,,,,sirene,
STUDIO PLUNE NANTES,,,a contacter,,,,,,,,,,,,marketing_com,Activites des agences de publicite,CARQUEFOU,,44,,,,,,,,,,,,,,,,,,,,,,,,,,,,,,,,,,,,,,,,,,,,,,,801070228,80107022800052,73.11Z,,,,,,,,,,,sirene,
STUDIO TANDEM,,,a contacter,,,,,,,,,,,,marketing_com,Activites des agences de publicite,SAINT-DENIS,,974,,,,,,,,,,,,,,,,,,,,,,,,,,,,,,,,,,,,,,,,,,,,,,,851607804,85160780400040,73.11Z,,,,,,,,,,,sirene,
STUDIO VOLUME,,,a contacter,,,,,,,,,,,,marketing_com,Conseil en relations publiques et communication,PARIS,,75,,,,,,,,,,,,,,,,,,,,,,,,,,,,,,,,,,,,,,,,,,,,,,,851554857,85155485700025,70.21Z,,,,,,,,,,,sirene,
STUDIOS H2G,,,a contacter,,,,,,,,,,,,marketing_com,Activites des agences de publicite,ALBI,,81,,,,,,,,,,,,,,,,,,,,,,,,,,,,,,,,,,,,,,,,,,,,,,,812147239,81214723900022,73.11Z,,,,,,,,,,,sirene,
STUDIOV3,,,a contacter,,,,,,,,,,,,marketing_com,Activites des agences de publicite,LAVAL,,53,,,,,,,,,,,,,,,,,,,,,,,,,,,,,,,,,,,,,,,,,,,,,,,452454366,45245436600033,73.11Z,,,,,,,,,,,sirene,
STYLE HOTESSE,,,a contacter,,,,,,,,,,,,marketing_com,Activites des agences de publicite,BOMPAS,,66,,,,,,,,,,,,,,,,,,,,,,,,,,,,,,,,,,,,,,,,,,,,,,,847646601,84764660100041,73.11Z,,,,,,,,,,,sirene,
STYLE MANAGEMENT,,,a contacter,,,,,,,,,,,,marketing_com,Conseil en relations publiques et communication,VAUX-LE-PENIL,,77,,,,,,,,,,,,,,,,,,,,,,,,,,,,,,,,,,,,,,,,,,,,,,,811568542,81156854200021,70.21Z,,,,,,,,,,,sirene,
SUCCESS,,,a contacter,,,,,,,,,,,,marketing_com,Conseil en relations publiques et communication,SIX-FOURS-LES-PLAGES,,83,,,,,,,,,,,,,,,,,,,,,,,,,,,,,,,,,,,,,,,,,,,,,,,810591933,81059193300017,70.21Z,,,,,,,,,,,sirene,
SUCCESS MARKET,,,a contacter,,,,,,,,,,,,marketing_com,Activites des agences de publicite,LANTON,,33,,,,,,,,,,,,,,,,,,,,,,,,,,,,,,,,,,,,,,,,,,,,,,,530344811,53034481100043,73.11Z,,,,,,,,,,,sirene,
SUD PRESSE DISTRIBUTION,,,a contacter,,,,,,,,,,,,marketing_com,Activites des agences de publicite,MARSEILLE,,13,,,,,,,,,,,,,,,,,,,,,,,,,,,,,,,,,,,,,,,,,,,,,,,394585624,39458562400049,73.11Z,,,,,,,,,,,sirene,
SUD PUBLICITE,,,a contacter,,,,,,,,,,,,marketing_com,Activites des agences de publicite,COURBEVOIE,,92,,,,,,,,,,,,,,,,,,,,,,,,,,,,,,,,,,,,,,,,,,,,,,,753702216,75370221600015,73.11Z,,,,,,,,,,,sirene,
SUD WEB COMMUNICATION,,,a contacter,,,,,,,,,,,,marketing_com,Activites des agences de publicite,MARSEILLE,,13,,,,,,,,,,,,,,,,,,,,,,,,,,,,,,,,,,,,,,,,,,,,,,,514166206,51416620600029,73.11Z,,,,,,,,,,,sirene,
SUDE COMMUNICATION,,,a contacter,,,,,,,,,,,,marketing_com,Activites des agences de publicite,SAINT-ELIX-LE-CHATEAU,,31,,,,,,,,,,,,,,,,,,,,,,,,,,,,,,,,,,,,,,,,,,,,,,,393808043,39380804300045,73.11Z,,,,,,,,,,,sirene,
SUN CONSEIL COTE D AZUR,,,a contacter,,,,,,,,,,,,marketing_com,Activites des agences de publicite,CHAMBERY,,73,,,,,,,,,,,,,,,,,,,,,,,,,,,,,,,,,,,,,,,,,,,,,,,334171477,33417147700097,73.11Z,,,,,,,,,,,sirene,
SUNCHA,,,a contacter,,,,,,,,,,,,marketing_com,Activites des agences de publicite,MAUGUIO,,34,,,,,,,,,,,,,,,,,,,,,,,,,,,,,,,,,,,,,,,,,,,,,,,403554306,40355430600049,73.11Z,,,,,,,,,,,sirene,
SUNMEDIA,,,a contacter,,,,,,,,,,,,marketing_com,Conseil en relations publiques et communication,MARSEILLE,,13,,,,,,,,,,,,,,,,,,,,,,,,,,,,,,,,,,,,,,,,,,,,,,,510229172,51022917200034,70.21Z,,,,,,,,,,,sirene,
SUNTZU,,,a contacter,,,,,,,,,,,,marketing_com,Conseil en relations publiques et communication,ROUBAIX,,59,,,,,,,,,,,,,,,,,,,,,,,,,,,,,,,,,,,,,,,,,,,,,,,534135694,53413569400022,70.21Z,,,,,,,,,,,sirene,
SUP REDAC,,,a contacter,,,,,,,,,,,,marketing_com,Conseil en relations publiques et communication,PARIS,,75,,,,,,,,,,,,,,,,,,,,,,,,,,,,,,,,,,,,,,,,,,,,,,,499526051,49952605100028,70.21Z,,,,,,,,,,,sirene,
SUP'AFFICHES,,,a contacter,,,,,,,,,,,,marketing_com,Regie publicitaire de medias,CORME-ECLUSE,,17,,,,,,,,,,,,,,,,,,,,,,,,,,,,,,,,,,,,,,,,,,,,,,,439370750,43937075000036,73.12Z,,,,,,,,,,,sirene,
SUPERNATIFS,,,a contacter,,,,,,,,,,,,marketing_com,Conseil en relations publiques et communication,LYON,,69,,,,,,,,,,,,,,,,,,,,,,,,,,,,,,,,,,,,,,,,,,,,,,,834390940,83439094000023,70.21Z,,,,,,,,,,,sirene,
SUPERNOVA GRAPHIK,,,a contacter,,,,,,,,,,,,marketing_com,Activites des agences de publicite,AUBAGNE,,13,,,,,,,,,,,,,,,,,,,,,,,,,,,,,,,,,,,,,,,,,,,,,,,505308015,50530801500047,73.11Z,,,,,,,,,,,sirene,
SUPERSONIKS,,,a contacter,,,,,,,,,,,,marketing_com,Activites des agences de publicite,TOURS,,37,,,,,,,,,,,,,,,,,,,,,,,,,,,,,,,,,,,,,,,,,,,,,,,431928498,43192849800051,73.11Z,,,,,,,,,,,sirene,
SUPERWAX,,,a contacter,,,,,,,,,,,,marketing_com,Conseil en relations publiques et communication,NANTES,,44,,,,,,,,,,,,,,,,,,,,,,,,,,,,,,,,,,,,,,,,,,,,,,,951034123,95103412300012,70.21Z,,,,,,,,,,,sirene,
SUPPL'ACTIV,,,a contacter,,,,,,,,,,,,marketing_com,Activites des agences de publicite,DIJON,,21,,,,,,,,,,,,,,,,,,,,,,,,,,,,,,,,,,,,,,,,,,,,,,,528147150,52814715000023,73.11Z,,,,,,,,,,,sirene,
SUPPL'ACTIV SERVICES,,,a contacter,,,,,,,,,,,,marketing_com,Activites des agences de publicite,DIJON,,21,,,,,,,,,,,,,,,,,,,,,,,,,,,,,,,,,,,,,,,,,,,,,,,831004601,83100460100017,73.11Z,,,,,,,,,,,sirene,
SUPPORT DESIGN COMMUNICATION,,,a contacter,,,,,,,,,,,,marketing_com,Conseil en relations publiques et communication,TALMONT-SAINT-HILAIRE,,85,,,,,,,,,,,,,,,,,,,,,,,,,,,,,,,,,,,,,,,,,,,,,,,812465508,81246550800032,70.21Z,,,,,,,,,,,sirene,
SURF,,,a contacter,,,,,,,,,,,,marketing_com,Activites des agences de publicite,BOULOGNE-BILLANCOURT,,92,,,,,,,,,,,,,,,,,,,,,,,,,,,,,,,,,,,,,,,,,,,,,,,378924542,37892454200061,73.11Z,,,,,,,,,,,sirene,
SURF CREATIVE CONTENT,,,a contacter,,,,,,,,,,,,marketing_com,Activites des agences de publicite,BOULOGNE-BILLANCOURT,,92,,,,,,,,,,,,,,,,,,,,,,,,,,,,,,,,,,,,,,,,,,,,,,,903840148,90384014800022,73.11Z,,,,,,,,,,,sirene,
SURF DESIGN,,,a contacter,,,,,,,,,,,,marketing_com,Activites des agences de publicite,BOULOGNE-BILLANCOURT,,92,,,,,,,,,,,,,,,,,,,,,,,,,,,,,,,,,,,,,,,,,,,,,,,893484964,89348496400026,73.11Z,,,,,,,,,,,sirene,
SURF LUXE,,,a contacter,,,,,,,,,,,,marketing_com,Activites des agences de publicite,BOULOGNE-BILLANCOURT,,92,,,,,,,,,,,,,,,,,,,,,,,,,,,,,,,,,,,,,,,,,,,,,,,903863207,90386320700028,73.11Z,,,,,,,,,,,sirene,
SURFY,,,a contacter,,,,,,,,,,,,marketing_com,Conseil en relations publiques et communication,PARIS,,75,,,,,,,,,,,,,,,,,,,,,,,,,,,,,,,,,,,,,,,,,,,,,,,809002835,80900283500027,70.21Z,,,,,,,,,,,sirene,
SURVIVAL,,,a contacter,,,,,,,,,,,,marketing_com,Activites des agences de publicite,VERSAILLES,,78,,,,,,,,,,,,,,,,,,,,,,,,,,,,,,,,,,,,,,,,,,,,,,,331607705,33160770500083,73.11Z,,,,,,,,,,,sirene,
SUSHI COMMUNICATION,,,a contacter,,,,,,,,,,,,marketing_com,Conseil en relations publiques et communication,MONTFERRIER-SUR-LEZ,,34,,,,,,,,,,,,,,,,,,,,,,,,,,,,,,,,,,,,,,,,,,,,,,,753157171,75315717100038,70.21Z,,,,,,,,,,,sirene,
SUTTON PR LIMITED,,,a contacter,,,,,,,,,,,,marketing_com,Conseil en relations publiques et communication,,,,,,,,,,,,,,,,,,,,,,,,,,,,,,,,,,,,,,,,,,,,,,,,,,918146507,91814650700010,70.21Z,,,,,,,,,,,sirene,
SUZETTE,,,a contacter,,,,,,,,,,,,marketing_com,Conseil en relations publiques et communication,MONTPELLIER,,34,,,,,,,,,,,,,,,,,,,,,,,,,,,,,,,,,,,,,,,,,,,,,,,811524768,81152476800058,70.21Z,,,,,,,,,,,sirene,
SWEET PUNK,,,a contacter,,,,,,,,,,,,marketing_com,Activites des agences de publicite,PARIS,,75,,,,,,,,,,,,,,,,,,,,,,,,,,,,,,,,,,,,,,,,,,,,,,,539922708,53992270800059,73.11Z,,,,,,,,,,,sirene,
SWITCHUP COMMUNICATIONS,,,a contacter,,,,,,,,,,,,marketing_com,Conseil en relations publiques et communication,NOGENT-SUR-MARNE,,94,,,,,,,,,,,,,,,,,,,,,,,,,,,,,,,,,,,,,,,,,,,,,,,918115007,91811500700018,70.21Z,,,,,,,,,,,sirene,
SWPL,,,a contacter,,,,,,,,,,,,marketing_com,Conseil en relations publiques et communication,NANTES,,44,,,,,,,,,,,,,,,,,,,,,,,,,,,,,,,,,,,,,,,,,,,,,,,842272478,84227247800012,70.21Z,,,,,,,,,,,sirene,
SYANN COM',,,a contacter,,,,,,,,,,,,marketing_com,Activites des agences de publicite,VENDARGUES,,34,,,,,,,,,,,,,,,,,,,,,,,,,,,,,,,,,,,,,,,,,,,,,,,523547040,52354704000023,73.11Z,,,,,,,,,,,sirene,
SYLIA FLYER,,,a contacter,,,,,,,,,,,,marketing_com,Activites des agences de publicite,DRANCY,,93,,,,,,,,,,,,,,,,,,,,,,,,,,,,,,,,,,,,,,,,,,,,,,,912522786,91252278600017,73.11Z,,,,,,,,,,,sirene,
SYLPHE,,,a contacter,,,,,,,,,,,,marketing_com,Conseil en relations publiques et communication,PARIS,,75,,,,,,,,,,,,,,,,,,,,,,,,,,,,,,,,,,,,,,,,,,,,,,,829549039,82954903900024,70.21Z,,,,,,,,,,,sirene,
SYLVAIN TRZCIONKA (PUBLI EST),,,a contacter,,,,,,,,,,,,marketing_com,Regie publicitaire de medias,FELDKIRCH,,68,,,,,,,,,,,,,,,,,,,,,,,,,,,,,,,,,,,,,,,,,,,,,,,327534665,32753466500051,73.12Z,,,,,,,,,,,sirene,
SYNAPSE,,,a contacter,,,,,,,,,,,,marketing_com,Conseil en relations publiques et communication,CAEN,,14,,,,,,,,,,,,,,,,,,,,,,,,,,,,,,,,,,,,,,,,,,,,,,,441111796,44111179600039,70.21Z,,,,,,,,,,,sirene,
SYNCHRO GROUPE GET,,,a contacter,,,,,,,,,,,,marketing_com,Activites des agences de publicite,METZ,,57,,,,,,,,,,,,,,,,,,,,,,,,,,,,,,,,,,,,,,,,,,,,,,,908487184,90848718400016,73.11Z,,,,,,,,,,,sirene,
SYNCHRO PRODUCTION,,,a contacter,,,,,,,,,,,,marketing_com,Activites des agences de publicite,PARIS,,75,,,,,,,,,,,,,,,,,,,,,,,,,,,,,,,,,,,,,,,,,,,,,,,384679874,38467987400030,73.11Z,,,,,,,,,,,sirene,
SYNEOS HEALTH COMMUNICATIONS FRANCE,,,a contacter,,,,,,,,,,,,marketing_com,Conseil en relations publiques et communication,PARIS 14,,75,,,,,,,,,,,,,,,,,,,,,,,,,,,,,,,,,,,,,,,,,,,,,,,489871939,48987193900075,70.21Z,,,,,,,,,,,sirene,
SYNTAX FINANCE,,,a contacter,,,,,,,,,,,,marketing_com,Conseil en relations publiques et communication,SAINT-AUBIN-DE-MEDOC,,33,,,,,,,,,,,,,,,,,,,,,,,,,,,,,,,,,,,,,,,,,,,,,,,794082784,79408278400024,70.21Z,,,,,,,,,,,sirene,
SYS TEAM'ARKETING,,,a contacter,,,,,,,,,,,,marketing_com,Activites des agences de publicite,SAINT-LEU,,974,,,,,,,,,,,,,,,,,,,,,,,,,,,,,,,,,,,,,,,,,,,,,,,913860490,91386049000022,73.11Z,,,,,,,,,,,sirene,
SYWAN MEDIA,,,a contacter,,,,,,,,,,,,marketing_com,Activites des agences de publicite,FEGREAC,,44,,,,,,,,,,,,,,,,,,,,,,,,,,,,,,,,,,,,,,,,,,,,,,,528685464,52868546400026,73.11Z,,,,,,,,,,,sirene,
T S P P TOUS SERVICES POSES PANNEAUX,,,a contacter,,,,,,,,,,,,marketing_com,Regie publicitaire de medias,VILLENEUVE-LE-ROI,,94,,,,,,,,,,,,,,,,,,,,,,,,,,,,,,,,,,,,,,,,,,,,,,,423334077,42333407700033,73.12Z,,,,,,,,,,,sirene,
T-FACTORY,,,a contacter,,,,,,,,,,,,marketing_com,Activites des agences de publicite,ETAPLES,,62,,,,,,,,,,,,,,,,,,,,,,,,,,,,,,,,,,,,,,,,,,,,,,,488935875,48893587500010,73.11Z,,,,,,,,,,,sirene,
T-IN COMMUNICATION,,,a contacter,,,,,,,,,,,,marketing_com,Activites des agences de publicite,MACON,,71,,,,,,,,,,,,,,,,,,,,,,,,,,,,,,,,,,,,,,,,,,,,,,,802837534,80283753400030,73.11Z,,,,,,,,,,,sirene,
T.C.,,,a contacter,,,,,,,,,,,,marketing_com,Activites des agences de publicite,LA GORGUE,,59,,,,,,,,,,,,,,,,,,,,,,,,,,,,,,,,,,,,,,,,,,,,,,,793615360,79361536000047,73.11Z,,,,,,,,,,,sirene,
T.L WEB,,,a contacter,,,,,,,,,,,,marketing_com,Activites des agences de publicite,PALAISEAU,,91,,,,,,,,,,,,,,,,,,,,,,,,,,,,,,,,,,,,,,,,,,,,,,,510770738,51077073800027,73.11Z,,,,,,,,,,,sirene,
T.N.T,,,a contacter,,,,,,,,,,,,marketing_com,Activites des agences de publicite,LE PUY-EN-VELAY,,43,,,,,,,,,,,,,,,,,,,,,,,,,,,,,,,,,,,,,,,,,,,,,,,337784698,33778469800041,73.11Z,,,,,,,,,,,sirene,
T2,,,a contacter,,,,,,,,,,,,marketing_com,Activites des agences de publicite,DIJON,,21,,,,,,,,,,,,,,,,,,,,,,,,,,,,,,,,,,,,,,,,,,,,,,,317220374,31722037400050,73.11Z,,,,,,,,,,,sirene,
T2M TECHNIQUE MAINTENANCE MULTISERVICES,,,a contacter,,,,,,,,,,,,marketing_com,Activites des agences de publicite,PARIS,,75,,,,,,,,,,,,,,,,,,,,,,,,,,,,,,,,,,,,,,,,,,,,,,,401905328,40190532800035,73.11Z,,,,,,,,,,,sirene,
TABOOLA FRANCE SAS,,,a contacter,,,,,,,,,,,,marketing_com,Activites des agences de publicite,PARIS,,75,,,,,,,,,,,,,,,,,,,,,,,,,,,,,,,,,,,,,,,,,,,,,,,833520984,83352098400018,73.11Z,,,,,,,,,,,sirene,
TAC-TIC MEDIA,,,a contacter,,,,,,,,,,,,marketing_com,Regie publicitaire de medias,LA GARENNE-COLOMBES,,92,,,,,,,,,,,,,,,,,,,,,,,,,,,,,,,,,,,,,,,,,,,,,,,492419015,49241901500044,73.12Z,,,,,,,,,,,sirene,
TACO &CO,,,a contacter,,,,,,,,,,,,marketing_com,Activites des agences de publicite,ARLES,,13,,,,,,,,,,,,,,,,,,,,,,,,,,,,,,,,,,,,,,,,,,,,,,,879920395,87992039500016,73.11Z,,,,,,,,,,,sirene,
TACTILE,,,a contacter,,,,,,,,,,,,marketing_com,Conseil en relations publiques et communication,NEUILLY-SUR-SEINE,,92,,,,,,,,,,,,,,,,,,,,,,,,,,,,,,,,,,,,,,,,,,,,,,,513193391,51319339100028,70.21Z,,,,,,,,,,,sirene,
TADAAAM STUDIO,,,a contacter,,,,,,,,,,,,marketing_com,Activites des agences de publicite,SAINTE-SAVINE,,10,,,,,,,,,,,,,,,,,,,,,,,,,,,,,,,,,,,,,,,,,,,,,,,901528497,90152849700018,73.11Z,,,,,,,,,,,sirene,
TAG WORLDWIDE FRANCE,,,a contacter,,,,,,,,,,,,marketing_com,Conseil en relations publiques et communication,PARIS,,75,,,,,,,,,,,,,,,,,,,,,,,,,,,,,,,,,,,,,,,,,,,,,,,439759390,43975939000099,70.21Z,,,,,,,,,,,sirene,
TAGLINE,,,a contacter,,,,,,,,,,,,marketing_com,Activites des agences de publicite,SAINT-CLOUD,,92,,,,,,,,,,,,,,,,,,,,,,,,,,,,,,,,,,,,,,,,,,,,,,,489545582,48954558200020,73.11Z,,,,,,,,,,,sirene,
TAKE OFF,,,a contacter,,,,,,,,,,,,marketing_com,Activites des agences de publicite,AIX-EN-PROVENCE,,13,,,,,,,,,,,,,,,,,,,,,,,,,,,,,,,,,,,,,,,,,,,,,,,800475683,80047568300051,73.11Z,,,,,,,,,,,sirene,
TALENT GROUP,,,a contacter,,,,,,,,,,,,marketing_com,Regie publicitaire de medias,ISSY-LES-MOULINEAUX,,92,,,,,,,,,,,,,,,,,,,,,,,,,,,,,,,,,,,,,,,,,,,,,,,385207972,38520797200055,73.12Z,,,,,,,,,,,sirene,
TALENT-GO,,,a contacter,,,,,,,,,,,,marketing_com,Conseil en relations publiques et communication,MARSEILLE,,13,,,,,,,,,,,,,,,,,,,,,,,,,,,,,,,,,,,,,,,,,,,,,,,842189201,84218920100028,70.21Z,,,,,,,,,,,sirene,
TALENTS TRAVEL,,,a contacter,,,,,,,,,,,,marketing_com,Conseil en relations publiques et communication,PARIS,,75,,,,,,,,,,,,,,,,,,,,,,,,,,,,,,,,,,,,,,,,,,,,,,,830247664,83024766400022,70.21Z,,,,,,,,,,,sirene,
TAMBOUR BATTANT,,,a contacter,,,,,,,,,,,,marketing_com,Conseil en relations publiques et communication,PARIS,,75,,,,,,,,,,,,,,,,,,,,,,,,,,,,,,,,,,,,,,,,,,,,,,,903071199,90307119900033,70.21Z,,,,,,,,,,,sirene,
TAMENTO,,,a contacter,,,,,,,,,,,,marketing_com,Activites des agences de publicite,LYON,,69,,,,,,,,,,,,,,,,,,,,,,,,,,,,,,,,,,,,,,,,,,,,,,,502832413,50283241300038,73.11Z,,,,,,,,,,,sirene,
TAND'M,,,a contacter,,,,,,,,,,,,marketing_com,Activites des agences de publicite,PARIS,,75,,,,,,,,,,,,,,,,,,,,,,,,,,,,,,,,,,,,,,,,,,,,,,,402353080,40235308000060,73.11Z,,,,,,,,,,,sirene,
TANDEM STUDIO,,,a contacter,,,,,,,,,,,,marketing_com,Conseil en relations publiques et communication,BORDEAUX,,33,,,,,,,,,,,,,,,,,,,,,,,,,,,,,,,,,,,,,,,,,,,,,,,884432121,88443212100025,70.21Z,,,,,,,,,,,sirene,
TARG'ETHNIC,,,a contacter,,,,,,,,,,,,marketing_com,Regie publicitaire de medias,LA COURNEUVE,,93,,,,,,,,,,,,,,,,,,,,,,,,,,,,,,,,,,,,,,,,,,,,,,,817617095,81761709500010,73.12Z,,,,,,,,,,,sirene,
TATAMI,,,a contacter,,,,,,,,,,,,marketing_com,Activites des agences de publicite,ESTILLAC,,47,,,,,,,,,,,,,,,,,,,,,,,,,,,,,,,,,,,,,,,,,,,,,,,512636069,51263606900035,73.11Z,,,,,,,,,,,sirene,
TAURINE,,,a contacter,,,,,,,,,,,,marketing_com,Activites des agences de publicite,PARIS,,75,,,,,,,,,,,,,,,,,,,,,,,,,,,,,,,,,,,,,,,,,,,,,,,814456000,81445600000037,73.11Z,,,,,,,,,,,sirene,
TB MERCH,,,a contacter,,,,,,,,,,,,marketing_com,Activites des agences de publicite,SAINT-PIERRE,,974,,,,,,,,,,,,,,,,,,,,,,,,,,,,,,,,,,,,,,,,,,,,,,,847869450,84786945000019,73.11Z,,,,,,,,,,,sirene,
TBK,,,a contacter,,,,,,,,,,,,marketing_com,Activites des agences de publicite,SCHILTIGHEIM,,67,,,,,,,,,,,,,,,,,,,,,,,,,,,,,,,,,,,,,,,,,,,,,,,888888104,88888810400021,73.11Z,,,,,,,,,,,sirene,
TBWA -G1,,,a contacter,,,,,,,,,,,,marketing_com,Activites des agences de publicite,BOULOGNE-BILLANCOURT,,92,,,,,,,,,,,,,,,,,,,,,,,,,,,,,,,,,,,,,,,,,,,,,,,431823509,43182350900069,73.11Z,,,,,,,,,,,sirene,
TBWA EUROPE,,,a contacter,,,,,,,,,,,,marketing_com,Activites des agences de publicite,BOULOGNE-BILLANCOURT,,92,,,,,,,,,,,,,,,,,,,,,,,,,,,,,,,,,,,,,,,,,,,,,,,347585085,34758508500058,73.11Z,,,,,,,,,,,sirene,
TBWA PROD,,,a contacter,,,,,,,,,,,,marketing_com,Activites des agences de publicite,BOULOGNE-BILLANCOURT,,92,,,,,,,,,,,,,,,,,,,,,,,,,,,,,,,,,,,,,,,,,,,,,,,415055037,41505503700162,73.11Z,,,,,,,,,,,sirene,
TBWA/GROUPE,,,a contacter,,,,,,,,,,,,marketing_com,Activites des agences de publicite,BOULOGNE-BILLANCOURT,,92,,,,,,,,,,,,,,,,,,,,,,,,,,,,,,,,,,,,,,,,,,,,,,,682005079,68200507900095,73.11Z,,,,,,,,,,,sirene,
TC GRAPHITE,,,a contacter,,,,,,,,,,,,marketing_com,Activites des agences de publicite,MONTREUIL,,93,,,,,,,,,,,,,,,,,,,,,,,,,,,,,,,,,,,,,,,,,,,,,,,434193009,43419300900033,73.11Z,,,,,,,,,,,sirene,
TC ORGANISATION,,,a contacter,,,,,,,,,,,,marketing_com,Conseil en relations publiques et communication,LYON,,69,,,,,,,,,,,,,,,,,,,,,,,,,,,,,,,,,,,,,,,,,,,,,,,388279929,38827992900052,70.21Z,,,,,,,,,,,sirene,
TCA,,,a contacter,,,,,,,,,,,,marketing_com,Conseil en relations publiques et communication,LA ROCHELLE,,17,,,,,,,,,,,,,,,,,,,,,,,,,,,,,,,,,,,,,,,,,,,,,,,790660898,79066089800020,70.21Z,,,,,,,,,,,sirene,
TDU,,,a contacter,,,,,,,,,,,,marketing_com,Activites des agences de publicite,ANTIGNY,,85,,,,,,,,,,,,,,,,,,,,,,,,,,,,,,,,,,,,,,,,,,,,,,,493946289,49394628900011,73.11Z,,,,,,,,,,,sirene,
TEAM CAJB,,,a contacter,,,,,,,,,,,,marketing_com,Regie publicitaire de medias,PLAISIR,,78,,,,,,,,,,,,,,,,,,,,,,,,,,,,,,,,,,,,,,,,,,,,,,,823687637,82368763700038,73.12Z,,,,,,,,,,,sirene,
TEAM MEDIA,,,a contacter,,,,,,,,,,,,marketing_com,Regie publicitaire de medias,PARIS,,75,,,,,,,,,,,,,,,,,,,,,,,,,,,,,,,,,,,,,,,,,,,,,,,389505850,38950585000195,73.12Z,,,,,,,,,,,sirene,
TEAMEXPORT,,,a contacter,,,,,,,,,,,,marketing_com,Activites des agences de publicite,MONTREUIL,,93,,,,,,,,,,,,,,,,,,,,,,,,,,,,,,,,,,,,,,,,,,,,,,,320015944,32001594400046,73.11Z,,,,,,,,,,,sirene,
TECH MARKETING,,,a contacter,,,,,,,,,,,,marketing_com,Activites des agences de publicite,MAULDE,,59,,,,,,,,,,,,,,,,,,,,,,,,,,,,,,,,,,,,,,,,,,,,,,,403926157,40392615700047,73.11Z,,,,,,,,,,,sirene,
TECHNIPUB,,,a contacter,,,,,,,,,,,,marketing_com,Activites des agences de publicite,SAINTE-AULDE,,77,,,,,,,,,,,,,,,,,,,,,,,,,,,,,,,,,,,,,,,,,,,,,,,794603027,79460302700010,73.11Z,,,,,,,,,,,sirene,
TECHNISTYLE,,,a contacter,,,,,,,,,,,,marketing_com,Activites des agences de publicite,SAINT-CLOUD,,92,,,,,,,,,,,,,,,,,,,,,,,,,,,,,,,,,,,,,,,,,,,,,,,592063408,59206340800062,73.11Z,,,,,,,,,,,sirene,
TECHSELL,,,a contacter,,,,,,,,,,,,marketing_com,Activites des agences de publicite,NEUILLY-SUR-SEINE,,92,,,,,,,,,,,,,,,,,,,,,,,,,,,,,,,,,,,,,,,,,,,,,,,479365249,47936524900073,73.11Z,,,,,,,,,,,sirene,
TEKATE PRODUCTION,,,a contacter,,,,,,,,,,,,marketing_com,Activites des agences de publicite,COURNON-D'AUVERGNE,,63,,,,,,,,,,,,,,,,,,,,,,,,,,,,,,,,,,,,,,,,,,,,,,,913079216,91307921600036,73.11Z,,,,,,,,,,,sirene,
TELEPERFORMANCE SE,,,a contacter,,,,,,,,,,,,marketing_com,Activites des agences de publicite,PARIS,,75,,,,,,,,,,,,,,,,,,,,,,,,,,,,,,,,,,,,,,,,,,,,,,,301292702,30129270200059,73.11Z,,,,,,,,,,,sirene,
TELERESSOURCES,,,a contacter,,,,,,,,,,,,marketing_com,Activites des agences de publicite,PARIS,,75,,,,,,,,,,,,,,,,,,,,,,,,,,,,,,,,,,,,,,,,,,,,,,,479474686,47947468600017,73.11Z,,,,,,,,,,,sirene,
TEMPS PRIVE,,,a contacter,,,,,,,,,,,,marketing_com,Conseil en relations publiques et communication,PARIS,,75,,,,,,,,,,,,,,,,,,,,,,,,,,,,,,,,,,,,,,,,,,,,,,,527622559,52762255900021,70.21Z,,,,,,,,,,,sirene,
TEMPS REEL,,,a contacter,,,,,,,,,,,,marketing_com,Conseil en relations publiques et communication,DIJON,,21,,,,,,,,,,,,,,,,,,,,,,,,,,,,,,,,,,,,,,,,,,,,,,,532927365,53292736500017,70.21Z,,,,,,,,,,,sirene,
TERRA COMPAGNIE,,,a contacter,,,,,,,,,,,,marketing_com,Conseil en relations publiques et communication,RIVESALTES,,66,,,,,,,,,,,,,,,,,,,,,,,,,,,,,,,,,,,,,,,,,,,,,,,883447807,88344780700016,70.21Z,,,,,,,,,,,sirene,
TERRA PUBLICA,,,a contacter,,,,,,,,,,,,marketing_com,Activites des agences de publicite,LYON,,69,,,,,,,,,,,,,,,,,,,,,,,,,,,,,,,,,,,,,,,,,,,,,,,511997801,51199780100044,73.11Z,,,,,,,,,,,sirene,
TERRAVOX,,,a contacter,,,,,,,,,,,,marketing_com,Conseil en relations publiques et communication,PARIS,,75,,,,,,,,,,,,,,,,,,,,,,,,,,,,,,,,,,,,,,,,,,,,,,,831798996,83179899600029,70.21Z,,,,,,,,,,,sirene,
TERRE DE BRIORD,,,a contacter,,,,,,,,,,,,marketing_com,Conseil en relations publiques et communication,PORT-SAINT-PERE,,44,,,,,,,,,,,,,,,,,,,,,,,,,,,,,,,,,,,,,,,,,,,,,,,907872782,90787278200020,70.21Z,,,,,,,,,,,sirene,
TERRE DE SIENNE,,,a contacter,,,,,,,,,,,,marketing_com,Activites des agences de publicite,PARIS,,75,,,,,,,,,,,,,,,,,,,,,,,,,,,,,,,,,,,,,,,,,,,,,,,538653023,53865302300035,73.11Z,,,,,,,,,,,sirene,
TERRE OCEAN COMMUNICATION,,,a contacter,,,,,,,,,,,,marketing_com,Regie publicitaire de medias,ANGERS,,49,,,,,,,,,,,,,,,,,,,,,,,,,,,,,,,,,,,,,,,,,,,,,,,498082114,49808211400055,73.12Z,,,,,,,,,,,sirene,
TERRES DE COMMUNICATIONS,,,a contacter,,,,,,,,,,,,marketing_com,Conseil en relations publiques et communication,PARIS,,75,,,,,,,,,,,,,,,,,,,,,,,,,,,,,,,,,,,,,,,,,,,,,,,812217859,81221785900014,70.21Z,,,,,,,,,,,sirene,
TERRES DU SUD,,,a contacter,,,,,,,,,,,,marketing_com,Activites des agences de publicite,PLAISANCE-DU-TOUCH,,31,,,,,,,,,,,,,,,,,,,,,,,,,,,,,,,,,,,,,,,,,,,,,,,409248945,40924894500035,73.11Z,,,,,,,,,,,sirene,
TERTIO - S.A.S.U,,,a contacter,,,,,,,,,,,,marketing_com,Activites des agences de publicite,MULHOUSE,,68,,,,,,,,,,,,,,,,,,,,,,,,,,,,,,,,,,,,,,,,,,,,,,,385114467,38511446700033,73.11Z,,,,,,,,,,,sirene,
TESSI CONTACT CENTER,,,a contacter,,,,,,,,,,,,marketing_com,Activites des agences de publicite,ISSY-LES-MOULINEAUX,,92,,,,,,,,,,,,,,,,,,,,,,,,,,,,,,,,,,,,,,,,,,,,,,,415409325,41540932500057,73.11Z,,,,,,,,,,,sirene,
TESSI MD,,,a contacter,,,,,,,,,,,,marketing_com,Activites des agences de publicite,PANNES,,45,,,,,,,,,,,,,,,,,,,,,,,,,,,,,,,,,,,,,,,,,,,,,,,300647609,30064760900191,73.11Z,,,,,,,,,,,sirene,
TESSI TMS,,,a contacter,,,,,,,,,,,,marketing_com,Activites des agences de publicite,VOISINS-LE-BRETONNEUX,,78,,,,,,,,,,,,,,,,,,,,,,,,,,,,,,,,,,,,,,,,,,,,,,,649801826,64980182600102,73.11Z,,,,,,,,,,,sirene,
TETE CHERCHEUSE,,,a contacter,,,,,,,,,,,,marketing_com,Conseil en relations publiques et communication,CESTAS,,33,,,,,,,,,,,,,,,,,,,,,,,,,,,,,,,,,,,,,,,,,,,,,,,521914424,52191442400010,70.21Z,,,,,,,,,,,sirene,
TETRO,,,a contacter,,,,,,,,,,,,marketing_com,Conseil en relations publiques et communication,LYON,,69,,,,,,,,,,,,,,,,,,,,,,,,,,,,,,,,,,,,,,,,,,,,,,,528042096,52804209600024,70.21Z,,,,,,,,,,,sirene,
TEXET FRANCE,,,a contacter,,,,,,,,,,,,marketing_com,Activites des agences de publicite,VELIZY-VILLACOUBLAY,,78,,,,,,,,,,,,,,,,,,,,,,,,,,,,,,,,,,,,,,,,,,,,,,,572175669,57217566900108,73.11Z,,,,,,,,,,,sirene,
TEXTILE ARTS GRAPHIQUES,,,a contacter,,,,,,,,,,,,marketing_com,Activites des agences de publicite,POITIERS,,86,,,,,,,,,,,,,,,,,,,,,,,,,,,,,,,,,,,,,,,,,,,,,,,388583452,38858345200049,73.11Z,,,,,,,,,,,sirene,
TF1 PUBLICITE,,,a contacter,,,,,,,,,,,,marketing_com,Regie publicitaire de medias,BOULOGNE-BILLANCOURT,,92,,,,,,,,,,,,,,,,,,,,,,,,,,,,,,,,,,,,,,,,,,,,,,,311473383,31147338300025,73.12Z,,,,,,,,,,,sirene,
TGI SPORT FRANCE SASU,,,a contacter,,,,,,,,,,,,marketing_com,Activites des agences de publicite,BIOT,,06,,,,,,,,,,,,,,,,,,,,,,,,,,,,,,,,,,,,,,,,,,,,,,,910493683,91049368300031,73.11Z,,,,,,,,,,,sirene,
THE BIG FAMILY,,,a contacter,,,,,,,,,,,,marketing_com,Activites des agences de publicite,STRASBOURG,,67,,,,,,,,,,,,,,,,,,,,,,,,,,,,,,,,,,,,,,,,,,,,,,,492920020,49292002000012,73.11Z,,,,,,,,,,,sirene,
THE BORN GROUP,,,a contacter,,,,,,,,,,,,marketing_com,Activites des agences de publicite,MARSEILLE,,13,,,,,,,,,,,,,,,,,,,,,,,,,,,,,,,,,,,,,,,,,,,,,,,820774180,82077418000039,73.11Z,,,,,,,,,,,sirene,
THE BOSON PROJECT,,,a contacter,,,,,,,,,,,,marketing_com,Conseil en relations publiques et communication,MOZAC,,63,,,,,,,,,,,,,,,,,,,,,,,,,,,,,,,,,,,,,,,,,,,,,,,789508843,78950884300065,70.21Z,,,,,,,,,,,sirene,
THE BRAND NATION,,,a contacter,,,,,,,,,,,,marketing_com,Activites des agences de publicite,PARIS,,75,,,,,,,,,,,,,,,,,,,,,,,,,,,,,,,,,,,,,,,,,,,,,,,351693619,35169361900063,73.11Z,,,,,,,,,,,sirene,
THE CONTINUITY COMPANY,,,a contacter,,,,,,,,,,,,marketing_com,Activites des agences de publicite,PARIS,,75,,,,,,,,,,,,,,,,,,,,,,,,,,,,,,,,,,,,,,,,,,,,,,,382906246,38290624600097,73.11Z,,,,,,,,,,,sirene,
THE FAN SYNDICATE GROUP,,,a contacter,,,,,,,,,,,,marketing_com,Conseil en relations publiques et communication,BOULOGNE-BILLANCOURT,,92,,,,,,,,,,,,,,,,,,,,,,,,,,,,,,,,,,,,,,,,,,,,,,,499449759,49944975900053,70.21Z,,,,,,,,,,,sirene,
THE GOBELINERS,,,a contacter,,,,,,,,,,,,marketing_com,Activites des agences de publicite,PARIS,,75,,,,,,,,,,,,,,,,,,,,,,,,,,,,,,,,,,,,,,,,,,,,,,,532571122,53257112200052,73.11Z,,,,,,,,,,,sirene,
THE GUEST LIST,,,a contacter,,,,,,,,,,,,marketing_com,Conseil en relations publiques et communication,COLOMBES,,92,,,,,,,,,,,,,,,,,,,,,,,,,,,,,,,,,,,,,,,,,,,,,,,489820233,48982023300042,70.21Z,,,,,,,,,,,sirene,
THE LOCAL EUROPE AB,,,a contacter,,,,,,,,,,,,marketing_com,Regie publicitaire de medias,,,,,,,,,,,,,,,,,,,,,,,,,,,,,,,,,,,,,,,,,,,,,,,,,,790766208,79076620800017,73.12Z,,,,,,,,,,,sirene,
THE MARKETING STORE WORLDWIDE,,,a contacter,,,,,,,,,,,,marketing_com,Activites des agences de publicite,LEVALLOIS-PERRET,,92,,,,,,,,,,,,,,,,,,,,,,,,,,,,,,,,,,,,,,,,,,,,,,,439278052,43927805200071,73.11Z,,,,,,,,,,,sirene,
THE MESSENGERS,,,a contacter,,,,,,,,,,,,marketing_com,Conseil en relations publiques et communication,PARIS,,75,,,,,,,,,,,,,,,,,,,,,,,,,,,,,,,,,,,,,,,,,,,,,,,477658884,47765888400036,70.21Z,,,,,,,,,,,sirene,
THE MONEYTIZER,,,a contacter,,,,,,,,,,,,marketing_com,Regie publicitaire de medias,PARIS,,75,,,,,,,,,,,,,,,,,,,,,,,,,,,,,,,,,,,,,,,,,,,,,,,800925356,80092535600050,73.12Z,,,,,,,,,,,sirene,
THE PERFORMER MEDIA,,,a contacter,,,,,,,,,,,,marketing_com,Regie publicitaire de medias,BOULOGNE-BILLANCOURT,,92,,,,,,,,,,,,,,,,,,,,,,,,,,,,,,,,,,,,,,,,,,,,,,,900231176,90023117600018,73.12Z,,,,,,,,,,,sirene,
THE PUBLICISTS,,,a contacter,,,,,,,,,,,,marketing_com,Conseil en relations publiques et communication,PARIS,,75,,,,,,,,,,,,,,,,,,,,,,,,,,,,,,,,,,,,,,,,,,,,,,,813776440,81377644000014,70.21Z,,,,,,,,,,,sirene,
THE RAMP,,,a contacter,,,,,,,,,,,,marketing_com,Activites des agences de publicite,LEVALLOIS-PERRET,,92,,,,,,,,,,,,,,,,,,,,,,,,,,,,,,,,,,,,,,,,,,,,,,,830298741,83029874100042,73.11Z,,,,,,,,,,,sirene,
THE ROXANE COMPANY,,,a contacter,,,,,,,,,,,,marketing_com,Conseil en relations publiques et communication,PARIS,,75,,,,,,,,,,,,,,,,,,,,,,,,,,,,,,,,,,,,,,,,,,,,,,,507926640,50792664000040,70.21Z,,,,,,,,,,,sirene,
THE SALMON CONSULTING,,,a contacter,,,,,,,,,,,,marketing_com,Activites des agences de publicite,PUTEAUX,,92,,,,,,,,,,,,,,,,,,,,,,,,,,,,,,,,,,,,,,,,,,,,,,,451365613,45136561300046,73.11Z,,,,,,,,,,,sirene,
THE SOURCE,,,a contacter,,,,,,,,,,,,marketing_com,Conseil en relations publiques et communication,PARIS,,75,,,,,,,,,,,,,,,,,,,,,,,,,,,,,,,,,,,,,,,,,,,,,,,825139660,82513966000021,70.21Z,,,,,,,,,,,sirene,
THE TRADE DESK FRANCE,,,a contacter,,,,,,,,,,,,marketing_com,Regie publicitaire de medias,PUTEAUX,,92,,,,,,,,,,,,,,,,,,,,,,,,,,,,,,,,,,,,,,,,,,,,,,,823802491,82380249100048,73.12Z,,,,,,,,,,,sirene,
THE WOODSTOCK,,,a contacter,,,,,,,,,,,,marketing_com,Conseil en relations publiques et communication,LORMONT,,33,,,,,,,,,,,,,,,,,,,,,,,,,,,,,,,,,,,,,,,,,,,,,,,815037817,81503781700013,70.21Z,,,,,,,,,,,sirene,
THE&PARTNERS SARL,,,a contacter,,,,,,,,,,,,marketing_com,Regie publicitaire de medias,LEVALLOIS-PERRET,,92,,,,,,,,,,,,,,,,,,,,,,,,,,,,,,,,,,,,,,,,,,,,,,,827808213,82780821300025,73.12Z,,,,,,,,,,,sirene,
THEMA DESIGN,,,a contacter,,,,,,,,,,,,marketing_com,Conseil en relations publiques et communication,PARIS,,75,,,,,,,,,,,,,,,,,,,,,,,,,,,,,,,,,,,,,,,,,,,,,,,485130918,48513091800041,70.21Z,,,,,,,,,,,sirene,
THEMATIQUE MEDIAS COMMUNICATION,,,a contacter,,,,,,,,,,,,marketing_com,Activites des agences de publicite,DARNETAL,,76,,,,,,,,,,,,,,,,,,,,,,,,,,,,,,,,,,,,,,,,,,,,,,,422729970,42272997000034,73.11Z,,,,,,,,,,,sirene,
THEOBORA,,,a contacter,,,,,,,,,,,,marketing_com,Activites des agences de publicite,CLICHY,,92,,,,,,,,,,,,,,,,,,,,,,,,,,,,,,,,,,,,,,,,,,,,,,,503217440,50321744000026,73.11Z,,,,,,,,,,,sirene,
THETAPHARM,,,a contacter,,,,,,,,,,,,marketing_com,Activites des agences de publicite,MONTROUGE,,92,,,,,,,,,,,,,,,,,,,,,,,,,,,,,,,,,,,,,,,,,,,,,,,401258801,40125880100034,73.11Z,,,,,,,,,,,sirene,
THIERRY FOSSEY CONSEILS,,,a contacter,,,,,,,,,,,,marketing_com,Activites des agences de publicite,ERSTEIN,,67,,,,,,,,,,,,,,,,,,,,,,,,,,,,,,,,,,,,,,,,,,,,,,,534685995,53468599500027,73.11Z,,,,,,,,,,,sirene,
THINK AD COMMUNICATION,,,a contacter,,,,,,,,,,,,marketing_com,Activites des agences de publicite,ORLEANS,,45,,,,,,,,,,,,,,,,,,,,,,,,,,,,,,,,,,,,,,,,,,,,,,,487841686,48784168600032,73.11Z,,,,,,,,,,,sirene,
THINK.GREEN,,,a contacter,,,,,,,,,,,,marketing_com,Conseil en relations publiques et communication,NICE,,06,,,,,,,,,,,,,,,,,,,,,,,,,,,,,,,,,,,,,,,,,,,,,,,894367036,89436703600023,70.21Z,,,,,,,,,,,sirene,
THIS IS WHY,,,a contacter,,,,,,,,,,,,marketing_com,Conseil en relations publiques et communication,BOURG-SAINT-MAURICE,,73,,,,,,,,,,,,,,,,,,,,,,,,,,,,,,,,,,,,,,,,,,,,,,,847704897,84770489700010,70.21Z,,,,,,,,,,,sirene,
TILDER,,,a contacter,,,,,,,,,,,,marketing_com,Conseil en relations publiques et communication,PARIS,,75,,,,,,,,,,,,,,,,,,,,,,,,,,,,,,,,,,,,,,,,,,,,,,,380780262,38078026200032,70.21Z,,,,,,,,,,,sirene,
TINTAMARRE & CO SARL,,,a contacter,,,,,,,,,,,,marketing_com,Activites des agences de publicite,RIVIERE-SALEE,,972,,,,,,,,,,,,,,,,,,,,,,,,,,,,,,,,,,,,,,,,,,,,,,,443854096,44385409600031,73.11Z,,,,,,,,,,,sirene,
TIP-TOP MEDIA,,,a contacter,,,,,,,,,,,,marketing_com,Activites des agences de publicite,CAYENNE,,973,,,,,,,,,,,,,,,,,,,,,,,,,,,,,,,,,,,,,,,,,,,,,,,512215492,51221549200020,73.11Z,,,,,,,,,,,sirene,
TIRE-FESSES,,,a contacter,,,,,,,,,,,,marketing_com,Conseil en relations publiques et communication,RENNES,,35,,,,,,,,,,,,,,,,,,,,,,,,,,,,,,,,,,,,,,,,,,,,,,,850664871,85066487100033,70.21Z,,,,,,,,,,,sirene,
TISON COMMUNICATION,,,a contacter,,,,,,,,,,,,marketing_com,Activites des agences de publicite,BEAURAINS,,62,,,,,,,,,,,,,,,,,,,,,,,,,,,,,,,,,,,,,,,,,,,,,,,514975986,51497598600043,73.11Z,,,,,,,,,,,sirene,
TISSEURS DE LIENS,,,a contacter,,,,,,,,,,,,marketing_com,Activites des agences de publicite,STRASBOURG,,67,,,,,,,,,,,,,,,,,,,,,,,,,,,,,,,,,,,,,,,,,,,,,,,880443213,88044321300025,73.11Z,,,,,,,,,,,sirene,
TITOS PAINT,,,a contacter,,,,,,,,,,,,marketing_com,Activites des agences de publicite,SAINT-REMY-SUR-AVRE,,28,,,,,,,,,,,,,,,,,,,,,,,,,,,,,,,,,,,,,,,,,,,,,,,832287320,83228732000010,73.11Z,,,,,,,,,,,sirene,
TITRI FRANCE,,,a contacter,,,,,,,,,,,,marketing_com,Activites des agences de publicite,LACANAU,,33,,,,,,,,,,,,,,,,,,,,,,,,,,,,,,,,,,,,,,,,,,,,,,,892794702,89279470200019,73.11Z,,,,,,,,,,,sirene,
TLC MARKETING FRANCE,,,a contacter,,,,,,,,,,,,marketing_com,Activites des agences de publicite,PARIS,,75,,,,,,,,,,,,,,,,,,,,,,,,,,,,,,,,,,,,,,,,,,,,,,,491414306,49141430600036,73.11Z,,,,,,,,,,,sirene,
TLE DIFFUSION,,,a contacter,,,,,,,,,,,,marketing_com,Activites des agences de publicite,YERRES,,91,,,,,,,,,,,,,,,,,,,,,,,,,,,,,,,,,,,,,,,,,,,,,,,480064617,48006461700024,73.11Z,,,,,,,,,,,sirene,
TLF SERVICES,,,a contacter,,,,,,,,,,,,marketing_com,Conseil en relations publiques et communication,PARIS,,75,,,,,,,,,,,,,,,,,,,,,,,,,,,,,,,,,,,,,,,,,,,,,,,310613195,31061319500091,70.21Z,,,,,,,,,,,sirene,
TLI,,,a contacter,,,,,,,,,,,,marketing_com,Activites des agences de publicite,PARIS,,75,,,,,,,,,,,,,,,,,,,,,,,,,,,,,,,,,,,,,,,,,,,,,,,884871047,88487104700020,73.11Z,,,,,,,,,,,sirene,
TLS,,,a contacter,,,,,,,,,,,,marketing_com,Activites des agences de publicite,SAINT-OUEN-L'AUMONE,,95,,,,,,,,,,,,,,,,,,,,,,,,,,,,,,,,,,,,,,,,,,,,,,,433864477,43386447700024,73.11Z,,,,,,,,,,,sirene,
TMA,,,a contacter,,,,,,,,,,,,marketing_com,Conseil en relations publiques et communication,BOULOGNE-BILLANCOURT,,92,,,,,,,,,,,,,,,,,,,,,,,,,,,,,,,,,,,,,,,,,,,,,,,841367097,84136709700018,70.21Z,,,,,,,,,,,sirene,
TNK ALTERNANCE,,,a contacter,,,,,,,,,,,,marketing_com,Conseil en relations publiques et communication,COURBEVOIE,,92,,,,,,,,,,,,,,,,,,,,,,,,,,,,,,,,,,,,,,,,,,,,,,,790116552,79011655200049,70.21Z,,,,,,,,,,,sirene,
TO INTERNATIONAL,,,a contacter,,,,,,,,,,,,marketing_com,Activites des agences de publicite,LYON,,69,,,,,,,,,,,,,,,,,,,,,,,,,,,,,,,,,,,,,,,,,,,,,,,801022781,80102278100018,73.11Z,,,,,,,,,,,sirene,
TODAY TOMORROW,,,a contacter,,,,,,,,,,,,marketing_com,Activites des agences de publicite,GARCHES,,92,,,,,,,,,,,,,,,,,,,,,,,,,,,,,,,,,,,,,,,,,,,,,,,447849191,44784919100062,73.11Z,,,,,,,,,,,sirene,
TOILE DE COM',,,a contacter,,,,,,,,,,,,marketing_com,Activites des agences de publicite,VILLERS-BOCAGE,,14,,,,,,,,,,,,,,,,,,,,,,,,,,,,,,,,,,,,,,,,,,,,,,,531437036,53143703600027,73.11Z,,,,,,,,,,,sirene,
TOLSMA GRISNICH FRANCE,,,a contacter,,,,,,,,,,,,marketing_com,Activites des agences de publicite,HONGUEMARE-GUENOUVILLE,,27,,,,,,,,,,,,,,,,,,,,,,,,,,,,,,,,,,,,,,,,,,,,,,,839976933,83997693300029,73.11Z,,,,,,,,,,,sirene,
TOM POUCE,,,a contacter,,,,,,,,,,,,marketing_com,Activites des agences de publicite,SAINT-DENIS,,974,,,,,,,,,,,,,,,,,,,,,,,,,,,,,,,,,,,,,,,,,,,,,,,435151089,43515108900057,73.11Z,,,,,,,,,,,sirene,
TOMATO PUB,,,a contacter,,,,,,,,,,,,marketing_com,Activites des agences de publicite,LA CIOTAT,,13,,,,,,,,,,,,,,,,,,,,,,,,,,,,,,,,,,,,,,,,,,,,,,,441671591,44167159100044,73.11Z,,,,,,,,,,,sirene,
TOMOE,,,a contacter,,,,,,,,,,,,marketing_com,Activites des agences de publicite,MONTPELLIER,,34,,,,,,,,,,,,,,,,,,,,,,,,,,,,,,,,,,,,,,,,,,,,,,,532176161,53217616100034,73.11Z,,,,,,,,,,,sirene,
TOMORHOW,,,a contacter,,,,,,,,,,,,marketing_com,Activites des agences de publicite,LEVALLOIS-PERRET,,92,,,,,,,,,,,,,,,,,,,,,,,,,,,,,,,,,,,,,,,,,,,,,,,804284487,80428448700027,73.11Z,,,,,,,,,,,sirene,
TOP MEDIAS,,,a contacter,,,,,,,,,,,,marketing_com,Regie publicitaire de medias,BETHUNE,,62,,,,,,,,,,,,,,,,,,,,,,,,,,,,,,,,,,,,,,,,,,,,,,,339903296,33990329600046,73.12Z,,,,,,,,,,,sirene,
TOPYMEDIA,,,a contacter,,,,,,,,,,,,marketing_com,Conseil en relations publiques et communication,AUDENGE,,33,,,,,,,,,,,,,,,,,,,,,,,,,,,,,,,,,,,,,,,,,,,,,,,901013557,90101355700029,70.21Z,,,,,,,,,,,sirene,
TORNIKA,,,a contacter,,,,,,,,,,,,marketing_com,Activites des agences de publicite,PARIS,,75,,,,,,,,,,,,,,,,,,,,,,,,,,,,,,,,,,,,,,,,,,,,,,,793980822,79398082200068,73.11Z,,,,,,,,,,,sirene,
TOSKANE,,,a contacter,,,,,,,,,,,,marketing_com,Activites des agences de publicite,MONTAIGU-VENDEE,,85,,,,,,,,,,,,,,,,,,,,,,,,,,,,,,,,,,,,,,,,,,,,,,,534109327,53410932700021,73.11Z,,,,,,,,,,,sirene,
TOTEM,,,a contacter,,,,,,,,,,,,marketing_com,Activites des agences de publicite,BILLERE,,64,,,,,,,,,,,,,,,,,,,,,,,,,,,,,,,,,,,,,,,,,,,,,,,391373347,39137334700056,73.11Z,,,,,,,,,,,sirene,
TOTEM ATLANTIQUE,,,a contacter,,,,,,,,,,,,marketing_com,Regie publicitaire de medias,MONTARNAUD,,34,,,,,,,,,,,,,,,,,,,,,,,,,,,,,,,,,,,,,,,,,,,,,,,494973076,49497307600032,73.12Z,,,,,,,,,,,sirene,
TOTEM ET CO,C,0,a contacter,,,,,,,,,,,,marketing_com,Activites des agences de publicite,LYON,,69,,,,,,,,,https://www.pappers.fr/entreprise/490771375,https://annuaire-entreprises.data.gouv.fr/entreprise/490771375,https://annuaire-entreprises.data.gouv.fr/annonces/490771375,https://annuaire-entreprises.data.gouv.fr/donnees-financieres/490771375,https://annuaire-entreprises.data.gouv.fr/dirigeants/490771375,https://www.google.com/maps/search/?api=1&query=TOTEM+ET+CO+LYON,https://www.google.com/search?q=TOTEM+ET+CO+LYON,https://news.google.com/search?hl=fr&q=%22TOTEM+ET+CO%22,https://www.linkedin.com/search/results/companies/?keywords=TOTEM+ET+CO,,https://www.pagesjaunes.fr/annuaire/chercherlespros?quoiqui=TOTEM+ET+CO&ou=LYON,https://www.societe.com/cgi-bin/search?champs=490771375,,,,,,,,,,,,,,,,,,,,,,,,FR25490771375,,,490771375,49077137500048,73.11Z,,,,,,,,non,oui,2026-08-01,sirene,
TOTEM MEDITERRANEE,,,a contacter,,,,,,,,,,,,marketing_com,Activites des agences de publicite,MONTARNAUD,,34,,,,,,,,,,,,,,,,,,,,,,,,,,,,,,,,,,,,,,,,,,,,,,,393222740,39322274000036,73.11Z,,,,,,,,,,,sirene,
TOTOCOLLANT PUB,,,a contacter,,,,,,,,,,,,marketing_com,Activites des agences de publicite,LE GRAND-QUEVILLY,,76,,,,,,,,,,,,,,,,,,,,,,,,,,,,,,,,,,,,,,,,,,,,,,,503470478,50347047800044,73.11Z,,,,,,,,,,,sirene,
TOUCH POINT MEDIA,,,a contacter,,,,,,,,,,,,marketing_com,Activites des agences de publicite,NANTES,,44,,,,,,,,,,,,,,,,,,,,,,,,,,,,,,,,,,,,,,,,,,,,,,,833958184,83395818400016,73.11Z,,,,,,,,,,,sirene,
TOULOUSE AGENCY OCCITANIE,,,a contacter,,,,,,,,,,,,marketing_com,Activites des agences de publicite,TOULOUSE,,31,,,,,,,,,,,,,,,,,,,,,,,,,,,,,,,,,,,,,,,,,,,,,,,401941547,40194154700069,73.11Z,,,,,,,,,,,sirene,
TOURING INFO SERVICE MASSIF CENTRAL,,,a contacter,,,,,,,,,,,,marketing_com,Regie publicitaire de medias,CLERMONT-FERRAND,,63,,,,,,,,,,,,,,,,,,,,,,,,,,,,,,,,,,,,,,,,,,,,,,,442054565,44205456500035,73.12Z,,,,,,,,,,,sirene,
TOUT COM,,,a contacter,,,,,,,,,,,,marketing_com,Activites des agences de publicite,CASTANET-TOLOSAN,,31,,,,,,,,,,,,,,,,,,,,,,,,,,,,,,,,,,,,,,,,,,,,,,,519949333,51994933300032,73.11Z,,,,,,,,,,,sirene,
TOUT POUR REUSSIR,,,a contacter,,,,,,,,,,,,marketing_com,Activites des agences de publicite,MONTPELLIER,,34,,,,,,,,,,,,,,,,,,,,,,,,,,,,,,,,,,,,,,,,,,,,,,,888520962,88852096200034,73.11Z,,,,,,,,,,,sirene,
TOUT TERRAIN,,,a contacter,,,,,,,,,,,,marketing_com,Activites des agences de publicite,IVRY-SUR-SEINE,,94,,,,,,,,,,,,,,,,,,,,,,,,,,,,,,,,,,,,,,,,,,,,,,,381245661,38124566100065,73.11Z,,,,,,,,,,,sirene,
TOUT'COM,,,a contacter,,,,,,,,,,,,marketing_com,Activites des agences de publicite,LA CIOTAT,,13,,,,,,,,,,,,,,,,,,,,,,,,,,,,,,,,,,,,,,,,,,,,,,,534944046,53494404600034,73.11Z,,,,,,,,,,,sirene,
TOUTOUCHE AGENCY,,,a contacter,,,,,,,,,,,,marketing_com,Conseil en relations publiques et communication,ISSY-LES-MOULINEAUX,,92,,,,,,,,,,,,,,,,,,,,,,,,,,,,,,,,,,,,,,,,,,,,,,,891455867,89145586700020,70.21Z,,,,,,,,,,,sirene,
TOUZ'AZIMUTS,,,a contacter,,,,,,,,,,,,marketing_com,Regie publicitaire de medias,BOULOGNE-SUR-MER,,62,,,,,,,,,,,,,,,,,,,,,,,,,,,,,,,,,,,,,,,,,,,,,,,424576478,42457647800046,73.12Z,,,,,,,,,,,sirene,
TOX,,,a contacter,,,,,,,,,,,,marketing_com,Activites des agences de publicite,LYON,,69,,,,,,,,,,,,,,,,,,,,,,,,,,,,,,,,,,,,,,,,,,,,,,,832933675,83293367500015,73.11Z,,,,,,,,,,,sirene,
TOYOTA MOTOR EUROPE,,,a contacter,,,,,,,,,,,,marketing_com,Conseil en relations publiques et communication,,,,,,,,,,,,,,,,,,,,,,,,,,,,,,,,,,,,,,,,,,,,,,,,,,382984920,38298492000043,70.21Z,,,,,,,,,,,sirene,
TRADER D IMAGES,,,a contacter,,,,,,,,,,,,marketing_com,Conseil en relations publiques et communication,CROISSY-BEAUBOURG,,77,,,,,,,,,,,,,,,,,,,,,,,,,,,,,,,,,,,,,,,,,,,,,,,520581653,52058165300067,70.21Z,,,,,,,,,,,sirene,
TRAFFICKING SOLUTIONS,,,a contacter,,,,,,,,,,,,marketing_com,Activites des agences de publicite,LEE,,64,,,,,,,,,,,,,,,,,,,,,,,,,,,,,,,,,,,,,,,,,,,,,,,441912680,44191268000036,73.11Z,,,,,,,,,,,sirene,
TRAFIC COMMUNICATION,,,a contacter,,,,,,,,,,,,marketing_com,Activites des agences de publicite,MERIGNAC,,33,,,,,,,,,,,,,,,,,,,,,,,,,,,,,,,,,,,,,,,,,,,,,,,813596582,81359658200037,73.11Z,,,,,,,,,,,sirene,
TRAIT D'UNION,,,a contacter,,,,,,,,,,,,marketing_com,Activites des agences de publicite,VENDARGUES,,34,,,,,,,,,,,,,,,,,,,,,,,,,,,,,,,,,,,,,,,,,,,,,,,523382570,52338257000035,73.11Z,,,,,,,,,,,sirene,
TRAIT D'UNION,,,a contacter,,,,,,,,,,,,marketing_com,Activites des agences de publicite,LYON,,69,,,,,,,,,,,,,,,,,,,,,,,,,,,,,,,,,,,,,,,,,,,,,,,335221248,33522124800081,73.11Z,,,,,,,,,,,sirene,
TRAIT D'UNION,,,a contacter,,,,,,,,,,,,marketing_com,Activites des agences de publicite,BAIE-MAHAULT,,971,,,,,,,,,,,,,,,,,,,,,,,,,,,,,,,,,,,,,,,,,,,,,,,306303124,30630312400110,73.11Z,,,,,,,,,,,sirene,
TRAJECTOIRE SIGNALETIQUE,,,a contacter,,,,,,,,,,,,marketing_com,Activites des agences de publicite,VITRY-SUR-SEINE,,94,,,,,,,,,,,,,,,,,,,,,,,,,,,,,,,,,,,,,,,,,,,,,,,437902612,43790261200039,73.11Z,,,,,,,,,,,sirene,
TRAVAIL ASSOCIE,,,a contacter,,,,,,,,,,,,marketing_com,Activites des agences de publicite,VALENCE,,26,,,,,,,,,,,,,,,,,,,,,,,,,,,,,,,,,,,,,,,,,,,,,,,429254592,42925459200026,73.11Z,,,,,,,,,,,sirene,
TRAVEL-INSIGHT,,,a contacter,,,,,,,,,,,,marketing_com,Conseil en relations publiques et communication,PARIS,,75,,,,,,,,,,,,,,,,,,,,,,,,,,,,,,,,,,,,,,,,,,,,,,,819759606,81975960600026,70.21Z,,,,,,,,,,,sirene,
TREE DIGITAL FACTORY,,,a contacter,,,,,,,,,,,,marketing_com,Regie publicitaire de medias,PUTEAUX,,92,,,,,,,,,,,,,,,,,,,,,,,,,,,,,,,,,,,,,,,,,,,,,,,524314846,52431484600063,73.12Z,,,,,,,,,,,sirene,
TREIZE CENT TREIZE,,,a contacter,,,,,,,,,,,,marketing_com,Conseil en relations publiques et communication,PARIS,,75,,,,,,,,,,,,,,,,,,,,,,,,,,,,,,,,,,,,,,,,,,,,,,,419468822,41946882200046,70.21Z,,,,,,,,,,,sirene,
TRENTA,,,a contacter,,,,,,,,,,,,marketing_com,Activites des agences de publicite,SAINT-ETIENNE,,42,,,,,,,,,,,,,,,,,,,,,,,,,,,,,,,,,,,,,,,,,,,,,,,330502188,33050218800023,73.11Z,,,,,,,,,,,sirene,
TRIB-U,,,a contacter,,,,,,,,,,,,marketing_com,Conseil en relations publiques et communication,ROUBAIX,,59,,,,,,,,,,,,,,,,,,,,,,,,,,,,,,,,,,,,,,,,,,,,,,,530437698,53043769800042,70.21Z,,,,,,,,,,,sirene,
TRIGONE MAGAZINES,,,a contacter,,,,,,,,,,,,marketing_com,Regie publicitaire de medias,LYON,,69,,,,,,,,,,,,,,,,,,,,,,,,,,,,,,,,,,,,,,,,,,,,,,,331279893,33127989300050,73.12Z,,,,,,,,,,,sirene,
TRISTAN GESRET,,,a contacter,,,,,,,,,,,,marketing_com,Activites des agences de publicite,GRAND-CHAMP,,56,,,,,,,,,,,,,,,,,,,,,,,,,,,,,,,,,,,,,,,,,,,,,,,850066465,85006646500020,73.11Z,,,,,,,,,,,sirene,
TRITOP SARL,,,a contacter,,,,,,,,,,,,marketing_com,Conseil en relations publiques et communication,CHATTE,,38,,,,,,,,,,,,,,,,,,,,,,,,,,,,,,,,,,,,,,,,,,,,,,,529589103,52958910300017,70.21Z,,,,,,,,,,,sirene,
TROA,,,a contacter,,,,,,,,,,,,marketing_com,Conseil en relations publiques et communication,MONTPELLIER,,34,,,,,,,,,,,,,,,,,,,,,,,,,,,,,,,,,,,,,,,,,,,,,,,791341464,79134146400042,70.21Z,,,,,,,,,,,sirene,
TROISETPLUS,,,a contacter,,,,,,,,,,,,marketing_com,Activites des agences de publicite,STRASBOURG,,67,,,,,,,,,,,,,,,,,,,,,,,,,,,,,,,,,,,,,,,,,,,,,,,538502527,53850252700020,73.11Z,,,,,,,,,,,sirene,
TRUC CHOUET,,,a contacter,,,,,,,,,,,,marketing_com,Activites des agences de publicite,LE MANS,,72,,,,,,,,,,,,,,,,,,,,,,,,,,,,,,,,,,,,,,,,,,,,,,,523423077,52342307700032,73.11Z,,,,,,,,,,,sirene,
TRUCKER COMPANY FRANCE,,,a contacter,,,,,,,,,,,,marketing_com,Activites des agences de publicite,TOULOUSE,,31,,,,,,,,,,,,,,,,,,,,,,,,,,,,,,,,,,,,,,,,,,,,,,,830155180,83015518000029,73.11Z,,,,,,,,,,,sirene,
TRUCY,,,a contacter,,,,,,,,,,,,marketing_com,Conseil en relations publiques et communication,PARIS,,75,,,,,,,,,,,,,,,,,,,,,,,,,,,,,,,,,,,,,,,,,,,,,,,492611298,49261129800026,70.21Z,,,,,,,,,,,sirene,
TSM EVENTS,,,a contacter,,,,,,,,,,,,marketing_com,Conseil en relations publiques et communication,LYON,,69,,,,,,,,,,,,,,,,,,,,,,,,,,,,,,,,,,,,,,,,,,,,,,,903887289,90388728900010,70.21Z,,,,,,,,,,,sirene,
TUNGSTENE CREATION,,,a contacter,,,,,,,,,,,,marketing_com,Activites des agences de publicite,PARIS,,75,,,,,,,,,,,,,,,,,,,,,,,,,,,,,,,,,,,,,,,,,,,,,,,414769505,41476950500044,73.11Z,,,,,,,,,,,sirene,
TURBULENCES,,,a contacter,,,,,,,,,,,,marketing_com,Activites des agences de publicite,CLERMONT-FERRAND,,63,,,,,,,,,,,,,,,,,,,,,,,,,,,,,,,,,,,,,,,,,,,,,,,829649938,82964993800018,73.11Z,,,,,,,,,,,sirene,
TURN,,,a contacter,,,,,,,,,,,,marketing_com,Conseil en relations publiques et communication,PERIGNY,,17,,,,,,,,,,,,,,,,,,,,,,,,,,,,,,,,,,,,,,,,,,,,,,,523108298,52310829800028,70.21Z,,,,,,,,,,,sirene,
TURNADON,,,a contacter,,,,,,,,,,,,marketing_com,Regie publicitaire de medias,PARIS,,75,,,,,,,,,,,,,,,,,,,,,,,,,,,,,,,,,,,,,,,,,,,,,,,822673448,82267344800020,73.12Z,,,,,,,,,,,sirene,
TWENTY FIRST COMMUNICATION,,,a contacter,,,,,,,,,,,,marketing_com,Activites des agences de publicite,CHASSENEUIL-DU-POITOU,,86,,,,,,,,,,,,,,,,,,,,,,,,,,,,,,,,,,,,,,,,,,,,,,,353331887,35333188700029,73.11Z,,,,,,,,,,,sirene,
TWININ GROUP,,,a contacter,,,,,,,,,,,,marketing_com,Conseil en relations publiques et communication,PARIS,,75,,,,,,,,,,,,,,,,,,,,,,,,,,,,,,,,,,,,,,,,,,,,,,,520301557,52030155700093,70.21Z,,,,,,,,,,,sirene,
TWINS PARTNERS FRANCE,,,a contacter,,,,,,,,,,,,marketing_com,Conseil en relations publiques et communication,PARIS,,75,,,,,,,,,,,,,,,,,,,,,,,,,,,,,,,,,,,,,,,,,,,,,,,797673381,79767338100027,70.21Z,,,,,,,,,,,sirene,
TWIST AND CIE,,,a contacter,,,,,,,,,,,,marketing_com,Conseil en relations publiques et communication,LEVALLOIS-PERRET,,92,,,,,,,,,,,,,,,,,,,,,,,,,,,,,,,,,,,,,,,,,,,,,,,827815366,82781536600022,70.21Z,,,,,,,,,,,sirene,
TWOBEVENTS TRAVEL SAS,,,a contacter,,,,,,,,,,,,marketing_com,Conseil en relations publiques et communication,SAINT-SAUVEUR,,33,,,,,,,,,,,,,,,,,,,,,,,,,,,,,,,,,,,,,,,,,,,,,,,789723004,78972300400014,70.21Z,,,,,,,,,,,sirene,
TWP INTERNATIONAL LLC,,,a contacter,,,,,,,,,,,,marketing_com,Regie publicitaire de medias,,,,,,,,,,,,,,,,,,,,,,,,,,,,,,,,,,,,,,,,,,,,,,,,,,834003121,83400312100011,73.12Z,,,,,,,,,,,sirene,
U GROUP,,,a contacter,,,,,,,,,,,,marketing_com,Activites des agences de publicite,,,,,,,,,,,,,,,,,,,,,,,,,,,,,,,,,,,,,,,,,,,,,,,,,,493835847,49383584700010,73.11Z,,,,,,,,,,,sirene,
UBI SIGN,,,a contacter,,,,,,,,,,,,marketing_com,Activites des agences de publicite,PARIS,,75,,,,,,,,,,,,,,,,,,,,,,,,,,,,,,,,,,,,,,,,,,,,,,,510478969,51047896900031,73.11Z,,,,,,,,,,,sirene,
UCLICS,,,a contacter,,,,,,,,,,,,marketing_com,Activites des agences de publicite,VILLENEUVE D ASCQ,,59,,,,,,,,,,,,,,,,,,,,,,,,,,,,,,,,,,,,,,,,,,,,,,,839994878,83999487800024,73.11Z,,,,,,,,,,,sirene,
UGGY,,,a contacter,,,,,,,,,,,,marketing_com,Activites des agences de publicite,PARIS,,75,,,,,,,,,,,,,,,,,,,,,,,,,,,,,,,,,,,,,,,,,,,,,,,532276102,53227610200029,73.11Z,,,,,,,,,,,sirene,
UGOCOM MEDIAS,,,a contacter,,,,,,,,,,,,marketing_com,Activites des agences de publicite,PERNES-LES-FONTAINES,,84,,,,,,,,,,,,,,,,,,,,,,,,,,,,,,,,,,,,,,,,,,,,,,,490885266,49088526600026,73.11Z,,,,,,,,,,,sirene,
UKOO,,,a contacter,,,,,,,,,,,,marketing_com,Activites des agences de publicite,MULHOUSE,,68,,,,,,,,,,,,,,,,,,,,,,,,,,,,,,,,,,,,,,,,,,,,,,,522354679,52235467900030,73.11Z,,,,,,,,,,,sirene,
ULTIMUM ADVERTISING,,,a contacter,,,,,,,,,,,,marketing_com,Activites des agences de publicite,LYON,,69,,,,,,,,,,,,,,,,,,,,,,,,,,,,,,,,,,,,,,,,,,,,,,,527591564,52759156400044,73.11Z,,,,,,,,,,,sirene,
ULTRAMEDIA,,,a contacter,,,,,,,,,,,,marketing_com,Activites des agences de publicite,LYON,,69,,,,,,,,,,,,,,,,,,,,,,,,,,,,,,,,,,,,,,,,,,,,,,,789118288,78911828800032,73.11Z,,,,,,,,,,,sirene,
ULTRANOIR,,,a contacter,,,,,,,,,,,,marketing_com,Activites des agences de publicite,PARIS,,75,,,,,,,,,,,,,,,,,,,,,,,,,,,,,,,,,,,,,,,,,,,,,,,484717020,48471702000065,73.11Z,,,,,,,,,,,sirene,
ULTRO,,,a contacter,,,,,,,,,,,,marketing_com,Activites des agences de publicite,BORDEAUX,,33,,,,,,,,,,,,,,,,,,,,,,,,,,,,,,,,,,,,,,,,,,,,,,,509696399,50969639900047,73.11Z,,,,,,,,,,,sirene,
UMT,,,a contacter,,,,,,,,,,,,marketing_com,Activites des agences de publicite,PUTEAUX,,92,,,,,,,,,,,,,,,,,,,,,,,,,,,,,,,,,,,,,,,,,,,,,,,444360069,44436006900082,73.11Z,,,,,,,,,,,sirene,
UN AUTRE MONDE,,,a contacter,,,,,,,,,,,,marketing_com,Activites des agences de publicite,LA MOTTE-SERVOLEX,,73,,,,,,,,,,,,,,,,,,,,,,,,,,,,,,,,,,,,,,,,,,,,,,,818193658,81819365800023,73.11Z,,,,,,,,,,,sirene,
UNANIME,,,a contacter,,,,,,,,,,,,marketing_com,Activites des agences de publicite,NOYELLES-LES-SECLIN,,59,,,,,,,,,,,,,,,,,,,,,,,,,,,,,,,,,,,,,,,,,,,,,,,751560459,75156045900032,73.11Z,,,,,,,,,,,sirene,
UNANIME,,,a contacter,,,,,,,,,,,,marketing_com,Conseil en relations publiques et communication,TREMBLAY-EN-FRANCE,,93,,,,,,,,,,,,,,,,,,,,,,,,,,,,,,,,,,,,,,,,,,,,,,,798841649,79884164900022,70.21Z,,,,,,,,,,,sirene,
UNBOXED,,,a contacter,,,,,,,,,,,,marketing_com,Activites des agences de publicite,LYON,,69,,,,,,,,,,,,,,,,,,,,,,,,,,,,,,,,,,,,,,,,,,,,,,,832973267,83297326700038,73.11Z,,,,,,,,,,,sirene,
UNDERSTAND,,,a contacter,,,,,,,,,,,,marketing_com,Activites des agences de publicite,COLLEGIEN,,77,,,,,,,,,,,,,,,,,,,,,,,,,,,,,,,,,,,,,,,,,,,,,,,809288384,80928838400021,73.11Z,,,,,,,,,,,sirene,
UNFRAME,,,a contacter,,,,,,,,,,,,marketing_com,Conseil en relations publiques et communication,BOULOGNE-BILLANCOURT,,92,,,,,,,,,,,,,,,,,,,,,,,,,,,,,,,,,,,,,,,,,,,,,,,518993324,51899332400038,70.21Z,,,,,,,,,,,sirene,
UNICOM,,,a contacter,,,,,,,,,,,,marketing_com,Conseil en relations publiques et communication,FOIX,,09,,,,,,,,,,,,,,,,,,,,,,,,,,,,,,,,,,,,,,,,,,,,,,,804043750,80404375000020,70.21Z,,,,,,,,,,,sirene,
UNICORNE,,,a contacter,,,,,,,,,,,,marketing_com,Conseil en relations publiques et communication,ARCHAMPS,,74,,,,,,,,,,,,,,,,,,,,,,,,,,,,,,,,,,,,,,,,,,,,,,,489476903,48947690300021,70.21Z,,,,,,,,,,,sirene,
UNICORP,,,a contacter,,,,,,,,,,,,marketing_com,Activites des agences de publicite,PARIS,,75,,,,,,,,,,,,,,,,,,,,,,,,,,,,,,,,,,,,,,,,,,,,,,,440889731,44088973100087,73.11Z,,,,,,,,,,,sirene,
UNIFY ADVERTISING,,,a contacter,,,,,,,,,,,,marketing_com,Regie publicitaire de medias,BOULOGNE BILLANCOURT,,92,,,,,,,,,,,,,,,,,,,,,,,,,,,,,,,,,,,,,,,,,,,,,,,518897749,51889774900074,73.12Z,,,,,,,,,,,sirene,
UNIQUE DESIGN,,,a contacter,,,,,,,,,,,,marketing_com,Activites des agences de publicite,MONTAUBAN,,82,,,,,,,,,,,,,,,,,,,,,,,,,,,,,,,,,,,,,,,,,,,,,,,379505498,37950549800038,73.11Z,,,,,,,,,,,sirene,
UNIQUE ET MULTIPLE COMMUNICATION,,,a contacter,,,,,,,,,,,,marketing_com,Activites des agences de publicite,BOULOGNE-BILLANCOURT,,92,,,,,,,,,,,,,,,,,,,,,,,,,,,,,,,,,,,,,,,,,,,,,,,439169913,43916991300043,73.11Z,,,,,,,,,,,sirene,
UNIT MEDIA,,,a contacter,,,,,,,,,,,,marketing_com,Activites des agences de publicite,SAINT-DENIS,,974,,,,,,,,,,,,,,,,,,,,,,,,,,,,,,,,,,,,,,,,,,,,,,,433213717,43321371700021,73.11Z,,,,,,,,,,,sirene,
UNITED ENTREPRENEURS,,,a contacter,,,,,,,,,,,,marketing_com,Conseil en relations publiques et communication,NOISY-LE-SEC,,93,,,,,,,,,,,,,,,,,,,,,,,,,,,,,,,,,,,,,,,,,,,,,,,824508188,82450818800037,70.21Z,,,,,,,,,,,sirene,
UNIVERCAST,,,a contacter,,,,,,,,,,,,marketing_com,Activites des agences de publicite,PARIS,,75,,,,,,,,,,,,,,,,,,,,,,,,,,,,,,,,,,,,,,,,,,,,,,,788999977,78899997700051,73.11Z,,,,,,,,,,,sirene,
UNIVERS PUB,,,a contacter,,,,,,,,,,,,marketing_com,Activites des agences de publicite,MOISSY-CRAMAYEL,,77,,,,,,,,,,,,,,,,,,,,,,,,,,,,,,,,,,,,,,,,,,,,,,,914533203,91453320300016,73.11Z,,,,,,,,,,,sirene,
UNLIMITAIL,,,a contacter,,,,,,,,,,,,marketing_com,Regie publicitaire de medias,PARIS,,75,,,,,,,,,,,,,,,,,,,,,,,,,,,,,,,,,,,,,,,,,,,,,,,907967889,90796788900037,73.12Z,,,,,,,,,,,sirene,
UP AND GO,,,a contacter,,,,,,,,,,,,marketing_com,Conseil en relations publiques et communication,LYON,,69,,,,,,,,,,,,,,,,,,,,,,,,,,,,,,,,,,,,,,,,,,,,,,,482964467,48296446700039,70.21Z,,,,,,,,,,,sirene,
UP DESIGN,,,a contacter,,,,,,,,,,,,marketing_com,Activites des agences de publicite,LYON,,69,,,,,,,,,,,,,,,,,,,,,,,,,,,,,,,,,,,,,,,,,,,,,,,807970058,80797005800028,73.11Z,,,,,,,,,,,sirene,
UP YOUR BIZZ,,,a contacter,,,,,,,,,,,,marketing_com,Conseil en relations publiques et communication,LE MANS,,72,,,,,,,,,,,,,,,,,,,,,,,,,,,,,,,,,,,,,,,,,,,,,,,790291058,79029105800036,70.21Z,,,,,,,,,,,sirene,
UPPERNATION,,,a contacter,,,,,,,,,,,,marketing_com,Conseil en relations publiques et communication,VAULX-EN-VELIN,,69,,,,,,,,,,,,,,,,,,,,,,,,,,,,,,,,,,,,,,,,,,,,,,,885393165,88539316500034,70.21Z,,,,,,,,,,,sirene,
UPTOWNS,,,a contacter,,,,,,,,,,,,marketing_com,Conseil en relations publiques et communication,ISSY-LES-MOULINEAUX,,92,,,,,,,,,,,,,,,,,,,,,,,,,,,,,,,,,,,,,,,,,,,,,,,879829273,87982927300017,70.21Z,,,,,,,,,,,sirene,
URBACOM,,,a contacter,,,,,,,,,,,,marketing_com,Activites des agences de publicite,FLERS-EN-ESCREBIEUX,,59,,,,,,,,,,,,,,,,,,,,,,,,,,,,,,,,,,,,,,,,,,,,,,,800815490,80081549000027,73.11Z,,,,,,,,,,,sirene,
URBAN ACT,,,a contacter,,,,,,,,,,,,marketing_com,Activites des agences de publicite,SAINT-OUEN-SUR-SEINE,,93,,,,,,,,,,,,,,,,,,,,,,,,,,,,,,,,,,,,,,,,,,,,,,,415113950,41511395000026,73.11Z,,,,,,,,,,,sirene,
URBAN CONNECT CORPORATION,,,a contacter,,,,,,,,,,,,marketing_com,Conseil en relations publiques et communication,BERNAY,,27,,,,,,,,,,,,,,,,,,,,,,,,,,,,,,,,,,,,,,,,,,,,,,,819958489,81995848900018,70.21Z,,,,,,,,,,,sirene,
URGENCE MEDIA,,,a contacter,,,,,,,,,,,,marketing_com,Regie publicitaire de medias,BOULOGNE-BILLANCOURT,,92,,,,,,,,,,,,,,,,,,,,,,,,,,,,,,,,,,,,,,,,,,,,,,,421326869,42132686900052,73.12Z,,,,,,,,,,,sirene,
USBEK & RICA,,,a contacter,,,,,,,,,,,,marketing_com,Conseil en relations publiques et communication,PARIS,,75,,,,,,,,,,,,,,,,,,,,,,,,,,,,,,,,,,,,,,,,,,,,,,,505366039,50536603900061,70.21Z,,,,,,,,,,,sirene,
USER ADGENTS,,,a contacter,,,,,,,,,,,,marketing_com,Activites des agences de publicite,PARIS,,75,,,,,,,,,,,,,,,,,,,,,,,,,,,,,,,,,,,,,,,,,,,,,,,432694735,43269473500049,73.11Z,,,,,,,,,,,sirene,
UTIQ FRANCE,,,a contacter,,,,,,,,,,,,marketing_com,Activites des agences de publicite,BOULOGNE-BILLANCOURT,,92,,,,,,,,,,,,,,,,,,,,,,,,,,,,,,,,,,,,,,,,,,,,,,,952834786,95283478600016,73.11Z,,,,,,,,,,,sirene,
UTOPIA,,,a contacter,,,,,,,,,,,,marketing_com,Conseil en relations publiques et communication,CELLETTES,,41,,,,,,,,,,,,,,,,,,,,,,,,,,,,,,,,,,,,,,,,,,,,,,,891792574,89179257400024,70.21Z,,,,,,,,,,,sirene,
V.M.A.D.,,,a contacter,,,,,,,,,,,,marketing_com,Activites des agences de publicite,BOBIGNY,,93,,,,,,,,,,,,,,,,,,,,,,,,,,,,,,,,,,,,,,,,,,,,,,,804839777,80483977700021,73.11Z,,,,,,,,,,,sirene,
VAC EDITIONS,,,a contacter,,,,,,,,,,,,marketing_com,Activites des agences de publicite,PARIS,,75,,,,,,,,,,,,,,,,,,,,,,,,,,,,,,,,,,,,,,,,,,,,,,,415143882,41514388200025,73.11Z,,,,,,,,,,,sirene,
VACHON XAVIER PUBLICITE,,,a contacter,,,,,,,,,,,,marketing_com,Activites des agences de publicite,SAINT-GREGOIRE,,35,,,,,,,,,,,,,,,,,,,,,,,,,,,,,,,,,,,,,,,,,,,,,,,394524243,39452424300042,73.11Z,,,,,,,,,,,sirene,
VAE SOLIS COMMUNICATIONS,,,a contacter,,,,,,,,,,,,marketing_com,Conseil en relations publiques et communication,PARIS,,75,,,,,,,,,,,,,,,,,,,,,,,,,,,,,,,,,,,,,,,,,,,,,,,443805197,44380519700037,70.21Z,,,,,,,,,,,sirene,
VAL D'HUISNE PUBLI,,,a contacter,,,,,,,,,,,,marketing_com,Regie publicitaire de medias,SOUVIGNE-SUR-MEME,,72,,,,,,,,,,,,,,,,,,,,,,,,,,,,,,,,,,,,,,,,,,,,,,,750435927,75043592700017,73.12Z,,,,,,,,,,,sirene,
VALCOM,,,a contacter,,,,,,,,,,,,marketing_com,Activites des agences de publicite,ALIXAN,,26,,,,,,,,,,,,,,,,,,,,,,,,,,,,,,,,,,,,,,,,,,,,,,,330053745,33005374500072,73.11Z,,,,,,,,,,,sirene,
VALDECOM,,,a contacter,,,,,,,,,,,,marketing_com,Activites des agences de publicite,SAUMUR,,49,,,,,,,,,,,,,,,,,,,,,,,,,,,,,,,,,,,,,,,,,,,,,,,513072694,51307269400021,73.11Z,,,,,,,,,,,sirene,
VALERIE DARNEY,,,a contacter,,,,,,,,,,,,marketing_com,Activites des agences de publicite,FRANQUEVILLE-SAINT-PIERRE,,76,,,,,,,,,,,,,,,,,,,,,,,,,,,,,,,,,,,,,,,,,,,,,,,523528255,52352825500038,73.11Z,,,,,,,,,,,sirene,
VALERIE VEDIAUD PUBLICITE,,,a contacter,,,,,,,,,,,,marketing_com,Activites des agences de publicite,GOUVIEUX,,60,,,,,,,,,,,,,,,,,,,,,,,,,,,,,,,,,,,,,,,,,,,,,,,384465100,38446510000053,73.11Z,,,,,,,,,,,sirene,
VALINEA-SERVICES,,,a contacter,,,,,,,,,,,,marketing_com,Activites des agences de publicite,THOUARE-SUR-LOIRE,,44,,,,,,,,,,,,,,,,,,,,,,,,,,,,,,,,,,,,,,,,,,,,,,,751627084,75162708400039,73.11Z,,,,,,,,,,,sirene,
VALNEVA,,,a contacter,,,,,,,,,,,,marketing_com,Activites des agences de publicite,LYON,,69,,,,,,,,,,,,,,,,,,,,,,,,,,,,,,,,,,,,,,,,,,,,,,,422497560,42249756000116,73.11Z,,,,,,,,,,,sirene,
VALORIS CONCEPT,,,a contacter,,,,,,,,,,,,marketing_com,Activites des agences de publicite,SAINT-PAUL,,974,,,,,,,,,,,,,,,,,,,,,,,,,,,,,,,,,,,,,,,,,,,,,,,791146293,79114629300034,73.11Z,,,,,,,,,,,sirene,
VALUES.MEDIA,,,a contacter,,,,,,,,,,,,marketing_com,Activites des agences de publicite,PARIS,,75,,,,,,,,,,,,,,,,,,,,,,,,,,,,,,,,,,,,,,,,,,,,,,,353762743,35376274300071,73.11Z,,,,,,,,,,,sirene,
VAN CLEEF & ARPELS MARKETING ET SERVICES,,,a contacter,,,,,,,,,,,,marketing_com,Activites des agences de publicite,PARIS,,75,,,,,,,,,,,,,,,,,,,,,,,,,,,,,,,,,,,,,,,,,,,,,,,425118098,42511809800044,73.11Z,,,,,,,,,,,sirene,
VANDERMARLIERE CIGAR FAMILY FRANCE,,,a contacter,,,,,,,,,,,,marketing_com,Activites des agences de publicite,MARCQ-EN-BARŒUL,,59,,,,,,,,,,,,,,,,,,,,,,,,,,,,,,,,,,,,,,,,,,,,,,,418705000,41870500000036,73.11Z,,,,,,,,,,,sirene,
VANGUARD METHOD AND INNOVATION,,,a contacter,,,,,,,,,,,,marketing_com,Conseil en relations publiques et communication,VITROLLES,,13,,,,,,,,,,,,,,,,,,,,,,,,,,,,,,,,,,,,,,,,,,,,,,,822450136,82245013600012,70.21Z,,,,,,,,,,,sirene,
VARIANT MARKETING,,,a contacter,,,,,,,,,,,,marketing_com,Activites des agences de publicite,LYON,,69,,,,,,,,,,,,,,,,,,,,,,,,,,,,,,,,,,,,,,,,,,,,,,,840113922,84011392200024,73.11Z,,,,,,,,,,,sirene,
VAS-Y PAULETTE,,,a contacter,,,,,,,,,,,,marketing_com,Activites des agences de publicite,CHAMBERY,,73,,,,,,,,,,,,,,,,,,,,,,,,,,,,,,,,,,,,,,,,,,,,,,,810795864,81079586400034,73.11Z,,,,,,,,,,,sirene,
VAYNERMEDIA EUROPE B.V.,,,a contacter,,,,,,,,,,,,marketing_com,Activites des agences de publicite,,,,,,,,,,,,,,,,,,,,,,,,,,,,,,,,,,,,,,,,,,,,,,,,,,978628204,97862820400015,73.11Z,,,,,,,,,,,sirene,
VEDIACOM,,,a contacter,,,,,,,,,,,,marketing_com,Activites des agences de publicite,FONDETTES,,37,,,,,,,,,,,,,,,,,,,,,,,,,,,,,,,,,,,,,,,,,,,,,,,433195427,43319542700052,73.11Z,,,,,,,,,,,sirene,
VEDIAUD,,,a contacter,,,,,,,,,,,,marketing_com,Activites des agences de publicite,PLOURIN-LES-MORLAIX,,29,,,,,,,,,,,,,,,,,,,,,,,,,,,,,,,,,,,,,,,,,,,,,,,814913497,81491349700016,73.11Z,,,,,,,,,,,sirene,
VELO,,,a contacter,,,,,,,,,,,,marketing_com,Activites des agences de publicite,LE CREUSOT,,71,,,,,,,,,,,,,,,,,,,,,,,,,,,,,,,,,,,,,,,,,,,,,,,411349541,41134954100010,73.11Z,,,,,,,,,,,sirene,
VENDEE GRAND SUD,,,a contacter,,,,,,,,,,,,marketing_com,Activites des agences de publicite,FONTENAY-LE-COMTE,,85,,,,,,,,,,,,,,,,,,,,,,,,,,,,,,,,,,,,,,,,,,,,,,,922194196,92219419600015,73.11Z,,,,,,,,,,,sirene,
VENDREDI 13,,,a contacter,,,,,,,,,,,,marketing_com,Activites des agences de publicite,LAVAUR,,81,,,,,,,,,,,,,,,,,,,,,,,,,,,,,,,,,,,,,,,,,,,,,,,498220037,49822003700051,73.11Z,,,,,,,,,,,sirene,
VENDREDI 3,,,a contacter,,,,,,,,,,,,marketing_com,Activites des agences de publicite,ALBI,,81,,,,,,,,,,,,,,,,,,,,,,,,,,,,,,,,,,,,,,,,,,,,,,,752065318,75206531800020,73.11Z,,,,,,,,,,,sirene,
VENISE HBA,,,a contacter,,,,,,,,,,,,marketing_com,Activites des agences de publicite,BOULOGNE-BILLANCOURT,,92,,,,,,,,,,,,,,,,,,,,,,,,,,,,,,,,,,,,,,,,,,,,,,,350130019,35013001900044,73.11Z,,,,,,,,,,,sirene,
VENT EN POUPE,,,a contacter,,,,,,,,,,,,marketing_com,Conseil en relations publiques et communication,CHARTRES,,28,,,,,,,,,,,,,,,,,,,,,,,,,,,,,,,,,,,,,,,,,,,,,,,448463984,44846398400022,70.21Z,,,,,,,,,,,sirene,
VERBATEE,,,a contacter,,,,,,,,,,,,marketing_com,Conseil en relations publiques et communication,PARIS,,75,,,,,,,,,,,,,,,,,,,,,,,,,,,,,,,,,,,,,,,,,,,,,,,798684411,79868441100035,70.21Z,,,,,,,,,,,sirene,
VERRI STUDIO,,,a contacter,,,,,,,,,,,,marketing_com,Activites des agences de publicite,CARCASSONNE,,11,,,,,,,,,,,,,,,,,,,,,,,,,,,,,,,,,,,,,,,,,,,,,,,841592629,84159262900031,73.11Z,,,,,,,,,,,sirene,
VERSALIS,,,a contacter,,,,,,,,,,,,marketing_com,Activites des agences de publicite,VERSAILLES,,78,,,,,,,,,,,,,,,,,,,,,,,,,,,,,,,,,,,,,,,,,,,,,,,504706185,50470618500023,73.11Z,,,,,,,,,,,sirene,
VERTICAL SQUARE,,,a contacter,,,,,,,,,,,,marketing_com,Activites des agences de publicite,LYON,,69,,,,,,,,,,,,,,,,,,,,,,,,,,,,,,,,,,,,,,,,,,,,,,,834487506,83448750600042,73.11Z,,,,,,,,,,,sirene,
VFC RELATIONS PUBLICS,,,a contacter,,,,,,,,,,,,marketing_com,Conseil en relations publiques et communication,PARIS,,75,,,,,,,,,,,,,,,,,,,,,,,,,,,,,,,,,,,,,,,,,,,,,,,500935945,50093594500039,70.21Z,,,,,,,,,,,sirene,
VFR PUBLICITE,,,a contacter,,,,,,,,,,,,marketing_com,Activites des agences de publicite,FIEFS,,62,,,,,,,,,,,,,,,,,,,,,,,,,,,,,,,,,,,,,,,,,,,,,,,805327590,80532759000016,73.11Z,,,,,,,,,,,sirene,
VHM CONSEIL,,,a contacter,,,,,,,,,,,,marketing_com,Conseil en relations publiques et communication,PARIS,,75,,,,,,,,,,,,,,,,,,,,,,,,,,,,,,,,,,,,,,,,,,,,,,,877837864,87783786400017,70.21Z,,,,,,,,,,,sirene,
VI2C,,,a contacter,,,,,,,,,,,,marketing_com,Conseil en relations publiques et communication,NANTERRE,,92,,,,,,,,,,,,,,,,,,,,,,,,,,,,,,,,,,,,,,,,,,,,,,,840832927,84083292700023,70.21Z,,,,,,,,,,,sirene,
VIA MEDIA,,,a contacter,,,,,,,,,,,,marketing_com,Regie publicitaire de medias,BREST,,29,,,,,,,,,,,,,,,,,,,,,,,,,,,,,,,,,,,,,,,,,,,,,,,434224515,43422451500065,73.12Z,,,,,,,,,,,sirene,
VIA NOVA,,,a contacter,,,,,,,,,,,,marketing_com,Conseil en relations publiques et communication,PARIS,,75,,,,,,,,,,,,,,,,,,,,,,,,,,,,,,,,,,,,,,,,,,,,,,,349083576,34908357600042,70.21Z,,,,,,,,,,,sirene,
VIBE,,,a contacter,,,,,,,,,,,,marketing_com,Activites des agences de publicite,MARSEILLE 16,,13,,,,,,,,,,,,,,,,,,,,,,,,,,,,,,,,,,,,,,,,,,,,,,,912204518,91220451800027,73.11Z,,,,,,,,,,,sirene,
VICE VERSA,,,a contacter,,,,,,,,,,,,marketing_com,Conseil en relations publiques et communication,ROMAGNAT,,63,,,,,,,,,,,,,,,,,,,,,,,,,,,,,,,,,,,,,,,,,,,,,,,887981140,88798114000015,70.21Z,,,,,,,,,,,sirene,
VICTORY MARKETING,,,a contacter,,,,,,,,,,,,marketing_com,Activites des agences de publicite,MONTREUIL,,93,,,,,,,,,,,,,,,,,,,,,,,,,,,,,,,,,,,,,,,,,,,,,,,980433510,98043351000016,73.11Z,,,,,,,,,,,sirene,
VIENS-LA,,,a contacter,,,,,,,,,,,,marketing_com,Activites des agences de publicite,PARIS,,75,,,,,,,,,,,,,,,,,,,,,,,,,,,,,,,,,,,,,,,,,,,,,,,529571002,52957100200045,73.11Z,,,,,,,,,,,sirene,
VIF ARGENT,,,a contacter,,,,,,,,,,,,marketing_com,Activites des agences de publicite,FONTAINEBLEAU,,77,,,,,,,,,,,,,,,,,,,,,,,,,,,,,,,,,,,,,,,,,,,,,,,398700724,39870072400063,73.11Z,,,,,,,,,,,sirene,
VIGICORP,,,a contacter,,,,,,,,,,,,marketing_com,Activites des agences de publicite,SAINT-HERBLAIN,,44,,,,,,,,,,,,,,,,,,,,,,,,,,,,,,,,,,,,,,,,,,,,,,,499295624,49929562400054,73.11Z,,,,,,,,,,,sirene,
VIKENSI COMMUNICATION,,,a contacter,,,,,,,,,,,,marketing_com,Conseil en relations publiques et communication,CHASSENEUIL-DU-POITOU,,86,,,,,,,,,,,,,,,,,,,,,,,,,,,,,,,,,,,,,,,,,,,,,,,339087660,33908766000041,70.21Z,,,,,,,,,,,sirene,
VILLE ET MEDIAS,,,a contacter,,,,,,,,,,,,marketing_com,Regie publicitaire de medias,SAINT-DENIS,,93,,,,,,,,,,,,,,,,,,,,,,,,,,,,,,,,,,,,,,,,,,,,,,,702020355,70202035500054,73.12Z,,,,,,,,,,,sirene,
VILLES&SHOPPING,,,a contacter,,,,,,,,,,,,marketing_com,Conseil en relations publiques et communication,CHATEAUBRIANT,,44,,,,,,,,,,,,,,,,,,,,,,,,,,,,,,,,,,,,,,,,,,,,,,,813989522,81398952200012,70.21Z,,,,,,,,,,,sirene,
VINGT DEUX,,,a contacter,,,,,,,,,,,,marketing_com,Activites des agences de publicite,AUBIERE,,63,,,,,,,,,,,,,,,,,,,,,,,,,,,,,,,,,,,,,,,,,,,,,,,853249621,85324962100022,73.11Z,,,,,,,,,,,sirene,
VINIPRESSE,,,a contacter,,,,,,,,,,,,marketing_com,Activites des agences de publicite,BAILLY,,78,,,,,,,,,,,,,,,,,,,,,,,,,,,,,,,,,,,,,,,,,,,,,,,488521014,48852101400024,73.11Z,,,,,,,,,,,sirene,
VIRCOM,,,a contacter,,,,,,,,,,,,marketing_com,Conseil en relations publiques et communication,BEZIERS,,34,,,,,,,,,,,,,,,,,,,,,,,,,,,,,,,,,,,,,,,,,,,,,,,853001006,85300100600016,70.21Z,,,,,,,,,,,sirene,
VIRTUOZ,,,a contacter,,,,,,,,,,,,marketing_com,Conseil en relations publiques et communication,PARIS,,75,,,,,,,,,,,,,,,,,,,,,,,,,,,,,,,,,,,,,,,,,,,,,,,823517214,82351721400032,70.21Z,,,,,,,,,,,sirene,
VIRTUS,,,a contacter,,,,,,,,,,,,marketing_com,Conseil en relations publiques et communication,PARIS,,75,,,,,,,,,,,,,,,,,,,,,,,,,,,,,,,,,,,,,,,,,,,,,,,903529741,90352974100048,70.21Z,,,,,,,,,,,sirene,
VISEO SAS,,,a contacter,,,,,,,,,,,,marketing_com,Activites des agences de publicite,ANDREZIEUX-BOUTHEON,,42,,,,,,,,,,,,,,,,,,,,,,,,,,,,,,,,,,,,,,,,,,,,,,,788802676,78880267600023,73.11Z,,,,,,,,,,,sirene,
VISIBILITIE,,,a contacter,,,,,,,,,,,,marketing_com,Activites des agences de publicite,TOULOUSE,,31,,,,,,,,,,,,,,,,,,,,,,,,,,,,,,,,,,,,,,,,,,,,,,,844191437,84419143700046,73.11Z,,,,,,,,,,,sirene,
VISICOD,,,a contacter,,,,,,,,,,,,marketing_com,Activites des agences de publicite,SAINT-GEORGES-SUR-BAULCHE,,89,,,,,,,,,,,,,,,,,,,,,,,,,,,,,,,,,,,,,,,,,,,,,,,508685054,50868505400035,73.11Z,,,,,,,,,,,sirene,
VISIOCOM OUTDOOR,,,a contacter,,,,,,,,,,,,marketing_com,Regie publicitaire de medias,BUSSY-SAINT-GEORGES,,77,,,,,,,,,,,,,,,,,,,,,,,,,,,,,,,,,,,,,,,,,,,,,,,529717001,52971700100034,73.12Z,,,,,,,,,,,sirene,
VISION DE MARQUES,,,a contacter,,,,,,,,,,,,marketing_com,Regie publicitaire de medias,CLICHY,,92,,,,,,,,,,,,,,,,,,,,,,,,,,,,,,,,,,,,,,,,,,,,,,,439614637,43961463700049,73.12Z,,,,,,,,,,,sirene,
VISION INTERNATIONALE MEDICALE,,,a contacter,,,,,,,,,,,,marketing_com,Activites des agences de publicite,BOULOGNE-BILLANCOURT,,92,,,,,,,,,,,,,,,,,,,,,,,,,,,,,,,,,,,,,,,,,,,,,,,395266067,39526606700044,73.11Z,,,,,,,,,,,sirene,
VISION PROD',,,a contacter,,,,,,,,,,,,marketing_com,Activites des agences de publicite,MONTROUGE,,92,,,,,,,,,,,,,,,,,,,,,,,,,,,,,,,,,,,,,,,,,,,,,,,402135537,40213553700049,73.11Z,,,,,,,,,,,sirene,
VISION PUB,,,a contacter,,,,,,,,,,,,marketing_com,Activites des agences de publicite,BAIE-MAHAULT,,971,,,,,,,,,,,,,,,,,,,,,,,,,,,,,,,,,,,,,,,,,,,,,,,887959955,88795995500030,73.11Z,,,,,,,,,,,sirene,
VISION SUD OUEST,,,a contacter,,,,,,,,,,,,marketing_com,Regie publicitaire de medias,BORDEAUX,,33,,,,,,,,,,,,,,,,,,,,,,,,,,,,,,,,,,,,,,,,,,,,,,,415155605,41515560500041,73.12Z,,,,,,,,,,,sirene,
VISION-PUB SPORT,,,a contacter,,,,,,,,,,,,marketing_com,Activites des agences de publicite,SAVIGNAC,,12,,,,,,,,,,,,,,,,,,,,,,,,,,,,,,,,,,,,,,,,,,,,,,,479022568,47902256800048,73.11Z,,,,,,,,,,,sirene,
VISIONS NOUVELLES,,,a contacter,,,,,,,,,,,,marketing_com,Activites des agences de publicite,MONTPELLIER,,34,,,,,,,,,,,,,,,,,,,,,,,,,,,,,,,,,,,,,,,,,,,,,,,428276448,42827644800050,73.11Z,,,,,,,,,,,sirene,
VISIPERF,,,a contacter,,,,,,,,,,,,marketing_com,Activites des agences de publicite,AUDINCOURT,,25,,,,,,,,,,,,,,,,,,,,,,,,,,,,,,,,,,,,,,,,,,,,,,,803825025,80382502500064,73.11Z,,,,,,,,,,,sirene,
VISIPLUS,,,a contacter,,,,,,,,,,,,marketing_com,Conseil en relations publiques et communication,BIOT,,06,,,,,,,,,,,,,,,,,,,,,,,,,,,,,,,,,,,,,,,,,,,,,,,443211867,44321186700116,70.21Z,,,,,,,,,,,sirene,
VISITE PLUS,,,a contacter,,,,,,,,,,,,marketing_com,Regie publicitaire de medias,GRAMAT,,46,,,,,,,,,,,,,,,,,,,,,,,,,,,,,,,,,,,,,,,,,,,,,,,500846241,50084624100056,73.12Z,,,,,,,,,,,sirene,
VISTALID,,,a contacter,,,,,,,,,,,,marketing_com,Activites des agences de publicite,BEGLES,,33,,,,,,,,,,,,,,,,,,,,,,,,,,,,,,,,,,,,,,,,,,,,,,,792365421,79236542100157,73.11Z,,,,,,,,,,,sirene,
VITAMINE B,,,a contacter,,,,,,,,,,,,marketing_com,Activites des agences de publicite,BEGLES,,33,,,,,,,,,,,,,,,,,,,,,,,,,,,,,,,,,,,,,,,,,,,,,,,302508288,30250828800123,73.11Z,,,,,,,,,,,sirene,
VITAWEB,,,a contacter,,,,,,,,,,,,marketing_com,Conseil en relations publiques et communication,SALLES-SUR-MER,,17,,,,,,,,,,,,,,,,,,,,,,,,,,,,,,,,,,,,,,,,,,,,,,,790202592,79020259200024,70.21Z,,,,,,,,,,,sirene,
VIVACTIS INNOVATIONS,,,a contacter,,,,,,,,,,,,marketing_com,Activites des agences de publicite,NEUILLY-SUR-SEINE,,92,,,,,,,,,,,,,,,,,,,,,,,,,,,,,,,,,,,,,,,,,,,,,,,352369375,35236937500063,73.11Z,,,,,,,,,,,sirene,
VIZIO CONCEPT,,,a contacter,,,,,,,,,,,,marketing_com,Activites des agences de publicite,PEYPIN,,13,,,,,,,,,,,,,,,,,,,,,,,,,,,,,,,,,,,,,,,,,,,,,,,853220887,85322088700022,73.11Z,,,,,,,,,,,sirene,
VIZYON,,,a contacter,,,,,,,,,,,,marketing_com,Activites des agences de publicite,SAINTE-GENEVIEVE-DES-BOIS,,91,,,,,,,,,,,,,,,,,,,,,,,,,,,,,,,,,,,,,,,,,,,,,,,803135763,80313576300040,73.11Z,,,,,,,,,,,sirene,
VKPIX,,,a contacter,,,,,,,,,,,,marketing_com,Activites des agences de publicite,SERRES-CASTET,,64,,,,,,,,,,,,,,,,,,,,,,,,,,,,,,,,,,,,,,,,,,,,,,,881421101,88142110100026,73.11Z,,,,,,,,,,,sirene,
VMATCH,,,a contacter,,,,,,,,,,,,marketing_com,Conseil en relations publiques et communication,SURESNES,,92,,,,,,,,,,,,,,,,,,,,,,,,,,,,,,,,,,,,,,,,,,,,,,,892830423,89283042300018,70.21Z,,,,,,,,,,,sirene,
VML,,,a contacter,,,,,,,,,,,,marketing_com,Activites des agences de publicite,LEVALLOIS-PERRET,,92,,,,,,,,,,,,,,,,,,,,,,,,,,,,,,,,,,,,,,,,,,,,,,,306880592,30688059200127,73.11Z,,,,,,,,,,,sirene,
VOITURIEZ ET OBRINGER,,,a contacter,,,,,,,,,,,,marketing_com,Conseil en relations publiques et communication,STRASBOURG,,67,,,,,,,,,,,,,,,,,,,,,,,,,,,,,,,,,,,,,,,,,,,,,,,430039396,43003939600055,70.21Z,,,,,,,,,,,sirene,
VOIX PUBLIQUE,,,a contacter,,,,,,,,,,,,marketing_com,Conseil en relations publiques et communication,PARIS,,75,,,,,,,,,,,,,,,,,,,,,,,,,,,,,,,,,,,,,,,,,,,,,,,750338543,75033854300119,70.21Z,,,,,,,,,,,sirene,
VOLGA RELATIONS PUBLIQUES,,,a contacter,,,,,,,,,,,,marketing_com,Conseil en relations publiques et communication,PARIS,,75,,,,,,,,,,,,,,,,,,,,,,,,,,,,,,,,,,,,,,,,,,,,,,,882683345,88268334500020,70.21Z,,,,,,,,,,,sirene,
VON EICKEN FRANCE,,,a contacter,,,,,,,,,,,,marketing_com,Activites des agences de publicite,BRACIEUX,,41,,,,,,,,,,,,,,,,,,,,,,,,,,,,,,,,,,,,,,,,,,,,,,,529865776,52986577600015,73.11Z,,,,,,,,,,,sirene,
VOSGES INFO PUB,,,a contacter,,,,,,,,,,,,marketing_com,Regie publicitaire de medias,GERARDMER,,88,,,,,,,,,,,,,,,,,,,,,,,,,,,,,,,,,,,,,,,,,,,,,,,798178976,79817897600048,73.12Z,,,,,,,,,,,sirene,
VOTREDIRCOM,,,a contacter,,,,,,,,,,,,marketing_com,Conseil en relations publiques et communication,MARSEILLE,,13,,,,,,,,,,,,,,,,,,,,,,,,,,,,,,,,,,,,,,,,,,,,,,,795393354,79539335400019,70.21Z,,,,,,,,,,,sirene,
VOUS COM L,,,a contacter,,,,,,,,,,,,marketing_com,Conseil en relations publiques et communication,CESTAS,,33,,,,,,,,,,,,,,,,,,,,,,,,,,,,,,,,,,,,,,,,,,,,,,,831668702,83166870200010,70.21Z,,,,,,,,,,,sirene,
VOXBOB,,,a contacter,,,,,,,,,,,,marketing_com,Activites des agences de publicite,NANTERRE,,92,,,,,,,,,,,,,,,,,,,,,,,,,,,,,,,,,,,,,,,,,,,,,,,978465623,97846562300012,73.11Z,,,,,,,,,,,sirene,
VOXMEDIA,,,a contacter,,,,,,,,,,,,marketing_com,Conseil en relations publiques et communication,PARIS,,75,,,,,,,,,,,,,,,,,,,,,,,,,,,,,,,,,,,,,,,,,,,,,,,501844690,50184469000054,70.21Z,,,,,,,,,,,sirene,
VOYEZ LARGE,,,a contacter,,,,,,,,,,,,marketing_com,Conseil en relations publiques et communication,LA ROCHELLE,,17,,,,,,,,,,,,,,,,,,,,,,,,,,,,,,,,,,,,,,,,,,,,,,,885314567,88531456700011,70.21Z,,,,,,,,,,,sirene,
VR & CD,,,a contacter,,,,,,,,,,,,marketing_com,Conseil en relations publiques et communication,PARIS,,75,,,,,,,,,,,,,,,,,,,,,,,,,,,,,,,,,,,,,,,,,,,,,,,811041441,81104144100031,70.21Z,,,,,,,,,,,sirene,
VT SCAN,,,a contacter,,,,,,,,,,,,marketing_com,Activites des agences de publicite,NEUILLY-SUR-SEINE,,92,,,,,,,,,,,,,,,,,,,,,,,,,,,,,,,,,,,,,,,,,,,,,,,314152075,31415207500045,73.11Z,,,,,,,,,,,sirene,
VU PAR... DIGITAL,,,a contacter,,,,,,,,,,,,marketing_com,Activites des agences de publicite,NANTES,,44,,,,,,,,,,,,,,,,,,,,,,,,,,,,,,,,,,,,,,,,,,,,,,,527858302,52785830200021,73.11Z,,,,,,,,,,,sirene,
VUE EN VILLE,,,a contacter,,,,,,,,,,,,marketing_com,Activites des agences de publicite,LYON,,69,,,,,,,,,,,,,,,,,,,,,,,,,,,,,,,,,,,,,,,,,,,,,,,510779234,51077923400051,73.11Z,,,,,,,,,,,sirene,
VY DEVELOPPEMENT,,,a contacter,,,,,,,,,,,,marketing_com,Conseil en relations publiques et communication,NANCY,,54,,,,,,,,,,,,,,,,,,,,,,,,,,,,,,,,,,,,,,,,,,,,,,,835316621,83531662100027,70.21Z,,,,,,,,,,,sirene,
VYP AFFICHAGE ET COMMUNICATION,,,a contacter,,,,,,,,,,,,marketing_com,Regie publicitaire de medias,MOISSY-CRAMAYEL,,77,,,,,,,,,,,,,,,,,,,,,,,,,,,,,,,,,,,,,,,,,,,,,,,303467138,30346713800069,73.12Z,,,,,,,,,,,sirene,
W CONRAN DESIGN,,,a contacter,,,,,,,,,,,,marketing_com,Activites des agences de publicite,BOULOGNE-BILLANCOURT,,92,,,,,,,,,,,,,,,,,,,,,,,,,,,,,,,,,,,,,,,,,,,,,,,414344770,41434477000063,73.11Z,,,,,,,,,,,sirene,
W&M NETWORK,,,a contacter,,,,,,,,,,,,marketing_com,Activites des agences de publicite,PARIS,,75,,,,,,,,,,,,,,,,,,,,,,,,,,,,,,,,,,,,,,,,,,,,,,,443002902,44300290200072,73.11Z,,,,,,,,,,,sirene,
WA PUBLICITE,,,a contacter,,,,,,,,,,,,marketing_com,Activites des agences de publicite,MULHOUSE,,68,,,,,,,,,,,,,,,,,,,,,,,,,,,,,,,,,,,,,,,,,,,,,,,810446435,81044643500028,73.11Z,,,,,,,,,,,sirene,
WALACOM,,,a contacter,,,,,,,,,,,,marketing_com,Conseil en relations publiques et communication,PARIS,,75,,,,,,,,,,,,,,,,,,,,,,,,,,,,,,,,,,,,,,,,,,,,,,,512475930,51247593000024,70.21Z,,,,,,,,,,,sirene,
WALT,,,a contacter,,,,,,,,,,,,marketing_com,Conseil en relations publiques et communication,ANNECY,,74,,,,,,,,,,,,,,,,,,,,,,,,,,,,,,,,,,,,,,,,,,,,,,,812269785,81226978500034,70.21Z,,,,,,,,,,,sirene,
WALTACOM,,,a contacter,,,,,,,,,,,,marketing_com,Activites des agences de publicite,CAYENNE,,973,,,,,,,,,,,,,,,,,,,,,,,,,,,,,,,,,,,,,,,,,,,,,,,844763755,84476375500015,73.11Z,,,,,,,,,,,sirene,
WAM RP,,,a contacter,,,,,,,,,,,,marketing_com,Conseil en relations publiques et communication,LYON,,69,,,,,,,,,,,,,,,,,,,,,,,,,,,,,,,,,,,,,,,,,,,,,,,882490006,88249000600021,70.21Z,,,,,,,,,,,sirene,
WAT - WE ARE TOGETHER,,,a contacter,,,,,,,,,,,,marketing_com,Activites des agences de publicite,PARIS,,75,,,,,,,,,,,,,,,,,,,,,,,,,,,,,,,,,,,,,,,,,,,,,,,493291108,49329110800121,73.11Z,,,,,,,,,,,sirene,
WE ARE BANDITS,,,a contacter,,,,,,,,,,,,marketing_com,Activites des agences de publicite,EPAGNY METZ-TESSY,,74,,,,,,,,,,,,,,,,,,,,,,,,,,,,,,,,,,,,,,,,,,,,,,,887882371,88788237100024,73.11Z,,,,,,,,,,,sirene,
WE ARE EVOLUTION,,,a contacter,,,,,,,,,,,,marketing_com,Conseil en relations publiques et communication,CHATEAUROUX,,36,,,,,,,,,,,,,,,,,,,,,,,,,,,,,,,,,,,,,,,,,,,,,,,851065797,85106579700033,70.21Z,,,,,,,,,,,sirene,
WE ARE SOCIAL,,,a contacter,,,,,,,,,,,,marketing_com,Conseil en relations publiques et communication,PARIS,,75,,,,,,,,,,,,,,,,,,,,,,,,,,,,,,,,,,,,,,,,,,,,,,,522815505,52281550500030,70.21Z,,,,,,,,,,,sirene,
WE ARE THE ORACLE,,,a contacter,,,,,,,,,,,,marketing_com,Conseil en relations publiques et communication,PARIS,,75,,,,,,,,,,,,,,,,,,,,,,,,,,,,,,,,,,,,,,,,,,,,,,,752084863,75208486300030,70.21Z,,,,,,,,,,,sirene,
WE DISPLAY,,,a contacter,,,,,,,,,,,,marketing_com,Activites des agences de publicite,WATTRELOS,,59,,,,,,,,,,,,,,,,,,,,,,,,,,,,,,,,,,,,,,,,,,,,,,,833473192,83347319200015,73.11Z,,,,,,,,,,,sirene,
WE FEEL GOOD,,,a contacter,,,,,,,,,,,,marketing_com,Activites des agences de publicite,CESSON-SEVIGNE,,35,,,,,,,,,,,,,,,,,,,,,,,,,,,,,,,,,,,,,,,,,,,,,,,922252168,92225216800021,73.11Z,,,,,,,,,,,sirene,
WE LIKE,,,a contacter,,,,,,,,,,,,marketing_com,Conseil en relations publiques et communication,NANTES,,44,,,,,,,,,,,,,,,,,,,,,,,,,,,,,,,,,,,,,,,,,,,,,,,824746770,82474677000034,70.21Z,,,,,,,,,,,sirene,
WE LIKE TRAVEL,,,a contacter,,,,,,,,,,,,marketing_com,Activites des agences de publicite,NANTES,,44,,,,,,,,,,,,,,,,,,,,,,,,,,,,,,,,,,,,,,,,,,,,,,,790212880,79021288000047,73.11Z,,,,,,,,,,,sirene,
WE MADE YA,,,a contacter,,,,,,,,,,,,marketing_com,Activites des agences de publicite,LYON,,69,,,,,,,,,,,,,,,,,,,,,,,,,,,,,,,,,,,,,,,,,,,,,,,839697414,83969741400036,73.11Z,,,,,,,,,,,sirene,
WE USED TO BE FRIENDS,,,a contacter,,,,,,,,,,,,marketing_com,Conseil en relations publiques et communication,GIZIA,,39,,,,,,,,,,,,,,,,,,,,,,,,,,,,,,,,,,,,,,,,,,,,,,,832814255,83281425500044,70.21Z,,,,,,,,,,,sirene,
WEB GROUP,,,a contacter,,,,,,,,,,,,marketing_com,Conseil en relations publiques et communication,GRABELS,,34,,,,,,,,,,,,,,,,,,,,,,,,,,,,,,,,,,,,,,,,,,,,,,,533481636,53348163600033,70.21Z,,,,,,,,,,,sirene,
WEB HORS PISTE,,,a contacter,,,,,,,,,,,,marketing_com,Activites des agences de publicite,POISY,,74,,,,,,,,,,,,,,,,,,,,,,,,,,,,,,,,,,,,,,,,,,,,,,,847933355,84793335500020,73.11Z,,,,,,,,,,,sirene,
WEB INNOVATION IMMOBILIERE,,,a contacter,,,,,,,,,,,,marketing_com,Activites des agences de publicite,NICE,,06,,,,,,,,,,,,,,,,,,,,,,,,,,,,,,,,,,,,,,,,,,,,,,,514023050,51402305000032,73.11Z,,,,,,,,,,,sirene,
WEB MANAGEMENT,,,a contacter,,,,,,,,,,,,marketing_com,Activites des agences de publicite,MARCQ-EN-BARŒUL,,59,,,,,,,,,,,,,,,,,,,,,,,,,,,,,,,,,,,,,,,,,,,,,,,510784945,51078494500022,73.11Z,,,,,,,,,,,sirene,
WEB MEDIA RM,,,a contacter,,,,,,,,,,,,marketing_com,Activites des agences de publicite,SAINT-CHAMOND,,42,,,,,,,,,,,,,,,,,,,,,,,,,,,,,,,,,,,,,,,,,,,,,,,808244727,80824472700026,73.11Z,,,,,,,,,,,sirene,
WEB SERVICES PRODUCTION,,,a contacter,,,,,,,,,,,,marketing_com,Activites des agences de publicite,ARGELES-SUR-MER,,66,,,,,,,,,,,,,,,,,,,,,,,,,,,,,,,,,,,,,,,,,,,,,,,810152066,81015206600025,73.11Z,,,,,,,,,,,sirene,
WEB STRATEGIES,,,a contacter,,,,,,,,,,,,marketing_com,Conseil en relations publiques et communication,BORDEAUX,,33,,,,,,,,,,,,,,,,,,,,,,,,,,,,,,,,,,,,,,,,,,,,,,,491470191,49147019100066,70.21Z,,,,,,,,,,,sirene,
WEBORAMA,,,a contacter,,,,,,,,,,,,marketing_com,Regie publicitaire de medias,LEVALLOIS-PERRET,,92,,,,,,,,,,,,,,,,,,,,,,,,,,,,,,,,,,,,,,,,,,,,,,,418663894,41866389400057,73.12Z,,,,,,,,,,,sirene,
WEBSIDE CONSEIL,,,a contacter,,,,,,,,,,,,marketing_com,Activites des agences de publicite,IZON,,33,,,,,,,,,,,,,,,,,,,,,,,,,,,,,,,,,,,,,,,,,,,,,,,850706623,85070662300012,73.11Z,,,,,,,,,,,sirene,
WEBSTER BARNES,,,a contacter,,,,,,,,,,,,marketing_com,Activites des agences de publicite,SAINT-SELVE,,33,,,,,,,,,,,,,,,,,,,,,,,,,,,,,,,,,,,,,,,,,,,,,,,884484163,88448416300016,73.11Z,,,,,,,,,,,sirene,
WEBY,,,a contacter,,,,,,,,,,,,marketing_com,Conseil en relations publiques et communication,BAGNOLET,,93,,,,,,,,,,,,,,,,,,,,,,,,,,,,,,,,,,,,,,,,,,,,,,,804378719,80437871900020,70.21Z,,,,,,,,,,,sirene,
WEBYLO,,,a contacter,,,,,,,,,,,,marketing_com,Conseil en relations publiques et communication,MONTPELLIER,,34,,,,,,,,,,,,,,,,,,,,,,,,,,,,,,,,,,,,,,,,,,,,,,,828239699,82823969900048,70.21Z,,,,,,,,,,,sirene,
WECOCOON,,,a contacter,,,,,,,,,,,,marketing_com,Conseil en relations publiques et communication,NANCY,,54,,,,,,,,,,,,,,,,,,,,,,,,,,,,,,,,,,,,,,,,,,,,,,,884732892,88473289200010,70.21Z,,,,,,,,,,,sirene,
WECOM4U,,,a contacter,,,,,,,,,,,,marketing_com,Activites des agences de publicite,TOULOUSE,,31,,,,,,,,,,,,,,,,,,,,,,,,,,,,,,,,,,,,,,,,,,,,,,,753433887,75343388700043,73.11Z,,,,,,,,,,,sirene,
WEDIG,,,a contacter,,,,,,,,,,,,marketing_com,Conseil en relations publiques et communication,LAVAL,,53,,,,,,,,,,,,,,,,,,,,,,,,,,,,,,,,,,,,,,,,,,,,,,,850440074,85044007400019,70.21Z,,,,,,,,,,,sirene,
WEDISRUPT,,,a contacter,,,,,,,,,,,,marketing_com,Activites des agences de publicite,LEVALLOIS-PERRET,,92,,,,,,,,,,,,,,,,,,,,,,,,,,,,,,,,,,,,,,,,,,,,,,,818788366,81878836600024,73.11Z,,,,,,,,,,,sirene,
WEEDEV,,,a contacter,,,,,,,,,,,,marketing_com,Activites des agences de publicite,BOULOGNE-BILLANCOURT,,92,,,,,,,,,,,,,,,,,,,,,,,,,,,,,,,,,,,,,,,,,,,,,,,820561538,82056153800035,73.11Z,,,,,,,,,,,sirene,
WEEDO-IT,,,a contacter,,,,,,,,,,,,marketing_com,Activites des agences de publicite,CLICHY,,92,,,,,,,,,,,,,,,,,,,,,,,,,,,,,,,,,,,,,,,,,,,,,,,477764658,47776465800035,73.11Z,,,,,,,,,,,sirene,
WEENOVO,,,a contacter,,,,,,,,,,,,marketing_com,Conseil en relations publiques et communication,LIMOGES,,87,,,,,,,,,,,,,,,,,,,,,,,,,,,,,,,,,,,,,,,,,,,,,,,913673638,91367363800015,70.21Z,,,,,,,,,,,sirene,
WEEZEA,,,a contacter,,,,,,,,,,,,marketing_com,Conseil en relations publiques et communication,VILLENEUVE-D'ASCQ,,59,,,,,,,,,,,,,,,,,,,,,,,,,,,,,,,,,,,,,,,,,,,,,,,527548549,52754854900056,70.21Z,,,,,,,,,,,sirene,
WEILLROBERT PLV,,,a contacter,,,,,,,,,,,,marketing_com,Activites des agences de publicite,HOUDAN,,78,,,,,,,,,,,,,,,,,,,,,,,,,,,,,,,,,,,,,,,,,,,,,,,752298091,75229809100022,73.11Z,,,,,,,,,,,sirene,
WELCOME BYZANCE,,,a contacter,,,,,,,,,,,,marketing_com,Activites des agences de publicite,SCHILTIGHEIM,,67,,,,,,,,,,,,,,,,,,,,,,,,,,,,,,,,,,,,,,,,,,,,,,,393903505,39390350500021,73.11Z,,,,,,,,,,,sirene,
WELKO,,,a contacter,,,,,,,,,,,,marketing_com,Conseil en relations publiques et communication,ANGERS,,49,,,,,,,,,,,,,,,,,,,,,,,,,,,,,,,,,,,,,,,,,,,,,,,790862700,79086270000024,70.21Z,,,,,,,,,,,sirene,
WELL PACK,,,a contacter,,,,,,,,,,,,marketing_com,Conseil en relations publiques et communication,MALAKOFF,,92,,,,,,,,,,,,,,,,,,,,,,,,,,,,,,,,,,,,,,,,,,,,,,,438302564,43830256400069,70.21Z,,,,,,,,,,,sirene,
WELLCOM LONDON LIMITED,,,a contacter,,,,,,,,,,,,marketing_com,Regie publicitaire de medias,,,,,,,,,,,,,,,,,,,,,,,,,,,,,,,,,,,,,,,,,,,,,,,,,,905170015,90517001500010,73.12Z,,,,,,,,,,,sirene,
WELOVEWORDS,,,a contacter,,,,,,,,,,,,marketing_com,Activites des agences de publicite,PARIS,,75,,,,,,,,,,,,,,,,,,,,,,,,,,,,,,,,,,,,,,,,,,,,,,,511575425,51157542500034,73.11Z,,,,,,,,,,,sirene,
WEMAJE,,,a contacter,,,,,,,,,,,,marketing_com,Conseil en relations publiques et communication,PARIS,,75,,,,,,,,,,,,,,,,,,,,,,,,,,,,,,,,,,,,,,,,,,,,,,,808486351,80848635100055,70.21Z,,,,,,,,,,,sirene,
WEMET,,,a contacter,,,,,,,,,,,,marketing_com,Conseil en relations publiques et communication,TOULOUSE,,31,,,,,,,,,,,,,,,,,,,,,,,,,,,,,,,,,,,,,,,,,,,,,,,890803026,89080302600016,70.21Z,,,,,,,,,,,sirene,
WESATIS,,,a contacter,,,,,,,,,,,,marketing_com,Activites des agences de publicite,RENNES,,35,,,,,,,,,,,,,,,,,,,,,,,,,,,,,,,,,,,,,,,,,,,,,,,832551345,83255134500032,73.11Z,,,,,,,,,,,sirene,
WESIGN,,,a contacter,,,,,,,,,,,,marketing_com,Activites des agences de publicite,CAEN,,14,,,,,,,,,,,,,,,,,,,,,,,,,,,,,,,,,,,,,,,,,,,,,,,847914504,84791450400026,73.11Z,,,,,,,,,,,sirene,
WEST ADGENCY,,,a contacter,,,,,,,,,,,,marketing_com,Conseil en relations publiques et communication,TOULOUSE,,31,,,,,,,,,,,,,,,,,,,,,,,,,,,,,,,,,,,,,,,,,,,,,,,828117747,82811774700018,70.21Z,,,,,,,,,,,sirene,
WHAT'S UP COMMUNICATION,,,a contacter,,,,,,,,,,,,marketing_com,Conseil en relations publiques et communication,PARIS,,75,,,,,,,,,,,,,,,,,,,,,,,,,,,,,,,,,,,,,,,,,,,,,,,913527628,91352762800022,70.21Z,,,,,,,,,,,sirene,
WHISTCOM,,,a contacter,,,,,,,,,,,,marketing_com,Conseil en relations publiques et communication,PARIS,,75,,,,,,,,,,,,,,,,,,,,,,,,,,,,,,,,,,,,,,,,,,,,,,,809393606,80939360600045,70.21Z,,,,,,,,,,,sirene,
WHITE DOT,,,a contacter,,,,,,,,,,,,marketing_com,Conseil en relations publiques et communication,AUVERS-SUR-OISE,,95,,,,,,,,,,,,,,,,,,,,,,,,,,,,,,,,,,,,,,,,,,,,,,,789848165,78984816500021,70.21Z,,,,,,,,,,,sirene,
WHITE MIRROR,,,a contacter,,,,,,,,,,,,marketing_com,Activites des agences de publicite,LYON 2EME,,69,,,,,,,,,,,,,,,,,,,,,,,,,,,,,,,,,,,,,,,,,,,,,,,839031606,83903160600024,73.11Z,,,,,,,,,,,sirene,
WHODUNIT,,,a contacter,,,,,,,,,,,,marketing_com,Conseil en relations publiques et communication,BORDEAUX,,33,,,,,,,,,,,,,,,,,,,,,,,,,,,,,,,,,,,,,,,,,,,,,,,510834930,51083493000040,70.21Z,,,,,,,,,,,sirene,
WILD,,,a contacter,,,,,,,,,,,,marketing_com,Conseil en relations publiques et communication,CENON,,33,,,,,,,,,,,,,,,,,,,,,,,,,,,,,,,,,,,,,,,,,,,,,,,820057362,82005736200023,70.21Z,,,,,,,,,,,sirene,
WILD&SLOW,,,a contacter,,,,,,,,,,,,marketing_com,Conseil en relations publiques et communication,CLISSON,,44,,,,,,,,,,,,,,,,,,,,,,,,,,,,,,,,,,,,,,,,,,,,,,,884437740,88443774000027,70.21Z,,,,,,,,,,,sirene,
WILLBECOM,,,a contacter,,,,,,,,,,,,marketing_com,Conseil en relations publiques et communication,MONTAIGU-VENDEE,,85,,,,,,,,,,,,,,,,,,,,,,,,,,,,,,,,,,,,,,,,,,,,,,,880065057,88006505700031,70.21Z,,,,,,,,,,,sirene,
WILLIAM,,,a contacter,,,,,,,,,,,,marketing_com,Regie publicitaire de medias,TOULOUSE,,31,,,,,,,,,,,,,,,,,,,,,,,,,,,,,,,,,,,,,,,,,,,,,,,830897005,83089700500047,73.12Z,,,,,,,,,,,sirene,
WILLIAM WASSLER,,,a contacter,,,,,,,,,,,,marketing_com,Activites des agences de publicite,BISCHWILLER,,67,,,,,,,,,,,,,,,,,,,,,,,,,,,,,,,,,,,,,,,,,,,,,,,505257162,50525716200014,73.11Z,,,,,,,,,,,sirene,
WILLOW CREATION,,,a contacter,,,,,,,,,,,,marketing_com,Activites des agences de publicite,MONTAIGU-VENDEE,,85,,,,,,,,,,,,,,,,,,,,,,,,,,,,,,,,,,,,,,,,,,,,,,,429010226,42901022600059,73.11Z,,,,,,,,,,,sirene,
WILLY PULSE,,,a contacter,,,,,,,,,,,,marketing_com,Activites des agences de publicite,ORCHIES,,59,,,,,,,,,,,,,,,,,,,,,,,,,,,,,,,,,,,,,,,,,,,,,,,843518051,84351805100043,73.11Z,,,,,,,,,,,sirene,
WIN AIR,,,a contacter,,,,,,,,,,,,marketing_com,Conseil en relations publiques et communication,EPARGNES,,17,,,,,,,,,,,,,,,,,,,,,,,,,,,,,,,,,,,,,,,,,,,,,,,842348286,84234828600019,70.21Z,,,,,,,,,,,sirene,
WINDREPORT,,,a contacter,,,,,,,,,,,,marketing_com,Conseil en relations publiques et communication,REZE,,44,,,,,,,,,,,,,,,,,,,,,,,,,,,,,,,,,,,,,,,,,,,,,,,422169524,42216952400085,70.21Z,,,,,,,,,,,sirene,
WISECOM,,,a contacter,,,,,,,,,,,,marketing_com,Activites des agences de publicite,PARIS,,75,,,,,,,,,,,,,,,,,,,,,,,,,,,,,,,,,,,,,,,,,,,,,,,487707564,48770756400042,73.11Z,,,,,,,,,,,sirene,
WITH UP COM,,,a contacter,,,,,,,,,,,,marketing_com,Conseil en relations publiques et communication,PARIS,,75,,,,,,,,,,,,,,,,,,,,,,,,,,,,,,,,,,,,,,,,,,,,,,,530592781,53059278100070,70.21Z,,,,,,,,,,,sirene,
WIZZ FACTORY,,,a contacter,,,,,,,,,,,,marketing_com,Activites des agences de publicite,MONTREUIL,,93,,,,,,,,,,,,,,,,,,,,,,,,,,,,,,,,,,,,,,,,,,,,,,,834647638,83464763800016,73.11Z,,,,,,,,,,,sirene,
WMH PROJECT,,,a contacter,,,,,,,,,,,,marketing_com,Activites des agences de publicite,COURBEVOIE,,92,,,,,,,,,,,,,,,,,,,,,,,,,,,,,,,,,,,,,,,,,,,,,,,402423420,40242342000072,73.11Z,,,,,,,,,,,sirene,
WOKI TOKI,,,a contacter,,,,,,,,,,,,marketing_com,Conseil en relations publiques et communication,PARIS,,75,,,,,,,,,,,,,,,,,,,,,,,,,,,,,,,,,,,,,,,,,,,,,,,513346080,51334608000080,70.21Z,,,,,,,,,,,sirene,
WOKINE,,,a contacter,,,,,,,,,,,,marketing_com,Activites des agences de publicite,LILLE,,59,,,,,,,,,,,,,,,,,,,,,,,,,,,,,,,,,,,,,,,,,,,,,,,451700579,45170057900043,73.11Z,,,,,,,,,,,sirene,
WOLFOX,,,a contacter,,,,,,,,,,,,marketing_com,Conseil en relations publiques et communication,PARIS,,75,,,,,,,,,,,,,,,,,,,,,,,,,,,,,,,,,,,,,,,,,,,,,,,810971390,81097139000044,70.21Z,,,,,,,,,,,sirene,
WOMEN & MEN,,,a contacter,,,,,,,,,,,,marketing_com,Activites des agences de publicite,ORLEANS,,45,,,,,,,,,,,,,,,,,,,,,,,,,,,,,,,,,,,,,,,,,,,,,,,911632941,91163294100017,73.11Z,,,,,,,,,,,sirene,
WONDERFUL,,,a contacter,,,,,,,,,,,,marketing_com,Activites des agences de publicite,CASTELNAU-LE-LEZ,,34,,,,,,,,,,,,,,,,,,,,,,,,,,,,,,,,,,,,,,,,,,,,,,,389958786,38995878600037,73.11Z,,,,,,,,,,,sirene,
WOO,,,a contacter,,,,,,,,,,,,marketing_com,Activites des agences de publicite,PARIS,,75,,,,,,,,,,,,,,,,,,,,,,,,,,,,,,,,,,,,,,,,,,,,,,,814542288,81454228800042,73.11Z,,,,,,,,,,,sirene,
WOOLMARK INTERNATIONAL PTY LTD,,,a contacter,,,,,,,,,,,,marketing_com,Conseil en relations publiques et communication,,,,,,,,,,,,,,,,,,,,,,,,,,,,,,,,,,,,,,,,,,,,,,,,,,503490104,50349010400018,70.21Z,,,,,,,,,,,sirene,
WOOZUP,,,a contacter,,,,,,,,,,,,marketing_com,Activites des agences de publicite,MULHOUSE,,68,,,,,,,,,,,,,,,,,,,,,,,,,,,,,,,,,,,,,,,,,,,,,,,811430594,81143059400051,73.11Z,,,,,,,,,,,sirene,
WOPTIMO,,,a contacter,,,,,,,,,,,,marketing_com,Conseil en relations publiques et communication,PARIS,,75,,,,,,,,,,,,,,,,,,,,,,,,,,,,,,,,,,,,,,,,,,,,,,,530551001,53055100100049,70.21Z,,,,,,,,,,,sirene,
WPP MEDIA FRANCE,,,a contacter,,,,,,,,,,,,marketing_com,Activites des agences de publicite,LEVALLOIS-PERRET,,92,,,,,,,,,,,,,,,,,,,,,,,,,,,,,,,,,,,,,,,,,,,,,,,479046435,47904643500059,73.11Z,,,,,,,,,,,sirene,
WSC INNOV,,,a contacter,,,,,,,,,,,,marketing_com,Conseil en relations publiques et communication,BERGHOLTZ,,68,,,,,,,,,,,,,,,,,,,,,,,,,,,,,,,,,,,,,,,,,,,,,,,880426671,88042667100017,70.21Z,,,,,,,,,,,sirene,
XANEX,,,a contacter,,,,,,,,,,,,marketing_com,Activites des agences de publicite,ORSAY,,91,,,,,,,,,,,,,,,,,,,,,,,,,,,,,,,,,,,,,,,,,,,,,,,483667937,48366793700047,73.11Z,,,,,,,,,,,sirene,
XAVIER DUMONT,,,a contacter,,,,,,,,,,,,marketing_com,Activites des agences de publicite,CANLY,,60,,,,,,,,,,,,,,,,,,,,,,,,,,,,,,,,,,,,,,,,,,,,,,,926220039,92622003900032,73.11Z,,,,,,,,,,,sirene,
XERCES DIFFUSION,,,a contacter,,,,,,,,,,,,marketing_com,Regie publicitaire de medias,MANDELIEU-LA-NAPOULE,,06,,,,,,,,,,,,,,,,,,,,,,,,,,,,,,,,,,,,,,,,,,,,,,,513185959,51318595900055,73.12Z,,,,,,,,,,,sirene,
XL DESIGN,,,a contacter,,,,,,,,,,,,marketing_com,Activites des agences de publicite,AIX-EN-PROVENCE,,13,,,,,,,,,,,,,,,,,,,,,,,,,,,,,,,,,,,,,,,,,,,,,,,840101125,84010112500028,73.11Z,,,,,,,,,,,sirene,
XLAB,,,a contacter,,,,,,,,,,,,marketing_com,Activites des agences de publicite,PERIGNY,,17,,,,,,,,,,,,,,,,,,,,,,,,,,,,,,,,,,,,,,,,,,,,,,,511901852,51190185200075,73.11Z,,,,,,,,,,,sirene,
XR GLOBAL (FRANCE) SAS,,,a contacter,,,,,,,,,,,,marketing_com,Activites des agences de publicite,PARIS,,75,,,,,,,,,,,,,,,,,,,,,,,,,,,,,,,,,,,,,,,,,,,,,,,522279561,52227956100032,73.11Z,,,,,,,,,,,sirene,
XTREME COM,,,a contacter,,,,,,,,,,,,marketing_com,Activites des agences de publicite,CIVENS,,42,,,,,,,,,,,,,,,,,,,,,,,,,,,,,,,,,,,,,,,,,,,,,,,752716423,75271642300013,73.11Z,,,,,,,,,,,sirene,
XU COMMUNICATION,,,a contacter,,,,,,,,,,,,marketing_com,Activites des agences de publicite,VANDŒUVRE-LES-NANCY,,54,,,,,,,,,,,,,,,,,,,,,,,,,,,,,,,,,,,,,,,,,,,,,,,789396371,78939637100021,73.11Z,,,,,,,,,,,sirene,
XYLEME COMMUNICATION,,,a contacter,,,,,,,,,,,,marketing_com,Activites des agences de publicite,ORVAULT,,44,,,,,,,,,,,,,,,,,,,,,,,,,,,,,,,,,,,,,,,,,,,,,,,521802660,52180266000014,73.11Z,,,,,,,,,,,sirene,
Y A QU A,,,a contacter,,,,,,,,,,,,marketing_com,Conseil en relations publiques et communication,PARIS,,75,,,,,,,,,,,,,,,,,,,,,,,,,,,,,,,,,,,,,,,,,,,,,,,752567024,75256702400019,70.21Z,,,,,,,,,,,sirene,
YAC,,,a contacter,,,,,,,,,,,,marketing_com,Activites des agences de publicite,ROMANS-SUR-ISERE,,26,,,,,,,,,,,,,,,,,,,,,,,,,,,,,,,,,,,,,,,,,,,,,,,910531870,91053187000012,73.11Z,,,,,,,,,,,sirene,
YANDA CONSULTING,,,a contacter,,,,,,,,,,,,marketing_com,Conseil en relations publiques et communication,AJACCIO,,2A,,,,,,,,,,,,,,,,,,,,,,,,,,,,,,,,,,,,,,,,,,,,,,,850493537,85049353700011,70.21Z,,,,,,,,,,,sirene,
YAPAK,,,a contacter,,,,,,,,,,,,marketing_com,Conseil en relations publiques et communication,TOULOUSE,,31,,,,,,,,,,,,,,,,,,,,,,,,,,,,,,,,,,,,,,,,,,,,,,,412648602,41264860200065,70.21Z,,,,,,,,,,,sirene,
YELLO,,,a contacter,,,,,,,,,,,,marketing_com,Regie publicitaire de medias,SAINT-PIERRE,,974,,,,,,,,,,,,,,,,,,,,,,,,,,,,,,,,,,,,,,,,,,,,,,,833972300,83397230000028,73.12Z,,,,,,,,,,,sirene,
YELLOW MONKEYS,,,a contacter,,,,,,,,,,,,marketing_com,Activites des agences de publicite,VERNEGUES,,13,,,,,,,,,,,,,,,,,,,,,,,,,,,,,,,,,,,,,,,,,,,,,,,848129052,84812905200025,73.11Z,,,,,,,,,,,sirene,
YELLOW PALM DEVELOPMENT,,,a contacter,,,,,,,,,,,,marketing_com,Conseil en relations publiques et communication,SOLAIZE,,69,,,,,,,,,,,,,,,,,,,,,,,,,,,,,,,,,,,,,,,,,,,,,,,913594966,91359496600016,70.21Z,,,,,,,,,,,sirene,
YELLOWAYS,,,a contacter,,,,,,,,,,,,marketing_com,Conseil en relations publiques et communication,RENNES,,35,,,,,,,,,,,,,,,,,,,,,,,,,,,,,,,,,,,,,,,,,,,,,,,335144127,33514412700107,70.21Z,,,,,,,,,,,sirene,
YELLOWDOTCOMM AGENCY,,,a contacter,,,,,,,,,,,,marketing_com,Activites des agences de publicite,PARIS,,75,,,,,,,,,,,,,,,,,,,,,,,,,,,,,,,,,,,,,,,,,,,,,,,505048413,50504841300031,73.11Z,,,,,,,,,,,sirene,
YEP RECRUTEMENT,,,a contacter,,,,,,,,,,,,marketing_com,Activites des agences de publicite,PORTET-SUR-GARONNE,,31,,,,,,,,,,,,,,,,,,,,,,,,,,,,,,,,,,,,,,,,,,,,,,,839196599,83919659900014,73.11Z,,,,,,,,,,,sirene,
YESCOM,,,a contacter,,,,,,,,,,,,marketing_com,Activites des agences de publicite,PONTIVY,,56,,,,,,,,,,,,,,,,,,,,,,,,,,,,,,,,,,,,,,,,,,,,,,,753839091,75383909100034,73.11Z,,,,,,,,,,,sirene,
YESPUB,,,a contacter,,,,,,,,,,,,marketing_com,Activites des agences de publicite,SEVREMOINE,,49,,,,,,,,,,,,,,,,,,,,,,,,,,,,,,,,,,,,,,,,,,,,,,,823967815,82396781500023,73.11Z,,,,,,,,,,,sirene,
YESSS COMMUNICATION,,,a contacter,,,,,,,,,,,,marketing_com,Activites des agences de publicite,MARSEILLE,,13,,,,,,,,,,,,,,,,,,,,,,,,,,,,,,,,,,,,,,,,,,,,,,,834031486,83403148600014,73.11Z,,,,,,,,,,,sirene,
YET ANOTHER COMPANY,,,a contacter,,,,,,,,,,,,marketing_com,Regie publicitaire de medias,LEVALLOIS-PERRET,,92,,,,,,,,,,,,,,,,,,,,,,,,,,,,,,,,,,,,,,,,,,,,,,,903308518,90330851800054,73.12Z,,,,,,,,,,,sirene,
YETIC,,,a contacter,,,,,,,,,,,,marketing_com,Activites des agences de publicite,ROUEN,,76,,,,,,,,,,,,,,,,,,,,,,,,,,,,,,,,,,,,,,,,,,,,,,,908553258,90855325800017,73.11Z,,,,,,,,,,,sirene,
YJ DEVELOPPEMENT,,,a contacter,,,,,,,,,,,,marketing_com,Activites des agences de publicite,VILLEBON-SUR-YVETTE,,91,,,,,,,,,,,,,,,,,,,,,,,,,,,,,,,,,,,,,,,,,,,,,,,478459431,47845943100027,73.11Z,,,,,,,,,,,sirene,
YOUR EASIEST SOLUTION,,,a contacter,,,,,,,,,,,,marketing_com,Activites des agences de publicite,VILLEFRANQUE,,64,,,,,,,,,,,,,,,,,,,,,,,,,,,,,,,,,,,,,,,,,,,,,,,510746209,51074620900061,73.11Z,,,,,,,,,,,sirene,
YOUR EVENTS ORGANISATION,,,a contacter,,,,,,,,,,,,marketing_com,Activites des agences de publicite,TOULOUSE,,31,,,,,,,,,,,,,,,,,,,,,,,,,,,,,,,,,,,,,,,,,,,,,,,751802315,75180231500042,73.11Z,,,,,,,,,,,sirene,
YOUR-COMICS,,,a contacter,,,,,,,,,,,,marketing_com,Conseil en relations publiques et communication,PARIS,,75,,,,,,,,,,,,,,,,,,,,,,,,,,,,,,,,,,,,,,,,,,,,,,,803038140,80303814000031,70.21Z,,,,,,,,,,,sirene,
YOUSOURCE,,,a contacter,,,,,,,,,,,,marketing_com,Conseil en relations publiques et communication,LATTES,,34,,,,,,,,,,,,,,,,,,,,,,,,,,,,,,,,,,,,,,,,,,,,,,,812207108,81220710800034,70.21Z,,,,,,,,,,,sirene,
YTG,,,a contacter,,,,,,,,,,,,marketing_com,Activites des agences de publicite,CONCARNEAU,,29,,,,,,,,,,,,,,,,,,,,,,,,,,,,,,,,,,,,,,,,,,,,,,,853611259,85361125900013,73.11Z,,,,,,,,,,,sirene,
YUMENS,,,a contacter,,,,,,,,,,,,marketing_com,Activites des agences de publicite,CESSON-SEVIGNE,,35,,,,,,,,,,,,,,,,,,,,,,,,,,,,,,,,,,,,,,,,,,,,,,,424176089,42417608900151,73.11Z,,,,,,,,,,,sirene,
"YUNNAN PROVINCIAL ENERGY GROUP CO., LTD.",,,a contacter,,,,,,,,,,,,marketing_com,Conseil en relations publiques et communication,,,,,,,,,,,,,,,,,,,,,,,,,,,,,,,,,,,,,,,,,,,,,,,,,,840951230,84095123000019,70.21Z,,,,,,,,,,,sirene,
YURCOM,,,a contacter,,,,,,,,,,,,marketing_com,Conseil en relations publiques et communication,TOULOUSE,,31,,,,,,,,,,,,,,,,,,,,,,,,,,,,,,,,,,,,,,,,,,,,,,,814021093,81402109300020,70.21Z,,,,,,,,,,,sirene,
YURI & NEIL,,,a contacter,,,,,,,,,,,,marketing_com,Conseil en relations publiques et communication,LEVALLOIS-PERRET,,92,,,,,,,,,,,,,,,,,,,,,,,,,,,,,,,,,,,,,,,,,,,,,,,838166767,83816676700056,70.21Z,,,,,,,,,,,sirene,
YUZUPULSE,,,a contacter,,,,,,,,,,,,marketing_com,Conseil en relations publiques et communication,TOURCOING,,59,,,,,,,,,,,,,,,,,,,,,,,,,,,,,,,,,,,,,,,,,,,,,,,838235034,83823503400033,70.21Z,,,,,,,,,,,sirene,
YVES PERRET MEDIAS,,,a contacter,,,,,,,,,,,,marketing_com,Conseil en relations publiques et communication,BRIE-ET-ANGONNES,,38,,,,,,,,,,,,,,,,,,,,,,,,,,,,,,,,,,,,,,,,,,,,,,,524373040,52437304000053,70.21Z,,,,,,,,,,,sirene,
Z & A CONSEIL,,,a contacter,,,,,,,,,,,,marketing_com,Activites des agences de publicite,CLICHY,,92,,,,,,,,,,,,,,,,,,,,,,,,,,,,,,,,,,,,,,,,,,,,,,,997506001,99750600100129,73.11Z,,,,,,,,,,,sirene,
Z AND KO,,,a contacter,,,,,,,,,,,,marketing_com,Conseil en relations publiques et communication,LES SABLES D'OLONNE,,85,,,,,,,,,,,,,,,,,,,,,,,,,,,,,,,,,,,,,,,,,,,,,,,843395583,84339558300027,70.21Z,,,,,,,,,,,sirene,
ZE ASTRONAUT,,,a contacter,,,,,,,,,,,,marketing_com,Activites des agences de publicite,PARIS,,75,,,,,,,,,,,,,,,,,,,,,,,,,,,,,,,,,,,,,,,,,,,,,,,847712056,84771205600039,73.11Z,,,,,,,,,,,sirene,
ZE-COM,,,a contacter,,,,,,,,,,,,marketing_com,Activites des agences de publicite,FLEURY-LES-AUBRAIS,,45,,,,,,,,,,,,,,,,,,,,,,,,,,,,,,,,,,,,,,,,,,,,,,,450177555,45017755500049,73.11Z,,,,,,,,,,,sirene,
ZEBESTOF,,,a contacter,,,,,,,,,,,,marketing_com,Activites des agences de publicite,PARIS,,75,,,,,,,,,,,,,,,,,,,,,,,,,,,,,,,,,,,,,,,,,,,,,,,448873752,44887375200076,73.11Z,,,,,,,,,,,sirene,
ZEBRA COMMUNICATION,,,a contacter,,,,,,,,,,,,marketing_com,Activites des agences de publicite,MORET-LOING-ET-ORVANNE,,77,,,,,,,,,,,,,,,,,,,,,,,,,,,,,,,,,,,,,,,,,,,,,,,400019816,40001981600034,73.11Z,,,,,,,,,,,sirene,
ZEBRES & CO,,,a contacter,,,,,,,,,,,,marketing_com,Activites des agences de publicite,LE MANS,,72,,,,,,,,,,,,,,,,,,,,,,,,,,,,,,,,,,,,,,,,,,,,,,,453571184,45357118400028,73.11Z,,,,,,,,,,,sirene,
ZEBRURE,,,a contacter,,,,,,,,,,,,marketing_com,Conseil en relations publiques et communication,PAU,,64,,,,,,,,,,,,,,,,,,,,,,,,,,,,,,,,,,,,,,,,,,,,,,,824084123,82408412300028,70.21Z,,,,,,,,,,,sirene,
ZECOM,,,a contacter,,,,,,,,,,,,marketing_com,Activites des agences de publicite,MARSEILLE,,13,,,,,,,,,,,,,,,,,,,,,,,,,,,,,,,,,,,,,,,,,,,,,,,487816563,48781656300059,73.11Z,,,,,,,,,,,sirene,
ZEE AGENCY,,,a contacter,,,,,,,,,,,,marketing_com,Activites des agences de publicite,PARIS,,75,,,,,,,,,,,,,,,,,,,,,,,,,,,,,,,,,,,,,,,,,,,,,,,450766431,45076643100032,73.11Z,,,,,,,,,,,sirene,
ZEMUST,,,a contacter,,,,,,,,,,,,marketing_com,Conseil en relations publiques et communication,POISSY,,78,,,,,,,,,,,,,,,,,,,,,,,,,,,,,,,,,,,,,,,,,,,,,,,803055292,80305529200053,70.21Z,,,,,,,,,,,sirene,
ZESPRI INTERNATIONAL FRANCE,,,a contacter,,,,,,,,,,,,marketing_com,Activites des agences de publicite,AUBAGNE,,13,,,,,,,,,,,,,,,,,,,,,,,,,,,,,,,,,,,,,,,,,,,,,,,422994301,42299430100089,73.11Z,,,,,,,,,,,sirene,
ZIMAGES,,,a contacter,,,,,,,,,,,,marketing_com,Activites des agences de publicite,NIORT,,79,,,,,,,,,,,,,,,,,,,,,,,,,,,,,,,,,,,,,,,,,,,,,,,500532551,50053255100065,73.11Z,,,,,,,,,,,sirene,
ZIONSAY,,,a contacter,,,,,,,,,,,,marketing_com,Conseil en relations publiques et communication,SAINT-CYR-AU-MONT-D'OR,,69,,,,,,,,,,,,,,,,,,,,,,,,,,,,,,,,,,,,,,,,,,,,,,,881979272,88197927200013,70.21Z,,,,,,,,,,,sirene,
ZIPPER PUB,,,a contacter,,,,,,,,,,,,marketing_com,Activites des agences de publicite,BRIE-COMTE-ROBERT,,77,,,,,,,,,,,,,,,,,,,,,,,,,,,,,,,,,,,,,,,,,,,,,,,484922000,48492200000043,73.11Z,,,,,,,,,,,sirene,
ZIT.COM,,,a contacter,,,,,,,,,,,,marketing_com,Regie publicitaire de medias,TOURS,,37,,,,,,,,,,,,,,,,,,,,,,,,,,,,,,,,,,,,,,,,,,,,,,,751616731,75161673100020,73.12Z,,,,,,,,,,,sirene,
ZMIROV COMMUNICATION,,,a contacter,,,,,,,,,,,,marketing_com,Conseil en relations publiques et communication,PARIS,,75,,,,,,,,,,,,,,,,,,,,,,,,,,,,,,,,,,,,,,,,,,,,,,,350599932,35059993200034,70.21Z,,,,,,,,,,,sirene,
ZOAN,,,a contacter,,,,,,,,,,,,marketing_com,Activites des agences de publicite,CHATEAUBRIANT,,44,,,,,,,,,,,,,,,,,,,,,,,,,,,,,,,,,,,,,,,,,,,,,,,500594361,50059436100056,73.11Z,,,,,,,,,,,sirene,
ZOOM L AGENCE,,,a contacter,,,,,,,,,,,,marketing_com,Conseil en relations publiques et communication,VERSAILLES,,78,,,,,,,,,,,,,,,,,,,,,,,,,,,,,,,,,,,,,,,,,,,,,,,507793628,50779362800011,70.21Z,,,,,,,,,,,sirene,
ZUCCHELLI COM' & EVENTS,,,a contacter,,,,,,,,,,,,marketing_com,Conseil en relations publiques et communication,MARSEILLE,,13,,,,,,,,,,,,,,,,,,,,,,,,,,,,,,,,,,,,,,,,,,,,,,,878757640,87875764000023,70.21Z,,,,,,,,,,,sirene,
ZYGMUND,,,a contacter,,,,,,,,,,,,marketing_com,Activites des agences de publicite,MULHOUSE,,68,,,,,,,,,,,,,,,,,,,,,,,,,,,,,,,,,,,,,,,,,,,,,,,440235661,44023566100020,73.11Z,,,,,,,,,,,sirene,
