nom,tier,score,statut,date_contact,canal,date_relance,notes,produit,montant_vendu,date_vente,paye,montant_encaisse,commission,statut_livraison,type,libelle,commune,cp,departement,region,telephone,email,email_status,dirigeant,qualite,raisons,lien_site,lien_pappers,lien_annuaire,lien_annonces,lien_finances,lien_dirigeants,lien_maps,lien_google,lien_google_news,lien_linkedin_rech,lien_linkedin_dirigeant,lien_pagesjaunes,lien_societe,lien_trustpilot,linkedin,domain,effectif,annee_effectif,categorie,nb_etablissements_ouverts,nb_etablissements,communes_etablissements,ca,ca_prev,resultat_net,annee_finances,anciennete,date_creation,nature_juridique,sigle,nom_commercial,employeur,entrepreneur_individuel,diffusion_protegee,labels,idcc,tva_intra,etat,signaux_bodacc,siren,siret,naf,adresse,latitude,longitude,email_source,email_perso,autres_emails,autres_dirigeants,a_site,web_fait,date_enrichi,source,ville
OLIHOST,A,70,a contacter,,,,,,,,,,,,data_etudes,"Traitement de donnees, hebergement et activites connexes",SOISSONS,02200,02,Hauts-de-France,03 59 61 02 35,commercial@masolutionit.com,mx_ok,BF INVEST,Président de SAS,email+20|tel+10|ca+15|effectif+10|categorie+5|anciennete+5|dirigeant+5,https://olihost.com,https://www.pappers.fr/entreprise/534686183,https://annuaire-entreprises.data.gouv.fr/entreprise/534686183,https://annuaire-entreprises.data.gouv.fr/annonces/534686183,https://annuaire-entreprises.data.gouv.fr/donnees-financieres/534686183,https://annuaire-entreprises.data.gouv.fr/dirigeants/534686183,"https://www.google.com/maps?q=49.3764843566972,3.32026289215369",https://www.google.com/search?q=OLIHOST+SOISSONS,https://news.google.com/search?hl=fr&q=%22OLIHOST%22,https://www.linkedin.com/search/results/companies/?keywords=OLIHOST,https://www.linkedin.com/search/results/people/?keywords=BF+INVEST+OLIHOST,https://www.pagesjaunes.fr/annuaire/chercherlespros?quoiqui=OLIHOST&ou=SOISSONS,https://www.societe.com/cgi-bin/search?champs=534686183,https://fr.trustpilot.com/review/olihost.com,https://www.linkedin.com/company/masolutionit-avec-olisys-olihost,olihost.com,3-5,2023,PME,1,2,,843728,,-123782,2023,15,2011-08-25,SAS,,,,non,non,,1486,FR19534686183,active,,534686183,53468618300029,63.11Z,LES AMBASSADEURS 2 ALLEE DE L'INNOVATION 02200 SOISSONS,49.3764843566972,3.32026289215369,site-generique,non,communication@masolutionit.com; dpo@nuubb.com,,oui,oui,2026-08-02,sirene,SOISSONS
AGORA CALYCE,A,63,a contacter,,,,,,,,,,,,data_etudes,"Traitement de donnees, hebergement et activites connexes",STRASBOURG,67200,67,Grand Est,03 88 99 02 82,support@agoracalyce.com,mx_ok,THIERRY LUCIEN JEAN-PIERRE STIEGLER,Directeur général délégué,email+20|tel+10|effectif+10|categorie+5|multi-sites+8|anciennete+5|dirigeant+5,https://agoracalyce.com,https://www.pappers.fr/entreprise/799736764,https://annuaire-entreprises.data.gouv.fr/entreprise/799736764,https://annuaire-entreprises.data.gouv.fr/annonces/799736764,https://annuaire-entreprises.data.gouv.fr/donnees-financieres/799736764,https://annuaire-entreprises.data.gouv.fr/dirigeants/799736764,"https://www.google.com/maps?q=48.585123011,7.703582933",https://www.google.com/search?q=AGORA+CALYCE+STRASBOURG,https://news.google.com/search?hl=fr&q=%22AGORA+CALYCE%22,https://www.linkedin.com/search/results/companies/?keywords=AGORA+CALYCE,https://www.linkedin.com/search/results/people/?keywords=THIERRY+LUCIEN+JEAN-PIERRE+STIEGLER+AGORA+CALYCE,https://www.pagesjaunes.fr/annuaire/chercherlespros?quoiqui=AGORA+CALYCE&ou=STRASBOURG,https://www.societe.com/cgi-bin/search?champs=799736764,https://fr.trustpilot.com/review/agoracalyce.com,https://www.linkedin.com/company/agora-calyc%C3%A9,agoracalyce.com,20-49,2023,ETI,2,7,,,,160628,2020,13,2013-12-17,SAS,,,,non,non,,1486,FR82799736764,active,,799736764,79973676400058,63.11Z,PARC DES FORGES 5 RUE HANNAH ARENDT 67200 STRASBOURG,48.585123011,7.703582933,site-generique,non,,IN EXTENSO STRASBOURG-NORD (Commissaire aux comptes titulaire); E'NERGYS (Président de SAS),oui,oui,2026-08-01,sirene,STRASBOURG
YELLOWTIE,A,63,a contacter,,,,,,,,,,,,data_etudes,"Traitement de donnees, hebergement et activites connexes",MIONNAY,01390,01,Auvergne-Rhone-Alpes,04 15 40 07 81,contact@yellowtie.fr,mx_ok,YVAN HAMMAMI,Gérant,email+20|tel+10|effectif+10|categorie+5|multi-sites+8|anciennete+5|dirigeant+5,https://yellowtie.fr,https://www.pappers.fr/entreprise/901929166,https://annuaire-entreprises.data.gouv.fr/entreprise/901929166,https://annuaire-entreprises.data.gouv.fr/annonces/901929166,https://annuaire-entreprises.data.gouv.fr/donnees-financieres/901929166,https://annuaire-entreprises.data.gouv.fr/dirigeants/901929166,"https://www.google.com/maps?q=45.894795211,4.9263403608",https://www.google.com/search?q=YELLOWTIE+MIONNAY,https://news.google.com/search?hl=fr&q=%22YELLOWTIE%22,https://www.linkedin.com/search/results/companies/?keywords=YELLOWTIE,https://www.linkedin.com/search/results/people/?keywords=YVAN+HAMMAMI+YELLOWTIE,https://www.pagesjaunes.fr/annuaire/chercherlespros?quoiqui=YELLOWTIE&ou=MIONNAY,https://www.societe.com/cgi-bin/search?champs=901929166,https://fr.trustpilot.com/review/yellowtie.fr,https://www.linkedin.com/company/yellowtie,yellowtie.fr,3-5,2023,PME,2,3,,197319,,916,2023,5,2021-07-30,SARL,,YELLOWTIE,,non,non,,,FR58901929166,active,,901929166,90192916600014,63.11Z,3 LOTISSEMENT LE VIEUX PUITS 01390 MIONNAY,45.894795211,4.9263403608,site-generique,non,,JULIEN PATRICK DANIEL PROST (Gérant),oui,oui,2026-08-01,sirene,MIONNAY
EDICS,B,55,a contacter,,,,,,,,,,,,data_etudes,"Traitement de donnees, hebergement et activites connexes",ECULLY,69130,69,Auvergne-Rhone-Alpes,09 61 60 41 25,contact@edics.fr,mx_ok,KBENF,Président de SAS,email+20|tel+10|effectif+10|categorie+5|anciennete+5|dirigeant+5,https://edics.fr,https://www.pappers.fr/entreprise/518385745,https://annuaire-entreprises.data.gouv.fr/entreprise/518385745,https://annuaire-entreprises.data.gouv.fr/annonces/518385745,https://annuaire-entreprises.data.gouv.fr/donnees-financieres/518385745,https://annuaire-entreprises.data.gouv.fr/dirigeants/518385745,"https://www.google.com/maps?q=45.799053277,4.7700174187",https://www.google.com/search?q=EDICS+ECULLY,https://news.google.com/search?hl=fr&q=%22EDICS%22,https://www.linkedin.com/search/results/companies/?keywords=EDICS,https://www.linkedin.com/search/results/people/?keywords=KBENF+EDICS,https://www.pagesjaunes.fr/annuaire/chercherlespros?quoiqui=EDICS&ou=ECULLY,https://www.societe.com/cgi-bin/search?champs=518385745,https://fr.trustpilot.com/review/edics.fr,https://www.linkedin.com/company/edics,edics.fr,6-9,2023,PME,1,5,,,,46405,2024,17,2009-11-16,SAS,,,,non,non,,1486,FR91518385745,active,,518385745,51838574500055,63.11Z,5 ALLEE DU MOULIN BERGER 69130 ECULLY,45.799053277,4.7700174187,site-generique,non,dominicboncoeur@edics.com; dpo@edics.fr,,oui,oui,2026-08-01,sirene,ECULLY
KERANOVA,B,55,a contacter,,,,,,,,,,,,data_etudes,Recherche-developpement en autres sciences physiques et naturelles,SAINT-ETIENNE,42100,42,Auvergne-Rhone-Alpes,04 77 74 15 31,contact@keranova.fr,mx_ok,AURÉLIEN BERNARD,Administrateur,email+20|tel+10|effectif+10|categorie+5|anciennete+5|dirigeant+5,https://keranova.fr,https://www.pappers.fr/entreprise/813346350,https://annuaire-entreprises.data.gouv.fr/entreprise/813346350,https://annuaire-entreprises.data.gouv.fr/annonces/813346350,https://annuaire-entreprises.data.gouv.fr/donnees-financieres/813346350,https://annuaire-entreprises.data.gouv.fr/dirigeants/813346350,"https://www.google.com/maps?q=45.4430038211305,4.4100907860478",https://www.google.com/search?q=KERANOVA+SAINT-ETIENNE,https://news.google.com/search?hl=fr&q=%22KERANOVA%22,https://www.linkedin.com/search/results/companies/?keywords=KERANOVA,https://www.linkedin.com/search/results/people/?keywords=AUR%C3%89LIEN+BERNARD+KERANOVA,https://www.pagesjaunes.fr/annuaire/chercherlespros?quoiqui=KERANOVA&ou=SAINT-ETIENNE,https://www.societe.com/cgi-bin/search?champs=813346350,https://fr.trustpilot.com/review/keranova.fr,https://www.linkedin.com/company/keranova-s.a.,keranova.fr,20-49,2023,PME,1,4,,,,-3922850,2024,11,2015-09-01,SA,,,,non,non,,"9999, 3248",FR85813346350,active,,813346350,81334635000040,72.19Z,LE GINKGO 109 RUE DE LA MONTAT 42100 SAINT-ETIENNE,45.4430038211305,4.4100907860478,site-generique,non,contact@lamobileaffaire.com; contact@xefi.fr; contat@keranova.fr,DENISE HOBLINGRE (Directeur général délégué); MICHEL ROGER RENE JOSE THERIN (Administrateur); ABAX CONSEIL (Commissaire aux comptes titulaire); AMORÇAGE TECHNOLOGIQUE INVESTISSEMENT (Administrateur),oui,oui,2026-08-01,sirene,SAINT-ETIENNE
LILAEA,B,55,a contacter,,,,,,,,,,,,data_etudes,Recherche-developpement en autres sciences physiques et naturelles,CRECY-AU-MONT,02380,02,Hauts-de-France,06 99 27 47 91,contact@lilaea.net,mx_ok,ANNE THERESE ODETTE GASPAR,Président de SAS,email+20|tel+10|effectif+10|categorie+5|anciennete+5|dirigeant+5,https://lilaea.net,https://www.pappers.fr/entreprise/897410866,https://annuaire-entreprises.data.gouv.fr/entreprise/897410866,https://annuaire-entreprises.data.gouv.fr/annonces/897410866,https://annuaire-entreprises.data.gouv.fr/donnees-financieres/897410866,https://annuaire-entreprises.data.gouv.fr/dirigeants/897410866,"https://www.google.com/maps?q=49.494870631,3.3293250631",https://www.google.com/search?q=LILAEA+CRECY-AU-MONT,https://news.google.com/search?hl=fr&q=%22LILAEA%22,https://www.linkedin.com/search/results/companies/?keywords=LILAEA,https://www.linkedin.com/search/results/people/?keywords=ANNE+THERESE+ODETTE+GASPAR+LILAEA,https://www.pagesjaunes.fr/annuaire/chercherlespros?quoiqui=LILAEA&ou=CRECY-AU-MONT,https://www.societe.com/cgi-bin/search?champs=897410866,https://fr.trustpilot.com/review/lilaea.net,https://www.linkedin.com/company/71179138,lilaea.net,6-9,2023,PME,1,2,,,,,,5,2021-03-10,SAS,,,,non,non,,"9998, 0044",FR35897410866,active,,897410866,89741086600023,72.19Z,6 RUE DE LA GRENOUILLERE 02380 CRECY-AU-MONT,49.494870631,3.3293250631,site-generique,non,,ELODIE MARJORIE GEBA (Directeur Général),oui,oui,2026-08-02,sirene,CRECY-AU-MONT
NOVAGENCE,B,55,a contacter,,,,,,,,,,,,data_etudes,"Traitement de donnees, hebergement et activites connexes",OYONNAX,01100,01,Auvergne-Rhone-Alpes,04 74 76 96 24,contact@novagence.fr,mx_ok,CEDRIC PIERRE FIDON,Président de SAS,email+20|tel+10|effectif+10|categorie+5|anciennete+5|dirigeant+5,https://novagence.fr,https://www.pappers.fr/entreprise/481222123,https://annuaire-entreprises.data.gouv.fr/entreprise/481222123,https://annuaire-entreprises.data.gouv.fr/annonces/481222123,https://annuaire-entreprises.data.gouv.fr/donnees-financieres/481222123,https://annuaire-entreprises.data.gouv.fr/dirigeants/481222123,"https://www.google.com/maps?q=46.2606211439268,5.65331075062893",https://www.google.com/search?q=NOVAGENCE+OYONNAX,https://news.google.com/search?hl=fr&q=%22NOVAGENCE%22,https://www.linkedin.com/search/results/companies/?keywords=NOVAGENCE,https://www.linkedin.com/search/results/people/?keywords=CEDRIC+PIERRE+FIDON+NOVAGENCE,https://www.pagesjaunes.fr/annuaire/chercherlespros?quoiqui=NOVAGENCE&ou=OYONNAX,https://www.societe.com/cgi-bin/search?champs=481222123,https://fr.trustpilot.com/review/novagence.fr,https://www.linkedin.com/company/novagence,novagence.fr,3-5,2023,PME,1,4,,,,,,21,2005-03-01,SAS,,NOVAGENCE,,non,non,,1486,FR55481222123,active,,481222123,48122212300046,63.11Z,40 RUE JULES MICHELET 01100 OYONNAX,46.2606211439268,5.65331075062893,site-generique,non,,,oui,oui,2026-08-01,sirene,OYONNAX
ICTYODEV,B,52,a contacter,,,,,,,,,,,,data_etudes,Recherche-developpement en autres sciences physiques et naturelles,DENEUILLE-LES-MINES,03170,03,Auvergne-Rhone-Alpes,,jobs@ictyodev.com,mx_ok,CEDRIC KOMAR,Directeur Général,email+12|ca+15|effectif+10|categorie+5|anciennete+5|dirigeant+5,https://ictyodev.fr,https://www.pappers.fr/entreprise/828035287,https://annuaire-entreprises.data.gouv.fr/entreprise/828035287,https://annuaire-entreprises.data.gouv.fr/annonces/828035287,https://annuaire-entreprises.data.gouv.fr/donnees-financieres/828035287,https://annuaire-entreprises.data.gouv.fr/dirigeants/828035287,"https://www.google.com/maps?q=46.3896112285655,2.76277147311915",https://www.google.com/search?q=ICTYODEV+DENEUILLE-LES-MINES,https://news.google.com/search?hl=fr&q=%22ICTYODEV%22,https://www.linkedin.com/search/results/companies/?keywords=ICTYODEV,https://www.linkedin.com/search/results/people/?keywords=CEDRIC+KOMAR+ICTYODEV,https://www.pagesjaunes.fr/annuaire/chercherlespros?quoiqui=ICTYODEV&ou=DENEUILLE-LES-MINES,https://www.societe.com/cgi-bin/search?champs=828035287,https://fr.trustpilot.com/review/ictyodev.fr,https://www.linkedin.com/company/ictyodev,ictyodev.fr,10-19,2023,PME,1,2,,2079752,,1214747,2024,9,2017-02-21,SAS,,,,non,non,,1555,FR87828035287,active,,828035287,82803528700014,72.19Z,LA VILATTE 12 ROUTE DE BIZENEUILLE 03170 DENEUILLE-LES-MINES,46.3896112285655,2.76277147311915,site,non,,ICTYOGROUP (Président de SAS),oui,oui,2026-08-03,sirene,DENEUILLE-LES-MINES
XELIANS DIGITAL,B,48,a contacter,,,,,,,,,,,,data_etudes,"Traitement de donnees, hebergement et activites connexes",BUC,78530,78,Ile-de-France,,,,JON ELICHERIGOITY,Directeur Général,ca+15|effectif+10|categorie+5|multi-sites+8|anciennete+5|dirigeant+5,,https://www.pappers.fr/entreprise/409874625,https://annuaire-entreprises.data.gouv.fr/entreprise/409874625,https://annuaire-entreprises.data.gouv.fr/annonces/409874625,https://annuaire-entreprises.data.gouv.fr/donnees-financieres/409874625,https://annuaire-entreprises.data.gouv.fr/dirigeants/409874625,"https://www.google.com/maps?q=48.7633591238588,2.12457014441681",https://www.google.com/search?q=XELIANS+DIGITAL+BUC,https://news.google.com/search?hl=fr&q=%22XELIANS+DIGITAL%22,https://www.linkedin.com/search/results/companies/?keywords=XELIANS+DIGITAL,https://www.linkedin.com/search/results/people/?keywords=JON+ELICHERIGOITY+XELIANS+DIGITAL,https://www.pagesjaunes.fr/annuaire/chercherlespros?quoiqui=XELIANS+DIGITAL&ou=BUC,https://www.societe.com/cgi-bin/search?champs=409874625,,,,100-199,2023,ETI,7,10,,14580370,,464831,2024,30,1996-10-25,SAS,,CD DOC SERVICES-SCANECO-COMPLITYS,,non,non,,1486,FR89409874625,active,,409874625,40987462500042,63.11Z,606 RUE FOURNY 78530 BUC,48.7633591238588,2.12457014441681,,,,SAINT HONORE BK&A (Commissaire aux comptes titulaire); XELFI (Président de SAS),non,oui,2026-08-02,sirene,BUC
GES,B,48,a contacter,,,,,,,,,,,,data_etudes,Recherche-developpement en autres sciences physiques et naturelles,LIFFRE,35340,35,Bretagne,,,,GERARD SOUET,Commissaire aux comptes suppléant,ca+15|effectif+10|categorie+5|multi-sites+8|dirigeant+5|labels+5,,https://www.pappers.fr/entreprise/330439415,https://annuaire-entreprises.data.gouv.fr/entreprise/330439415,https://annuaire-entreprises.data.gouv.fr/annonces/330439415,https://annuaire-entreprises.data.gouv.fr/donnees-financieres/330439415,https://annuaire-entreprises.data.gouv.fr/dirigeants/330439415,"https://www.google.com/maps?q=48.209542422349,-1.5276394645269",https://www.google.com/search?q=GES+LIFFRE,https://news.google.com/search?hl=fr&q=%22GES%22,https://www.linkedin.com/search/results/companies/?keywords=GES,https://www.linkedin.com/search/results/people/?keywords=GERARD+SOUET+GES,https://www.pagesjaunes.fr/annuaire/chercherlespros?quoiqui=GES&ou=LIFFRE,https://www.societe.com/cgi-bin/search?champs=330439415,,,,50-99,2023,PME,6,11,,7048932,,373619,2025,42,1984-09-01,SAS,,,,non,non,Organisme de formation,9999,FR82330439415,active,,330439415,33043941500028,72.19Z,L’AFFEAGEMENT 35340 LIFFRE,48.209542422349,-1.5276394645269,,,,AUDIT CONSULTANTS (Commissaire aux comptes titulaire); ENVIRONNEMENT REEL GROUPE (Président de SAS),non,oui,2026-08-02,sirene,LIFFRE
IKOULA NET,B,48,a contacter,,,,,,,,,,,,data_etudes,"Traitement de donnees, hebergement et activites connexes",PARIS,75010,75,Ile-de-France,,,,CONG-DUNG LY,Directeur Général,ca+15|effectif+10|categorie+5|multi-sites+8|anciennete+5|dirigeant+5,,https://www.pappers.fr/entreprise/417680618,https://annuaire-entreprises.data.gouv.fr/entreprise/417680618,https://annuaire-entreprises.data.gouv.fr/annonces/417680618,https://annuaire-entreprises.data.gouv.fr/donnees-financieres/417680618,https://annuaire-entreprises.data.gouv.fr/dirigeants/417680618,"https://www.google.com/maps?q=48.875051547,2.3496414883",https://www.google.com/search?q=IKOULA+NET+PARIS,https://news.google.com/search?hl=fr&q=%22IKOULA+NET%22,https://www.linkedin.com/search/results/companies/?keywords=IKOULA+NET,https://www.linkedin.com/search/results/people/?keywords=CONG-DUNG+LY+IKOULA+NET,https://www.pagesjaunes.fr/annuaire/chercherlespros?quoiqui=IKOULA+NET&ou=PARIS,https://www.societe.com/cgi-bin/search?champs=417680618,,,,50-99,2023,ETI,4,8,,8986774,,1077577,2024,28,1998-02-17,SAS,,IKOULA,,non,non,,1486,FR37417680618,active,,417680618,41768061800085,63.11Z,2 CITE PARADIS 75010 PARIS,48.875051547,2.3496414883,,,,SEWAN (Président de SAS); CGEAS (Commissaire aux comptes suppléant); MAUBOURG EXPERTISE (Commissaire aux comptes titulaire),non,oui,2026-08-02,sirene,PARIS
OKTEO COOP,B,48,a contacter,,,,,,,,,,,,data_etudes,"Traitement de donnees, hebergement et activites connexes",CEYZERIAT,01250,01,Auvergne-Rhone-Alpes,,,,YOANN BERNARD,Président du conseil d’administration,ca+15|effectif+10|categorie+5|multi-sites+8|dirigeant+5|labels+5,,https://www.pappers.fr/entreprise/779314434,https://annuaire-entreprises.data.gouv.fr/entreprise/779314434,https://annuaire-entreprises.data.gouv.fr/annonces/779314434,https://annuaire-entreprises.data.gouv.fr/donnees-financieres/779314434,https://annuaire-entreprises.data.gouv.fr/dirigeants/779314434,"https://www.google.com/maps?q=46.1915821846246,5.32250048444144",https://www.google.com/search?q=OKTEO+COOP+CEYZERIAT,https://news.google.com/search?hl=fr&q=%22OKTEO+COOP%22,https://www.linkedin.com/search/results/companies/?keywords=OKTEO+COOP,https://www.linkedin.com/search/results/people/?keywords=YOANN+BERNARD+OKTEO+COOP,https://www.pagesjaunes.fr/annuaire/chercherlespros?quoiqui=OKTEO+COOP&ou=CEYZERIAT,https://www.societe.com/cgi-bin/search?champs=779314434,,,,20-49,2023,PME,4,4,,4764453,,-397858,2023,55,1971-10-26,6317,,OKTEO COOP,,non,non,ESS,1486,FR38779314434,active,,779314434,77931443400019,63.11Z,259 ROUTE DES SOUDANIERES 01250 CEYZERIAT,46.1915821846246,5.32250048444144,,,,SÉBASTIEN PINET (Directeur Général); ETS DEPART ÉLEVAGE PUY DE DOME ASSOCIATION (Administrateur); COOPEL (Administrateur); SOCIETE COOPERATIVE AGRICOLE D'INSEMINATION ANIMALE DE L'AIN (Administrateur),non,oui,2026-08-01,sirene,CEYZERIAT
BIOSPHERES,B,46,a contacter,,,,,,,,,,,,data_etudes,Recherche-developpement en autres sciences physiques et naturelles,LYON,69003,69,Auvergne-Rhone-Alpes,,,,UNITED-SPHERES,Président de SAS,site+8|effectif+10|categorie+5|multi-sites+8|anciennete+5|dirigeant+5|labels+5,https://biospheres.fr,https://www.pappers.fr/entreprise/881259451,https://annuaire-entreprises.data.gouv.fr/entreprise/881259451,https://annuaire-entreprises.data.gouv.fr/annonces/881259451,https://annuaire-entreprises.data.gouv.fr/donnees-financieres/881259451,https://annuaire-entreprises.data.gouv.fr/dirigeants/881259451,"https://www.google.com/maps?q=45.7626102494485,4.85410685724549",https://www.google.com/search?q=BIOSPHERES+LYON,https://news.google.com/search?hl=fr&q=%22BIOSPHERES%22,https://www.linkedin.com/search/results/companies/?keywords=BIOSPHERES,https://www.linkedin.com/search/results/people/?keywords=UNITED-SPHERES+BIOSPHERES,https://www.pagesjaunes.fr/annuaire/chercherlespros?quoiqui=BIOSPHERES&ou=LYON,https://www.societe.com/cgi-bin/search?champs=881259451,https://fr.trustpilot.com/review/biospheres.fr,https://www.linkedin.com/company/26525467,biospheres.fr,20-49,2023,PME,6,12,,,,301962,2024,6,2020-01-27,SAS,,,,non,non,Organisme de formation,7025,FR06881259451,active,,881259451,88125945100089,72.19Z,LE BRITANNIA 20 BOULEVARD EUGENE DERUELLE 69003 LYON,45.7626102494485,4.85410685724549,,,,,oui,oui,2026-08-01,sirene,LYON
XBP EUROPE AST,B,43,a contacter,,,,,,,,,,,,data_etudes,"Traitement de donnees, hebergement et activites connexes",NOISIEL,77186,77,Ile-de-France,,,,JAYMIN HARSHAD CHHAYA,Président de SAS,ca+15|effectif+10|categorie+5|multi-sites+8|dirigeant+5,,https://www.pappers.fr/entreprise/379440670,https://annuaire-entreprises.data.gouv.fr/entreprise/379440670,https://annuaire-entreprises.data.gouv.fr/annonces/379440670,https://annuaire-entreprises.data.gouv.fr/donnees-financieres/379440670,https://annuaire-entreprises.data.gouv.fr/dirigeants/379440670,"https://www.google.com/maps?q=48.850070839,2.6231245825",https://www.google.com/search?q=XBP+EUROPE+AST+NOISIEL,https://news.google.com/search?hl=fr&q=%22XBP+EUROPE+AST%22,https://www.linkedin.com/search/results/companies/?keywords=XBP+EUROPE+AST,https://www.linkedin.com/search/results/people/?keywords=JAYMIN+HARSHAD+CHHAYA+XBP+EUROPE+AST,https://www.pagesjaunes.fr/annuaire/chercherlespros?quoiqui=XBP+EUROPE+AST&ou=NOISIEL,https://www.societe.com/cgi-bin/search?champs=379440670,,,,100-199,2023,ETI,6,34,,17095190,,-2363601,2024,36,1990-10-01,SAS,,,,non,non,,1486,FR56379440670,active,,379440670,37944067000394,63.11Z,ZI DE LA MARE BLANCHE 1 RUE DE LA MARE BLANCHE 77186 NOISIEL,48.850070839,2.6231245825,,,,FRANÇOIS HERLUIN MICHEL MARIE GODEFROID (Directeur Général); VITALIE ROBU (Directeur Général); FIDAG (Commissaire aux comptes titulaire),non,oui,2026-08-01,sirene,NOISIEL
ALPILINK CLOUD,B,43,a contacter,,,,,,,,,,,,data_etudes,"Traitement de donnees, hebergement et activites connexes",ECHIROLLES,38130,38,Auvergne-Rhone-Alpes,,,,ALEXANDRE JEROME HUBERT BROUCHOUD,Directeur Général,ca+15|effectif+10|categorie+5|multi-sites+8|dirigeant+5,,https://www.pappers.fr/entreprise/401362116,https://annuaire-entreprises.data.gouv.fr/entreprise/401362116,https://annuaire-entreprises.data.gouv.fr/annonces/401362116,https://annuaire-entreprises.data.gouv.fr/donnees-financieres/401362116,https://annuaire-entreprises.data.gouv.fr/dirigeants/401362116,"https://www.google.com/maps?q=45.1582031933826,5.70366253992899",https://www.google.com/search?q=ALPILINK+CLOUD+ECHIROLLES,https://news.google.com/search?hl=fr&q=%22ALPILINK+CLOUD%22,https://www.linkedin.com/search/results/companies/?keywords=ALPILINK+CLOUD,https://www.linkedin.com/search/results/people/?keywords=ALEXANDRE+JEROME+HUBERT+BROUCHOUD+ALPILINK+CLOUD,https://www.pagesjaunes.fr/annuaire/chercherlespros?quoiqui=ALPILINK+CLOUD&ou=ECHIROLLES,https://www.societe.com/cgi-bin/search?champs=401362116,,,,20-49,2023,PME,2,11,,2147255,,159541,2024,31,1995-06-14,SAS,,ALPILINK CLOUD,,non,non,,1486,FR43401362116,active,,401362116,40136211600105,63.11Z,LE RAYON VERT 2 RUE DE LA VISCOSE 38130 ECHIROLLES,45.1582031933826,5.70366253992899,,,,D.G.I.T. (Directeur Général); EPHIGÉ (Président de SAS); VALOR CONCEPT (Directeur Général),non,oui,2026-08-03,sirene,ECHIROLLES
SONORHC,B,43,a contacter,,,,,,,,,,,,data_etudes,Recherche-developpement en autres sciences physiques et naturelles,CHARNOZ-SUR-AIN,01800,01,Auvergne-Rhone-Alpes,09 54 51 48 50,,,JEAN-LOUIS MARIE GUYADER,Gérant,site+8|tel+10|effectif+10|categorie+5|anciennete+5|dirigeant+5,https://sonorhc.com,https://www.pappers.fr/entreprise/530739408,https://annuaire-entreprises.data.gouv.fr/entreprise/530739408,https://annuaire-entreprises.data.gouv.fr/annonces/530739408,https://annuaire-entreprises.data.gouv.fr/donnees-financieres/530739408,https://annuaire-entreprises.data.gouv.fr/dirigeants/530739408,"https://www.google.com/maps?q=45.870560027,5.2213089415",https://www.google.com/search?q=SONORHC+CHARNOZ-SUR-AIN,https://news.google.com/search?hl=fr&q=%22SONORHC%22,https://www.linkedin.com/search/results/companies/?keywords=SONORHC,https://www.linkedin.com/search/results/people/?keywords=JEAN-LOUIS+MARIE+GUYADER+SONORHC,https://www.pagesjaunes.fr/annuaire/chercherlespros?quoiqui=SONORHC&ou=CHARNOZ-SUR-AIN,https://www.societe.com/cgi-bin/search?champs=530739408,https://fr.trustpilot.com/review/sonorhc.com,,sonorhc.com,3-5,2023,PME,1,1,,170820,,40629,2024,15,2011-02-15,SARL,,,,non,non,,1486,FR96530739408,active,,530739408,53073940800017,72.19Z,4 RUE DE MONETROI 01800 CHARNOZ-SUR-AIN,45.870560027,5.2213089415,,,,,oui,oui,2026-08-01,sirene,CHARNOZ-SUR-AIN
CEGEDIM,B,41,a contacter,,,,,,,,,,,,data_etudes,"Traitement de donnees, hebergement et activites connexes",BOULOGNE-BILLANCOURT,92100,92,Ile-de-France,,,,CATHERINE ABIVEN,Administrateur,site+8|effectif+10|categorie+5|multi-sites+8|dirigeant+5|labels+5,https://cegedim.fr,https://www.pappers.fr/entreprise/350422622,https://annuaire-entreprises.data.gouv.fr/entreprise/350422622,https://annuaire-entreprises.data.gouv.fr/annonces/350422622,https://annuaire-entreprises.data.gouv.fr/donnees-financieres/350422622,https://annuaire-entreprises.data.gouv.fr/dirigeants/350422622,"https://www.google.com/maps?q=48.838031179,2.2380756013",https://www.google.com/search?q=CEGEDIM+BOULOGNE-BILLANCOURT,https://news.google.com/search?hl=fr&q=%22CEGEDIM%22,https://www.linkedin.com/search/results/companies/?keywords=CEGEDIM,https://www.linkedin.com/search/results/people/?keywords=CATHERINE+ABIVEN+CEGEDIM,https://www.pagesjaunes.fr/annuaire/chercherlespros?quoiqui=CEGEDIM&ou=BOULOGNE-BILLANCOURT,https://www.societe.com/cgi-bin/search?champs=350422622,https://fr.trustpilot.com/review/cegedim.fr,https://www.linkedin.com/company/cegedim,cegedim.fr,250-499,2023,ETI,17,31,,654496000,,-15134000,2024,37,1989-04-12,SA,,HOSPITALIS,,non,non,"Qualiopi, Organisme de formation","1486, 9999",FR17350422622,active,,350422622,35042262200166,63.11Z,129-137 129-137 RUE D'AGUESSEAU 92100 BOULOGNE-BILLANCOURT,48.838031179,2.2380756013,,,,JEAN-PIERRE CASSAN (Administrateur); SANDRINE CHANTAL THERESE DUMENIL (DEBROISE) (Administrateur); MARCEL KAHN (Administrateur); AUDE MARYSSE (LABRUNE) (Administrateur),oui,oui,2026-08-02,sirene,BOULOGNE-BILLANCOURT
GIRAG & ASSOCIATES,B,40,a contacter,,,,,,,,,,,,data_etudes,Etudes de marche et sondages,FERNEY-VOLTAIRE,01210,01,Auvergne-Rhone-Alpes,,,,CHRISTOPHE LAFOUGERE,Président de SAS,ca+15|effectif+10|categorie+5|anciennete+5|dirigeant+5,,https://www.pappers.fr/entreprise/752763615,https://annuaire-entreprises.data.gouv.fr/entreprise/752763615,https://annuaire-entreprises.data.gouv.fr/annonces/752763615,https://annuaire-entreprises.data.gouv.fr/donnees-financieres/752763615,https://annuaire-entreprises.data.gouv.fr/dirigeants/752763615,"https://www.google.com/maps?q=46.260534113,6.1141549305",https://www.google.com/search?q=GIRAG+%26+ASSOCIATES+FERNEY-VOLTAIRE,https://news.google.com/search?hl=fr&q=%22GIRAG+%26+ASSOCIATES%22,https://www.linkedin.com/search/results/companies/?keywords=GIRAG+%26+ASSOCIATES,https://www.linkedin.com/search/results/people/?keywords=CHRISTOPHE+LAFOUGERE+GIRAG+%26+ASSOCIATES,https://www.pagesjaunes.fr/annuaire/chercherlespros?quoiqui=GIRAG+%26+ASSOCIATES&ou=FERNEY-VOLTAIRE,https://www.societe.com/cgi-bin/search?champs=752763615,,,,10-19,2023,PME,1,1,,3491447,,179018,2024,14,2012-07-01,SAS,,,,non,non,,"1486, 9999",FR04752763615,active,,752763615,75276361500016,73.20Z,13 CHEMIN DU LEVANT 01210 FERNEY-VOLTAIRE,46.260534113,6.1141549305,,,,,non,oui,2026-08-01,sirene,FERNEY-VOLTAIRE
TESSI 2M,B,40,a contacter,,,,,,,,,,,,data_etudes,"Traitement de donnees, hebergement et activites connexes",MAIGNELAY-MONTIGNY,60420,60,Hauts-de-France,,,,VIRGINIE ANNE ISABELLE COURNU (DEGEORGIS),Directeur Général,ca+15|effectif+10|categorie+5|anciennete+5|dirigeant+5,,https://www.pappers.fr/entreprise/444675359,https://annuaire-entreprises.data.gouv.fr/entreprise/444675359,https://annuaire-entreprises.data.gouv.fr/annonces/444675359,https://annuaire-entreprises.data.gouv.fr/donnees-financieres/444675359,https://annuaire-entreprises.data.gouv.fr/dirigeants/444675359,"https://www.google.com/maps?q=49.553559067,2.5273801316",https://www.google.com/search?q=TESSI+2M+MAIGNELAY-MONTIGNY,https://news.google.com/search?hl=fr&q=%22TESSI+2M%22,https://www.linkedin.com/search/results/companies/?keywords=TESSI+2M,https://www.linkedin.com/search/results/people/?keywords=VIRGINIE+ANNE+ISABELLE+COURNU+%28DEGEORGIS%29+TESSI+2M,https://www.pagesjaunes.fr/annuaire/chercherlespros?quoiqui=TESSI+2M&ou=MAIGNELAY-MONTIGNY,https://www.societe.com/cgi-bin/search?champs=444675359,,,,50-99,2023,ETI,1,5,,3909827,,224426,2024,23,2003-01-01,SAS,,,,non,non,,2098,FR27444675359,active,,444675359,44467535900053,63.11Z,LIEUDIT LA CHAPPELLE 5 RUE DE COIVREL 60420 MAIGNELAY-MONTIGNY,49.553559067,2.5273801316,,,,TESSI (Président de SAS),non,oui,2026-08-03,sirene,MAIGNELAY-MONTIGNY
BIO FACONNAGE,C,38,a contacter,,,,,,,,,,,,data_etudes,Recherche-developpement en autres sciences physiques et naturelles,PRESLES-ET-BOVES,02370,02,Hauts-de-France,,,,FRANCK GEORGES RIGOULET,Président de SAS,site+8|effectif+10|categorie+5|anciennete+5|dirigeant+5|labels+5,https://biofaconnage.com,https://www.pappers.fr/entreprise/523130763,https://annuaire-entreprises.data.gouv.fr/entreprise/523130763,https://annuaire-entreprises.data.gouv.fr/annonces/523130763,https://annuaire-entreprises.data.gouv.fr/donnees-financieres/523130763,https://annuaire-entreprises.data.gouv.fr/dirigeants/523130763,"https://www.google.com/maps?q=49.397370243,3.5326295396",https://www.google.com/search?q=BIO+FACONNAGE+PRESLES-ET-BOVES,https://news.google.com/search?hl=fr&q=%22BIO+FACONNAGE%22,https://www.linkedin.com/search/results/companies/?keywords=BIO+FACONNAGE,https://www.linkedin.com/search/results/people/?keywords=FRANCK+GEORGES+RIGOULET+BIO+FACONNAGE,https://www.pagesjaunes.fr/annuaire/chercherlespros?quoiqui=BIO+FACONNAGE&ou=PRESLES-ET-BOVES,https://www.societe.com/cgi-bin/search?champs=523130763,https://fr.trustpilot.com/review/biofaconnage.com,,biofaconnage.com,6-9,2023,PME,1,2,,243402,,-18451,2018,16,2010-06-01,SAS,,,,non,non,Bio,3109,FR07523130763,active,,523130763,52313076300015,72.19Z,10 RUE SAINT AUDEBERT 02370 PRESLES-ET-BOVES,49.397370243,3.5326295396,,,,,oui,oui,2026-08-02,sirene,PRESLES-ET-BOVES
NETGEM,C,37,a contacter,,,,,,,,,,,,data_etudes,"Traitement de donnees, hebergement et activites connexes",PARIS,75007,75,Ile-de-France,,eclair@netgem.com,mx_ok,ALEXANDRA BARTH,Administrateur,email+12|effectif+10|categorie+5|anciennete+5|dirigeant+5,https://netgem.fr,https://www.pappers.fr/entreprise/408024578,https://annuaire-entreprises.data.gouv.fr/entreprise/408024578,https://annuaire-entreprises.data.gouv.fr/annonces/408024578,https://annuaire-entreprises.data.gouv.fr/donnees-financieres/408024578,https://annuaire-entreprises.data.gouv.fr/dirigeants/408024578,"https://www.google.com/maps?q=48.856708481,2.3187916784",https://www.google.com/search?q=NETGEM+PARIS,https://news.google.com/search?hl=fr&q=%22NETGEM%22,https://www.linkedin.com/search/results/companies/?keywords=NETGEM,https://www.linkedin.com/search/results/people/?keywords=ALEXANDRA+BARTH+NETGEM,https://www.pagesjaunes.fr/annuaire/chercherlespros?quoiqui=NETGEM&ou=PARIS,https://www.societe.com/cgi-bin/search?champs=408024578,https://fr.trustpilot.com/review/netgem.fr,https://www.linkedin.com/company/netgem,netgem.fr,20-49,2023,PME,1,45,,33774000,,1953,2024,30,1996-06-17,SA,,,,non,non,,"9999, 1539",FR94408024578,active,,408024578,40802457800457,63.11Z,CS 10841 103 RUE DE GRENELLE 75007 PARIS,48.856708481,2.3187916784,site,non,,VINCENT GRIVET (Administrateur); JOSEPH HADDAD (Président du conseil d’administration); LAURA WILNER (HADDAD) (Autre); MATHIAS HAUTEFORT (Directeur Général),oui,oui,2026-08-03,sirene,PARIS
WORLDLINE,C,36,a contacter,,,,,,,,,,,,data_etudes,"Traitement de donnees, hebergement et activites connexes",PUTEAUX,92800,92,Ile-de-France,,,,JÉRÔME GRIVET,Administrateur,site+8|effectif+10|categorie+5|multi-sites+8|dirigeant+5,https://worldline.fr,https://www.pappers.fr/entreprise/378901946,https://annuaire-entreprises.data.gouv.fr/entreprise/378901946,https://annuaire-entreprises.data.gouv.fr/annonces/378901946,https://annuaire-entreprises.data.gouv.fr/donnees-financieres/378901946,https://annuaire-entreprises.data.gouv.fr/dirigeants/378901946,"https://www.google.com/maps?q=48.8895412198599,2.23636788032389",https://www.google.com/search?q=WORLDLINE+PUTEAUX,https://news.google.com/search?hl=fr&q=%22WORLDLINE%22,https://www.linkedin.com/search/results/companies/?keywords=WORLDLINE,https://www.linkedin.com/search/results/people/?keywords=J%C3%89R%C3%94ME+GRIVET+WORLDLINE,https://www.pagesjaunes.fr/annuaire/chercherlespros?quoiqui=WORLDLINE&ou=PUTEAUX,https://www.societe.com/cgi-bin/search?champs=378901946,https://fr.trustpilot.com/review/worldline.fr,,worldline.fr,250-499,2023,ETI,9,65,,4610400000,,,2023,36,1990-06-25,SA,,,,non,non,,1486,FR01378901946,active,,378901946,37890194600640,63.11Z,TOUR VOLTAIRE 1 PLACE DES DEGRES 92800 PUTEAUX,48.8895412198599,2.23636788032389,,,,METTE KAMSVAG (Administrateur); SÉBASTIEN DIONIS LACROIX (Administrateurs représentant les salariés); AGNES GOUGE (PARK) (Administrateur); RODOLFO JOSÉ SAVITZKY (Administrateur),oui,oui,2026-08-02,sirene,PUTEAUX
HEXAGONE PAIE,C,36,a contacter,,,,,,,,,,,,data_etudes,"Traitement de donnees, hebergement et activites connexes",OYONNAX,01100,01,Auvergne-Rhone-Alpes,,,,EMMANUEL DALOZ,Président de SAS,site+8|effectif+10|categorie+5|multi-sites+8|dirigeant+5,https://hexagonepaie.fr,https://www.pappers.fr/entreprise/310016811,https://annuaire-entreprises.data.gouv.fr/entreprise/310016811,https://annuaire-entreprises.data.gouv.fr/annonces/310016811,https://annuaire-entreprises.data.gouv.fr/donnees-financieres/310016811,https://annuaire-entreprises.data.gouv.fr/dirigeants/310016811,"https://www.google.com/maps?q=46.2659966739459,5.65500032403868",https://www.google.com/search?q=HEXAGONE+PAIE+OYONNAX,https://news.google.com/search?hl=fr&q=%22HEXAGONE+PAIE%22,https://www.linkedin.com/search/results/companies/?keywords=HEXAGONE+PAIE,https://www.linkedin.com/search/results/people/?keywords=EMMANUEL+DALOZ+HEXAGONE+PAIE,https://www.pagesjaunes.fr/annuaire/chercherlespros?quoiqui=HEXAGONE+PAIE&ou=OYONNAX,https://www.societe.com/cgi-bin/search?champs=310016811,https://fr.trustpilot.com/review/hexagonepaie.fr,,hexagonepaie.fr,6-9,2023,PME,2,4,,,,,,49,1977-01-01,SAS,,HEXAGONE PAIE,,non,non,,2098,FR89310016811,active,,310016811,31001681100039,63.11Z,31 COURS DE VERDUN 01100 OYONNAX,46.2659966739459,5.65500032403868,,,,,oui,oui,2026-08-01,sirene,OYONNAX
INSIEMA,C,36,a contacter,,,,,,,,,,,,data_etudes,"Traitement de donnees, hebergement et activites connexes",COURBEVOIE,92400,92,Ile-de-France,,,,ASSYSTEM ENGINEERING AND OPERATION SERVICES,Président de SAS,site+8|effectif+10|categorie+5|multi-sites+8|dirigeant+5,https://insiema.fr,https://www.pappers.fr/entreprise/572004372,https://annuaire-entreprises.data.gouv.fr/entreprise/572004372,https://annuaire-entreprises.data.gouv.fr/annonces/572004372,https://annuaire-entreprises.data.gouv.fr/donnees-financieres/572004372,https://annuaire-entreprises.data.gouv.fr/dirigeants/572004372,"https://www.google.com/maps?q=48.8951813287265,2.23798157771034",https://www.google.com/search?q=INSIEMA+COURBEVOIE,https://news.google.com/search?hl=fr&q=%22INSIEMA%22,https://www.linkedin.com/search/results/companies/?keywords=INSIEMA,https://www.linkedin.com/search/results/people/?keywords=ASSYSTEM+ENGINEERING+AND+OPERATION+SERVICES+INSIEMA,https://www.pagesjaunes.fr/annuaire/chercherlespros?quoiqui=INSIEMA&ou=COURBEVOIE,https://www.societe.com/cgi-bin/search?champs=572004372,https://fr.trustpilot.com/review/insiema.fr,,insiema.fr,20-49,2023,ETI,2,14,,258493,,237049,2024,69,1957-01-01,SAS,,,,non,non,,,FR96572004372,active,,572004372,57200437200205,63.11Z,9-11-TOUR EGEE 9 ALLEE DE L'ARCHE 92400 COURBEVOIE,48.8951813287265,2.23798157771034,,,,KPMG S.A (Commissaire aux comptes titulaire),oui,oui,2026-08-01,sirene,COURBEVOIE
AGENCE LOCALE DE LA TRANSITION ENERGETIQUE,C,33,a contacter,,,,,,,,,,,,data_etudes,Recherche-developpement en autres sciences physiques et naturelles,APT,84400,84,Provence-Alpes-Cote d'Azur,,,,,,effectif+10|categorie+5|multi-sites+8|anciennete+5|labels+5,,https://www.pappers.fr/entreprise/438570384,https://annuaire-entreprises.data.gouv.fr/entreprise/438570384,https://annuaire-entreprises.data.gouv.fr/annonces/438570384,https://annuaire-entreprises.data.gouv.fr/donnees-financieres/438570384,https://annuaire-entreprises.data.gouv.fr/dirigeants/438570384,"https://www.google.com/maps?q=43.8873991282528,5.37000015000909",https://www.google.com/search?q=AGENCE+LOCALE+DE+LA+TRANSITION+ENERGETIQUE+APT,https://news.google.com/search?hl=fr&q=%22AGENCE+LOCALE+DE+LA+TRANSITION+ENERGETIQUE%22,https://www.linkedin.com/search/results/companies/?keywords=AGENCE+LOCALE+DE+LA+TRANSITION+ENERGETIQUE,,https://www.pagesjaunes.fr/annuaire/chercherlespros?quoiqui=AGENCE+LOCALE+DE+LA+TRANSITION+ENERGETIQUE&ou=APT,https://www.societe.com/cgi-bin/search?champs=438570384,,,,10-19,2023,PME,5,10,,,,,,27,1999-12-20,Association declaree,ALTE,,,non,non,"RGE, ESS",1518,FR60438570384,active,,438570384,43857038400067,72.19Z,472 TRAVERSE DE ROUMANILLE 84400 APT,43.8873991282528,5.37000015000909,,,,,non,oui,2026-08-03,sirene,APT
FAST - FIEA AGRI SERVICES TECHNOLOGIES,C,33,a contacter,,,,,,,,,,,,data_etudes,"Traitement de donnees, hebergement et activites connexes",PARIS,75012,75,Ile-de-France,,,,OKTEO,Président de SAS,effectif+10|categorie+5|multi-sites+8|anciennete+5|dirigeant+5,,https://www.pappers.fr/entreprise/852798131,https://annuaire-entreprises.data.gouv.fr/entreprise/852798131,https://annuaire-entreprises.data.gouv.fr/annonces/852798131,https://annuaire-entreprises.data.gouv.fr/donnees-financieres/852798131,https://annuaire-entreprises.data.gouv.fr/dirigeants/852798131,"https://www.google.com/maps?q=48.841630994,2.376932958",https://www.google.com/search?q=FAST+-+FIEA+AGRI+SERVICES+TECHNOLOGIES+PARIS,https://news.google.com/search?hl=fr&q=%22FAST+-+FIEA+AGRI+SERVICES+TECHNOLOGIES%22,https://www.linkedin.com/search/results/companies/?keywords=FAST+-+FIEA+AGRI+SERVICES+TECHNOLOGIES,https://www.linkedin.com/search/results/people/?keywords=OKTEO+FAST+-+FIEA+AGRI+SERVICES+TECHNOLOGIES,https://www.pagesjaunes.fr/annuaire/chercherlespros?quoiqui=FAST+-+FIEA+AGRI+SERVICES+TECHNOLOGIES&ou=PARIS,https://www.societe.com/cgi-bin/search?champs=852798131,,,,3-5,2023,PME,4,4,,,,,,7,2019-07-15,SAS,,,,non,non,,,FR05852798131,active,,852798131,85279813100029,63.11Z,149 RUE DE BERCY 75012 PARIS,48.841630994,2.376932958,,,,INELYS AUDIT (Commissaire aux comptes titulaire),non,oui,2026-08-01,sirene,PARIS
HELIANTIS RHONE-ALPES,C,33,a contacter,,,,,,,,,,,,data_etudes,Recherche-developpement en autres sciences physiques et naturelles,INCHY-EN-ARTOIS,62860,62,Hauts-de-France,,,,AST,Président de SAS,effectif+10|categorie+5|multi-sites+8|anciennete+5|dirigeant+5,,https://www.pappers.fr/entreprise/912784659,https://annuaire-entreprises.data.gouv.fr/entreprise/912784659,https://annuaire-entreprises.data.gouv.fr/annonces/912784659,https://annuaire-entreprises.data.gouv.fr/donnees-financieres/912784659,https://annuaire-entreprises.data.gouv.fr/dirigeants/912784659,"https://www.google.com/maps?q=50.1764253075723,3.05411624275583",https://www.google.com/search?q=HELIANTIS+RHONE-ALPES+INCHY-EN-ARTOIS,https://news.google.com/search?hl=fr&q=%22HELIANTIS+RHONE-ALPES%22,https://www.linkedin.com/search/results/companies/?keywords=HELIANTIS+RHONE-ALPES,https://www.linkedin.com/search/results/people/?keywords=AST+HELIANTIS+RHONE-ALPES,https://www.pagesjaunes.fr/annuaire/chercherlespros?quoiqui=HELIANTIS+RHONE-ALPES&ou=INCHY-EN-ARTOIS,https://www.societe.com/cgi-bin/search?champs=912784659,,,,10-19,2023,PME,4,5,,,,76798,2024,4,2022-03-01,SAS,,HELIANTIS RHONE-ALPES,,non,non,,,FR48912784659,active,,912784659,91278465900035,72.19Z,23 RUE DE MOEUVRES 62860 INCHY-EN-ARTOIS,50.1764253075723,3.05411624275583,,,,,non,oui,2026-08-01,sirene,INCHY-EN-ARTOIS
CHARLES RIVER LABORATOIRE FRANCE CRLF,C,33,a contacter,,,,,,,,,,,,data_etudes,Recherche-developpement en autres sciences physiques et naturelles,SAINT-GERMAIN-NUELLES,69210,69,Auvergne-Rhone-Alpes,,,,JULIEN MATHIEU DATIN,Directeur Général,effectif+10|categorie+5|multi-sites+8|dirigeant+5|labels+5,,https://www.pappers.fr/entreprise/086650041,https://annuaire-entreprises.data.gouv.fr/entreprise/086650041,https://annuaire-entreprises.data.gouv.fr/annonces/086650041,https://annuaire-entreprises.data.gouv.fr/donnees-financieres/086650041,https://annuaire-entreprises.data.gouv.fr/dirigeants/086650041,"https://www.google.com/maps?q=45.875466933,4.6129019386",https://www.google.com/search?q=CHARLES+RIVER+LABORATOIRE+FRANCE+CRLF+SAINT-GERMAIN-NUELLES,https://news.google.com/search?hl=fr&q=%22CHARLES+RIVER+LABORATOIRE+FRANCE+CRLF%22,https://www.linkedin.com/search/results/companies/?keywords=CHARLES+RIVER+LABORATOIRE+FRANCE+CRLF,https://www.linkedin.com/search/results/people/?keywords=JULIEN+MATHIEU+DATIN+CHARLES+RIVER+LABORATOIRE+FRANCE+CRLF,https://www.pagesjaunes.fr/annuaire/chercherlespros?quoiqui=CHARLES+RIVER+LABORATOIRE+FRANCE+CRLF&ou=SAINT-GERMAIN-NUELLES,https://www.societe.com/cgi-bin/search?champs=086650041,,,,250-499,2023,ETI,2,7,,70765827,,28748316,2024,60,1966-01-01,SAS,CRLF,,,non,non,Organisme de formation,"9999, 0176",FR29086650041,active,,086650041,08665004100022,72.19Z,327 IMPASSE DU DOMAINE ROZIER 69210 SAINT-GERMAIN-NUELLES,45.875466933,4.6129019386,,,,COLIN SAMUEL DUNN (Président de SAS); BENJAMIN MARIE VILLE (Autre); PRICEWATERHOUSECOOPERS AUDIT (Commissaire aux comptes titulaire),non,oui,2026-08-01,sirene,SAINT-GERMAIN-NUELLES
COCOON CRUISERS,C,33,a contacter,,,,,,,,,,,,data_etudes,Recherche-developpement en autres sciences physiques et naturelles,LORIENT,56100,56,Bretagne,,,,CAMILA ISABEL CARVAJAL FONDELLO,Directeur Général,site+8|effectif+10|categorie+5|anciennete+5|dirigeant+5,https://cocooncruisers.com,https://www.pappers.fr/entreprise/514003847,https://annuaire-entreprises.data.gouv.fr/entreprise/514003847,https://annuaire-entreprises.data.gouv.fr/annonces/514003847,https://annuaire-entreprises.data.gouv.fr/donnees-financieres/514003847,https://annuaire-entreprises.data.gouv.fr/dirigeants/514003847,"https://www.google.com/maps?q=47.732979779,-3.373448419",https://www.google.com/search?q=COCOON+CRUISERS+LORIENT,https://news.google.com/search?hl=fr&q=%22COCOON+CRUISERS%22,https://www.linkedin.com/search/results/companies/?keywords=COCOON+CRUISERS,https://www.linkedin.com/search/results/people/?keywords=CAMILA+ISABEL+CARVAJAL+FONDELLO+COCOON+CRUISERS,https://www.pagesjaunes.fr/annuaire/chercherlespros?quoiqui=COCOON+CRUISERS&ou=LORIENT,https://www.societe.com/cgi-bin/search?champs=514003847,https://fr.trustpilot.com/review/cocooncruisers.com,,cocooncruisers.com,3-5,2023,PME,1,4,,,,80504,2022,17,2009-07-01,SAS,COCOON CRUISERS,COCOON CRUISERS,,non,non,,,FR31514003847,active,,514003847,51400384700043,72.19Z,1 RUE HONORE D'ESTIENNE D'ORVES 56100 LORIENT,47.732979779,-3.373448419,,,,MARTIN DAVID MULHAUPT (Président de SAS),oui,oui,2026-08-03,sirene,LORIENT
PREDIV,C,33,a contacter,,,,,,,,,,,,data_etudes,Recherche-developpement en autres sciences physiques et naturelles,SAINT-BONNET-DE-ROCHEFORT,03800,03,Auvergne-Rhone-Alpes,,,,FLEUR MUSIQUE MARIE PHELIPEAU,Président de SAS,site+8|effectif+10|categorie+5|anciennete+5|dirigeant+5,https://prediv.com,https://www.pappers.fr/entreprise/880151394,https://annuaire-entreprises.data.gouv.fr/entreprise/880151394,https://annuaire-entreprises.data.gouv.fr/annonces/880151394,https://annuaire-entreprises.data.gouv.fr/donnees-financieres/880151394,https://annuaire-entreprises.data.gouv.fr/dirigeants/880151394,"https://www.google.com/maps?q=46.147892957,3.1302025039",https://www.google.com/search?q=PREDIV+SAINT-BONNET-DE-ROCHEFORT,https://news.google.com/search?hl=fr&q=%22PREDIV%22,https://www.linkedin.com/search/results/companies/?keywords=PREDIV,https://www.linkedin.com/search/results/people/?keywords=FLEUR+MUSIQUE+MARIE+PHELIPEAU+PREDIV,https://www.pagesjaunes.fr/annuaire/chercherlespros?quoiqui=PREDIV&ou=SAINT-BONNET-DE-ROCHEFORT,https://www.societe.com/cgi-bin/search?champs=880151394,https://fr.trustpilot.com/review/prediv.com,,prediv.com,3-5,2023,PME,1,2,,,,,,7,2019-12-26,SAS,,,,non,non,,,FR25880151394,active,,880151394,88015139400025,72.19Z,VILLAGE D'ENTREPRISES NATUROPOLE ZA NATUROPOLE 03800 SAINT-BONNET-DE-ROCHEFORT,46.147892957,3.1302025039,,,,,oui,oui,2026-08-03,sirene,SAINT-BONNET-DE-ROCHEFORT
WEB SENSO,C,30,a contacter,,,,,,,,,,,,data_etudes,"Traitement de donnees, hebergement et activites connexes",CHORGES,,05,,04 92 44 13 73,bonjour@websenso.com,mx_ok,,,email+20|tel+10,https://websenso.fr,https://www.pappers.fr/entreprise/514911098,https://annuaire-entreprises.data.gouv.fr/entreprise/514911098,https://annuaire-entreprises.data.gouv.fr/annonces/514911098,https://annuaire-entreprises.data.gouv.fr/donnees-financieres/514911098,https://annuaire-entreprises.data.gouv.fr/dirigeants/514911098,https://www.google.com/maps/search/?api=1&query=WEB+SENSO+CHORGES,https://www.google.com/search?q=WEB+SENSO+CHORGES,https://news.google.com/search?hl=fr&q=%22WEB+SENSO%22,https://www.linkedin.com/search/results/companies/?keywords=WEB+SENSO,,https://www.pagesjaunes.fr/annuaire/chercherlespros?quoiqui=WEB+SENSO&ou=CHORGES,https://www.societe.com/cgi-bin/search?champs=514911098,https://fr.trustpilot.com/review/websenso.fr,https://www.linkedin.com/company/websenso,websenso.fr,,,,,,,,,,,,,,,,,,,,,FR61514911098,,,514911098,51491109800036,63.11Z,,,,site-generique,non,,,oui,oui,2026-08-03,sirene,
INSTITUT DE L'ELEVAGE,C,28,a contacter,,,,,,,,,,,,data_etudes,Recherche-developpement en autres sciences physiques et naturelles,PARIS,75012,75,Ile-de-France,,,,,,effectif+10|categorie+5|multi-sites+8|labels+5,,https://www.pappers.fr/entreprise/302984158,https://annuaire-entreprises.data.gouv.fr/entreprise/302984158,https://annuaire-entreprises.data.gouv.fr/annonces/302984158,https://annuaire-entreprises.data.gouv.fr/donnees-financieres/302984158,https://annuaire-entreprises.data.gouv.fr/dirigeants/302984158,"https://www.google.com/maps?q=48.841630994,2.376932958",https://www.google.com/search?q=INSTITUT+DE+L%27ELEVAGE+PARIS,https://news.google.com/search?hl=fr&q=%22INSTITUT+DE+L%27ELEVAGE%22,https://www.linkedin.com/search/results/companies/?keywords=INSTITUT+DE+L%27ELEVAGE,,https://www.pagesjaunes.fr/annuaire/chercherlespros?quoiqui=INSTITUT+DE+L%27ELEVAGE&ou=PARIS,https://www.societe.com/cgi-bin/search?champs=302984158,,,,250-499,2023,ETI,30,38,,,,,,126,1900-01-01,Association declaree,,,,non,non,"Qualiopi, Organisme de formation, ESS",9999,FR18302984158,active,,302984158,30298415800022,72.19Z,149 RUE DE BERCY 75012 PARIS,48.841630994,2.376932958,,,,,non,oui,2026-08-02,sirene,PARIS
INSTITUTE OF PLASMA PHYSICS,C,28,a contacter,,,,,,,,,,,,data_etudes,Recherche-developpement en autres sciences physiques et naturelles,,,,,,,,,,effectif+10|categorie+5|multi-sites+8|anciennete+5,,https://www.pappers.fr/entreprise/819482274,https://annuaire-entreprises.data.gouv.fr/entreprise/819482274,https://annuaire-entreprises.data.gouv.fr/annonces/819482274,https://annuaire-entreprises.data.gouv.fr/donnees-financieres/819482274,https://annuaire-entreprises.data.gouv.fr/dirigeants/819482274,https://www.google.com/maps/search/?api=1&query=INSTITUTE+OF+PLASMA+PHYSICS,https://www.google.com/search?q=INSTITUTE+OF+PLASMA+PHYSICS,https://news.google.com/search?hl=fr&q=%22INSTITUTE+OF+PLASMA+PHYSICS%22,https://www.linkedin.com/search/results/companies/?keywords=INSTITUTE+OF+PLASMA+PHYSICS,,https://www.pagesjaunes.fr/annuaire/chercherlespros?quoiqui=INSTITUTE+OF+PLASMA+PHYSICS,https://www.societe.com/cgi-bin/search?champs=819482274,,,,10-19,2023,PME,2,3,,,,,,12,2014-12-10,3220,,ASIPP,,non,non,,3212,FR70819482274,active,,819482274,81948227400019,72.19Z,350 SHUSHANHU ROAD 230031 HEFEI CHINE,,,,,,,non,oui,2026-08-03,sirene,
EURL OPTIMAL S.I.,C,25,a contacter,,,,,,,,,,,,data_etudes,Autres services d'information n.c.a.,MANOSQUE,04100,04,Provence-Alpes-Cote d'Azur,,,,JEAN-CLAUDE COHIN,Gérant,effectif+10|categorie+5|anciennete+5|dirigeant+5,,https://www.pappers.fr/entreprise/532883758,https://annuaire-entreprises.data.gouv.fr/entreprise/532883758,https://annuaire-entreprises.data.gouv.fr/annonces/532883758,https://annuaire-entreprises.data.gouv.fr/donnees-financieres/532883758,https://annuaire-entreprises.data.gouv.fr/dirigeants/532883758,"https://www.google.com/maps?q=43.8301839269267,5.79710953615289",https://www.google.com/search?q=EURL+OPTIMAL+S.I.+MANOSQUE,https://news.google.com/search?hl=fr&q=%22EURL+OPTIMAL+S.I.%22,https://www.linkedin.com/search/results/companies/?keywords=EURL+OPTIMAL+S.I.,https://www.linkedin.com/search/results/people/?keywords=JEAN-CLAUDE+COHIN+EURL+OPTIMAL+S.I.,https://www.pagesjaunes.fr/annuaire/chercherlespros?quoiqui=EURL+OPTIMAL+S.I.&ou=MANOSQUE,https://www.societe.com/cgi-bin/search?champs=532883758,,,,3-5,2023,PME,1,6,,59282,,1619,2020,15,2011-06-01,SARL,,OPTIMAL SI,,non,non,,1486,FR09532883758,active,,532883758,53288375800072,63.99Z,ECOFORUM BAT D 180 AVENUE REGIS RYCKEBUSCH 04100 MANOSQUE,43.8301839269267,5.79710953615289,,,,,non,oui,2026-08-03,sirene,MANOSQUE
JCL-STAT,C,25,a contacter,,,,,,,,,,,,data_etudes,"Traitement de donnees, hebergement et activites connexes",PARIS,75015,75,Ile-de-France,,,,JEAN CHRISTOPHE LEMARIE,Gérant,effectif+10|categorie+5|anciennete+5|dirigeant+5,,https://www.pappers.fr/entreprise/410248785,https://annuaire-entreprises.data.gouv.fr/entreprise/410248785,https://annuaire-entreprises.data.gouv.fr/annonces/410248785,https://annuaire-entreprises.data.gouv.fr/donnees-financieres/410248785,https://annuaire-entreprises.data.gouv.fr/dirigeants/410248785,"https://www.google.com/maps?q=48.846028977944,2.30672428977211",https://www.google.com/search?q=JCL-STAT+PARIS,https://news.google.com/search?hl=fr&q=%22JCL-STAT%22,https://www.linkedin.com/search/results/companies/?keywords=JCL-STAT,https://www.linkedin.com/search/results/people/?keywords=JEAN+CHRISTOPHE+LEMARIE+JCL-STAT,https://www.pagesjaunes.fr/annuaire/chercherlespros?quoiqui=JCL-STAT&ou=PARIS,https://www.societe.com/cgi-bin/search?champs=410248785,,,,3-5,2023,PME,1,8,,170631,,-141502,2024,29,1997-01-01,SARL,,,,non,non,,1486,FR85410248785,active,,410248785,41024878500082,63.11Z,2 RUE JEAN DAUDIN 75015 PARIS,48.846028977944,2.30672428977211,,,,,non,oui,2026-08-02,sirene,PARIS
CENTRE TECHNIQUE INDUSTRIEL DE LA PLASTURGIE ET DES COMPOSITES,C,23,a contacter,,,,,,,,,,,,data_etudes,Recherche-developpement en autres sciences physiques et naturelles,BELLIGNAT,01100,01,Auvergne-Rhone-Alpes,,,,,,effectif+10|categorie+5|multi-sites+8,,https://www.pappers.fr/entreprise/353969348,https://annuaire-entreprises.data.gouv.fr/entreprise/353969348,https://annuaire-entreprises.data.gouv.fr/annonces/353969348,https://annuaire-entreprises.data.gouv.fr/donnees-financieres/353969348,https://annuaire-entreprises.data.gouv.fr/dirigeants/353969348,"https://www.google.com/maps?q=46.250926293,5.6304183738",https://www.google.com/search?q=CENTRE+TECHNIQUE+INDUSTRIEL+DE+LA+PLASTURGIE+ET+DES+COMPOSITES+BELLIGNAT,https://news.google.com/search?hl=fr&q=%22CENTRE+TECHNIQUE+INDUSTRIEL+DE+LA+PLASTURGIE+ET+DES+COMPOSITES%22,https://www.linkedin.com/search/results/companies/?keywords=CENTRE+TECHNIQUE+INDUSTRIEL+DE+LA+PLASTURGIE+ET+DES+COMPOSITES,,https://www.pagesjaunes.fr/annuaire/chercherlespros?quoiqui=CENTRE+TECHNIQUE+INDUSTRIEL+DE+LA+PLASTURGIE+ET+DES+COMPOSITES&ou=BELLIGNAT,https://www.societe.com/cgi-bin/search?champs=353969348,,,,100-199,2023,PME,5,10,,,,,,36,1990-03-01,8470,CTIPC,,,non,non,,0292,FR71353969348,active,,353969348,35396934800021,72.19Z,2 RUE PIERRE ET MARIE CURIE 01100 BELLIGNAT,46.250926293,5.6304183738,,,,,non,oui,2026-08-01,sirene,BELLIGNAT
ANTICOR CHIMIE,C,20,a contacter,,,,,,,,,,,,data_etudes,Recherche-developpement en autres sciences physiques et naturelles,CHATEAU-ARNOUX-SAINT-AUBAN,04160,04,Provence-Alpes-Cote d'Azur,,,,BRANKO ULAGA,Directeur Général,effectif+10|categorie+5|dirigeant+5,,https://www.pappers.fr/entreprise/388216616,https://annuaire-entreprises.data.gouv.fr/entreprise/388216616,https://annuaire-entreprises.data.gouv.fr/annonces/388216616,https://annuaire-entreprises.data.gouv.fr/donnees-financieres/388216616,https://annuaire-entreprises.data.gouv.fr/dirigeants/388216616,"https://www.google.com/maps?q=44.081398875,6.0029092033",https://www.google.com/search?q=ANTICOR+CHIMIE+CHATEAU-ARNOUX-SAINT-AUBAN,https://news.google.com/search?hl=fr&q=%22ANTICOR+CHIMIE%22,https://www.linkedin.com/search/results/companies/?keywords=ANTICOR+CHIMIE,https://www.linkedin.com/search/results/people/?keywords=BRANKO+ULAGA+ANTICOR+CHIMIE,https://www.pagesjaunes.fr/annuaire/chercherlespros?quoiqui=ANTICOR+CHIMIE&ou=CHATEAU-ARNOUX-SAINT-AUBAN,https://www.societe.com/cgi-bin/search?champs=388216616,,,,6-9,2023,PME,1,5,,,,49464,2024,34,1992-07-28,SAS,,ANTICOR CHIMIE,,non,non,,0044,FR57388216616,active,,388216616,38821661600051,72.19Z,PLATEFORME INDUSTRIELLE SAINT AUBAN AVENUE DU JAS 04160 CHATEAU-ARNOUX-SAINT-AUBAN,44.081398875,6.0029092033,,,,JAMIE VINK (Président de SAS),non,oui,2026-08-03,sirene,CHATEAU-ARNOUX-SAINT-AUBAN
ASS DEVELOP RECH ENSEIG ENVIRONNEMENT,C,20,a contacter,,,,,,,,,,,,data_etudes,Recherche-developpement en autres sciences physiques et naturelles,BARENTON-BUGNY,02000,02,Hauts-de-France,,,,,,effectif+10|categorie+5|labels+5,,https://www.pappers.fr/entreprise/381796937,https://annuaire-entreprises.data.gouv.fr/entreprise/381796937,https://annuaire-entreprises.data.gouv.fr/annonces/381796937,https://annuaire-entreprises.data.gouv.fr/donnees-financieres/381796937,https://annuaire-entreprises.data.gouv.fr/dirigeants/381796937,"https://www.google.com/maps?q=49.616414869,3.6284506332",https://www.google.com/search?q=ASS+DEVELOP+RECH+ENSEIG+ENVIRONNEMENT+BARENTON-BUGNY,https://news.google.com/search?hl=fr&q=%22ASS+DEVELOP+RECH+ENSEIG+ENVIRONNEMENT%22,https://www.linkedin.com/search/results/companies/?keywords=ASS+DEVELOP+RECH+ENSEIG+ENVIRONNEMENT,,https://www.pagesjaunes.fr/annuaire/chercherlespros?quoiqui=ASS+DEVELOP+RECH+ENSEIG+ENVIRONNEMENT&ou=BARENTON-BUGNY,https://www.societe.com/cgi-bin/search?champs=381796937,,,,3-5,2023,PME,1,3,,,,,,51,1975-01-30,Association declaree,ADREE,,,non,non,ESS,9999,FR79381796937,active,,381796937,38179693700039,72.19Z,1 CHEMIN DU PONT DE LA PLANCHE 02000 BARENTON-BUGNY,49.616414869,3.6284506332,,,,,non,oui,2026-08-02,sirene,BARENTON-BUGNY
ASSOC FRANCAISE MICADO,C,20,a contacter,,,,,,,,,,,,data_etudes,"Traitement de donnees, hebergement et activites connexes",SISTERON,04200,04,Provence-Alpes-Cote d'Azur,,,,,,effectif+10|categorie+5|labels+5,,https://www.pappers.fr/entreprise/303891915,https://annuaire-entreprises.data.gouv.fr/entreprise/303891915,https://annuaire-entreprises.data.gouv.fr/annonces/303891915,https://annuaire-entreprises.data.gouv.fr/donnees-financieres/303891915,https://annuaire-entreprises.data.gouv.fr/dirigeants/303891915,"https://www.google.com/maps?q=44.194169103,5.9444406174",https://www.google.com/search?q=ASSOC+FRANCAISE+MICADO+SISTERON,https://news.google.com/search?hl=fr&q=%22ASSOC+FRANCAISE+MICADO%22,https://www.linkedin.com/search/results/companies/?keywords=ASSOC+FRANCAISE+MICADO,,https://www.pagesjaunes.fr/annuaire/chercherlespros?quoiqui=ASSOC+FRANCAISE+MICADO&ou=SISTERON,https://www.societe.com/cgi-bin/search?champs=303891915,,,,3-5,2023,PME,1,6,,,,,,52,1974-12-24,Association declaree,,,,non,non,"Organisme de formation, ESS",,FR14303891915,active,,303891915,30389191500090,63.11Z,RESIDENCE DU PARC RUE DES CORDELIERS 04200 SISTERON,44.194169103,5.9444406174,,,,,non,oui,2026-08-03,sirene,SISTERON
CENTRE ETUD TECH AGRI SOISSONNAIS,C,20,a contacter,,,,,,,,,,,,data_etudes,Recherche-developpement en autres sciences physiques et naturelles,SOISSONS,02200,02,Hauts-de-France,,,,,,effectif+10|categorie+5|labels+5,,https://www.pappers.fr/entreprise/302734876,https://annuaire-entreprises.data.gouv.fr/entreprise/302734876,https://annuaire-entreprises.data.gouv.fr/annonces/302734876,https://annuaire-entreprises.data.gouv.fr/donnees-financieres/302734876,https://annuaire-entreprises.data.gouv.fr/dirigeants/302734876,"https://www.google.com/maps?q=49.376195545,3.3312761898",https://www.google.com/search?q=CENTRE+ETUD+TECH+AGRI+SOISSONNAIS+SOISSONS,https://news.google.com/search?hl=fr&q=%22CENTRE+ETUD+TECH+AGRI+SOISSONNAIS%22,https://www.linkedin.com/search/results/companies/?keywords=CENTRE+ETUD+TECH+AGRI+SOISSONNAIS,,https://www.pagesjaunes.fr/annuaire/chercherlespros?quoiqui=CENTRE+ETUD+TECH+AGRI+SOISSONNAIS&ou=SOISSONS,https://www.societe.com/cgi-bin/search?champs=302734876,,,,3-5,2023,PME,1,1,,,,,,42,1984-01-18,Association declaree,CETAS,,,non,non,ESS,9999,FR42302734876,active,,302734876,30273487600022,72.19Z,1ER ETAGE 4 AVENUE DE REIMS 02200 SOISSONS,49.376195545,3.3312761898,,,,,non,oui,2026-08-02,sirene,SOISSONS
CENTRE REGIONALISE INTERPROFESSIONNEL D'EXPERIMENTATION EN PLANTES A PARFUM AROMATIQUES ET MEDICINALES,C,20,a contacter,,,,,,,,,,,,data_etudes,Recherche-developpement en autres sciences physiques et naturelles,MANOSQUE,04100,04,Provence-Alpes-Cote d'Azur,,,,,,effectif+10|categorie+5|labels+5,,https://www.pappers.fr/entreprise/400805982,https://annuaire-entreprises.data.gouv.fr/entreprise/400805982,https://annuaire-entreprises.data.gouv.fr/annonces/400805982,https://annuaire-entreprises.data.gouv.fr/donnees-financieres/400805982,https://annuaire-entreprises.data.gouv.fr/dirigeants/400805982,"https://www.google.com/maps?q=43.852828955237,5.82823700744265",https://www.google.com/search?q=CENTRE+REGIONALISE+INTERPROFESSIONNEL+D%27EXPERIMENTATION+EN+PLANTES+A+PARFUM+AROMATIQUES+ET+MEDICINALES+MANOSQUE,https://news.google.com/search?hl=fr&q=%22CENTRE+REGIONALISE+INTERPROFESSIONNEL+D%27EXPERIMENTATION+EN+PLANTES+A+PARFUM+AROMATIQUES+ET+MEDICINALES%22,https://www.linkedin.com/search/results/companies/?keywords=CENTRE+REGIONALISE+INTERPROFESSIONNEL+D%27EXPERIMENTATION+EN+PLANTES+A+PARFUM+AROMATIQUES+ET+MEDICINALES,,https://www.pagesjaunes.fr/annuaire/chercherlespros?quoiqui=CENTRE+REGIONALISE+INTERPROFESSIONNEL+D%27EXPERIMENTATION+EN+PLANTES+A+PARFUM+AROMATIQUES+ET+MEDICINALES&ou=MANOSQUE,https://www.societe.com/cgi-bin/search?champs=400805982,,,,10-19,2023,PME,1,2,,,,,,33,1993-12-08,Association declaree,CRIEPPAM,,,non,non,"Organisme de formation, ESS",9999,FR41400805982,active,,400805982,40080598200024,72.19Z,271 IMPASSE GUSTAVE FENOUL 04100 MANOSQUE,43.852828955237,5.82823700744265,,,,,non,oui,2026-08-03,sirene,MANOSQUE
OPENHEALTH COMPANY,C,20,a contacter,,,,,,,,,,,,data_etudes,Etudes de marche et sondages,VANNES,56000,56,Bretagne,,,,BBM ET ASSOCIES,Commissaire aux comptes titulaire,effectif+10|categorie+5|dirigeant+5,,https://www.pappers.fr/entreprise/027350321,https://annuaire-entreprises.data.gouv.fr/entreprise/027350321,https://annuaire-entreprises.data.gouv.fr/annonces/027350321,https://annuaire-entreprises.data.gouv.fr/donnees-financieres/027350321,https://annuaire-entreprises.data.gouv.fr/dirigeants/027350321,"https://www.google.com/maps?q=47.640984107,-2.755295947",https://www.google.com/search?q=OPENHEALTH+COMPANY+VANNES,https://news.google.com/search?hl=fr&q=%22OPENHEALTH+COMPANY%22,https://www.linkedin.com/search/results/companies/?keywords=OPENHEALTH+COMPANY,https://www.linkedin.com/search/results/people/?keywords=BBM+ET+ASSOCIES+OPENHEALTH+COMPANY,https://www.pagesjaunes.fr/annuaire/chercherlespros?quoiqui=OPENHEALTH+COMPANY&ou=VANNES,https://www.societe.com/cgi-bin/search?champs=027350321,,,,20-49,2023,ETI,1,6,,,,-451759,2024,53,1973-01-01,SAS,,OPENHEALTH COMPANY,,non,non,,2098,FR33027350321,active,,027350321,02735032100058,73.20Z,3 ALLEE NICOLAS LE BLANC 56000 VANNES,47.640984107,-2.755295947,,,,FITECO (Commissaire aux comptes titulaire); AGIR À DOM. (Président de SAS),non,oui,2026-08-03,sirene,VANNES
AGRICONNECT,C,20,a contacter,,,,,,,,,,,,data_etudes,"Traitement de donnees, hebergement et activites connexes",PEYRUIS,,04,,,sales@agriconnect.com,mx_ok,,,email+20,https://agriconnect.com,https://www.pappers.fr/entreprise/822127700,https://annuaire-entreprises.data.gouv.fr/entreprise/822127700,https://annuaire-entreprises.data.gouv.fr/annonces/822127700,https://annuaire-entreprises.data.gouv.fr/donnees-financieres/822127700,https://annuaire-entreprises.data.gouv.fr/dirigeants/822127700,https://www.google.com/maps/search/?api=1&query=AGRICONNECT+PEYRUIS,https://www.google.com/search?q=AGRICONNECT+PEYRUIS,https://news.google.com/search?hl=fr&q=%22AGRICONNECT%22,https://www.linkedin.com/search/results/companies/?keywords=AGRICONNECT,,https://www.pagesjaunes.fr/annuaire/chercherlespros?quoiqui=AGRICONNECT&ou=PEYRUIS,https://www.societe.com/cgi-bin/search?champs=822127700,https://fr.trustpilot.com/review/agriconnect.com,https://www.linkedin.com/company/agriconnect-arc,agriconnect.com,,,,,,,,,,,,,,,,,,,,,FR02822127700,,,822127700,82212770000026,63.11Z,,,,site-generique,non,editorial@agriconnect.com,,oui,oui,2026-08-03,sirene,
GENIBIO,C,18,a contacter,,,,,,,,,,,,data_etudes,Recherche-developpement en autres sciences physiques et naturelles,LORP-SENTARAILLE,,09,,05 61 04 80 18,,,,,site+8|tel+10,https://genibio.com,https://www.pappers.fr/entreprise/417723863,https://annuaire-entreprises.data.gouv.fr/entreprise/417723863,https://annuaire-entreprises.data.gouv.fr/annonces/417723863,https://annuaire-entreprises.data.gouv.fr/donnees-financieres/417723863,https://annuaire-entreprises.data.gouv.fr/dirigeants/417723863,https://www.google.com/maps/search/?api=1&query=GENIBIO+LORP-SENTARAILLE,https://www.google.com/search?q=GENIBIO+LORP-SENTARAILLE,https://news.google.com/search?hl=fr&q=%22GENIBIO%22,https://www.linkedin.com/search/results/companies/?keywords=GENIBIO,,https://www.pagesjaunes.fr/annuaire/chercherlespros?quoiqui=GENIBIO&ou=LORP-SENTARAILLE,https://www.societe.com/cgi-bin/search?champs=417723863,https://fr.trustpilot.com/review/genibio.com,,genibio.com,,,,,,,,,,,,,,,,,,,,,FR83417723863,,,417723863,41772386300029,72.19Z,,,,,,,,oui,oui,2026-08-02,sirene,
MAGMA,C,8,a contacter,,,,,,,,,,,,data_etudes,Recherche-developpement en autres sciences physiques et naturelles,VAL BUECH-MEOUGE,,05,,,,,,,site+8,https://magma.fr,https://www.pappers.fr/entreprise/812410041,https://annuaire-entreprises.data.gouv.fr/entreprise/812410041,https://annuaire-entreprises.data.gouv.fr/annonces/812410041,https://annuaire-entreprises.data.gouv.fr/donnees-financieres/812410041,https://annuaire-entreprises.data.gouv.fr/dirigeants/812410041,https://www.google.com/maps/search/?api=1&query=MAGMA+VAL+BUECH-MEOUGE,https://www.google.com/search?q=MAGMA+VAL+BUECH-MEOUGE,https://news.google.com/search?hl=fr&q=%22MAGMA%22,https://www.linkedin.com/search/results/companies/?keywords=MAGMA,,https://www.pagesjaunes.fr/annuaire/chercherlespros?quoiqui=MAGMA&ou=VAL+BUECH-MEOUGE,https://www.societe.com/cgi-bin/search?champs=812410041,https://fr.trustpilot.com/review/magma.fr,,magma.fr,,,,,,,,,,,,,,,,,,,,,FR84812410041,,,812410041,81241004100014,72.19Z,,,,,,,,oui,oui,2026-08-03,sirene,
    SHIMADZU CHEMISTRY & DIAGNOSTICS,,,a contacter,,,,,,,,,,,,data_etudes,Recherche-developpement en autres sciences physiques et naturelles,ILLKIRCH-GRAFFENSTADEN,,67,,,,,,,,,,,,,,,,,,,,,,,,,,,,,,,,,,,,,,,,,,,,,,,482218294,48221829400031,72.19Z,,,,,,,,,,,sirene,
2 B 2 P CONSEIL,,,a contacter,,,,,,,,,,,,data_etudes,Etudes de marche et sondages,BLAGNAC,,31,,,,,,,,,,,,,,,,,,,,,,,,,,,,,,,,,,,,,,,,,,,,,,,423497825,42349782500061,73.20Z,,,,,,,,,,,sirene,
2BE-FFICIENT,,,a contacter,,,,,,,,,,,,data_etudes,"Traitement de donnees, hebergement et activites connexes",PARIS,,75,,,,,,,,,,,,,,,,,,,,,,,,,,,,,,,,,,,,,,,,,,,,,,,432824712,43282471200041,63.11Z,,,,,,,,,,,sirene,
3 GS,,,a contacter,,,,,,,,,,,,data_etudes,Etudes de marche et sondages,PARIS,,75,,,,,,,,,,,,,,,,,,,,,,,,,,,,,,,,,,,,,,,,,,,,,,,824740369,82474036900023,73.20Z,,,,,,,,,,,sirene,
3DL,,,a contacter,,,,,,,,,,,,data_etudes,Etudes de marche et sondages,POITIERS,,86,,,,,,,,,,,,,,,,,,,,,,,,,,,,,,,,,,,,,,,,,,,,,,,905002291,90500229100011,73.20Z,,,,,,,,,,,sirene,
3L -OPTRONICS,,,a contacter,,,,,,,,,,,,data_etudes,Recherche-developpement en autres sciences physiques et naturelles,MARSEILLE,,13,,,,,,,,,,,,,,,,,,,,,,,,,,,,,,,,,,,,,,,,,,,,,,,892391285,89239128500020,72.19Z,,,,,,,,,,,sirene,
3MA GROUP,,,a contacter,,,,,,,,,,,,data_etudes,"Traitement de donnees, hebergement et activites connexes",ROUFFACH,,68,,,,,,,,,,,,,,,,,,,,,,,,,,,,,,,,,,,,,,,,,,,,,,,490573219,49057321900030,63.11Z,,,,,,,,,,,sirene,
3WAYSTE,,,a contacter,,,,,,,,,,,,data_etudes,Recherche-developpement en autres sciences physiques et naturelles,POLIGNAC,,43,,,,,,,,,,,,,,,,,,,,,,,,,,,,,,,,,,,,,,,,,,,,,,,821723665,82172366500013,72.19Z,,,,,,,,,,,sirene,
450,,,a contacter,,,,,,,,,,,,data_etudes,"Traitement de donnees, hebergement et activites connexes",PLOUGONVELIN,,29,,,,,,,,,,,,,,,,,,,,,,,,,,,,,,,,,,,,,,,,,,,,,,,523074540,52307454000015,63.11Z,,,,,,,,,,,sirene,
49 SUD,,,a contacter,,,,,,,,,,,,data_etudes,Recherche-developpement en autres sciences physiques et naturelles,LES SABLES D'OLONNE,,85,,,,,,,,,,,,,,,,,,,,,,,,,,,,,,,,,,,,,,,,,,,,,,,414131896,41413189600030,72.19Z,,,,,,,,,,,sirene,
6 DESIGNERS,,,a contacter,,,,,,,,,,,,data_etudes,Etudes de marche et sondages,NANTES,,44,,,,,,,,,,,,,,,,,,,,,,,,,,,,,,,,,,,,,,,,,,,,,,,910341312,91034131200023,73.20Z,,,,,,,,,,,sirene,
7 SENSING SOFTWARE,,,a contacter,,,,,,,,,,,,data_etudes,Recherche-developpement en autres sciences physiques et naturelles,NANCY,,54,,,,,,,,,,,,,,,,,,,,,,,,,,,,,,,,,,,,,,,,,,,,,,,879479202,87947920200043,72.19Z,,,,,,,,,,,sirene,
@RTMOLECULE,,,a contacter,,,,,,,,,,,,data_etudes,Recherche-developpement en autres sciences physiques et naturelles,POITIERS,,86,,,,,,,,,,,,,,,,,,,,,,,,,,,,,,,,,,,,,,,,,,,,,,,449357300,44935730000010,72.19Z,,,,,,,,,,,sirene,
A + A,,,a contacter,,,,,,,,,,,,data_etudes,Etudes de marche et sondages,BOULOGNE-BILLANCOURT,,92,,,,,,,,,,,,,,,,,,,,,,,,,,,,,,,,,,,,,,,,,,,,,,,440430569,44043056900051,73.20Z,,,,,,,,,,,sirene,
A 3 DISTRIB,,,a contacter,,,,,,,,,,,,data_etudes,"Traitement de donnees, hebergement et activites connexes",CHOLET,,49,,,,,,,,,,,,,,,,,,,,,,,,,,,,,,,,,,,,,,,,,,,,,,,398358887,39835888700055,63.11Z,,,,,,,,,,,sirene,
A E I M,,,a contacter,,,,,,,,,,,,data_etudes,"Traitement de donnees, hebergement et activites connexes",SEYCHES,,47,,,,,,,,,,,,,,,,,,,,,,,,,,,,,,,,,,,,,,,,,,,,,,,421780198,42178019800048,63.11Z,,,,,,,,,,,sirene,
A+ C'EST MIEUX !,,,a contacter,,,,,,,,,,,,data_etudes,Autres services d'information n.c.a.,MALAKOFF,,92,,,,,,,,,,,,,,,,,,,,,,,,,,,,,,,,,,,,,,,,,,,,,,,893944223,89394422300013,63.99Z,,,,,,,,,,,sirene,
A.U.D.I.P.O.G,,,a contacter,,,,,,,,,,,,data_etudes,Recherche-developpement en autres sciences physiques et naturelles,LYON,,69,,,,,,,,,,,,,,,,,,,,,,,,,,,,,,,,,,,,,,,,,,,,,,,398708537,39870853700038,72.19Z,,,,,,,,,,,sirene,
A2C ACTION COMMERCIALE COMPLEMENTAIRE,,,a contacter,,,,,,,,,,,,data_etudes,Etudes de marche et sondages,BORDEAUX,,33,,,,,,,,,,,,,,,,,,,,,,,,,,,,,,,,,,,,,,,,,,,,,,,391509361,39150936100013,73.20Z,,,,,,,,,,,sirene,
AADERIS,,,a contacter,,,,,,,,,,,,data_etudes,Etudes de marche et sondages,AUDRESSELLES,,62,,,,,,,,,,,,,,,,,,,,,,,,,,,,,,,,,,,,,,,,,,,,,,,440567212,44056721200046,73.20Z,,,,,,,,,,,sirene,
AALITY,,,a contacter,,,,,,,,,,,,data_etudes,"Traitement de donnees, hebergement et activites connexes",SAINT-ETIENNE,,42,,,,,,,,,,,,,,,,,,,,,,,,,,,,,,,,,,,,,,,,,,,,,,,884922782,88492278200021,63.11Z,,,,,,,,,,,sirene,
AB GESTION,,,a contacter,,,,,,,,,,,,data_etudes,Etudes de marche et sondages,TOULOUSE,,31,,,,,,,,,,,,,,,,,,,,,,,,,,,,,,,,,,,,,,,,,,,,,,,433486230,43348623000033,73.20Z,,,,,,,,,,,sirene,
ABE CLEARING,,,a contacter,,,,,,,,,,,,data_etudes,"Traitement de donnees, hebergement et activites connexes",PARIS,,75,,,,,,,,,,,,,,,,,,,,,,,,,,,,,,,,,,,,,,,,,,,,,,,419020193,41902019300027,63.11Z,,,,,,,,,,,sirene,
ABELIA SCIENCE,,,a contacter,,,,,,,,,,,,data_etudes,Recherche-developpement en autres sciences physiques et naturelles,AUXERRE,,89,,,,,,,,,,,,,,,,,,,,,,,,,,,,,,,,,,,,,,,,,,,,,,,792623795,79262379500038,72.19Z,,,,,,,,,,,sirene,
ABER ENVIRONNEMENT ET ENERGIES,,,a contacter,,,,,,,,,,,,data_etudes,Recherche-developpement en autres sciences physiques et naturelles,LIFFRE,,35,,,,,,,,,,,,,,,,,,,,,,,,,,,,,,,,,,,,,,,,,,,,,,,832142848,83214284800015,72.19Z,,,,,,,,,,,sirene,
ABERDEEN MARKET INTELLIGENCE FRANCE,,,a contacter,,,,,,,,,,,,data_etudes,"Traitement de donnees, hebergement et activites connexes",VERSAILLES,,78,,,,,,,,,,,,,,,,,,,,,,,,,,,,,,,,,,,,,,,,,,,,,,,811442680,81144268000047,63.11Z,,,,,,,,,,,sirene,
ABICOM,,,a contacter,,,,,,,,,,,,data_etudes,"Traitement de donnees, hebergement et activites connexes",AUBIERE,,63,,,,,,,,,,,,,,,,,,,,,,,,,,,,,,,,,,,,,,,,,,,,,,,381589886,38158988600039,63.11Z,,,,,,,,,,,sirene,
ABL DIAGNOSTICS,,,a contacter,,,,,,,,,,,,data_etudes,Recherche-developpement en autres sciences physiques et naturelles,WOIPPY,,57,,,,,,,,,,,,,,,,,,,,,,,,,,,,,,,,,,,,,,,,,,,,,,,552064933,55206493300112,72.19Z,,,,,,,,,,,sirene,
ABSEM,,,a contacter,,,,,,,,,,,,data_etudes,Etudes de marche et sondages,LA MADELEINE,,59,,,,,,,,,,,,,,,,,,,,,,,,,,,,,,,,,,,,,,,,,,,,,,,818326555,81832655500021,73.20Z,,,,,,,,,,,sirene,
AC NIELSEN,,,a contacter,,,,,,,,,,,,data_etudes,Etudes de marche et sondages,BEZONS,,95,,,,,,,,,,,,,,,,,,,,,,,,,,,,,,,,,,,,,,,,,,,,,,,337970487,33797048700068,73.20Z,,,,,,,,,,,sirene,
ACCELYA FRANCE,,,a contacter,,,,,,,,,,,,data_etudes,"Traitement de donnees, hebergement et activites connexes",VILLEPINTE,,93,,,,,,,,,,,,,,,,,,,,,,,,,,,,,,,,,,,,,,,,,,,,,,,662048370,66204837000156,63.11Z,,,,,,,,,,,sirene,
ACCESS GLOBAL SECURITY,,,a contacter,,,,,,,,,,,,data_etudes,"Traitement de donnees, hebergement et activites connexes",SAINT-AUNES,,34,,,,,,,,,,,,,,,,,,,,,,,,,,,,,,,,,,,,,,,,,,,,,,,442015392,44201539200040,63.11Z,,,,,,,,,,,sirene,
ACCESS HEBERGEMENT,,,a contacter,,,,,,,,,,,,data_etudes,"Traitement de donnees, hebergement et activites connexes",ANNECY,,74,,,,,,,,,,,,,,,,,,,,,,,,,,,,,,,,,,,,,,,,,,,,,,,753480029,75348002900036,63.11Z,,,,,,,,,,,sirene,
ACCOVION,,,a contacter,,,,,,,,,,,,data_etudes,Recherche-developpement en autres sciences physiques et naturelles,LYON,,69,,,,,,,,,,,,,,,,,,,,,,,,,,,,,,,,,,,,,,,,,,,,,,,804288744,80428874400019,72.19Z,,,,,,,,,,,sirene,
ACI WORLDWIDE FRANCE,,,a contacter,,,,,,,,,,,,data_etudes,"Traitement de donnees, hebergement et activites connexes",PARIS,,75,,,,,,,,,,,,,,,,,,,,,,,,,,,,,,,,,,,,,,,,,,,,,,,481858132,48185813200055,63.11Z,,,,,,,,,,,sirene,
ACIEM,,,a contacter,,,,,,,,,,,,data_etudes,Recherche-developpement en autres sciences physiques et naturelles,LA GRAND-CROIX,,42,,,,,,,,,,,,,,,,,,,,,,,,,,,,,,,,,,,,,,,,,,,,,,,800475113,80047511300018,72.19Z,,,,,,,,,,,sirene,
ACME COMBUSTION,,,a contacter,,,,,,,,,,,,data_etudes,Recherche-developpement en autres sciences physiques et naturelles,ISSOIRE,,63,,,,,,,,,,,,,,,,,,,,,,,,,,,,,,,,,,,,,,,,,,,,,,,918117235,91811723500039,72.19Z,,,,,,,,,,,sirene,
ACME CONSULTANTS,,,a contacter,,,,,,,,,,,,data_etudes,Etudes de marche et sondages,LYON,,69,,,,,,,,,,,,,,,,,,,,,,,,,,,,,,,,,,,,,,,,,,,,,,,334077435,33407743500074,73.20Z,,,,,,,,,,,sirene,
ACQUIA,,,a contacter,,,,,,,,,,,,data_etudes,"Traitement de donnees, hebergement et activites connexes",PARIS,,75,,,,,,,,,,,,,,,,,,,,,,,,,,,,,,,,,,,,,,,,,,,,,,,539999821,53999982100033,63.11Z,,,,,,,,,,,sirene,
ACROBAS SARL,,,a contacter,,,,,,,,,,,,data_etudes,"Traitement de donnees, hebergement et activites connexes",ROANNE,,42,,,,,,,,,,,,,,,,,,,,,,,,,,,,,,,,,,,,,,,,,,,,,,,432296978,43229697800021,63.11Z,,,,,,,,,,,sirene,
ACTFOOD BRETAGNE,,,a contacter,,,,,,,,,,,,data_etudes,Recherche-developpement en autres sciences physiques et naturelles,QUIMPER,,29,,,,,,,,,,,,,,,,,,,,,,,,,,,,,,,,,,,,,,,,,,,,,,,823424742,82342474200018,72.19Z,,,,,,,,,,,sirene,
ACTION GRAND SUD,,,a contacter,,,,,,,,,,,,data_etudes,Etudes de marche et sondages,MARSEILLE 9EME,,13,,,,,,,,,,,,,,,,,,,,,,,,,,,,,,,,,,,,,,,,,,,,,,,398907022,39890702200014,73.20Z,,,,,,,,,,,sirene,
ACTION PLUS SHOPPER RESEARCH,,,a contacter,,,,,,,,,,,,data_etudes,Etudes de marche et sondages,NEUILLY-SUR-SEINE,,92,,,,,,,,,,,,,,,,,,,,,,,,,,,,,,,,,,,,,,,,,,,,,,,513767681,51376768100010,73.20Z,,,,,,,,,,,sirene,
ACTIVATION,,,a contacter,,,,,,,,,,,,data_etudes,Recherche-developpement en autres sciences physiques et naturelles,CHASSIEU,,69,,,,,,,,,,,,,,,,,,,,,,,,,,,,,,,,,,,,,,,,,,,,,,,451416747,45141674700058,72.19Z,,,,,,,,,,,sirene,
ACTUAL PLUS,,,a contacter,,,,,,,,,,,,data_etudes,"Traitement de donnees, hebergement et activites connexes",SAINT-JULIEN-LES-VILLAS,,10,,,,,,,,,,,,,,,,,,,,,,,,,,,,,,,,,,,,,,,,,,,,,,,494412893,49441289300013,63.11Z,,,,,,,,,,,sirene,
ACTUALIS,,,a contacter,,,,,,,,,,,,data_etudes,"Traitement de donnees, hebergement et activites connexes",BAIE-MAHAULT,,971,,,,,,,,,,,,,,,,,,,,,,,,,,,,,,,,,,,,,,,,,,,,,,,389150830,38915083000039,63.11Z,,,,,,,,,,,sirene,
ACUSURGICAL,,,a contacter,,,,,,,,,,,,data_etudes,Recherche-developpement en autres sciences physiques et naturelles,MONTPELLIER,,34,,,,,,,,,,,,,,,,,,,,,,,,,,,,,,,,,,,,,,,,,,,,,,,887721975,88772197500027,72.19Z,,,,,,,,,,,sirene,
AD CARTE,,,a contacter,,,,,,,,,,,,data_etudes,"Traitement de donnees, hebergement et activites connexes",DESCARTES,,37,,,,,,,,,,,,,,,,,,,,,,,,,,,,,,,,,,,,,,,,,,,,,,,432504249,43250424900017,63.11Z,,,,,,,,,,,sirene,
AD HOC RESEARCH,,,a contacter,,,,,,,,,,,,data_etudes,Etudes de marche et sondages,LYON,,69,,,,,,,,,,,,,,,,,,,,,,,,,,,,,,,,,,,,,,,,,,,,,,,384846960,38484696000035,73.20Z,,,,,,,,,,,sirene,
ADAY,,,a contacter,,,,,,,,,,,,data_etudes,"Traitement de donnees, hebergement et activites connexes",PARIS,,75,,,,,,,,,,,,,,,,,,,,,,,,,,,,,,,,,,,,,,,,,,,,,,,331980235,33198023500088,63.11Z,,,,,,,,,,,sirene,
ADDITI MULTIMEDIA,,,a contacter,,,,,,,,,,,,data_etudes,"Traitement de donnees, hebergement et activites connexes",RENNES,,35,,,,,,,,,,,,,,,,,,,,,,,,,,,,,,,,,,,,,,,,,,,,,,,335061552,33506155200204,63.11Z,,,,,,,,,,,sirene,
ADECCO I.T. SERVICES,,,a contacter,,,,,,,,,,,,data_etudes,"Traitement de donnees, hebergement et activites connexes",VILLEURBANNE,,69,,,,,,,,,,,,,,,,,,,,,,,,,,,,,,,,,,,,,,,,,,,,,,,435007059,43500705900056,63.11Z,,,,,,,,,,,sirene,
ADERA,,,a contacter,,,,,,,,,,,,data_etudes,Recherche-developpement en autres sciences physiques et naturelles,PESSAC,,33,,,,,,,,,,,,,,,,,,,,,,,,,,,,,,,,,,,,,,,,,,,,,,,403280308,40328030800046,72.19Z,,,,,,,,,,,sirene,
ADF NUTRITION,,,a contacter,,,,,,,,,,,,data_etudes,Recherche-developpement en autres sciences physiques et naturelles,VERTEUIL D'AGENAIS,,47,,,,,,,,,,,,,,,,,,,,,,,,,,,,,,,,,,,,,,,,,,,,,,,529102105,52910210500010,72.19Z,,,,,,,,,,,sirene,
ADHARA,,,a contacter,,,,,,,,,,,,data_etudes,Recherche-developpement en autres sciences physiques et naturelles,PARIS,,75,,,,,,,,,,,,,,,,,,,,,,,,,,,,,,,,,,,,,,,,,,,,,,,879453892,87945389200033,72.19Z,,,,,,,,,,,sirene,
ADIONICS,,,a contacter,,,,,,,,,,,,data_etudes,Recherche-developpement en autres sciences physiques et naturelles,LES ULIS,,91,,,,,,,,,,,,,,,,,,,,,,,,,,,,,,,,,,,,,,,,,,,,,,,750152522,75015252200041,72.19Z,,,,,,,,,,,sirene,
ADM INVEST,,,a contacter,,,,,,,,,,,,data_etudes,"Traitement de donnees, hebergement et activites connexes",GENAS,,69,,,,,,,,,,,,,,,,,,,,,,,,,,,,,,,,,,,,,,,,,,,,,,,909779613,90977961300019,63.11Z,,,,,,,,,,,sirene,
ADP FRANCE,,,a contacter,,,,,,,,,,,,data_etudes,"Traitement de donnees, hebergement et activites connexes",NANTERRE,,92,,,,,,,,,,,,,,,,,,,,,,,,,,,,,,,,,,,,,,,,,,,,,,,775690662,77569066200082,63.11Z,,,,,,,,,,,sirene,
ADQUATION ETUDES MARKETING,,,a contacter,,,,,,,,,,,,data_etudes,Etudes de marche et sondages,TILLE,,60,,,,,,,,,,,,,,,,,,,,,,,,,,,,,,,,,,,,,,,,,,,,,,,487469520,48746952000042,73.20Z,,,,,,,,,,,sirene,
"ADRIA (ASSOCIATION POUR LE DEVELOPPEMENT, LA RECHERCHE ET L'INNOVATION AGROALIMENTAIRES)",,,a contacter,,,,,,,,,,,,data_etudes,Recherche-developpement en autres sciences physiques et naturelles,QUIMPER,,29,,,,,,,,,,,,,,,,,,,,,,,,,,,,,,,,,,,,,,,,,,,,,,,306964271,30696427100036,72.19Z,,,,,,,,,,,sirene,
ADRL ASS DEVELOPPEMENT RECHERCHE CROI...,,,a contacter,,,,,,,,,,,,data_etudes,Recherche-developpement en autres sciences physiques et naturelles,TOULOUSE,,31,,,,,,,,,,,,,,,,,,,,,,,,,,,,,,,,,,,,,,,,,,,,,,,434372314,43437231400014,72.19Z,,,,,,,,,,,sirene,
ADVANCED ASSISTED MANUFACTURING SOLUTIONS,,,a contacter,,,,,,,,,,,,data_etudes,Recherche-developpement en autres sciences physiques et naturelles,SAINT-AVERTIN,,37,,,,,,,,,,,,,,,,,,,,,,,,,,,,,,,,,,,,,,,,,,,,,,,879252187,87925218700015,72.19Z,,,,,,,,,,,sirene,
ADVANCED BIODESIGN,,,a contacter,,,,,,,,,,,,data_etudes,Recherche-developpement en autres sciences physiques et naturelles,SAINT-PRIEST,,69,,,,,,,,,,,,,,,,,,,,,,,,,,,,,,,,,,,,,,,,,,,,,,,523847820,52384782000033,72.19Z,,,,,,,,,,,sirene,
ADVANCED ISOTOPIC ANALYSIS,,,a contacter,,,,,,,,,,,,data_etudes,Recherche-developpement en autres sciences physiques et naturelles,PAU,,64,,,,,,,,,,,,,,,,,,,,,,,,,,,,,,,,,,,,,,,,,,,,,,,831898416,83189841600019,72.19Z,,,,,,,,,,,sirene,
ADVANCED PROLOGUE INNOVATION,,,a contacter,,,,,,,,,,,,data_etudes,"Traitement de donnees, hebergement et activites connexes",GENNEVILLIERS,,92,,,,,,,,,,,,,,,,,,,,,,,,,,,,,,,,,,,,,,,,,,,,,,,519619225,51961922500062,63.11Z,,,,,,,,,,,sirene,
ADVANCED SYSTEMS TECHNOLOGIES AND USER SERVICES,C,0,a contacter,,,,,,,,,,,,data_etudes,Recherche-developpement en autres sciences physiques et naturelles,GIERES,,38,,,,,,,,,https://www.pappers.fr/entreprise/499425163,https://annuaire-entreprises.data.gouv.fr/entreprise/499425163,https://annuaire-entreprises.data.gouv.fr/annonces/499425163,https://annuaire-entreprises.data.gouv.fr/donnees-financieres/499425163,https://annuaire-entreprises.data.gouv.fr/dirigeants/499425163,https://www.google.com/maps/search/?api=1&query=ADVANCED+SYSTEMS+TECHNOLOGIES+AND+USER+SERVICES+GIERES,https://www.google.com/search?q=ADVANCED+SYSTEMS+TECHNOLOGIES+AND+USER+SERVICES+GIERES,https://news.google.com/search?hl=fr&q=%22ADVANCED+SYSTEMS+TECHNOLOGIES+AND+USER+SERVICES%22,https://www.linkedin.com/search/results/companies/?keywords=ADVANCED+SYSTEMS+TECHNOLOGIES+AND+USER+SERVICES,,https://www.pagesjaunes.fr/annuaire/chercherlespros?quoiqui=ADVANCED+SYSTEMS+TECHNOLOGIES+AND+USER+SERVICES&ou=GIERES,https://www.societe.com/cgi-bin/search?champs=499425163,,,,,,,,,,,,,,,,,,,,,,,,FR18499425163,,,499425163,49942516300056,72.19Z,,,,,,,,non,oui,2026-08-03,sirene,
ADVESYA,,,a contacter,,,,,,,,,,,,data_etudes,Recherche-developpement en autres sciences physiques et naturelles,PARIS,,75,,,,,,,,,,,,,,,,,,,,,,,,,,,,,,,,,,,,,,,,,,,,,,,882717754,88271775400023,72.19Z,,,,,,,,,,,sirene,
AELIS FARMA,,,a contacter,,,,,,,,,,,,data_etudes,Recherche-developpement en autres sciences physiques et naturelles,PESSAC,,33,,,,,,,,,,,,,,,,,,,,,,,,,,,,,,,,,,,,,,,,,,,,,,,797707627,79770762700031,72.19Z,,,,,,,,,,,sirene,
AEQUALIS,,,a contacter,,,,,,,,,,,,data_etudes,"Traitement de donnees, hebergement et activites connexes",ARGENTEUIL,,95,,,,,,,,,,,,,,,,,,,,,,,,,,,,,,,,,,,,,,,,,,,,,,,525384897,52538489700027,63.11Z,,,,,,,,,,,sirene,
AERIAL,,,a contacter,,,,,,,,,,,,data_etudes,Recherche-developpement en autres sciences physiques et naturelles,ILLKIRCH-GRAFFENSTADEN,,67,,,,,,,,,,,,,,,,,,,,,,,,,,,,,,,,,,,,,,,,,,,,,,,402668883,40266888300026,72.19Z,,,,,,,,,,,sirene,
AERO-NAUTIC SERVICES & ENGINEERING,,,a contacter,,,,,,,,,,,,data_etudes,Recherche-developpement en autres sciences physiques et naturelles,POURRIERES,,83,,,,,,,,,,,,,,,,,,,,,,,,,,,,,,,,,,,,,,,,,,,,,,,523732444,52373244400063,72.19Z,,,,,,,,,,,sirene,
AEROPROTEC SERVICES,,,a contacter,,,,,,,,,,,,data_etudes,Recherche-developpement en autres sciences physiques et naturelles,PAU,,64,,,,,,,,,,,,,,,,,,,,,,,,,,,,,,,,,,,,,,,,,,,,,,,839945896,83994589600042,72.19Z,,,,,,,,,,,sirene,
AG-CARTO,,,a contacter,,,,,,,,,,,,data_etudes,"Traitement de donnees, hebergement et activites connexes",BAYONNE,,64,,,,,,,,,,,,,,,,,,,,,,,,,,,,,,,,,,,,,,,,,,,,,,,483895025,48389502500029,63.11Z,,,,,,,,,,,sirene,
AGARIK SAS,,,a contacter,,,,,,,,,,,,data_etudes,"Traitement de donnees, hebergement et activites connexes",SAINT-OUEN-SUR-SEINE,,93,,,,,,,,,,,,,,,,,,,,,,,,,,,,,,,,,,,,,,,,,,,,,,,433082476,43308247600048,63.11Z,,,,,,,,,,,sirene,
AGARTHA SARL,,,a contacter,,,,,,,,,,,,data_etudes,"Traitement de donnees, hebergement et activites connexes",L'ETANG-SALE,,974,,,,,,,,,,,,,,,,,,,,,,,,,,,,,,,,,,,,,,,,,,,,,,,808502041,80850204100037,63.11Z,,,,,,,,,,,sirene,
AGENA 3000 DATA MANAGEMENT,,,a contacter,,,,,,,,,,,,data_etudes,"Traitement de donnees, hebergement et activites connexes",CHOLET,,49,,,,,,,,,,,,,,,,,,,,,,,,,,,,,,,,,,,,,,,,,,,,,,,824561450,82456145000019,63.11Z,,,,,,,,,,,sirene,
AGENCE 11H10,,,a contacter,,,,,,,,,,,,data_etudes,"Traitement de donnees, hebergement et activites connexes",CHATEAUGIRON,,35,,,,,,,,,,,,,,,,,,,,,,,,,,,,,,,,,,,,,,,,,,,,,,,842045452,84204545200021,63.11Z,,,,,,,,,,,sirene,
AGENCE BIBLIOGRAPHIQUE DE L'ENSEIGNEMENT SUPERIEUR,,,a contacter,,,,,,,,,,,,data_etudes,"Traitement de donnees, hebergement et activites connexes",MONTPELLIER,,34,,,,,,,,,,,,,,,,,,,,,,,,,,,,,,,,,,,,,,,,,,,,,,,180044224,18004422400020,63.11Z,,,,,,,,,,,sirene,
AGENCE PHARE,,,a contacter,,,,,,,,,,,,data_etudes,Etudes de marche et sondages,PANTIN,,93,,,,,,,,,,,,,,,,,,,,,,,,,,,,,,,,,,,,,,,,,,,,,,,812528610,81252861000049,73.20Z,,,,,,,,,,,sirene,
AGENT,,,a contacter,,,,,,,,,,,,data_etudes,Recherche-developpement en autres sciences physiques et naturelles,EVRY-COURCOURONNES,,91,,,,,,,,,,,,,,,,,,,,,,,,,,,,,,,,,,,,,,,,,,,,,,,838187318,83818731800012,72.19Z,,,,,,,,,,,sirene,
AGILE REUNION,,,a contacter,,,,,,,,,,,,data_etudes,"Traitement de donnees, hebergement et activites connexes",SAINT-DENIS,,974,,,,,,,,,,,,,,,,,,,,,,,,,,,,,,,,,,,,,,,,,,,,,,,834211658,83421165800010,63.11Z,,,,,,,,,,,sirene,
AGREELIA,,,a contacter,,,,,,,,,,,,data_etudes,Recherche-developpement en autres sciences physiques et naturelles,SAINT-BERTHEVIN,,53,,,,,,,,,,,,,,,,,,,,,,,,,,,,,,,,,,,,,,,,,,,,,,,953465309,95346530900011,72.19Z,,,,,,,,,,,sirene,
AGREX CONSULTING,,,a contacter,,,,,,,,,,,,data_etudes,Etudes de marche et sondages,REIMS,,51,,,,,,,,,,,,,,,,,,,,,,,,,,,,,,,,,,,,,,,,,,,,,,,509708954,50970895400029,73.20Z,,,,,,,,,,,sirene,
AGRIBIOVAR,,,a contacter,,,,,,,,,,,,data_etudes,Recherche-developpement en autres sciences physiques et naturelles,LE CANNET-DES-MAURES,,83,,,,,,,,,,,,,,,,,,,,,,,,,,,,,,,,,,,,,,,,,,,,,,,422119933,42211993300022,72.19Z,,,,,,,,,,,sirene,
AGRID,,,a contacter,,,,,,,,,,,,data_etudes,Recherche-developpement en autres sciences physiques et naturelles,AJACCIO,,2A,,,,,,,,,,,,,,,,,,,,,,,,,,,,,,,,,,,,,,,,,,,,,,,850443045,85044304500016,72.19Z,,,,,,,,,,,sirene,
AGRINOVEX,,,a contacter,,,,,,,,,,,,data_etudes,Recherche-developpement en autres sciences physiques et naturelles,PARIS,,75,,,,,,,,,,,,,,,,,,,,,,,,,,,,,,,,,,,,,,,,,,,,,,,489086108,48908610800011,72.19Z,,,,,,,,,,,sirene,
AGRIODOR,,,a contacter,,,,,,,,,,,,data_etudes,Recherche-developpement en autres sciences physiques et naturelles,RENNES,,35,,,,,,,,,,,,,,,,,,,,,,,,,,,,,,,,,,,,,,,,,,,,,,,845052844,84505284400022,72.19Z,,,,,,,,,,,sirene,
AGRITHERMIC,,,a contacter,,,,,,,,,,,,data_etudes,Recherche-developpement en autres sciences physiques et naturelles,LA MOTTE-SERVOLEX,,73,,,,,,,,,,,,,,,,,,,,,,,,,,,,,,,,,,,,,,,,,,,,,,,751614967,75161496700022,72.19Z,,,,,,,,,,,sirene,
AGRO EVOLUTION,,,a contacter,,,,,,,,,,,,data_etudes,Recherche-developpement en autres sciences physiques et naturelles,SAINT-SYMPHORIEN,,72,,,,,,,,,,,,,,,,,,,,,,,,,,,,,,,,,,,,,,,,,,,,,,,433825791,43382579100018,72.19Z,,,,,,,,,,,sirene,
AGRO INNOVATION INTERNATIONAL,,,a contacter,,,,,,,,,,,,data_etudes,Recherche-developpement en autres sciences physiques et naturelles,SAINT-MALO,,35,,,,,,,,,,,,,,,,,,,,,,,,,,,,,,,,,,,,,,,,,,,,,,,402947014,40294701400039,72.19Z,,,,,,,,,,,sirene,
AGROBIOTOP,,,a contacter,,,,,,,,,,,,data_etudes,Recherche-developpement en autres sciences physiques et naturelles,LOIREAUXENCE,,44,,,,,,,,,,,,,,,,,,,,,,,,,,,,,,,,,,,,,,,,,,,,,,,812312403,81231240300015,72.19Z,,,,,,,,,,,sirene,
AGROSOLUTIONS,,,a contacter,,,,,,,,,,,,data_etudes,Recherche-developpement en autres sciences physiques et naturelles,PARIS,,75,,,,,,,,,,,,,,,,,,,,,,,,,,,,,,,,,,,,,,,,,,,,,,,532260379,53226037900013,72.19Z,,,,,,,,,,,sirene,
AGV DISCOVERY,,,a contacter,,,,,,,,,,,,data_etudes,Recherche-developpement en autres sciences physiques et naturelles,MONTFERRIER-SUR-LEZ,,34,,,,,,,,,,,,,,,,,,,,,,,,,,,,,,,,,,,,,,,,,,,,,,,791417199,79141719900035,72.19Z,,,,,,,,,,,sirene,
AI CARGO FOUNDATION,,,a contacter,,,,,,,,,,,,data_etudes,Recherche-developpement en autres sciences physiques et naturelles,PARIS,,75,,,,,,,,,,,,,,,,,,,,,,,,,,,,,,,,,,,,,,,,,,,,,,,883143398,88314339800013,72.19Z,,,,,,,,,,,sirene,
AI-BIOPHARMA,,,a contacter,,,,,,,,,,,,data_etudes,Recherche-developpement en autres sciences physiques et naturelles,MONTPELLIER,,34,,,,,,,,,,,,,,,,,,,,,,,,,,,,,,,,,,,,,,,,,,,,,,,838199636,83819963600013,72.19Z,,,,,,,,,,,sirene,
AIDAXIS,,,a contacter,,,,,,,,,,,,data_etudes,Recherche-developpement en autres sciences physiques et naturelles,GLEIZE,,69,,,,,,,,,,,,,,,,,,,,,,,,,,,,,,,,,,,,,,,,,,,,,,,823984075,82398407500049,72.19Z,,,,,,,,,,,sirene,
AIR DDM-DATA DRIVEN MARKETING,,,a contacter,,,,,,,,,,,,data_etudes,"Traitement de donnees, hebergement et activites connexes",LYON,,69,,,,,,,,,,,,,,,,,,,,,,,,,,,,,,,,,,,,,,,,,,,,,,,539810572,53981057200096,63.11Z,,,,,,,,,,,sirene,
AIRBUS EXO ZERO EMISSIONS,,,a contacter,,,,,,,,,,,,data_etudes,Recherche-developpement en autres sciences physiques et naturelles,BLAGNAC,,31,,,,,,,,,,,,,,,,,,,,,,,,,,,,,,,,,,,,,,,,,,,,,,,879934560,87993456000019,72.19Z,,,,,,,,,,,sirene,
AIRBUS UPNEXT,,,a contacter,,,,,,,,,,,,data_etudes,Recherche-developpement en autres sciences physiques et naturelles,BLAGNAC,,31,,,,,,,,,,,,,,,,,,,,,,,,,,,,,,,,,,,,,,,,,,,,,,,803675628,80367562800033,72.19Z,,,,,,,,,,,sirene,
AIRPLUS INTERNATIONAL GMBH,,,a contacter,,,,,,,,,,,,data_etudes,"Traitement de donnees, hebergement et activites connexes",,,,,,,,,,,,,,,,,,,,,,,,,,,,,,,,,,,,,,,,,,,,,,,,,,442810883,44281088300011,63.11Z,,,,,,,,,,,sirene,
AISCREENINGS,,,a contacter,,,,,,,,,,,,data_etudes,"Traitement de donnees, hebergement et activites connexes",PARIS,,75,,,,,,,,,,,,,,,,,,,,,,,,,,,,,,,,,,,,,,,,,,,,,,,830399929,83039992900025,63.11Z,,,,,,,,,,,sirene,
AK-A,,,a contacter,,,,,,,,,,,,data_etudes,Etudes de marche et sondages,PARIS,,75,,,,,,,,,,,,,,,,,,,,,,,,,,,,,,,,,,,,,,,,,,,,,,,481553311,48155331100053,73.20Z,,,,,,,,,,,sirene,
ALADOM,,,a contacter,,,,,,,,,,,,data_etudes,"Traitement de donnees, hebergement et activites connexes",RENNES,,35,,,,,,,,,,,,,,,,,,,,,,,,,,,,,,,,,,,,,,,,,,,,,,,503436107,50343610700067,63.11Z,,,,,,,,,,,sirene,
ALCIMEX,,,a contacter,,,,,,,,,,,,data_etudes,Recherche-developpement en autres sciences physiques et naturelles,BOISSET-ET-GAUJAC,,30,,,,,,,,,,,,,,,,,,,,,,,,,,,,,,,,,,,,,,,,,,,,,,,823081955,82308195500010,72.19Z,,,,,,,,,,,sirene,
ALCOAM BY DESIGN,,,a contacter,,,,,,,,,,,,data_etudes,"Traitement de donnees, hebergement et activites connexes",VERSAILLES,,78,,,,,,,,,,,,,,,,,,,,,,,,,,,,,,,,,,,,,,,,,,,,,,,823716113,82371611300019,63.11Z,,,,,,,,,,,sirene,
ALDERYS,,,a contacter,,,,,,,,,,,,data_etudes,Recherche-developpement en autres sciences physiques et naturelles,ORSAY,,91,,,,,,,,,,,,,,,,,,,,,,,,,,,,,,,,,,,,,,,,,,,,,,,524079795,52407979500018,72.19Z,,,,,,,,,,,sirene,
ALENTIS DEVELOPMENT,,,a contacter,,,,,,,,,,,,data_etudes,Recherche-developpement en autres sciences physiques et naturelles,STRASBOURG,,67,,,,,,,,,,,,,,,,,,,,,,,,,,,,,,,,,,,,,,,,,,,,,,,851424929,85142492900012,72.19Z,,,,,,,,,,,sirene,
ALFA.SAFETY.,,,a contacter,,,,,,,,,,,,data_etudes,"Traitement de donnees, hebergement et activites connexes",NANTES,,44,,,,,,,,,,,,,,,,,,,,,,,,,,,,,,,,,,,,,,,,,,,,,,,405100587,40510058700048,63.11Z,,,,,,,,,,,sirene,
ALGAMA,,,a contacter,,,,,,,,,,,,data_etudes,Recherche-developpement en autres sciences physiques et naturelles,PARIS,,75,,,,,,,,,,,,,,,,,,,,,,,,,,,,,,,,,,,,,,,,,,,,,,,798666806,79866680600046,72.19Z,,,,,,,,,,,sirene,
ALGOTHERAPEUTIX,,,a contacter,,,,,,,,,,,,data_etudes,Recherche-developpement en autres sciences physiques et naturelles,SURESNES,,92,,,,,,,,,,,,,,,,,,,,,,,,,,,,,,,,,,,,,,,,,,,,,,,839726783,83972678300013,72.19Z,,,,,,,,,,,sirene,
ALIENOR.NET,,,a contacter,,,,,,,,,,,,data_etudes,"Traitement de donnees, hebergement et activites connexes",COURBEVOIE,,92,,,,,,,,,,,,,,,,,,,,,,,,,,,,,,,,,,,,,,,,,,,,,,,423856343,42385634300037,63.11Z,,,,,,,,,,,sirene,
ALKIVI,,,a contacter,,,,,,,,,,,,data_etudes,"Traitement de donnees, hebergement et activites connexes",LA MADELEINE,,59,,,,,,,,,,,,,,,,,,,,,,,,,,,,,,,,,,,,,,,,,,,,,,,793677840,79367784000035,63.11Z,,,,,,,,,,,sirene,
ALLIANCE POUR LA RECHERCHE EN CANCEROLOGIE,,,a contacter,,,,,,,,,,,,data_etudes,Recherche-developpement en autres sciences physiques et naturelles,PARIS,,75,,,,,,,,,,,,,,,,,,,,,,,,,,,,,,,,,,,,,,,,,,,,,,,377485933,37748593300016,72.19Z,,,,,,,,,,,sirene,
ALLOPASS,,,a contacter,,,,,,,,,,,,data_etudes,"Traitement de donnees, hebergement et activites connexes",TOULOUSE,,31,,,,,,,,,,,,,,,,,,,,,,,,,,,,,,,,,,,,,,,,,,,,,,,824638209,82463820900026,63.11Z,,,,,,,,,,,sirene,
ALLYANE,,,a contacter,,,,,,,,,,,,data_etudes,Recherche-developpement en autres sciences physiques et naturelles,LYON,,69,,,,,,,,,,,,,,,,,,,,,,,,,,,,,,,,,,,,,,,,,,,,,,,441509197,44150919700055,72.19Z,,,,,,,,,,,sirene,
ALMA CONSULTANT,,,a contacter,,,,,,,,,,,,data_etudes,"Traitement de donnees, hebergement et activites connexes",SAINT-MANDE,,94,,,,,,,,,,,,,,,,,,,,,,,,,,,,,,,,,,,,,,,,,,,,,,,897824256,89782425600035,63.11Z,,,,,,,,,,,sirene,
ALMAE TECHNOLOGIES,,,a contacter,,,,,,,,,,,,data_etudes,Recherche-developpement en autres sciences physiques et naturelles,MARCOUSSIS,,91,,,,,,,,,,,,,,,,,,,,,,,,,,,,,,,,,,,,,,,,,,,,,,,814095964,81409596400023,72.19Z,,,,,,,,,,,sirene,
ALMERYS,,,a contacter,,,,,,,,,,,,data_etudes,"Traitement de donnees, hebergement et activites connexes",PARIS,,75,,,,,,,,,,,,,,,,,,,,,,,,,,,,,,,,,,,,,,,,,,,,,,,432701639,43270163900119,63.11Z,,,,,,,,,,,sirene,
ALPHEE DEVELOPPEMENT,,,a contacter,,,,,,,,,,,,data_etudes,Recherche-developpement en autres sciences physiques et naturelles,SAVIGNY,,69,,,,,,,,,,,,,,,,,,,,,,,,,,,,,,,,,,,,,,,,,,,,,,,403018237,40301823700038,72.19Z,,,,,,,,,,,sirene,
ALPHENYX,,,a contacter,,,,,,,,,,,,data_etudes,Recherche-developpement en autres sciences physiques et naturelles,MARSEILLE,,13,,,,,,,,,,,,,,,,,,,,,,,,,,,,,,,,,,,,,,,,,,,,,,,498900562,49890056200048,72.19Z,,,,,,,,,,,sirene,
ALPILINK,,,a contacter,,,,,,,,,,,,data_etudes,"Traitement de donnees, hebergement et activites connexes",ECHIROLLES,,38,,,,,,,,,,,,,,,,,,,,,,,,,,,,,,,,,,,,,,,,,,,,,,,381332295,38133229500033,63.11Z,,,,,,,,,,,sirene,
ALPS SURGERY INSTITUTE,,,a contacter,,,,,,,,,,,,data_etudes,Recherche-developpement en autres sciences physiques et naturelles,SEVRIER,,74,,,,,,,,,,,,,,,,,,,,,,,,,,,,,,,,,,,,,,,,,,,,,,,480734060,48073406000027,72.19Z,,,,,,,,,,,sirene,
ALPX,,,a contacter,,,,,,,,,,,,data_etudes,Recherche-developpement en autres sciences physiques et naturelles,GRENOBLE,,38,,,,,,,,,,,,,,,,,,,,,,,,,,,,,,,,,,,,,,,,,,,,,,,878884477,87888447700018,72.19Z,,,,,,,,,,,sirene,
ALSINOVA,,,a contacter,,,,,,,,,,,,data_etudes,Recherche-developpement en autres sciences physiques et naturelles,BOULOGNE-BILLANCOURT,,92,,,,,,,,,,,,,,,,,,,,,,,,,,,,,,,,,,,,,,,,,,,,,,,815359930,81535993000048,72.19Z,,,,,,,,,,,sirene,
ALTAIR SEMICONDUCTOR FRANCE,,,a contacter,,,,,,,,,,,,data_etudes,Recherche-developpement en autres sciences physiques et naturelles,BOULOGNE-BILLANCOURT,,92,,,,,,,,,,,,,,,,,,,,,,,,,,,,,,,,,,,,,,,,,,,,,,,880977038,88097703800038,72.19Z,,,,,,,,,,,sirene,
ALTAMETRIS,,,a contacter,,,,,,,,,,,,data_etudes,"Traitement de donnees, hebergement et activites connexes",SAINT-DENIS,,93,,,,,,,,,,,,,,,,,,,,,,,,,,,,,,,,,,,,,,,,,,,,,,,828154377,82815437700034,63.11Z,,,,,,,,,,,sirene,
ALTARES - D & B,,,a contacter,,,,,,,,,,,,data_etudes,"Traitement de donnees, hebergement et activites connexes",PUTEAUX,,92,,,,,,,,,,,,,,,,,,,,,,,,,,,,,,,,,,,,,,,,,,,,,,,572014199,57201419900432,63.11Z,,,,,,,,,,,sirene,
ALTERIA,,,a contacter,,,,,,,,,,,,data_etudes,"Traitement de donnees, hebergement et activites connexes",GRENOBLE,,38,,,,,,,,,,,,,,,,,,,,,,,,,,,,,,,,,,,,,,,,,,,,,,,881582522,88158252200010,63.11Z,,,,,,,,,,,sirene,
ALTICOM,,,a contacter,,,,,,,,,,,,data_etudes,"Traitement de donnees, hebergement et activites connexes",EVRY-COURCOURONNES,,91,,,,,,,,,,,,,,,,,,,,,,,,,,,,,,,,,,,,,,,,,,,,,,,380411876,38041187600028,63.11Z,,,,,,,,,,,sirene,
ALTINEA,,,a contacter,,,,,,,,,,,,data_etudes,"Traitement de donnees, hebergement et activites connexes",NOGNA,,39,,,,,,,,,,,,,,,,,,,,,,,,,,,,,,,,,,,,,,,,,,,,,,,832739403,83273940300018,63.11Z,,,,,,,,,,,sirene,
ALTIZEM,,,a contacter,,,,,,,,,,,,data_etudes,"Traitement de donnees, hebergement et activites connexes",BOULOGNE-BILLANCOURT,,92,,,,,,,,,,,,,,,,,,,,,,,,,,,,,,,,,,,,,,,,,,,,,,,420934960,42093496000089,63.11Z,,,,,,,,,,,sirene,
ALVARIA,,,a contacter,,,,,,,,,,,,data_etudes,"Traitement de donnees, hebergement et activites connexes",LOUDEAC,,22,,,,,,,,,,,,,,,,,,,,,,,,,,,,,,,,,,,,,,,,,,,,,,,832383491,83238349100012,63.11Z,,,,,,,,,,,sirene,
ALWAYS ON,,,a contacter,,,,,,,,,,,,data_etudes,"Traitement de donnees, hebergement et activites connexes",ASNIERES-SUR-SEINE,,92,,,,,,,,,,,,,,,,,,,,,,,,,,,,,,,,,,,,,,,,,,,,,,,503111668,50311166800052,63.11Z,,,,,,,,,,,sirene,
ALYATEC,,,a contacter,,,,,,,,,,,,data_etudes,Recherche-developpement en autres sciences physiques et naturelles,STRASBOURG,,67,,,,,,,,,,,,,,,,,,,,,,,,,,,,,,,,,,,,,,,,,,,,,,,798106795,79810679500031,72.19Z,,,,,,,,,,,sirene,
ALYCE,,,a contacter,,,,,,,,,,,,data_etudes,Etudes de marche et sondages,SCEAUX,,92,,,,,,,,,,,,,,,,,,,,,,,,,,,,,,,,,,,,,,,,,,,,,,,429356884,42935688400107,73.20Z,,,,,,,,,,,sirene,
ALYSOPHIL,,,a contacter,,,,,,,,,,,,data_etudes,Recherche-developpement en autres sciences physiques et naturelles,ILLKIRCH-GRAFFENSTADEN,,67,,,,,,,,,,,,,,,,,,,,,,,,,,,,,,,,,,,,,,,,,,,,,,,840996201,84099620100025,72.19Z,,,,,,,,,,,sirene,
ALZPROTECT,,,a contacter,,,,,,,,,,,,data_etudes,Recherche-developpement en autres sciences physiques et naturelles,LOOS,,59,,,,,,,,,,,,,,,,,,,,,,,,,,,,,,,,,,,,,,,,,,,,,,,501096838,50109683800021,72.19Z,,,,,,,,,,,sirene,
AM2J,,,a contacter,,,,,,,,,,,,data_etudes,"Traitement de donnees, hebergement et activites connexes",LE LAMENTIN,,972,,,,,,,,,,,,,,,,,,,,,,,,,,,,,,,,,,,,,,,,,,,,,,,498175801,49817580100022,63.11Z,,,,,,,,,,,sirene,
AMABIS,,,a contacter,,,,,,,,,,,,data_etudes,"Traitement de donnees, hebergement et activites connexes",BOURG-LA-REINE,,92,,,,,,,,,,,,,,,,,,,,,,,,,,,,,,,,,,,,,,,,,,,,,,,409015724,40901572400043,63.11Z,,,,,,,,,,,sirene,
AMAROB,,,a contacter,,,,,,,,,,,,data_etudes,Recherche-developpement en autres sciences physiques et naturelles,BESANCON,,25,,,,,,,,,,,,,,,,,,,,,,,,,,,,,,,,,,,,,,,,,,,,,,,883390494,88339049400010,72.19Z,,,,,,,,,,,sirene,
AMEPI,,,a contacter,,,,,,,,,,,,data_etudes,"Traitement de donnees, hebergement et activites connexes",PARIS,,75,,,,,,,,,,,,,,,,,,,,,,,,,,,,,,,,,,,,,,,,,,,,,,,481628329,48162832900049,63.11Z,,,,,,,,,,,sirene,
AMETIST,,,a contacter,,,,,,,,,,,,data_etudes,"Traitement de donnees, hebergement et activites connexes",MARSEILLE,,13,,,,,,,,,,,,,,,,,,,,,,,,,,,,,,,,,,,,,,,,,,,,,,,845181478,84518147800031,63.11Z,,,,,,,,,,,sirene,
AMINOGRAM,,,a contacter,,,,,,,,,,,,data_etudes,Recherche-developpement en autres sciences physiques et naturelles,LA CIOTAT,,13,,,,,,,,,,,,,,,,,,,,,,,,,,,,,,,,,,,,,,,,,,,,,,,450615158,45061515800042,72.19Z,,,,,,,,,,,sirene,
AMITEL,,,a contacter,,,,,,,,,,,,data_etudes,"Traitement de donnees, hebergement et activites connexes",VILLEURBANNE,,69,,,,,,,,,,,,,,,,,,,,,,,,,,,,,,,,,,,,,,,,,,,,,,,324862614,32486261400066,63.11Z,,,,,,,,,,,sirene,
AMOEBA,,,a contacter,,,,,,,,,,,,data_etudes,Recherche-developpement en autres sciences physiques et naturelles,CHASSIEU,,69,,,,,,,,,,,,,,,,,,,,,,,,,,,,,,,,,,,,,,,,,,,,,,,523877215,52387721500021,72.19Z,,,,,,,,,,,sirene,
AMOLYT PHARMA,,,a contacter,,,,,,,,,,,,data_etudes,Recherche-developpement en autres sciences physiques et naturelles,ECULLY,,69,,,,,,,,,,,,,,,,,,,,,,,,,,,,,,,,,,,,,,,,,,,,,,,803919729,80391972900019,72.19Z,,,,,,,,,,,sirene,
AMPLEIA,,,a contacter,,,,,,,,,,,,data_etudes,Recherche-developpement en autres sciences physiques et naturelles,EVRY-COURCOURONNES,,91,,,,,,,,,,,,,,,,,,,,,,,,,,,,,,,,,,,,,,,,,,,,,,,949162317,94916231700018,72.19Z,,,,,,,,,,,sirene,
AMVALOR,,,a contacter,,,,,,,,,,,,data_etudes,Recherche-developpement en autres sciences physiques et naturelles,PARIS,,75,,,,,,,,,,,,,,,,,,,,,,,,,,,,,,,,,,,,,,,,,,,,,,,820003093,82000309300011,72.19Z,,,,,,,,,,,sirene,
ANABASE,,,a contacter,,,,,,,,,,,,data_etudes,"Traitement de donnees, hebergement et activites connexes",ISSY-LES-MOULINEAUX,,92,,,,,,,,,,,,,,,,,,,,,,,,,,,,,,,,,,,,,,,,,,,,,,,919453605,91945360500017,63.11Z,,,,,,,,,,,sirene,
ANALYSIS AND EXPERIMENTATION ON ECOSYSTEMS - EUROPEAN RESEARCH INFRASTRUCTURE CONSORTIUM,,,a contacter,,,,,,,,,,,,data_etudes,Recherche-developpement en autres sciences physiques et naturelles,GIF-SUR-YVETTE,,91,,,,,,,,,,,,,,,,,,,,,,,,,,,,,,,,,,,,,,,,,,,,,,,911497188,91149718800019,72.19Z,,,,,,,,,,,sirene,
AND MIRABEL INFORMATIQUE,,,a contacter,,,,,,,,,,,,data_etudes,"Traitement de donnees, hebergement et activites connexes",COSNE-COURS-SUR-LOIRE,,58,,,,,,,,,,,,,,,,,,,,,,,,,,,,,,,,,,,,,,,,,,,,,,,879196624,87919662400024,63.11Z,,,,,,,,,,,sirene,
ANED,,,a contacter,,,,,,,,,,,,data_etudes,Recherche-developpement en autres sciences physiques et naturelles,NICE,,06,,,,,,,,,,,,,,,,,,,,,,,,,,,,,,,,,,,,,,,,,,,,,,,378357180,37835718000025,72.19Z,,,,,,,,,,,sirene,
ANOZRWAY,,,a contacter,,,,,,,,,,,,data_etudes,"Traitement de donnees, hebergement et activites connexes",CESSON-SEVIGNE,,35,,,,,,,,,,,,,,,,,,,,,,,,,,,,,,,,,,,,,,,,,,,,,,,848675120,84867512000044,63.11Z,,,,,,,,,,,sirene,
ANS BIOTECH - AUVERGNE NEUROSCIENCES,,,a contacter,,,,,,,,,,,,data_etudes,Recherche-developpement en autres sciences physiques et naturelles,RIOM,,63,,,,,,,,,,,,,,,,,,,,,,,,,,,,,,,,,,,,,,,,,,,,,,,489443010,48944301000033,72.19Z,,,,,,,,,,,sirene,
ANTAGENE,,,a contacter,,,,,,,,,,,,data_etudes,Recherche-developpement en autres sciences physiques et naturelles,LA TOUR-DE-SALVAGNY,,69,,,,,,,,,,,,,,,,,,,,,,,,,,,,,,,,,,,,,,,,,,,,,,,441545258,44154525800036,72.19Z,,,,,,,,,,,sirene,
ANTEDIS,,,a contacter,,,,,,,,,,,,data_etudes,Recherche-developpement en autres sciences physiques et naturelles,BEAUVAIS,,60,,,,,,,,,,,,,,,,,,,,,,,,,,,,,,,,,,,,,,,,,,,,,,,402790216,40279021600111,72.19Z,,,,,,,,,,,sirene,
ANTIDOTS INTERACTIVE,,,a contacter,,,,,,,,,,,,data_etudes,"Traitement de donnees, hebergement et activites connexes",AIX-LES-BAINS,,73,,,,,,,,,,,,,,,,,,,,,,,,,,,,,,,,,,,,,,,,,,,,,,,528142128,52814212800032,63.11Z,,,,,,,,,,,sirene,
ANTINEO,,,a contacter,,,,,,,,,,,,data_etudes,Recherche-developpement en autres sciences physiques et naturelles,LYON,,69,,,,,,,,,,,,,,,,,,,,,,,,,,,,,,,,,,,,,,,,,,,,,,,811216209,81121620900056,72.19Z,,,,,,,,,,,sirene,
ANTOFENOL,,,a contacter,,,,,,,,,,,,data_etudes,Recherche-developpement en autres sciences physiques et naturelles,VEDENE,,84,,,,,,,,,,,,,,,,,,,,,,,,,,,,,,,,,,,,,,,,,,,,,,,802796698,80279669800032,72.19Z,,,,,,,,,,,sirene,
AP2E,,,a contacter,,,,,,,,,,,,data_etudes,Recherche-developpement en autres sciences physiques et naturelles,AIX-EN-PROVENCE,,13,,,,,,,,,,,,,,,,,,,,,,,,,,,,,,,,,,,,,,,,,,,,,,,491649067,49164906700031,72.19Z,,,,,,,,,,,sirene,
APESA,,,a contacter,,,,,,,,,,,,data_etudes,Recherche-developpement en autres sciences physiques et naturelles,PAU,,64,,,,,,,,,,,,,,,,,,,,,,,,,,,,,,,,,,,,,,,,,,,,,,,404910929,40491092900011,72.19Z,,,,,,,,,,,sirene,
APEX SOLUTIONS,,,a contacter,,,,,,,,,,,,data_etudes,Recherche-developpement en autres sciences physiques et naturelles,FLAUJAC-GARE,,46,,,,,,,,,,,,,,,,,,,,,,,,,,,,,,,,,,,,,,,,,,,,,,,852798750,85279875000018,72.19Z,,,,,,,,,,,sirene,
APICEM,,,a contacter,,,,,,,,,,,,data_etudes,"Traitement de donnees, hebergement et activites connexes",COUDEKERQUE-BRANCHE,,59,,,,,,,,,,,,,,,,,,,,,,,,,,,,,,,,,,,,,,,,,,,,,,,439752353,43975235300037,63.11Z,,,,,,,,,,,sirene,
APISOLIS,,,a contacter,,,,,,,,,,,,data_etudes,Recherche-developpement en autres sciences physiques et naturelles,SAINT-JORY,,31,,,,,,,,,,,,,,,,,,,,,,,,,,,,,,,,,,,,,,,,,,,,,,,835294893,83529489300028,72.19Z,,,,,,,,,,,sirene,
APIWORK,,,a contacter,,,,,,,,,,,,data_etudes,"Traitement de donnees, hebergement et activites connexes",CANNES,,06,,,,,,,,,,,,,,,,,,,,,,,,,,,,,,,,,,,,,,,,,,,,,,,489890483,48989048300055,63.11Z,,,,,,,,,,,sirene,
APODIS,,,a contacter,,,,,,,,,,,,data_etudes,"Traitement de donnees, hebergement et activites connexes",TOURS,,37,,,,,,,,,,,,,,,,,,,,,,,,,,,,,,,,,,,,,,,,,,,,,,,790711717,79071171700047,63.11Z,,,,,,,,,,,sirene,
APOH TECHNOLOGIES,,,a contacter,,,,,,,,,,,,data_etudes,Recherche-developpement en autres sciences physiques et naturelles,LA GRANDE-MOTTE,,34,,,,,,,,,,,,,,,,,,,,,,,,,,,,,,,,,,,,,,,,,,,,,,,429750839,42975083900038,72.19Z,,,,,,,,,,,sirene,
APPLICATION DE LA RECHERCHE A L'EXPERTISE DES POLLUTIONS,,,a contacter,,,,,,,,,,,,data_etudes,Recherche-developpement en autres sciences physiques et naturelles,VILLEURBANNE,,69,,,,,,,,,,,,,,,,,,,,,,,,,,,,,,,,,,,,,,,,,,,,,,,438377947,43837794700017,72.19Z,,,,,,,,,,,sirene,
APPLIED TECHNOLOGIES INTERNET,,,a contacter,,,,,,,,,,,,data_etudes,"Traitement de donnees, hebergement et activites connexes",MERIGNAC,,33,,,,,,,,,,,,,,,,,,,,,,,,,,,,,,,,,,,,,,,,,,,,,,,403261258,40326125800012,63.11Z,,,,,,,,,,,sirene,
APTEEUS,,,a contacter,,,,,,,,,,,,data_etudes,Recherche-developpement en autres sciences physiques et naturelles,LILLE,,59,,,,,,,,,,,,,,,,,,,,,,,,,,,,,,,,,,,,,,,,,,,,,,,799001672,79900167200028,72.19Z,,,,,,,,,,,sirene,
APTILINK,,,a contacter,,,,,,,,,,,,data_etudes,Autres services d'information n.c.a.,PARIS,,75,,,,,,,,,,,,,,,,,,,,,,,,,,,,,,,,,,,,,,,,,,,,,,,751953696,75195369600026,63.99Z,,,,,,,,,,,sirene,
APTUS HEALTH INTERNATIONAL FRANCE SAS,,,a contacter,,,,,,,,,,,,data_etudes,Etudes de marche et sondages,PARIS,,75,,,,,,,,,,,,,,,,,,,,,,,,,,,,,,,,,,,,,,,,,,,,,,,533600656,53360065600045,73.20Z,,,,,,,,,,,sirene,
AQUA RAY,,,a contacter,,,,,,,,,,,,data_etudes,"Traitement de donnees, hebergement et activites connexes",IVRY-SUR-SEINE,,94,,,,,,,,,,,,,,,,,,,,,,,,,,,,,,,,,,,,,,,,,,,,,,,447997099,44799709900042,63.11Z,,,,,,,,,,,sirene,
AQUASCOP BIOLOGIE,,,a contacter,,,,,,,,,,,,data_etudes,Recherche-developpement en autres sciences physiques et naturelles,BEAUCOUZE,,49,,,,,,,,,,,,,,,,,,,,,,,,,,,,,,,,,,,,,,,,,,,,,,,342558335,34255833500051,72.19Z,,,,,,,,,,,sirene,
AQUASEARCH,,,a contacter,,,,,,,,,,,,data_etudes,Recherche-developpement en autres sciences physiques et naturelles,RIVIERE-SALEE,,972,,,,,,,,,,,,,,,,,,,,,,,,,,,,,,,,,,,,,,,,,,,,,,,815151998,81515199800029,72.19Z,,,,,,,,,,,sirene,
AQUATOOLS,,,a contacter,,,,,,,,,,,,data_etudes,Recherche-developpement en autres sciences physiques et naturelles,PARIS,,75,,,,,,,,,,,,,,,,,,,,,,,,,,,,,,,,,,,,,,,,,,,,,,,514237759,51423775900048,72.19Z,,,,,,,,,,,sirene,
AQUEDUC,,,a contacter,,,,,,,,,,,,data_etudes,Etudes de marche et sondages,NARBONNE,,11,,,,,,,,,,,,,,,,,,,,,,,,,,,,,,,,,,,,,,,,,,,,,,,444846042,44484604200026,73.20Z,,,,,,,,,,,sirene,
AQUINEURO SAS,,,a contacter,,,,,,,,,,,,data_etudes,Recherche-developpement en autres sciences physiques et naturelles,BEGLES,,33,,,,,,,,,,,,,,,,,,,,,,,,,,,,,,,,,,,,,,,,,,,,,,,849494349,84949434900012,72.19Z,,,,,,,,,,,sirene,
AQUITEM,,,a contacter,,,,,,,,,,,,data_etudes,"Traitement de donnees, hebergement et activites connexes",COURBEVOIE,,92,,,,,,,,,,,,,,,,,,,,,,,,,,,,,,,,,,,,,,,,,,,,,,,342493822,34249382200064,63.11Z,,,,,,,,,,,sirene,
ARAXXE,,,a contacter,,,,,,,,,,,,data_etudes,"Traitement de donnees, hebergement et activites connexes",LYON,,69,,,,,,,,,,,,,,,,,,,,,,,,,,,,,,,,,,,,,,,,,,,,,,,481163657,48116365700044,63.11Z,,,,,,,,,,,sirene,
ARCAD INGENIERIE,,,a contacter,,,,,,,,,,,,data_etudes,"Traitement de donnees, hebergement et activites connexes",SAINT-PIERRE,,974,,,,,,,,,,,,,,,,,,,,,,,,,,,,,,,,,,,,,,,,,,,,,,,751089228,75108922800025,63.11Z,,,,,,,,,,,sirene,
ARCADIUM ESPORT,,,a contacter,,,,,,,,,,,,data_etudes,Recherche-developpement en autres sciences physiques et naturelles,AJACCIO,,2A,,,,,,,,,,,,,,,,,,,,,,,,,,,,,,,,,,,,,,,,,,,,,,,878915271,87891527100018,72.19Z,,,,,,,,,,,sirene,
ARCHIVES C6,,,a contacter,,,,,,,,,,,,data_etudes,"Traitement de donnees, hebergement et activites connexes",VERANNE,,42,,,,,,,,,,,,,,,,,,,,,,,,,,,,,,,,,,,,,,,,,,,,,,,533522652,53352265200015,63.11Z,,,,,,,,,,,sirene,
ARIANA PHARMACEUTICALS,,,a contacter,,,,,,,,,,,,data_etudes,Recherche-developpement en autres sciences physiques et naturelles,PARIS,,75,,,,,,,,,,,,,,,,,,,,,,,,,,,,,,,,,,,,,,,,,,,,,,,449727205,44972720500055,72.19Z,,,,,,,,,,,sirene,
ARKEA WEB,,,a contacter,,,,,,,,,,,,data_etudes,"Traitement de donnees, hebergement et activites connexes",PARIS,,75,,,,,,,,,,,,,,,,,,,,,,,,,,,,,,,,,,,,,,,,,,,,,,,509957759,50995775900012,63.11Z,,,,,,,,,,,sirene,
ARKYAN,,,a contacter,,,,,,,,,,,,data_etudes,"Traitement de donnees, hebergement et activites connexes",CASTELNAU-LE-LEZ,,34,,,,,,,,,,,,,,,,,,,,,,,,,,,,,,,,,,,,,,,,,,,,,,,827536426,82753642600014,63.11Z,,,,,,,,,,,sirene,
ARM FRANCE,,,a contacter,,,,,,,,,,,,data_etudes,Recherche-developpement en autres sciences physiques et naturelles,BIOT,,06,,,,,,,,,,,,,,,,,,,,,,,,,,,,,,,,,,,,,,,,,,,,,,,399339431,39933943100112,72.19Z,,,,,,,,,,,sirene,
ARMATIS INSIGHTS,,,a contacter,,,,,,,,,,,,data_etudes,Etudes de marche et sondages,IVRY-SUR-SEINE,,94,,,,,,,,,,,,,,,,,,,,,,,,,,,,,,,,,,,,,,,,,,,,,,,844618413,84461841300026,73.20Z,,,,,,,,,,,sirene,
ARPANOVA,,,a contacter,,,,,,,,,,,,data_etudes,"Traitement de donnees, hebergement et activites connexes",LATTES,,34,,,,,,,,,,,,,,,,,,,,,,,,,,,,,,,,,,,,,,,,,,,,,,,750392672,75039267200036,63.11Z,,,,,,,,,,,sirene,
ARPEGES ONLINE,,,a contacter,,,,,,,,,,,,data_etudes,"Traitement de donnees, hebergement et activites connexes",LA ROCHE-SUR-YON,,85,,,,,,,,,,,,,,,,,,,,,,,,,,,,,,,,,,,,,,,,,,,,,,,818612871,81861287100017,63.11Z,,,,,,,,,,,sirene,
ARSOE NORD EST,,,a contacter,,,,,,,,,,,,data_etudes,"Traitement de donnees, hebergement et activites connexes",MALZEVILLE,,54,,,,,,,,,,,,,,,,,,,,,,,,,,,,,,,,,,,,,,,,,,,,,,,308208461,30820846100019,63.11Z,,,,,,,,,,,sirene,
ARTEION,,,a contacter,,,,,,,,,,,,data_etudes,Recherche-developpement en autres sciences physiques et naturelles,PARIS,,75,,,,,,,,,,,,,,,,,,,,,,,,,,,,,,,,,,,,,,,,,,,,,,,511603987,51160398700021,72.19Z,,,,,,,,,,,sirene,
ARTEMIS,,,a contacter,,,,,,,,,,,,data_etudes,Recherche-developpement en autres sciences physiques et naturelles,JANZE,,35,,,,,,,,,,,,,,,,,,,,,,,,,,,,,,,,,,,,,,,,,,,,,,,809233885,80923388500015,72.19Z,,,,,,,,,,,sirene,
ARTEVA,,,a contacter,,,,,,,,,,,,data_etudes,"Traitement de donnees, hebergement et activites connexes",LIMONEST,,69,,,,,,,,,,,,,,,,,,,,,,,,,,,,,,,,,,,,,,,,,,,,,,,490794427,49079442700024,63.11Z,,,,,,,,,,,sirene,
ARTIKA,,,a contacter,,,,,,,,,,,,data_etudes,Etudes de marche et sondages,SAINT-BERTHEVIN,,53,,,,,,,,,,,,,,,,,,,,,,,,,,,,,,,,,,,,,,,,,,,,,,,903499291,90349929100016,73.20Z,,,,,,,,,,,sirene,
ARTIVISOR,,,a contacter,,,,,,,,,,,,data_etudes,"Traitement de donnees, hebergement et activites connexes",NANTES,,44,,,,,,,,,,,,,,,,,,,,,,,,,,,,,,,,,,,,,,,,,,,,,,,809942766,80994276600019,63.11Z,,,,,,,,,,,sirene,
ARTMARKET.COM,,,a contacter,,,,,,,,,,,,data_etudes,"Traitement de donnees, hebergement et activites connexes",SAINT-ROMAIN-AU-MONT-D'OR,,69,,,,,,,,,,,,,,,,,,,,,,,,,,,,,,,,,,,,,,,,,,,,,,,411309198,41130919800025,63.11Z,,,,,,,,,,,sirene,
ARYBALLE,,,a contacter,,,,,,,,,,,,data_etudes,Recherche-developpement en autres sciences physiques et naturelles,GRENOBLE,,38,,,,,,,,,,,,,,,,,,,,,,,,,,,,,,,,,,,,,,,,,,,,,,,800742405,80074240500031,72.19Z,,,,,,,,,,,sirene,
AS DEVOPS,,,a contacter,,,,,,,,,,,,data_etudes,"Traitement de donnees, hebergement et activites connexes",NEUILLY-SUR-SEINE,,92,,,,,,,,,,,,,,,,,,,,,,,,,,,,,,,,,,,,,,,,,,,,,,,814598538,81459853800027,63.11Z,,,,,,,,,,,sirene,
AS MEDIA,,,a contacter,,,,,,,,,,,,data_etudes,"Traitement de donnees, hebergement et activites connexes",BOBIGNY,,93,,,,,,,,,,,,,,,,,,,,,,,,,,,,,,,,,,,,,,,,,,,,,,,831991336,83199133600023,63.11Z,,,,,,,,,,,sirene,
ASCLEPIOS TECH,,,a contacter,,,,,,,,,,,,data_etudes,Recherche-developpement en autres sciences physiques et naturelles,TOURNEFEUILLE,,31,,,,,,,,,,,,,,,,,,,,,,,,,,,,,,,,,,,,,,,,,,,,,,,880245188,88024518800011,72.19Z,,,,,,,,,,,sirene,
ASKBIO FRANCE,,,a contacter,,,,,,,,,,,,data_etudes,Recherche-developpement en autres sciences physiques et naturelles,PARIS,,75,,,,,,,,,,,,,,,,,,,,,,,,,,,,,,,,,,,,,,,,,,,,,,,813073517,81307351700043,72.19Z,,,,,,,,,,,sirene,
ASKLEIA,,,a contacter,,,,,,,,,,,,data_etudes,Recherche-developpement en autres sciences physiques et naturelles,AUBAGNE,,13,,,,,,,,,,,,,,,,,,,,,,,,,,,,,,,,,,,,,,,,,,,,,,,900474842,90047484200029,72.19Z,,,,,,,,,,,sirene,
ASS CENTRE TECHNIQUE ALIMENTS ANIMAUX,,,a contacter,,,,,,,,,,,,data_etudes,Recherche-developpement en autres sciences physiques et naturelles,NANTES,,44,,,,,,,,,,,,,,,,,,,,,,,,,,,,,,,,,,,,,,,,,,,,,,,323610972,32361097200032,72.19Z,,,,,,,,,,,sirene,
ASS CLINIQUE THERAP INFANT VAL DE MARNE,,,a contacter,,,,,,,,,,,,data_etudes,Recherche-developpement en autres sciences physiques et naturelles,CRETEIL,,94,,,,,,,,,,,,,,,,,,,,,,,,,,,,,,,,,,,,,,,,,,,,,,,380061887,38006188700036,72.19Z,,,,,,,,,,,sirene,
ASS DEP INFORMATION SUR LE LOGEMENT,,,a contacter,,,,,,,,,,,,data_etudes,Autres services d'information n.c.a.,ALBI,,81,,,,,,,,,,,,,,,,,,,,,,,,,,,,,,,,,,,,,,,,,,,,,,,411498173,41149817300029,63.99Z,,,,,,,,,,,sirene,
ASS DEPART INFORMATION LOGEMENT,,,a contacter,,,,,,,,,,,,data_etudes,Autres services d'information n.c.a.,BLOIS,,41,,,,,,,,,,,,,,,,,,,,,,,,,,,,,,,,,,,,,,,,,,,,,,,388919540,38891954000038,63.99Z,,,,,,,,,,,sirene,
ASS DEPART INFORMATION LOGEMENT AUBOIS,,,a contacter,,,,,,,,,,,,data_etudes,Autres services d'information n.c.a.,TROYES,,10,,,,,,,,,,,,,,,,,,,,,,,,,,,,,,,,,,,,,,,,,,,,,,,313536534,31353653400024,63.99Z,,,,,,,,,,,sirene,
ASS DEPT INFORMATION SUR LE LOGEMENT,,,a contacter,,,,,,,,,,,,data_etudes,Autres services d'information n.c.a.,AMIENS,,80,,,,,,,,,,,,,,,,,,,,,,,,,,,,,,,,,,,,,,,,,,,,,,,389440694,38944069400047,63.99Z,,,,,,,,,,,sirene,
ASS DEVELO NEURO PSYCHOLOGIE APPLIQUEE,,,a contacter,,,,,,,,,,,,data_etudes,Recherche-developpement en autres sciences physiques et naturelles,BESANCON,,25,,,,,,,,,,,,,,,,,,,,,,,,,,,,,,,,,,,,,,,,,,,,,,,409908704,40990870400037,72.19Z,,,,,,,,,,,sirene,
ASS DEVELOP RECHERCH & INNOVAT NORD PDC,,,a contacter,,,,,,,,,,,,data_etudes,Recherche-developpement en autres sciences physiques et naturelles,LILLE,,59,,,,,,,,,,,,,,,,,,,,,,,,,,,,,,,,,,,,,,,,,,,,,,,775624380,77562438000090,72.19Z,,,,,,,,,,,sirene,
ASS DEVELOPP INSTITUT VIANDE,,,a contacter,,,,,,,,,,,,data_etudes,Recherche-developpement en autres sciences physiques et naturelles,CLERMONT-FERRAND,,63,,,,,,,,,,,,,,,,,,,,,,,,,,,,,,,,,,,,,,,,,,,,,,,311261770,31126177000078,72.19Z,,,,,,,,,,,sirene,
ASS ENSEIGNE RECHER CHIRUR HEPATO BILIAI,,,a contacter,,,,,,,,,,,,data_etudes,Recherche-developpement en autres sciences physiques et naturelles,VILLEJUIF,,94,,,,,,,,,,,,,,,,,,,,,,,,,,,,,,,,,,,,,,,,,,,,,,,335258067,33525806700016,72.19Z,,,,,,,,,,,sirene,
ASS EUROPEEN VEHICULE ELECTRIQ ROUTIERS,,,a contacter,,,,,,,,,,,,data_etudes,"Traitement de donnees, hebergement et activites connexes",PARIS,,75,,,,,,,,,,,,,,,,,,,,,,,,,,,,,,,,,,,,,,,,,,,,,,,381166792,38116679200071,63.11Z,,,,,,,,,,,sirene,
ASS F.COMT AIDE RECHERCHE CARDIOLOGIE,,,a contacter,,,,,,,,,,,,data_etudes,Recherche-developpement en autres sciences physiques et naturelles,BESANCON,,25,,,,,,,,,,,,,,,,,,,,,,,,,,,,,,,,,,,,,,,,,,,,,,,401150784,40115078400023,72.19Z,,,,,,,,,,,sirene,
ASS FONDATION EUROPEENNE SCIENCE,,,a contacter,,,,,,,,,,,,data_etudes,Recherche-developpement en autres sciences physiques et naturelles,STRASBOURG,,67,,,,,,,,,,,,,,,,,,,,,,,,,,,,,,,,,,,,,,,,,,,,,,,302493986,30249398600012,72.19Z,,,,,,,,,,,sirene,
ASS FRANC NOMMAGE INTERNET EN COOP,,,a contacter,,,,,,,,,,,,data_etudes,"Traitement de donnees, hebergement et activites connexes",GUYANCOURT,,78,,,,,,,,,,,,,,,,,,,,,,,,,,,,,,,,,,,,,,,,,,,,,,,414757567,41475756700048,63.11Z,,,,,,,,,,,sirene,
ASS NAT ETUD ET LUTT CONTR FLEAUX ATMOSP,,,a contacter,,,,,,,,,,,,data_etudes,Recherche-developpement en autres sciences physiques et naturelles,TOULOUSE,,31,,,,,,,,,,,,,,,,,,,,,,,,,,,,,,,,,,,,,,,,,,,,,,,778130757,77813075700017,72.19Z,,,,,,,,,,,sirene,
ASS PROV RECHERCHE EXPERIMENTA LEGUMIERE,,,a contacter,,,,,,,,,,,,data_etudes,Recherche-developpement en autres sciences physiques et naturelles,ST REMY DE PROVENCE,,13,,,,,,,,,,,,,,,,,,,,,,,,,,,,,,,,,,,,,,,,,,,,,,,409574449,40957444900032,72.19Z,,,,,,,,,,,sirene,
ASS RECHER SCLEROSE LATERALE AMYOTROPHOP,,,a contacter,,,,,,,,,,,,data_etudes,Recherche-developpement en autres sciences physiques et naturelles,PARIS,,75,,,,,,,,,,,,,,,,,,,,,,,,,,,,,,,,,,,,,,,,,,,,,,,351925839,35192583900067,72.19Z,,,,,,,,,,,sirene,
ASS RECHERC FORMAT SUR LANGAGE,,,a contacter,,,,,,,,,,,,data_etudes,Recherche-developpement en autres sciences physiques et naturelles,NANCY,,54,,,,,,,,,,,,,,,,,,,,,,,,,,,,,,,,,,,,,,,,,,,,,,,326144250,32614425000064,72.19Z,,,,,,,,,,,sirene,
ASS RECHERCHE DEVEL METHODE PROCES INDUS,,,a contacter,,,,,,,,,,,,data_etudes,Recherche-developpement en autres sciences physiques et naturelles,PARIS,,75,,,,,,,,,,,,,,,,,,,,,,,,,,,,,,,,,,,,,,,,,,,,,,,775664113,77566411300013,72.19Z,,,,,,,,,,,sirene,
ASS REG EXPERIMENT FRUITS LEGUMES CORSE,,,a contacter,,,,,,,,,,,,data_etudes,Recherche-developpement en autres sciences physiques et naturelles,SAN-GIULIANO,,2B,,,,,,,,,,,,,,,,,,,,,,,,,,,,,,,,,,,,,,,,,,,,,,,390333672,39033367200017,72.19Z,,,,,,,,,,,sirene,
ASS SCIENTIFIQ POUR GEOLOGIE ET APPLICAT,,,a contacter,,,,,,,,,,,,data_etudes,Recherche-developpement en autres sciences physiques et naturelles,VANDŒUVRE-LES-NANCY,,54,,,,,,,,,,,,,,,,,,,,,,,,,,,,,,,,,,,,,,,,,,,,,,,783346836,78334683600027,72.19Z,,,,,,,,,,,sirene,
ASSISTANCE GESTION ORGANISATION,,,a contacter,,,,,,,,,,,,data_etudes,"Traitement de donnees, hebergement et activites connexes",TRAPPES,,78,,,,,,,,,,,,,,,,,,,,,,,,,,,,,,,,,,,,,,,,,,,,,,,317683332,31768333200025,63.11Z,,,,,,,,,,,sirene,
ASSO BUREAU INFORMATION JEUNESSE BREST,,,a contacter,,,,,,,,,,,,data_etudes,Autres services d'information n.c.a.,BREST,,29,,,,,,,,,,,,,,,,,,,,,,,,,,,,,,,,,,,,,,,,,,,,,,,409795119,40979511900026,63.99Z,,,,,,,,,,,sirene,
ASSO DE RECHERCHE CANCERS GYNECOLOGIQUES,,,a contacter,,,,,,,,,,,,data_etudes,Recherche-developpement en autres sciences physiques et naturelles,PARIS,,75,,,,,,,,,,,,,,,,,,,,,,,,,,,,,,,,,,,,,,,,,,,,,,,402364731,40236473100024,72.19Z,,,,,,,,,,,sirene,
ASSOC AMIS DE JEAN ROSTAND,,,a contacter,,,,,,,,,,,,data_etudes,Recherche-developpement en autres sciences physiques et naturelles,POUYDESSEAUX,,40,,,,,,,,,,,,,,,,,,,,,,,,,,,,,,,,,,,,,,,,,,,,,,,306169558,30616955800013,72.19Z,,,,,,,,,,,sirene,
ASSOC DEVELOP AGRO-BIOLOGIE PERIGORD,,,a contacter,,,,,,,,,,,,data_etudes,Recherche-developpement en autres sciences physiques et naturelles,COURSAC,,24,,,,,,,,,,,,,,,,,,,,,,,,,,,,,,,,,,,,,,,,,,,,,,,381020064,38102006400030,72.19Z,,,,,,,,,,,sirene,
ASSOC DEVELOPPEMENT RURAL REUNION,,,a contacter,,,,,,,,,,,,data_etudes,Etudes de marche et sondages,SAINT-DENIS,,974,,,,,,,,,,,,,,,,,,,,,,,,,,,,,,,,,,,,,,,,,,,,,,,499843779,49984377900038,73.20Z,,,,,,,,,,,sirene,
ASSOC RECHERCH THERAP INNOVANTES CANCER,,,a contacter,,,,,,,,,,,,data_etudes,Recherche-developpement en autres sciences physiques et naturelles,PARIS,,75,,,,,,,,,,,,,,,,,,,,,,,,,,,,,,,,,,,,,,,,,,,,,,,433936424,43393642400046,72.19Z,,,,,,,,,,,sirene,
ASSOC TRANSFERTS TECHNOLOGIES MANS,,,a contacter,,,,,,,,,,,,data_etudes,Recherche-developpement en autres sciences physiques et naturelles,LE MANS,,72,,,,,,,,,,,,,,,,,,,,,,,,,,,,,,,,,,,,,,,,,,,,,,,387707102,38770710200019,72.19Z,,,,,,,,,,,sirene,
ASSOC.DEPARTEMENTALE INFORMAT.LOGEMENT,,,a contacter,,,,,,,,,,,,data_etudes,Autres services d'information n.c.a.,NIMES,,30,,,,,,,,,,,,,,,,,,,,,,,,,,,,,,,,,,,,,,,,,,,,,,,314686932,31468693200034,63.99Z,,,,,,,,,,,sirene,
ASSOCIATION ANTIPODES SCIENCES & PEDAGOGIE,,,a contacter,,,,,,,,,,,,data_etudes,Recherche-developpement en autres sciences physiques et naturelles,CONCARNEAU,,29,,,,,,,,,,,,,,,,,,,,,,,,,,,,,,,,,,,,,,,,,,,,,,,842658395,84265839500012,72.19Z,,,,,,,,,,,sirene,
ASSOCIATION CALIOPE,,,a contacter,,,,,,,,,,,,data_etudes,Recherche-developpement en autres sciences physiques et naturelles,STRASBOURG,,67,,,,,,,,,,,,,,,,,,,,,,,,,,,,,,,,,,,,,,,,,,,,,,,407887819,40788781900016,72.19Z,,,,,,,,,,,sirene,
ASSOCIATION CHRYSALIDE,,,a contacter,,,,,,,,,,,,data_etudes,"Traitement de donnees, hebergement et activites connexes",LA ROCHE-DE-GLUN,,26,,,,,,,,,,,,,,,,,,,,,,,,,,,,,,,,,,,,,,,,,,,,,,,401445572,40144557200027,63.11Z,,,,,,,,,,,sirene,
ASSOCIATION COORDINATION TECHNIQUE AGRICOLE ,C,0,a contacter,,,,,,,,,,,,data_etudes,Recherche-developpement en autres sciences physiques et naturelles,PARIS,,75,,,,,,,,,https://www.pappers.fr/entreprise/784523318,https://annuaire-entreprises.data.gouv.fr/entreprise/784523318,https://annuaire-entreprises.data.gouv.fr/annonces/784523318,https://annuaire-entreprises.data.gouv.fr/donnees-financieres/784523318,https://annuaire-entreprises.data.gouv.fr/dirigeants/784523318,https://www.google.com/maps/search/?api=1&query=ASSOCIATION+COORDINATION+TECHNIQUE+AGRICOLE++PARIS,https://www.google.com/search?q=ASSOCIATION+COORDINATION+TECHNIQUE+AGRICOLE++PARIS,https://news.google.com/search?hl=fr&q=%22ASSOCIATION+COORDINATION+TECHNIQUE+AGRICOLE%22,https://www.linkedin.com/search/results/companies/?keywords=ASSOCIATION+COORDINATION+TECHNIQUE+AGRICOLE,,https://www.pagesjaunes.fr/annuaire/chercherlespros?quoiqui=ASSOCIATION+COORDINATION+TECHNIQUE+AGRICOLE&ou=PARIS,https://www.societe.com/cgi-bin/search?champs=784523318,,,,,,,,,,,,,,,,,,,,,,,,FR87784523318,,,784523318,78452331800011,72.19Z,,,,,,,,non,oui,2026-08-02,sirene,
ASSOCIATION CRYOSTEM,,,a contacter,,,,,,,,,,,,data_etudes,Recherche-developpement en autres sciences physiques et naturelles,MARSEILLE,,13,,,,,,,,,,,,,,,,,,,,,,,,,,,,,,,,,,,,,,,,,,,,,,,813575081,81357508100027,72.19Z,,,,,,,,,,,sirene,
"ASSOCIATION DE RECHERCHE SUR LE RUISSELLEMENT, L EROSION ET L A MENAGEMENT DU SOL",,,a contacter,,,,,,,,,,,,data_etudes,Recherche-developpement en autres sciences physiques et naturelles,SAINT-VALERY-EN-CAUX,,76,,,,,,,,,,,,,,,,,,,,,,,,,,,,,,,,,,,,,,,,,,,,,,,384799359,38479935900037,72.19Z,,,,,,,,,,,sirene,
ASSOCIATION EISBM,,,a contacter,,,,,,,,,,,,data_etudes,Recherche-developpement en autres sciences physiques et naturelles,VOURLES,,69,,,,,,,,,,,,,,,,,,,,,,,,,,,,,,,,,,,,,,,,,,,,,,,831575998,83157599800016,72.19Z,,,,,,,,,,,sirene,
ASSOCIATION GEOCA ST BRIEUC,,,a contacter,,,,,,,,,,,,data_etudes,Recherche-developpement en autres sciences physiques et naturelles,PLOUFRAGAN,,22,,,,,,,,,,,,,,,,,,,,,,,,,,,,,,,,,,,,,,,,,,,,,,,394560759,39456075900042,72.19Z,,,,,,,,,,,sirene,
ASSOCIATION INSTITUT DE MYOLOGIE,,,a contacter,,,,,,,,,,,,data_etudes,Recherche-developpement en autres sciences physiques et naturelles,PARIS,,75,,,,,,,,,,,,,,,,,,,,,,,,,,,,,,,,,,,,,,,,,,,,,,,483754347,48375434700019,72.19Z,,,,,,,,,,,sirene,
ASSOCIATION LASER PHOTONIQUE HYPERFREQUENCES APPLICATIONS,,,a contacter,,,,,,,,,,,,data_etudes,Recherche-developpement en autres sciences physiques et naturelles,TALENCE,,33,,,,,,,,,,,,,,,,,,,,,,,,,,,,,,,,,,,,,,,,,,,,,,,827755596,82775559600018,72.19Z,,,,,,,,,,,sirene,
ASSOCIATION POUR LA RECHERCHE CLINIQUE ET IMMUNOLOGIQUE,,,a contacter,,,,,,,,,,,,data_etudes,Recherche-developpement en autres sciences physiques et naturelles,OULLINS-PIERRE-BENITE,,69,,,,,,,,,,,,,,,,,,,,,,,,,,,,,,,,,,,,,,,,,,,,,,,494156805,49415680500017,72.19Z,,,,,,,,,,,sirene,
ASSOCIATION REGIONALE BIOMASSE NORMANDIE,,,a contacter,,,,,,,,,,,,data_etudes,Recherche-developpement en autres sciences physiques et naturelles,CAEN,,14,,,,,,,,,,,,,,,,,,,,,,,,,,,,,,,,,,,,,,,,,,,,,,,383743317,38374331700034,72.19Z,,,,,,,,,,,sirene,
ASSOCIATION REVHEPAT,,,a contacter,,,,,,,,,,,,data_etudes,Recherche-developpement en autres sciences physiques et naturelles,CLICHY,,92,,,,,,,,,,,,,,,,,,,,,,,,,,,,,,,,,,,,,,,,,,,,,,,432327708,43232770800017,72.19Z,,,,,,,,,,,sirene,
ASSURAGENCY,,,a contacter,,,,,,,,,,,,data_etudes,"Traitement de donnees, hebergement et activites connexes",LA SEYNE-SUR-MER,,83,,,,,,,,,,,,,,,,,,,,,,,,,,,,,,,,,,,,,,,,,,,,,,,445009632,44500963200040,63.11Z,,,,,,,,,,,sirene,
ASTEN CLOUD,,,a contacter,,,,,,,,,,,,data_etudes,"Traitement de donnees, hebergement et activites connexes",GOUESNOU,,29,,,,,,,,,,,,,,,,,,,,,,,,,,,,,,,,,,,,,,,,,,,,,,,323789990,32378999000112,63.11Z,,,,,,,,,,,sirene,
ASUR PLANT BREEDING,,,a contacter,,,,,,,,,,,,data_etudes,Recherche-developpement en autres sciences physiques et naturelles,ESTREES-SAINT-DENIS,,60,,,,,,,,,,,,,,,,,,,,,,,,,,,,,,,,,,,,,,,,,,,,,,,413089731,41308973100041,72.19Z,,,,,,,,,,,sirene,
AT DEVELOPMENT,,,a contacter,,,,,,,,,,,,data_etudes,Etudes de marche et sondages,LAVAL,,53,,,,,,,,,,,,,,,,,,,,,,,,,,,,,,,,,,,,,,,,,,,,,,,524520319,52452031900038,73.20Z,,,,,,,,,,,sirene,
ATAMA CONSULTING,,,a contacter,,,,,,,,,,,,data_etudes,Etudes de marche et sondages,LE BOURGET-DU-LAC,,73,,,,,,,,,,,,,,,,,,,,,,,,,,,,,,,,,,,,,,,,,,,,,,,893010991,89301099100014,73.20Z,,,,,,,,,,,sirene,
ATAMYO THERAPEUTICS,,,a contacter,,,,,,,,,,,,data_etudes,Recherche-developpement en autres sciences physiques et naturelles,EVRY-COURCOURONNES,,91,,,,,,,,,,,,,,,,,,,,,,,,,,,,,,,,,,,,,,,,,,,,,,,891260978,89126097800012,72.19Z,,,,,,,,,,,sirene,
ATEL REGION TRAIT INFORMAT CENTRES GEST,,,a contacter,,,,,,,,,,,,data_etudes,"Traitement de donnees, hebergement et activites connexes",LISIEUX,,14,,,,,,,,,,,,,,,,,,,,,,,,,,,,,,,,,,,,,,,,,,,,,,,780743175,78074317500025,63.11Z,,,,,,,,,,,sirene,
ATELIER FLUIDES SUPERCRITIQUES,,,a contacter,,,,,,,,,,,,data_etudes,Recherche-developpement en autres sciences physiques et naturelles,VALREAS,,84,,,,,,,,,,,,,,,,,,,,,,,,,,,,,,,,,,,,,,,,,,,,,,,528922925,52892292500037,72.19Z,,,,,,,,,,,sirene,
ATHENA B.E,,,a contacter,,,,,,,,,,,,data_etudes,Etudes de marche et sondages,MARSEILLE,,13,,,,,,,,,,,,,,,,,,,,,,,,,,,,,,,,,,,,,,,,,,,,,,,421999798,42199979800034,73.20Z,,,,,,,,,,,sirene,
ATHENA PHARMACEUTIQUES SAS,,,a contacter,,,,,,,,,,,,data_etudes,Recherche-developpement en autres sciences physiques et naturelles,LOUVECIENNES,,78,,,,,,,,,,,,,,,,,,,,,,,,,,,,,,,,,,,,,,,,,,,,,,,530018696,53001869600027,72.19Z,,,,,,,,,,,sirene,
ATLANCHIM PHARMA,,,a contacter,,,,,,,,,,,,data_etudes,Recherche-developpement en autres sciences physiques et naturelles,SAINT-HERBLAIN,,44,,,,,,,,,,,,,,,,,,,,,,,,,,,,,,,,,,,,,,,,,,,,,,,504005612,50400561200032,72.19Z,,,,,,,,,,,sirene,
ATLANTHERA,,,a contacter,,,,,,,,,,,,data_etudes,Recherche-developpement en autres sciences physiques et naturelles,SAINT-HERBLAIN,,44,,,,,,,,,,,,,,,,,,,,,,,,,,,,,,,,,,,,,,,,,,,,,,,517562211,51756221100022,72.19Z,,,,,,,,,,,sirene,
ATLANTIC BONE SCREEN,,,a contacter,,,,,,,,,,,,data_etudes,Recherche-developpement en autres sciences physiques et naturelles,SAINT-HERBLAIN,,44,,,,,,,,,,,,,,,,,,,,,,,,,,,,,,,,,,,,,,,,,,,,,,,484940473,48494047300024,72.19Z,,,,,,,,,,,sirene,
ATMOSR,,,a contacter,,,,,,,,,,,,data_etudes,Recherche-developpement en autres sciences physiques et naturelles,FUVEAU,,13,,,,,,,,,,,,,,,,,,,,,,,,,,,,,,,,,,,,,,,,,,,,,,,852793108,85279310800014,72.19Z,,,,,,,,,,,sirene,
AUDENSIEL CONSEIL DEVELOPPEMENT,,,a contacter,,,,,,,,,,,,data_etudes,Recherche-developpement en autres sciences physiques et naturelles,BOULOGNE-BILLANCOURT,,92,,,,,,,,,,,,,,,,,,,,,,,,,,,,,,,,,,,,,,,,,,,,,,,892171547,89217154700011,72.19Z,,,,,,,,,,,sirene,
AUDIREP,,,a contacter,,,,,,,,,,,,data_etudes,Etudes de marche et sondages,BOULOGNE-BILLANCOURT,,92,,,,,,,,,,,,,,,,,,,,,,,,,,,,,,,,,,,,,,,,,,,,,,,520390162,52039016200045,73.20Z,,,,,,,,,,,sirene,
AUFEMININ,,,a contacter,,,,,,,,,,,,data_etudes,"Traitement de donnees, hebergement et activites connexes",BOULOGNE BILLANCOURT,,92,,,,,,,,,,,,,,,,,,,,,,,,,,,,,,,,,,,,,,,,,,,,,,,423780113,42378011300118,63.11Z,,,,,,,,,,,sirene,
AUMOVIO DIGITAL SERVICES FRANCE,,,a contacter,,,,,,,,,,,,data_etudes,"Traitement de donnees, hebergement et activites connexes",TOULOUSE,,31,,,,,,,,,,,,,,,,,,,,,,,,,,,,,,,,,,,,,,,,,,,,,,,821289675,82128967500018,63.11Z,,,,,,,,,,,sirene,
AUROBAC THERAPEUTICS SAS,,,a contacter,,,,,,,,,,,,data_etudes,Recherche-developpement en autres sciences physiques et naturelles,LYON,,69,,,,,,,,,,,,,,,,,,,,,,,,,,,,,,,,,,,,,,,,,,,,,,,905122941,90512294100016,72.19Z,,,,,,,,,,,sirene,
AUSTRAL DIAGNOSTICS,,,a contacter,,,,,,,,,,,,data_etudes,Recherche-developpement en autres sciences physiques et naturelles,PARIS,,75,,,,,,,,,,,,,,,,,,,,,,,,,,,,,,,,,,,,,,,,,,,,,,,904821485,90482148500037,72.19Z,,,,,,,,,,,sirene,
AUTOECO,,,a contacter,,,,,,,,,,,,data_etudes,"Traitement de donnees, hebergement et activites connexes",COMPIEGNE,,60,,,,,,,,,,,,,,,,,,,,,,,,,,,,,,,,,,,,,,,,,,,,,,,442550703,44255070300023,63.11Z,,,,,,,,,,,sirene,
AUTOMATIQUE MESURE INGENIERIE,,,a contacter,,,,,,,,,,,,data_etudes,Recherche-developpement en autres sciences physiques et naturelles,RONCQ,,59,,,,,,,,,,,,,,,,,,,,,,,,,,,,,,,,,,,,,,,,,,,,,,,325040491,32504049100053,72.19Z,,,,,,,,,,,sirene,
AUTOMOTIVE DIGITAL SOLUTION,,,a contacter,,,,,,,,,,,,data_etudes,"Traitement de donnees, hebergement et activites connexes",NEUILLY-SUR-SEINE,,92,,,,,,,,,,,,,,,,,,,,,,,,,,,,,,,,,,,,,,,,,,,,,,,833836562,83383656200037,63.11Z,,,,,,,,,,,sirene,
AUZANCE INFORMATIQUE,,,a contacter,,,,,,,,,,,,data_etudes,"Traitement de donnees, hebergement et activites connexes",LES SABLES D'OLONNE,,85,,,,,,,,,,,,,,,,,,,,,,,,,,,,,,,,,,,,,,,,,,,,,,,788934883,78893488300034,63.11Z,,,,,,,,,,,sirene,
AVALOR,,,a contacter,,,,,,,,,,,,data_etudes,"Traitement de donnees, hebergement et activites connexes",DARDILLY,,69,,,,,,,,,,,,,,,,,,,,,,,,,,,,,,,,,,,,,,,,,,,,,,,829181023,82918102300021,63.11Z,,,,,,,,,,,sirene,
AVALUN,,,a contacter,,,,,,,,,,,,data_etudes,Recherche-developpement en autres sciences physiques et naturelles,GRENOBLE,,38,,,,,,,,,,,,,,,,,,,,,,,,,,,,,,,,,,,,,,,,,,,,,,,799055520,79905552000024,72.19Z,,,,,,,,,,,sirene,
AVANCIAL,,,a contacter,,,,,,,,,,,,data_etudes,"Traitement de donnees, hebergement et activites connexes",SAINT-DENIS,,93,,,,,,,,,,,,,,,,,,,,,,,,,,,,,,,,,,,,,,,,,,,,,,,401589775,40158977500055,63.11Z,,,,,,,,,,,sirene,
AVANTI BROCANTE,,,a contacter,,,,,,,,,,,,data_etudes,"Traitement de donnees, hebergement et activites connexes",DIEPPE,,76,,,,,,,,,,,,,,,,,,,,,,,,,,,,,,,,,,,,,,,,,,,,,,,893873406,89387340600027,63.11Z,,,,,,,,,,,sirene,
AVENAPAY,,,a contacter,,,,,,,,,,,,data_etudes,"Traitement de donnees, hebergement et activites connexes",PARIS,,75,,,,,,,,,,,,,,,,,,,,,,,,,,,,,,,,,,,,,,,,,,,,,,,830459053,83045905300054,63.11Z,,,,,,,,,,,sirene,
AVENIR TELEMATIQUE,,,a contacter,,,,,,,,,,,,data_etudes,"Traitement de donnees, hebergement et activites connexes",ISSY-LES-MOULINEAUX,,92,,,,,,,,,,,,,,,,,,,,,,,,,,,,,,,,,,,,,,,,,,,,,,,347607764,34760776400060,63.11Z,,,,,,,,,,,sirene,
AVENIR-FOCUS,,,a contacter,,,,,,,,,,,,data_etudes,Etudes de marche et sondages,TASSIN-LA-DEMI-LUNE,,69,,,,,,,,,,,,,,,,,,,,,,,,,,,,,,,,,,,,,,,,,,,,,,,495402604,49540260400054,73.20Z,,,,,,,,,,,sirene,
AVICENNE DEVELOPPEMENT,,,a contacter,,,,,,,,,,,,data_etudes,Etudes de marche et sondages,PARIS,,75,,,,,,,,,,,,,,,,,,,,,,,,,,,,,,,,,,,,,,,,,,,,,,,385270301,38527030100034,73.20Z,,,,,,,,,,,sirene,
AWIN SAS,,,a contacter,,,,,,,,,,,,data_etudes,"Traitement de donnees, hebergement et activites connexes",PARIS,,75,,,,,,,,,,,,,,,,,,,,,,,,,,,,,,,,,,,,,,,,,,,,,,,432845964,43284596400050,63.11Z,,,,,,,,,,,sirene,
AXE PSYCHOLOGIE PREFERENCE INNOVATION ATTITUDE SENSO,,,a contacter,,,,,,,,,,,,data_etudes,Etudes de marche et sondages,QUIMPER,,29,,,,,,,,,,,,,,,,,,,,,,,,,,,,,,,,,,,,,,,,,,,,,,,449442284,44944228400013,73.20Z,,,,,,,,,,,sirene,
AXEREAL INNOVATIONS,,,a contacter,,,,,,,,,,,,data_etudes,Recherche-developpement en autres sciences physiques et naturelles,OLIVET,,45,,,,,,,,,,,,,,,,,,,,,,,,,,,,,,,,,,,,,,,,,,,,,,,824032668,82403266800017,72.19Z,,,,,,,,,,,sirene,
AXESS RESEARCH,,,a contacter,,,,,,,,,,,,data_etudes,Etudes de marche et sondages,LIMONEST,,69,,,,,,,,,,,,,,,,,,,,,,,,,,,,,,,,,,,,,,,,,,,,,,,443783915,44378391500046,73.20Z,,,,,,,,,,,sirene,
AXIALYS,,,a contacter,,,,,,,,,,,,data_etudes,"Traitement de donnees, hebergement et activites connexes",LEVALLOIS-PERRET,,92,,,,,,,,,,,,,,,,,,,,,,,,,,,,,,,,,,,,,,,,,,,,,,,353210446,35321044600053,63.11Z,,,,,,,,,,,sirene,
AXIOCAP,,,a contacter,,,,,,,,,,,,data_etudes,"Traitement de donnees, hebergement et activites connexes",MONTPELLIER,,34,,,,,,,,,,,,,,,,,,,,,,,,,,,,,,,,,,,,,,,,,,,,,,,853941474,85394147400027,63.11Z,,,,,,,,,,,sirene,
AXIOMA BIOLOGICALS,,,a contacter,,,,,,,,,,,,data_etudes,Recherche-developpement en autres sciences physiques et naturelles,BRIVE-LA-GAILLARDE,,19,,,,,,,,,,,,,,,,,,,,,,,,,,,,,,,,,,,,,,,,,,,,,,,789737095,78973709500032,72.19Z,,,,,,,,,,,sirene,
AXIOME MEDIA,,,a contacter,,,,,,,,,,,,data_etudes,Etudes de marche et sondages,ISSY-LES-MOULINEAUX,,92,,,,,,,,,,,,,,,,,,,,,,,,,,,,,,,,,,,,,,,,,,,,,,,807489695,80748969500039,73.20Z,,,,,,,,,,,sirene,
AXOLTIS PHARMA,,,a contacter,,,,,,,,,,,,data_etudes,Recherche-developpement en autres sciences physiques et naturelles,CLERMONT-FERRAND,,63,,,,,,,,,,,,,,,,,,,,,,,,,,,,,,,,,,,,,,,,,,,,,,,447817818,44781781800050,72.19Z,,,,,,,,,,,sirene,
AXXESS DATA,,,a contacter,,,,,,,,,,,,data_etudes,"Traitement de donnees, hebergement et activites connexes",FRANCHEVILLE,,69,,,,,,,,,,,,,,,,,,,,,,,,,,,,,,,,,,,,,,,,,,,,,,,807598305,80759830500033,63.11Z,,,,,,,,,,,sirene,
AZENTIS TECHNOLOGY,,,a contacter,,,,,,,,,,,,data_etudes,"Traitement de donnees, hebergement et activites connexes",SAINT-OUEN-SUR-SEINE,,93,,,,,,,,,,,,,,,,,,,,,,,,,,,,,,,,,,,,,,,,,,,,,,,432647097,43264709700034,63.11Z,,,,,,,,,,,sirene,
AZOTH SYSTEMS,,,a contacter,,,,,,,,,,,,data_etudes,Recherche-developpement en autres sciences physiques et naturelles,TOULON,,83,,,,,,,,,,,,,,,,,,,,,,,,,,,,,,,,,,,,,,,,,,,,,,,507719698,50771969800072,72.19Z,,,,,,,,,,,sirene,
AZUR DATACENTER,,,a contacter,,,,,,,,,,,,data_etudes,"Traitement de donnees, hebergement et activites connexes",CROISSY-BEAUBOURG,,77,,,,,,,,,,,,,,,,,,,,,,,,,,,,,,,,,,,,,,,,,,,,,,,522678358,52267835800055,63.11Z,,,,,,,,,,,sirene,
AZUR R.H.,,,a contacter,,,,,,,,,,,,data_etudes,"Traitement de donnees, hebergement et activites connexes",AJACCIO,,2A,,,,,,,,,,,,,,,,,,,,,,,,,,,,,,,,,,,,,,,,,,,,,,,808116818,80811681800010,63.11Z,,,,,,,,,,,sirene,
B CELL DESIGN,,,a contacter,,,,,,,,,,,,data_etudes,Recherche-developpement en autres sciences physiques et naturelles,ILLKIRCH-GRAFFENSTADEN,,67,,,,,,,,,,,,,,,,,,,,,,,,,,,,,,,,,,,,,,,,,,,,,,,501921852,50192185200031,72.19Z,,,,,,,,,,,sirene,
B E M H,,,a contacter,,,,,,,,,,,,data_etudes,Etudes de marche et sondages,BORDEAUX,,33,,,,,,,,,,,,,,,,,,,,,,,,,,,,,,,,,,,,,,,,,,,,,,,348622192,34862219200030,73.20Z,,,,,,,,,,,sirene,
B&A ONCOMEDICAL,,,a contacter,,,,,,,,,,,,data_etudes,Recherche-developpement en autres sciences physiques et naturelles,LA CIOTAT,,13,,,,,,,,,,,,,,,,,,,,,,,,,,,,,,,,,,,,,,,,,,,,,,,888026523,88802652300017,72.19Z,,,,,,,,,,,sirene,
B3TSI,,,a contacter,,,,,,,,,,,,data_etudes,Etudes de marche et sondages,CACHAN,,94,,,,,,,,,,,,,,,,,,,,,,,,,,,,,,,,,,,,,,,,,,,,,,,342846854,34284685400053,73.20Z,,,,,,,,,,,sirene,
BANKET,,,a contacter,,,,,,,,,,,,data_etudes,"Traitement de donnees, hebergement et activites connexes",CAEN,,14,,,,,,,,,,,,,,,,,,,,,,,,,,,,,,,,,,,,,,,,,,,,,,,890231939,89023193900020,63.11Z,,,,,,,,,,,sirene,
BARREL WAVE SOLUTIONS,,,a contacter,,,,,,,,,,,,data_etudes,"Traitement de donnees, hebergement et activites connexes",LYON,,69,,,,,,,,,,,,,,,,,,,,,,,,,,,,,,,,,,,,,,,,,,,,,,,879812766,87981276600027,63.11Z,,,,,,,,,,,sirene,
BASF BEAUTY CARE SOLUTIONS FRANCE SAS,,,a contacter,,,,,,,,,,,,data_etudes,Recherche-developpement en autres sciences physiques et naturelles,LYON,,69,,,,,,,,,,,,,,,,,,,,,,,,,,,,,,,,,,,,,,,,,,,,,,,333802767,33380276700025,72.19Z,,,,,,,,,,,sirene,
BASSETTI DATA PROVIDER,,,a contacter,,,,,,,,,,,,data_etudes,"Traitement de donnees, hebergement et activites connexes",GRENOBLE,,38,,,,,,,,,,,,,,,,,,,,,,,,,,,,,,,,,,,,,,,,,,,,,,,823461017,82346101700027,63.11Z,,,,,,,,,,,sirene,
BASTILLE CYCLES,,,a contacter,,,,,,,,,,,,data_etudes,Recherche-developpement en autres sciences physiques et naturelles,PARIS,,75,,,,,,,,,,,,,,,,,,,,,,,,,,,,,,,,,,,,,,,,,,,,,,,840803100,84080310000014,72.19Z,,,,,,,,,,,sirene,
BC2E SERVICES,,,a contacter,,,,,,,,,,,,data_etudes,"Traitement de donnees, hebergement et activites connexes",VILLEMOMBLE,,93,,,,,,,,,,,,,,,,,,,,,,,,,,,,,,,,,,,,,,,,,,,,,,,482600145,48260014500023,63.11Z,,,,,,,,,,,sirene,
BE BLOCKS FRANCE,,,a contacter,,,,,,,,,,,,data_etudes,"Traitement de donnees, hebergement et activites connexes",PARIS,,75,,,,,,,,,,,,,,,,,,,,,,,,,,,,,,,,,,,,,,,,,,,,,,,850953464,85095346400052,63.11Z,,,,,,,,,,,sirene,
BE INVEST INTERNATIONAL SA,,,a contacter,,,,,,,,,,,,data_etudes,"Traitement de donnees, hebergement et activites connexes",,,,,,,,,,,,,,,,,,,,,,,,,,,,,,,,,,,,,,,,,,,,,,,,,,887735496,88773549600010,63.11Z,,,,,,,,,,,sirene,
BEARSTECH,,,a contacter,,,,,,,,,,,,data_etudes,"Traitement de donnees, hebergement et activites connexes",PARIS,,75,,,,,,,,,,,,,,,,,,,,,,,,,,,,,,,,,,,,,,,,,,,,,,,479227993,47922799300066,63.11Z,,,,,,,,,,,sirene,
BEDROCK,,,a contacter,,,,,,,,,,,,data_etudes,"Traitement de donnees, hebergement et activites connexes",NEUILLY-SUR-SEINE,,92,,,,,,,,,,,,,,,,,,,,,,,,,,,,,,,,,,,,,,,,,,,,,,,493869002,49386900200011,63.11Z,,,,,,,,,,,sirene,
BEEHELP,,,a contacter,,,,,,,,,,,,data_etudes,"Traitement de donnees, hebergement et activites connexes",MONTOIR-DE-BRETAGNE,,44,,,,,,,,,,,,,,,,,,,,,,,,,,,,,,,,,,,,,,,,,,,,,,,888655719,88865571900019,63.11Z,,,,,,,,,,,sirene,
BEEMO TECHNOLOGIE,,,a contacter,,,,,,,,,,,,data_etudes,"Traitement de donnees, hebergement et activites connexes",PEROLS,,34,,,,,,,,,,,,,,,,,,,,,,,,,,,,,,,,,,,,,,,,,,,,,,,444063705,44406370500073,63.11Z,,,,,,,,,,,sirene,
BELACOM,,,a contacter,,,,,,,,,,,,data_etudes,"Traitement de donnees, hebergement et activites connexes",ISSY-LES-MOULINEAUX,,92,,,,,,,,,,,,,,,,,,,,,,,,,,,,,,,,,,,,,,,,,,,,,,,753756717,75375671700041,63.11Z,,,,,,,,,,,sirene,
BENAC,,,a contacter,,,,,,,,,,,,data_etudes,Recherche-developpement en autres sciences physiques et naturelles,PERIGNY,,17,,,,,,,,,,,,,,,,,,,,,,,,,,,,,,,,,,,,,,,,,,,,,,,520849126,52084912600013,72.19Z,,,,,,,,,,,sirene,
BENCHMARK DIGITAL PARTNERS S.A.R.L.,,,a contacter,,,,,,,,,,,,data_etudes,"Traitement de donnees, hebergement et activites connexes",COURBEVOIE,,92,,,,,,,,,,,,,,,,,,,,,,,,,,,,,,,,,,,,,,,,,,,,,,,831349170,83134917000025,63.11Z,,,,,,,,,,,sirene,
BEO HEALTHCARE,,,a contacter,,,,,,,,,,,,data_etudes,"Traitement de donnees, hebergement et activites connexes",ROSNOEN,,29,,,,,,,,,,,,,,,,,,,,,,,,,,,,,,,,,,,,,,,,,,,,,,,881415228,88141522800017,63.11Z,,,,,,,,,,,sirene,
BEONE MEDICINES FRANCE SARL,,,a contacter,,,,,,,,,,,,data_etudes,Recherche-developpement en autres sciences physiques et naturelles,PARIS,,75,,,,,,,,,,,,,,,,,,,,,,,,,,,,,,,,,,,,,,,,,,,,,,,850665829,85066582900030,72.19Z,,,,,,,,,,,sirene,
BERENICE POUR LA VILLE ET LE COMMERCE,,,a contacter,,,,,,,,,,,,data_etudes,Etudes de marche et sondages,PARIS,,75,,,,,,,,,,,,,,,,,,,,,,,,,,,,,,,,,,,,,,,,,,,,,,,349799122,34979912200073,73.20Z,,,,,,,,,,,sirene,
BETON DIRECT,,,a contacter,,,,,,,,,,,,data_etudes,"Traitement de donnees, hebergement et activites connexes",LYON,,69,,,,,,,,,,,,,,,,,,,,,,,,,,,,,,,,,,,,,,,,,,,,,,,813913944,81391394400019,63.11Z,,,,,,,,,,,sirene,
BETTER COLLECTIVE,,,a contacter,,,,,,,,,,,,data_etudes,"Traitement de donnees, hebergement et activites connexes",PARIS,,75,,,,,,,,,,,,,,,,,,,,,,,,,,,,,,,,,,,,,,,,,,,,,,,524179090,52417909000070,63.11Z,,,,,,,,,,,sirene,
BIBLIOONDEMAND,,,a contacter,,,,,,,,,,,,data_etudes,"Traitement de donnees, hebergement et activites connexes",LILLE,,59,,,,,,,,,,,,,,,,,,,,,,,,,,,,,,,,,,,,,,,,,,,,,,,922641188,92264118800011,63.11Z,,,,,,,,,,,sirene,
BILANS SERVICE,,,a contacter,,,,,,,,,,,,data_etudes,"Traitement de donnees, hebergement et activites connexes",COURBEVOIE,,92,,,,,,,,,,,,,,,,,,,,,,,,,,,,,,,,,,,,,,,,,,,,,,,333192631,33319263100062,63.11Z,,,,,,,,,,,sirene,
BINANCE FRANCE SAS,,,a contacter,,,,,,,,,,,,data_etudes,"Traitement de donnees, hebergement et activites connexes",PARIS,,75,,,,,,,,,,,,,,,,,,,,,,,,,,,,,,,,,,,,,,,,,,,,,,,905060109,90506010900022,63.11Z,,,,,,,,,,,sirene,
BIO'SAT,,,a contacter,,,,,,,,,,,,data_etudes,Etudes de marche et sondages,TASSIN-LA-DEMI-LUNE,,69,,,,,,,,,,,,,,,,,,,,,,,,,,,,,,,,,,,,,,,,,,,,,,,393919840,39391984000024,73.20Z,,,,,,,,,,,sirene,
BIO-RAD SERVICES FRANCE,,,a contacter,,,,,,,,,,,,data_etudes,Recherche-developpement en autres sciences physiques et naturelles,MARNES-LA-COQUETTE,,92,,,,,,,,,,,,,,,,,,,,,,,,,,,,,,,,,,,,,,,,,,,,,,,789947306,78994730600013,72.19Z,,,,,,,,,,,sirene,
BIO-SORELIA,,,a contacter,,,,,,,,,,,,data_etudes,Recherche-developpement en autres sciences physiques et naturelles,ILLIERS-COMBRAY,,28,,,,,,,,,,,,,,,,,,,,,,,,,,,,,,,,,,,,,,,,,,,,,,,423907328,42390732800011,72.19Z,,,,,,,,,,,sirene,
BIOCLINICA SAS,,,a contacter,,,,,,,,,,,,data_etudes,"Traitement de donnees, hebergement et activites connexes",LYON,,69,,,,,,,,,,,,,,,,,,,,,,,,,,,,,,,,,,,,,,,,,,,,,,,439429440,43942944000043,63.11Z,,,,,,,,,,,sirene,
BIOCORP PRODUCTION,,,a contacter,,,,,,,,,,,,data_etudes,Recherche-developpement en autres sciences physiques et naturelles,ISSOIRE,,63,,,,,,,,,,,,,,,,,,,,,,,,,,,,,,,,,,,,,,,,,,,,,,,453541054,45354105400012,72.19Z,,,,,,,,,,,sirene,
BIOCYDEX,,,a contacter,,,,,,,,,,,,data_etudes,Recherche-developpement en autres sciences physiques et naturelles,POITIERS,,86,,,,,,,,,,,,,,,,,,,,,,,,,,,,,,,,,,,,,,,,,,,,,,,444620603,44462060300019,72.19Z,,,,,,,,,,,sirene,
BIODOL THERAPEUTICS,,,a contacter,,,,,,,,,,,,data_etudes,Recherche-developpement en autres sciences physiques et naturelles,MONTARNAUD,,34,,,,,,,,,,,,,,,,,,,,,,,,,,,,,,,,,,,,,,,,,,,,,,,813744364,81374436400031,72.19Z,,,,,,,,,,,sirene,
BIOFORTIS,,,a contacter,,,,,,,,,,,,data_etudes,Recherche-developpement en autres sciences physiques et naturelles,ST-HERBLAIN,,44,,,,,,,,,,,,,,,,,,,,,,,,,,,,,,,,,,,,,,,,,,,,,,,440558062,44055806200103,72.19Z,,,,,,,,,,,sirene,
BIOLAB,,,a contacter,,,,,,,,,,,,data_etudes,Recherche-developpement en autres sciences physiques et naturelles,RENNES,,35,,,,,,,,,,,,,,,,,,,,,,,,,,,,,,,,,,,,,,,,,,,,,,,421481706,42148170600016,72.19Z,,,,,,,,,,,sirene,
BIOLAFFORT,,,a contacter,,,,,,,,,,,,data_etudes,Recherche-developpement en autres sciences physiques et naturelles,FLOIRAC,,33,,,,,,,,,,,,,,,,,,,,,,,,,,,,,,,,,,,,,,,,,,,,,,,489063859,48906385900024,72.19Z,,,,,,,,,,,sirene,
BIOLINE AGROSCIENCES FRANCE,,,a contacter,,,,,,,,,,,,data_etudes,Recherche-developpement en autres sciences physiques et naturelles,LIVRON-SUR-DROME,,26,,,,,,,,,,,,,,,,,,,,,,,,,,,,,,,,,,,,,,,,,,,,,,,380792440,38079244000089,72.19Z,,,,,,,,,,,sirene,
BIOLOGIE PROSPECTIVE,,,a contacter,,,,,,,,,,,,data_etudes,Recherche-developpement en autres sciences physiques et naturelles,VILLERS-LES-NANCY,,54,,,,,,,,,,,,,,,,,,,,,,,,,,,,,,,,,,,,,,,,,,,,,,,783336795,78333679500035,72.19Z,,,,,,,,,,,sirene,
BIOMECA,,,a contacter,,,,,,,,,,,,data_etudes,Recherche-developpement en autres sciences physiques et naturelles,LYON,,69,,,,,,,,,,,,,,,,,,,,,,,,,,,,,,,,,,,,,,,,,,,,,,,823966908,82396690800027,72.19Z,,,,,,,,,,,sirene,
BIONUCLEI,,,a contacter,,,,,,,,,,,,data_etudes,Recherche-developpement en autres sciences physiques et naturelles,AIX-EN-PROVENCE,,13,,,,,,,,,,,,,,,,,,,,,,,,,,,,,,,,,,,,,,,,,,,,,,,820650125,82065012500017,72.19Z,,,,,,,,,,,sirene,
BIOPREDICTIVE,,,a contacter,,,,,,,,,,,,data_etudes,Recherche-developpement en autres sciences physiques et naturelles,PARIS,,75,,,,,,,,,,,,,,,,,,,,,,,,,,,,,,,,,,,,,,,,,,,,,,,442349387,44234938700039,72.19Z,,,,,,,,,,,sirene,
BIOPROJET BIOTECH,,,a contacter,,,,,,,,,,,,data_etudes,Recherche-developpement en autres sciences physiques et naturelles,SAINT-GREGOIRE,,35,,,,,,,,,,,,,,,,,,,,,,,,,,,,,,,,,,,,,,,,,,,,,,,438762528,43876252800026,72.19Z,,,,,,,,,,,sirene,
BIOSEB,,,a contacter,,,,,,,,,,,,data_etudes,Recherche-developpement en autres sciences physiques et naturelles,VITROLLES,,13,,,,,,,,,,,,,,,,,,,,,,,,,,,,,,,,,,,,,,,,,,,,,,,528242787,52824278700018,72.19Z,,,,,,,,,,,sirene,
BIOSERENITY MEDICAL DEVICES GROUP,,,a contacter,,,,,,,,,,,,data_etudes,Recherche-developpement en autres sciences physiques et naturelles,PARIS,,75,,,,,,,,,,,,,,,,,,,,,,,,,,,,,,,,,,,,,,,,,,,,,,,980872105,98087210500047,72.19Z,,,,,,,,,,,sirene,
BIOTRIAL PHARMACOLOGY,,,a contacter,,,,,,,,,,,,data_etudes,Recherche-developpement en autres sciences physiques et naturelles,RENNES,,35,,,,,,,,,,,,,,,,,,,,,,,,,,,,,,,,,,,,,,,,,,,,,,,492137500,49213750000020,72.19Z,,,,,,,,,,,sirene,
BIOTRIAL RENNES,,,a contacter,,,,,,,,,,,,data_etudes,Recherche-developpement en autres sciences physiques et naturelles,RENNES,,35,,,,,,,,,,,,,,,,,,,,,,,,,,,,,,,,,,,,,,,,,,,,,,,433388246,43338824600012,72.19Z,,,,,,,,,,,sirene,
BIOTRIAL RESEARCH,,,a contacter,,,,,,,,,,,,data_etudes,Recherche-developpement en autres sciences physiques et naturelles,RENNES,,35,,,,,,,,,,,,,,,,,,,,,,,,,,,,,,,,,,,,,,,,,,,,,,,452304702,45230470200015,72.19Z,,,,,,,,,,,sirene,
BJORN THORSEN,,,a contacter,,,,,,,,,,,,data_etudes,Recherche-developpement en autres sciences physiques et naturelles,SAINT-FONS,,69,,,,,,,,,,,,,,,,,,,,,,,,,,,,,,,,,,,,,,,,,,,,,,,853527968,85352796800012,72.19Z,,,,,,,,,,,sirene,
BLACK TIGER FRANCE,,,a contacter,,,,,,,,,,,,data_etudes,"Traitement de donnees, hebergement et activites connexes",PARIS,,75,,,,,,,,,,,,,,,,,,,,,,,,,,,,,,,,,,,,,,,,,,,,,,,572226975,57222697500140,63.11Z,,,,,,,,,,,sirene,
BLACK VELVET,,,a contacter,,,,,,,,,,,,data_etudes,Etudes de marche et sondages,HAUTS DE BIENNE,,39,,,,,,,,,,,,,,,,,,,,,,,,,,,,,,,,,,,,,,,,,,,,,,,887922169,88792216900016,73.20Z,,,,,,,,,,,sirene,
BLACKLEAF,,,a contacter,,,,,,,,,,,,data_etudes,Recherche-developpement en autres sciences physiques et naturelles,ILLKIRCH-GRAFFENSTADEN,,67,,,,,,,,,,,,,,,,,,,,,,,,,,,,,,,,,,,,,,,,,,,,,,,841909781,84190978100020,72.19Z,,,,,,,,,,,sirene,
BLACKROCK (NETHERLANDS) B.V.,,,a contacter,,,,,,,,,,,,data_etudes,Etudes de marche et sondages,,,,,,,,,,,,,,,,,,,,,,,,,,,,,,,,,,,,,,,,,,,,,,,,,,838188308,83818830800012,73.20Z,,,,,,,,,,,sirene,
BLEASS,,,a contacter,,,,,,,,,,,,data_etudes,"Traitement de donnees, hebergement et activites connexes",TOURCOING,,59,,,,,,,,,,,,,,,,,,,,,,,,,,,,,,,,,,,,,,,,,,,,,,,842272353,84227235300017,63.11Z,,,,,,,,,,,sirene,
BLEU METAL,,,a contacter,,,,,,,,,,,,data_etudes,"Traitement de donnees, hebergement et activites connexes",L'HERMITAGE,,35,,,,,,,,,,,,,,,,,,,,,,,,,,,,,,,,,,,,,,,,,,,,,,,910331859,91033185900017,63.11Z,,,,,,,,,,,sirene,
BLOOMBERG L.P.,,,a contacter,,,,,,,,,,,,data_etudes,"Traitement de donnees, hebergement et activites connexes",,,,,,,,,,,,,,,,,,,,,,,,,,,,,,,,,,,,,,,,,,,,,,,,,,393706239,39370623900018,63.11Z,,,,,,,,,,,sirene,
BLUE B TECHNOLOGIES,,,a contacter,,,,,,,,,,,,data_etudes,Recherche-developpement en autres sciences physiques et naturelles,LIGNY-LE-RIBAULT,,45,,,,,,,,,,,,,,,,,,,,,,,,,,,,,,,,,,,,,,,,,,,,,,,851186841,85118684100017,72.19Z,,,,,,,,,,,sirene,
BLUE CARBON LAB,,,a contacter,,,,,,,,,,,,data_etudes,Recherche-developpement en autres sciences physiques et naturelles,ORMES,,51,,,,,,,,,,,,,,,,,,,,,,,,,,,,,,,,,,,,,,,,,,,,,,,910744853,91074485300011,72.19Z,,,,,,,,,,,sirene,
BLUE ORTHO,,,a contacter,,,,,,,,,,,,data_etudes,Recherche-developpement en autres sciences physiques et naturelles,MEYLAN,,38,,,,,,,,,,,,,,,,,,,,,,,,,,,,,,,,,,,,,,,,,,,,,,,509027702,50902770200059,72.19Z,,,,,,,,,,,sirene,
BLUECONFIG,,,a contacter,,,,,,,,,,,,data_etudes,"Traitement de donnees, hebergement et activites connexes",OGEU-LES-BAINS,,64,,,,,,,,,,,,,,,,,,,,,,,,,,,,,,,,,,,,,,,,,,,,,,,828213371,82821337100028,63.11Z,,,,,,,,,,,sirene,
BLUESCALE,,,a contacter,,,,,,,,,,,,data_etudes,"Traitement de donnees, hebergement et activites connexes",LA GARENNE-COLOMBES,,92,,,,,,,,,,,,,,,,,,,,,,,,,,,,,,,,,,,,,,,,,,,,,,,501976542,50197654200024,63.11Z,,,,,,,,,,,sirene,
BOATON,,,a contacter,,,,,,,,,,,,data_etudes,"Traitement de donnees, hebergement et activites connexes",BORDEAUX,,33,,,,,,,,,,,,,,,,,,,,,,,,,,,,,,,,,,,,,,,,,,,,,,,838874204,83887420400038,63.11Z,,,,,,,,,,,sirene,
BOEING FRANCE SAS,,,a contacter,,,,,,,,,,,,data_etudes,Etudes de marche et sondages,PARIS,,75,,,,,,,,,,,,,,,,,,,,,,,,,,,,,,,,,,,,,,,,,,,,,,,818092132,81809213200021,73.20Z,,,,,,,,,,,sirene,
BOOKBEO,,,a contacter,,,,,,,,,,,,data_etudes,"Traitement de donnees, hebergement et activites connexes",ROSNOEN,,29,,,,,,,,,,,,,,,,,,,,,,,,,,,,,,,,,,,,,,,,,,,,,,,508566916,50856691600013,63.11Z,,,,,,,,,,,sirene,
BORDEAUX COLORECTAL INSTITUTE BCI,,,a contacter,,,,,,,,,,,,data_etudes,Recherche-developpement en autres sciences physiques et naturelles,BORDEAUX,,33,,,,,,,,,,,,,,,,,,,,,,,,,,,,,,,,,,,,,,,,,,,,,,,918653783,91865378300012,72.19Z,,,,,,,,,,,sirene,
BORDELAISE INFORMATIQ PERIPHERIQ TESSI,,,a contacter,,,,,,,,,,,,data_etudes,"Traitement de donnees, hebergement et activites connexes",LE HAILLAN,,33,,,,,,,,,,,,,,,,,,,,,,,,,,,,,,,,,,,,,,,,,,,,,,,342913522,34291352200054,63.11Z,,,,,,,,,,,sirene,
BOTANI BRANDS,,,a contacter,,,,,,,,,,,,data_etudes,Recherche-developpement en autres sciences physiques et naturelles,LE PONTET,,84,,,,,,,,,,,,,,,,,,,,,,,,,,,,,,,,,,,,,,,,,,,,,,,833128283,83312828300011,72.19Z,,,,,,,,,,,sirene,
BOTANICERT,,,a contacter,,,,,,,,,,,,data_etudes,Recherche-developpement en autres sciences physiques et naturelles,GRASSE,,06,,,,,,,,,,,,,,,,,,,,,,,,,,,,,,,,,,,,,,,,,,,,,,,529468134,52946813400026,72.19Z,,,,,,,,,,,sirene,
BRAINTALE,,,a contacter,,,,,,,,,,,,data_etudes,Recherche-developpement en autres sciences physiques et naturelles,STRASBOURG,,67,,,,,,,,,,,,,,,,,,,,,,,,,,,,,,,,,,,,,,,,,,,,,,,840995138,84099513800046,72.19Z,,,,,,,,,,,sirene,
BRIGHTSENS DIAGNOSTICS,,,a contacter,,,,,,,,,,,,data_etudes,Recherche-developpement en autres sciences physiques et naturelles,STRASBOURG,,67,,,,,,,,,,,,,,,,,,,,,,,,,,,,,,,,,,,,,,,,,,,,,,,909184186,90918418600015,72.19Z,,,,,,,,,,,sirene,
BRILLE'HOME,,,a contacter,,,,,,,,,,,,data_etudes,Etudes de marche et sondages,SAINT-BERTHEVIN,,53,,,,,,,,,,,,,,,,,,,,,,,,,,,,,,,,,,,,,,,,,,,,,,,903555860,90355586000019,73.20Z,,,,,,,,,,,sirene,
BUAWEI,,,a contacter,,,,,,,,,,,,data_etudes,"Traitement de donnees, hebergement et activites connexes",SAINT-ANDRE-LEZ-LILLE,,59,,,,,,,,,,,,,,,,,,,,,,,,,,,,,,,,,,,,,,,,,,,,,,,833923600,83392360000013,63.11Z,,,,,,,,,,,sirene,
BUGABOO INTERNATIONAL BV,,,a contacter,,,,,,,,,,,,data_etudes,Etudes de marche et sondages,,,,,,,,,,,,,,,,,,,,,,,,,,,,,,,,,,,,,,,,,,,,,,,,,,501747067,50174706700012,73.20Z,,,,,,,,,,,sirene,
BUREAU COMMUN DE L'INFORMATIQUE,,,a contacter,,,,,,,,,,,,data_etudes,"Traitement de donnees, hebergement et activites connexes",PROVINS,,77,,,,,,,,,,,,,,,,,,,,,,,,,,,,,,,,,,,,,,,,,,,,,,,325338549,32533854900091,63.11Z,,,,,,,,,,,sirene,
BUREAU INFORMATION JEUNESSE LOIR ET CHER,,,a contacter,,,,,,,,,,,,data_etudes,Autres services d'information n.c.a.,BLOIS,,41,,,,,,,,,,,,,,,,,,,,,,,,,,,,,,,,,,,,,,,,,,,,,,,340369222,34036922200021,63.99Z,,,,,,,,,,,sirene,
BUREAU VERITAS LIVING RESOURCES,,,a contacter,,,,,,,,,,,,data_etudes,Recherche-developpement en autres sciences physiques et naturelles,CESSON-SEVIGNE,,35,,,,,,,,,,,,,,,,,,,,,,,,,,,,,,,,,,,,,,,,,,,,,,,382543924,38254392400049,72.19Z,,,,,,,,,,,sirene,
BUROTECH ENGINEERING,,,a contacter,,,,,,,,,,,,data_etudes,Recherche-developpement en autres sciences physiques et naturelles,VEDENE,,84,,,,,,,,,,,,,,,,,,,,,,,,,,,,,,,,,,,,,,,,,,,,,,,845301068,84530106800068,72.19Z,,,,,,,,,,,sirene,
BUSINESS WEB AGENCE,,,a contacter,,,,,,,,,,,,data_etudes,"Traitement de donnees, hebergement et activites connexes",DIJON,,21,,,,,,,,,,,,,,,,,,,,,,,,,,,,,,,,,,,,,,,,,,,,,,,492745708,49274570800023,63.11Z,,,,,,,,,,,sirene,
BVA,,,a contacter,,,,,,,,,,,,data_etudes,Etudes de marche et sondages,BALMA,,31,,,,,,,,,,,,,,,,,,,,,,,,,,,,,,,,,,,,,,,,,,,,,,,883981789,88398178900026,73.20Z,,,,,,,,,,,sirene,
BVA MYSTERY SHOPPING,,,a contacter,,,,,,,,,,,,data_etudes,Etudes de marche et sondages,PARIS,,75,,,,,,,,,,,,,,,,,,,,,,,,,,,,,,,,,,,,,,,,,,,,,,,352639512,35263951200107,73.20Z,,,,,,,,,,,sirene,
BWI FRANCE,,,a contacter,,,,,,,,,,,,data_etudes,Recherche-developpement en autres sciences physiques et naturelles,ROISSY-EN-FRANCE,,95,,,,,,,,,,,,,,,,,,,,,,,,,,,,,,,,,,,,,,,,,,,,,,,514234939,51423493900031,72.19Z,,,,,,,,,,,sirene,
C 2 I GUADELOUPE,,,a contacter,,,,,,,,,,,,data_etudes,"Traitement de donnees, hebergement et activites connexes",BAIE-MAHAULT,,971,,,,,,,,,,,,,,,,,,,,,,,,,,,,,,,,,,,,,,,,,,,,,,,411279961,41127996100048,63.11Z,,,,,,,,,,,sirene,
C-19,,,a contacter,,,,,,,,,,,,data_etudes,Recherche-developpement en autres sciences physiques et naturelles,EVRY-COURCOURONNES,,91,,,,,,,,,,,,,,,,,,,,,,,,,,,,,,,,,,,,,,,,,,,,,,,831190459,83119045900014,72.19Z,,,,,,,,,,,sirene,
C-LIBRE,,,a contacter,,,,,,,,,,,,data_etudes,"Traitement de donnees, hebergement et activites connexes",PESSAC,,33,,,,,,,,,,,,,,,,,,,,,,,,,,,,,,,,,,,,,,,,,,,,,,,483636247,48363624700031,63.11Z,,,,,,,,,,,sirene,
C-TEC CONSTELLIUM TECHNOLOGY CENTER,,,a contacter,,,,,,,,,,,,data_etudes,Recherche-developpement en autres sciences physiques et naturelles,VOREPPE,,38,,,,,,,,,,,,,,,,,,,,,,,,,,,,,,,,,,,,,,,,,,,,,,,348366410,34836641000036,72.19Z,,,,,,,,,,,sirene,
C.E.T.E.V. CTRE EXPERT TECHNIQ ENVIRONNEMENT VEGET,,,a contacter,,,,,,,,,,,,data_etudes,Recherche-developpement en autres sciences physiques et naturelles,MAURENS-SCOPONT,,81,,,,,,,,,,,,,,,,,,,,,,,,,,,,,,,,,,,,,,,,,,,,,,,487916488,48791648800033,72.19Z,,,,,,,,,,,sirene,
C.M.D.L.,,,a contacter,,,,,,,,,,,,data_etudes,Recherche-developpement en autres sciences physiques et naturelles,LE BOURGET-DU-LAC,,73,,,,,,,,,,,,,,,,,,,,,,,,,,,,,,,,,,,,,,,,,,,,,,,510687304,51068730400020,72.19Z,,,,,,,,,,,sirene,
C.R.M.T.,,,a contacter,,,,,,,,,,,,data_etudes,Recherche-developpement en autres sciences physiques et naturelles,DARDILLY,,69,,,,,,,,,,,,,,,,,,,,,,,,,,,,,,,,,,,,,,,,,,,,,,,309276913,30927691300030,72.19Z,,,,,,,,,,,sirene,
CA-NOUVELLES EXPERTISES & OPERATIONS,,,a contacter,,,,,,,,,,,,data_etudes,"Traitement de donnees, hebergement et activites connexes",LIMONEST,,69,,,,,,,,,,,,,,,,,,,,,,,,,,,,,,,,,,,,,,,,,,,,,,,814357091,81435709100044,63.11Z,,,,,,,,,,,sirene,
CAD.O.I. SERVICES,,,a contacter,,,,,,,,,,,,data_etudes,"Traitement de donnees, hebergement et activites connexes",LE PORT,,974,,,,,,,,,,,,,,,,,,,,,,,,,,,,,,,,,,,,,,,,,,,,,,,538881194,53888119400038,63.11Z,,,,,,,,,,,sirene,
CAELIS,,,a contacter,,,,,,,,,,,,data_etudes,"Traitement de donnees, hebergement et activites connexes",FIGEAC,,46,,,,,,,,,,,,,,,,,,,,,,,,,,,,,,,,,,,,,,,,,,,,,,,835272071,83527207100019,63.11Z,,,,,,,,,,,sirene,
CAFD SOLUTIONS,,,a contacter,,,,,,,,,,,,data_etudes,Recherche-developpement en autres sciences physiques et naturelles,PARIS,,75,,,,,,,,,,,,,,,,,,,,,,,,,,,,,,,,,,,,,,,,,,,,,,,829322247,82932224700034,72.19Z,,,,,,,,,,,sirene,
CAILABS,,,a contacter,,,,,,,,,,,,data_etudes,Recherche-developpement en autres sciences physiques et naturelles,RENNES,,35,,,,,,,,,,,,,,,,,,,,,,,,,,,,,,,,,,,,,,,,,,,,,,,793861493,79386149300070,72.19Z,,,,,,,,,,,sirene,
CALCAMO,,,a contacter,,,,,,,,,,,,data_etudes,"Traitement de donnees, hebergement et activites connexes",RENNES,,35,,,,,,,,,,,,,,,,,,,,,,,,,,,,,,,,,,,,,,,,,,,,,,,498723980,49872398000054,63.11Z,,,,,,,,,,,sirene,
CALLDESK,,,a contacter,,,,,,,,,,,,data_etudes,"Traitement de donnees, hebergement et activites connexes",PARIS,,75,,,,,,,,,,,,,,,,,,,,,,,,,,,,,,,,,,,,,,,,,,,,,,,819861436,81986143600031,63.11Z,,,,,,,,,,,sirene,
CALLSON,,,a contacter,,,,,,,,,,,,data_etudes,Etudes de marche et sondages,PARIS,,75,,,,,,,,,,,,,,,,,,,,,,,,,,,,,,,,,,,,,,,,,,,,,,,444704332,44470433200030,73.20Z,,,,,,,,,,,sirene,
CALNEOS,,,a contacter,,,,,,,,,,,,data_etudes,Recherche-developpement en autres sciences physiques et naturelles,CLERMONT-FERRAND,,63,,,,,,,,,,,,,,,,,,,,,,,,,,,,,,,,,,,,,,,,,,,,,,,890978059,89097805900016,72.19Z,,,,,,,,,,,sirene,
CALVAEDI,,,a contacter,,,,,,,,,,,,data_etudes,"Traitement de donnees, hebergement et activites connexes",PARIS,,75,,,,,,,,,,,,,,,,,,,,,,,,,,,,,,,,,,,,,,,,,,,,,,,414307355,41430735500043,63.11Z,,,,,,,,,,,sirene,
CALVAGONE,,,a contacter,,,,,,,,,,,,data_etudes,Recherche-developpement en autres sciences physiques et naturelles,LYON,,69,,,,,,,,,,,,,,,,,,,,,,,,,,,,,,,,,,,,,,,,,,,,,,,489678953,48967895300030,72.19Z,,,,,,,,,,,sirene,
CALYXIA,,,a contacter,,,,,,,,,,,,data_etudes,Recherche-developpement en autres sciences physiques et naturelles,LIMEIL-BREVANNES,,94,,,,,,,,,,,,,,,,,,,,,,,,,,,,,,,,,,,,,,,,,,,,,,,811974724,81197472400049,72.19Z,,,,,,,,,,,sirene,
CAMBIUM MEDIA SOLUTIONS,,,a contacter,,,,,,,,,,,,data_etudes,"Traitement de donnees, hebergement et activites connexes",PARIS,,75,,,,,,,,,,,,,,,,,,,,,,,,,,,,,,,,,,,,,,,,,,,,,,,538094921,53809492100037,63.11Z,,,,,,,,,,,sirene,
CAMP EUROPE SAS,,,a contacter,,,,,,,,,,,,data_etudes,"Traitement de donnees, hebergement et activites connexes",SAINT-DENIS,,93,,,,,,,,,,,,,,,,,,,,,,,,,,,,,,,,,,,,,,,,,,,,,,,440086767,44008676700033,63.11Z,,,,,,,,,,,sirene,
CANCEROPOLE EST,,,a contacter,,,,,,,,,,,,data_etudes,Recherche-developpement en autres sciences physiques et naturelles,STRASBOURG,,67,,,,,,,,,,,,,,,,,,,,,,,,,,,,,,,,,,,,,,,,,,,,,,,482270246,48227024600028,72.19Z,,,,,,,,,,,sirene,
CANCEROPOLE GRAND OUEST,,,a contacter,,,,,,,,,,,,data_etudes,Recherche-developpement en autres sciences physiques et naturelles,NANTES,,44,,,,,,,,,,,,,,,,,,,,,,,,,,,,,,,,,,,,,,,,,,,,,,,130005200,13000520000014,72.19Z,,,,,,,,,,,sirene,
CANCEROPOLE GRAND SUD OUEST,,,a contacter,,,,,,,,,,,,data_etudes,Recherche-developpement en autres sciences physiques et naturelles,TOULOUSE,,31,,,,,,,,,,,,,,,,,,,,,,,,,,,,,,,,,,,,,,,,,,,,,,,130004179,13000417900037,72.19Z,,,,,,,,,,,sirene,
CANCEROPOLE NORD-OUEST,,,a contacter,,,,,,,,,,,,data_etudes,Recherche-developpement en autres sciences physiques et naturelles,LILLE,,59,,,,,,,,,,,,,,,,,,,,,,,,,,,,,,,,,,,,,,,,,,,,,,,130007362,13000736200028,72.19Z,,,,,,,,,,,sirene,
CANCEROPOLE PROVENCE-ALPES-COTE D'AZUR,,,a contacter,,,,,,,,,,,,data_etudes,Recherche-developpement en autres sciences physiques et naturelles,MARSEILLE,,13,,,,,,,,,,,,,,,,,,,,,,,,,,,,,,,,,,,,,,,,,,,,,,,130014681,13001468100014,72.19Z,,,,,,,,,,,sirene,
CANETUD,,,a contacter,,,,,,,,,,,,data_etudes,Etudes de marche et sondages,LE COUDRAY-MONTCEAUX,,91,,,,,,,,,,,,,,,,,,,,,,,,,,,,,,,,,,,,,,,,,,,,,,,511112021,51111202100023,73.20Z,,,,,,,,,,,sirene,
CAP DIGITAL,,,a contacter,,,,,,,,,,,,data_etudes,"Traitement de donnees, hebergement et activites connexes",PARIS,,75,,,,,,,,,,,,,,,,,,,,,,,,,,,,,,,,,,,,,,,,,,,,,,,489749291,48974929100030,63.11Z,,,,,,,,,,,sirene,
CAP TRAITEMENT BANCAIRE,,,a contacter,,,,,,,,,,,,data_etudes,"Traitement de donnees, hebergement et activites connexes",VITROLLES,,13,,,,,,,,,,,,,,,,,,,,,,,,,,,,,,,,,,,,,,,,,,,,,,,451299986,45129998600021,63.11Z,,,,,,,,,,,sirene,
CAPACITES,,,a contacter,,,,,,,,,,,,data_etudes,Recherche-developpement en autres sciences physiques et naturelles,NANTES,,44,,,,,,,,,,,,,,,,,,,,,,,,,,,,,,,,,,,,,,,,,,,,,,,483434247,48343424700019,72.19Z,,,,,,,,,,,sirene,
CAPRION BIOSCIENCES SA,,,a contacter,,,,,,,,,,,,data_etudes,Recherche-developpement en autres sciences physiques et naturelles,,,,,,,,,,,,,,,,,,,,,,,,,,,,,,,,,,,,,,,,,,,,,,,,,,844692764,84469276400013,72.19Z,,,,,,,,,,,sirene,
CAPTURE SOLUTIONS,,,a contacter,,,,,,,,,,,,data_etudes,"Traitement de donnees, hebergement et activites connexes",BAILLY,,78,,,,,,,,,,,,,,,,,,,,,,,,,,,,,,,,,,,,,,,,,,,,,,,881605919,88160591900052,63.11Z,,,,,,,,,,,sirene,
CAR DATA,,,a contacter,,,,,,,,,,,,data_etudes,"Traitement de donnees, hebergement et activites connexes",BOULOGNE-BILLANCOURT,,92,,,,,,,,,,,,,,,,,,,,,,,,,,,,,,,,,,,,,,,,,,,,,,,500942990,50094299000044,63.11Z,,,,,,,,,,,sirene,
CARANX MEDICAL,,,a contacter,,,,,,,,,,,,data_etudes,Recherche-developpement en autres sciences physiques et naturelles,PARIS,,75,,,,,,,,,,,,,,,,,,,,,,,,,,,,,,,,,,,,,,,,,,,,,,,879449965,87944996500042,72.19Z,,,,,,,,,,,sirene,
CARBON WATERS,,,a contacter,,,,,,,,,,,,data_etudes,Recherche-developpement en autres sciences physiques et naturelles,PESSAC,,33,,,,,,,,,,,,,,,,,,,,,,,,,,,,,,,,,,,,,,,,,,,,,,,833714694,83371469400027,72.19Z,,,,,,,,,,,sirene,
CARDIABASE,,,a contacter,,,,,,,,,,,,data_etudes,Recherche-developpement en autres sciences physiques et naturelles,NANCY,,54,,,,,,,,,,,,,,,,,,,,,,,,,,,,,,,,,,,,,,,,,,,,,,,422084996,42208499600053,72.19Z,,,,,,,,,,,sirene,
CARDIAGS,,,a contacter,,,,,,,,,,,,data_etudes,Recherche-developpement en autres sciences physiques et naturelles,LYON,,69,,,,,,,,,,,,,,,,,,,,,,,,,,,,,,,,,,,,,,,,,,,,,,,798465589,79846558900025,72.19Z,,,,,,,,,,,sirene,
CARDIOMEDEX,,,a contacter,,,,,,,,,,,,data_etudes,Recherche-developpement en autres sciences physiques et naturelles,ESCALQUENS,,31,,,,,,,,,,,,,,,,,,,,,,,,,,,,,,,,,,,,,,,,,,,,,,,530466119,53046611900035,72.19Z,,,,,,,,,,,sirene,
CAREMOSIM,,,a contacter,,,,,,,,,,,,data_etudes,Recherche-developpement en autres sciences physiques et naturelles,HOUDEMONT,,54,,,,,,,,,,,,,,,,,,,,,,,,,,,,,,,,,,,,,,,,,,,,,,,888166600,88816660000047,72.19Z,,,,,,,,,,,sirene,
CARIB PAIE,,,a contacter,,,,,,,,,,,,data_etudes,"Traitement de donnees, hebergement et activites connexes",FORT-DE-FRANCE,,972,,,,,,,,,,,,,,,,,,,,,,,,,,,,,,,,,,,,,,,,,,,,,,,889710364,88971036400015,63.11Z,,,,,,,,,,,sirene,
CARIF OREF OCCITANIE,,,a contacter,,,,,,,,,,,,data_etudes,"Traitement de donnees, hebergement et activites connexes",LABEGE,,31,,,,,,,,,,,,,,,,,,,,,,,,,,,,,,,,,,,,,,,,,,,,,,,831213566,83121356600043,63.11Z,,,,,,,,,,,sirene,
CARITEC,,,a contacter,,,,,,,,,,,,data_etudes,"Traitement de donnees, hebergement et activites connexes",LE LAMENTIN,,972,,,,,,,,,,,,,,,,,,,,,,,,,,,,,,,,,,,,,,,,,,,,,,,442505186,44250518600027,63.11Z,,,,,,,,,,,sirene,
CARMAT,,,a contacter,,,,,,,,,,,,data_etudes,Recherche-developpement en autres sciences physiques et naturelles,VELIZY-VILLACOUBLAY,,78,,,,,,,,,,,,,,,,,,,,,,,,,,,,,,,,,,,,,,,,,,,,,,,504937905,50493790500025,72.19Z,,,,,,,,,,,sirene,
CARROUCELL,,,a contacter,,,,,,,,,,,,data_etudes,Recherche-developpement en autres sciences physiques et naturelles,SAINTE-HELENE-DU-LAC,,73,,,,,,,,,,,,,,,,,,,,,,,,,,,,,,,,,,,,,,,,,,,,,,,821179553,82117955300010,72.19Z,,,,,,,,,,,sirene,
CARTHERA,,,a contacter,,,,,,,,,,,,data_etudes,Recherche-developpement en autres sciences physiques et naturelles,LYON,,69,,,,,,,,,,,,,,,,,,,,,,,,,,,,,,,,,,,,,,,,,,,,,,,520004607,52000460700054,72.19Z,,,,,,,,,,,sirene,
CASTLE IT,,,a contacter,,,,,,,,,,,,data_etudes,"Traitement de donnees, hebergement et activites connexes",LARCAY,,37,,,,,,,,,,,,,,,,,,,,,,,,,,,,,,,,,,,,,,,,,,,,,,,818094690,81809469000026,63.11Z,,,,,,,,,,,sirene,
CATDATA,,,a contacter,,,,,,,,,,,,data_etudes,"Traitement de donnees, hebergement et activites connexes",SCHILTIGHEIM,,67,,,,,,,,,,,,,,,,,,,,,,,,,,,,,,,,,,,,,,,,,,,,,,,538877077,53887707700015,63.11Z,,,,,,,,,,,sirene,
CATIE,,,a contacter,,,,,,,,,,,,data_etudes,Recherche-developpement en autres sciences physiques et naturelles,TALENCE,,33,,,,,,,,,,,,,,,,,,,,,,,,,,,,,,,,,,,,,,,,,,,,,,,807548813,80754881300011,72.19Z,,,,,,,,,,,sirene,
CDA,,,a contacter,,,,,,,,,,,,data_etudes,Etudes de marche et sondages,PARIS,,75,,,,,,,,,,,,,,,,,,,,,,,,,,,,,,,,,,,,,,,,,,,,,,,752374678,75237467800031,73.20Z,,,,,,,,,,,sirene,
CEBIPHAR,,,a contacter,,,,,,,,,,,,data_etudes,Recherche-developpement en autres sciences physiques et naturelles,FONDETTES,,37,,,,,,,,,,,,,,,,,,,,,,,,,,,,,,,,,,,,,,,,,,,,,,,315105163,31510516300036,72.19Z,,,,,,,,,,,sirene,
CECIM,,,a contacter,,,,,,,,,,,,data_etudes,Etudes de marche et sondages,LYON,,69,,,,,,,,,,,,,,,,,,,,,,,,,,,,,,,,,,,,,,,,,,,,,,,308706787,30870678700048,73.20Z,,,,,,,,,,,sirene,
CEFEM SOLAR ET INNOVATION,,,a contacter,,,,,,,,,,,,data_etudes,Recherche-developpement en autres sciences physiques et naturelles,SAINT-MICHEL-DE-BOULOGNE,,07,,,,,,,,,,,,,,,,,,,,,,,,,,,,,,,,,,,,,,,,,,,,,,,518168679,51816867900018,72.19Z,,,,,,,,,,,sirene,
CEGEDIM.CLOUD,,,a contacter,,,,,,,,,,,,data_etudes,"Traitement de donnees, hebergement et activites connexes",BOULOGNE-BILLANCOURT,,92,,,,,,,,,,,,,,,,,,,,,,,,,,,,,,,,,,,,,,,,,,,,,,,790173066,79017306600016,63.11Z,,,,,,,,,,,sirene,
CELEONET,,,a contacter,,,,,,,,,,,,data_etudes,"Traitement de donnees, hebergement et activites connexes",CHOISY-LE-ROI,,94,,,,,,,,,,,,,,,,,,,,,,,,,,,,,,,,,,,,,,,,,,,,,,,450734744,45073474400078,63.11Z,,,,,,,,,,,sirene,
CELL ECONOM REGION CONSTR AMENAGEM N PDC,,,a contacter,,,,,,,,,,,,data_etudes,Etudes de marche et sondages,LILLE,,59,,,,,,,,,,,,,,,,,,,,,,,,,,,,,,,,,,,,,,,,,,,,,,,305817207,30581720700049,73.20Z,,,,,,,,,,,sirene,
CELLULE DE SUIVI DU LITTORAL NORMAND,,,a contacter,,,,,,,,,,,,data_etudes,Recherche-developpement en autres sciences physiques et naturelles,LE HAVRE,,76,,,,,,,,,,,,,,,,,,,,,,,,,,,,,,,,,,,,,,,,,,,,,,,339491706,33949170600059,72.19Z,,,,,,,,,,,sirene,
CELLULE ECONOMIQUE DE BRETAGNE,,,a contacter,,,,,,,,,,,,data_etudes,Etudes de marche et sondages,RENNES,,35,,,,,,,,,,,,,,,,,,,,,,,,,,,,,,,,,,,,,,,,,,,,,,,777734021,77773402100010,73.20Z,,,,,,,,,,,sirene,
CELLULE ECONOMIQUE REGIONALE DE LA CONSTRUCTION CENTRE VAL DE LOIRE,,,a contacter,,,,,,,,,,,,data_etudes,Etudes de marche et sondages,ORLEANS,,45,,,,,,,,,,,,,,,,,,,,,,,,,,,,,,,,,,,,,,,,,,,,,,,389410960,38941096000030,73.20Z,,,,,,,,,,,sirene,
CELLULE ECONOMIQUE REGIONALE DE LA CONSTRUCTION DES PAYS DE LA LOIRE,,,a contacter,,,,,,,,,,,,data_etudes,Etudes de marche et sondages,NANTES,,44,,,,,,,,,,,,,,,,,,,,,,,,,,,,,,,,,,,,,,,,,,,,,,,785998832,78599883200048,73.20Z,,,,,,,,,,,sirene,
CELLULE ECONOMIQUE REGIONALE DE LA CONSTRUCTION GRAND EST,,,a contacter,,,,,,,,,,,,data_etudes,Etudes de marche et sondages,METZ,,57,,,,,,,,,,,,,,,,,,,,,,,,,,,,,,,,,,,,,,,,,,,,,,,783345093,78334509300042,73.20Z,,,,,,,,,,,sirene,
CELLVAX,,,a contacter,,,,,,,,,,,,data_etudes,Recherche-developpement en autres sciences physiques et naturelles,VILLEJUIF,,94,,,,,,,,,,,,,,,,,,,,,,,,,,,,,,,,,,,,,,,,,,,,,,,438163511,43816351100076,72.19Z,,,,,,,,,,,sirene,
CEM'IN'EU,,,a contacter,,,,,,,,,,,,data_etudes,Etudes de marche et sondages,SAINT-HERBLAIN,,44,,,,,,,,,,,,,,,,,,,,,,,,,,,,,,,,,,,,,,,,,,,,,,,815064977,81506497700037,73.20Z,,,,,,,,,,,sirene,
CEMKA,,,a contacter,,,,,,,,,,,,data_etudes,Etudes de marche et sondages,BOURG-LA-REINE,,92,,,,,,,,,,,,,,,,,,,,,,,,,,,,,,,,,,,,,,,,,,,,,,,352890412,35289041200039,73.20Z,,,,,,,,,,,sirene,
CEN TECHN TEINTURE NETTOYAGE-IREN,,,a contacter,,,,,,,,,,,,data_etudes,Recherche-developpement en autres sciences physiques et naturelles,ECULLY,,69,,,,,,,,,,,,,,,,,,,,,,,,,,,,,,,,,,,,,,,,,,,,,,,779712108,77971210800025,72.19Z,,,,,,,,,,,sirene,
CENT TECH CANNE ET SUCRE GPE,,,a contacter,,,,,,,,,,,,data_etudes,Recherche-developpement en autres sciences physiques et naturelles,LES ABYMES,,971,,,,,,,,,,,,,,,,,,,,,,,,,,,,,,,,,,,,,,,,,,,,,,,314293317,31429331700017,72.19Z,,,,,,,,,,,sirene,
CENTEON,,,a contacter,,,,,,,,,,,,data_etudes,Recherche-developpement en autres sciences physiques et naturelles,MALAKOFF,,92,,,,,,,,,,,,,,,,,,,,,,,,,,,,,,,,,,,,,,,,,,,,,,,922558515,92255851500016,72.19Z,,,,,,,,,,,sirene,
CENTRALESUPELEC EXED,,,a contacter,,,,,,,,,,,,data_etudes,Recherche-developpement en autres sciences physiques et naturelles,GIF-SUR-YVETTE,,91,,,,,,,,,,,,,,,,,,,,,,,,,,,,,,,,,,,,,,,,,,,,,,,334688348,33468834800070,72.19Z,,,,,,,,,,,sirene,
CENTRALPAY,,,a contacter,,,,,,,,,,,,data_etudes,"Traitement de donnees, hebergement et activites connexes",TOURS,,37,,,,,,,,,,,,,,,,,,,,,,,,,,,,,,,,,,,,,,,,,,,,,,,442441630,44244163000021,63.11Z,,,,,,,,,,,sirene,
CENTRE ANALYSE ET PREVISIONS IMMOBILIERE,,,a contacter,,,,,,,,,,,,data_etudes,Etudes de marche et sondages,PARIS,,75,,,,,,,,,,,,,,,,,,,,,,,,,,,,,,,,,,,,,,,,,,,,,,,390884096,39088409600061,73.20Z,,,,,,,,,,,sirene,
CENTRE D ETUDE ET DE DECOUVERTE DES TORTUES MARINES DE LA REUNION,,,a contacter,,,,,,,,,,,,data_etudes,Recherche-developpement en autres sciences physiques et naturelles,SAINT-LEU,,974,,,,,,,,,,,,,,,,,,,,,,,,,,,,,,,,,,,,,,,,,,,,,,,414891150,41489115000040,72.19Z,,,,,,,,,,,sirene,
CENTRE D'ACCES SECURISE AUX DONNEES,,,a contacter,,,,,,,,,,,,data_etudes,"Traitement de donnees, hebergement et activites connexes",PALAISEAU,,91,,,,,,,,,,,,,,,,,,,,,,,,,,,,,,,,,,,,,,,,,,,,,,,130024573,13002457300011,63.11Z,,,,,,,,,,,sirene,
CENTRE D'ECHANGES INFORMATISES BRANCHE ANTILLES,,,a contacter,,,,,,,,,,,,data_etudes,"Traitement de donnees, hebergement et activites connexes",BAIE-MAHAULT,,971,,,,,,,,,,,,,,,,,,,,,,,,,,,,,,,,,,,,,,,,,,,,,,,390969038,39096903800046,63.11Z,,,,,,,,,,,sirene,
CENTRE DE GESTION INFORMATIQUE,,,a contacter,,,,,,,,,,,,data_etudes,"Traitement de donnees, hebergement et activites connexes",SAINT-DIE-DES-VOSGES,,88,,,,,,,,,,,,,,,,,,,,,,,,,,,,,,,,,,,,,,,,,,,,,,,330884578,33088457800015,63.11Z,,,,,,,,,,,sirene,
CENTRE DE PREVENTION ET GESTION DES DISTRIBUTEURS,,,a contacter,,,,,,,,,,,,data_etudes,"Traitement de donnees, hebergement et activites connexes",ATHIS-MONS,,91,,,,,,,,,,,,,,,,,,,,,,,,,,,,,,,,,,,,,,,,,,,,,,,411545759,41154575900010,63.11Z,,,,,,,,,,,sirene,
CENTRE DE RECHERCHE CLINIQUE PORTES DU SUD,,,a contacter,,,,,,,,,,,,data_etudes,Recherche-developpement en autres sciences physiques et naturelles,VENISSIEUX,,69,,,,,,,,,,,,,,,,,,,,,,,,,,,,,,,,,,,,,,,,,,,,,,,809150030,80915003000017,72.19Z,,,,,,,,,,,sirene,
CENTRE DE RECHERCHE DE L'INSTITUT LYFE,,,a contacter,,,,,,,,,,,,data_etudes,Recherche-developpement en autres sciences physiques et naturelles,ECULLY,,69,,,,,,,,,,,,,,,,,,,,,,,,,,,,,,,,,,,,,,,,,,,,,,,500693957,50069395700010,72.19Z,,,,,,,,,,,sirene,
CENTRE DE RECHERCHE EN NUTRITION HUMAINE OUEST,,,a contacter,,,,,,,,,,,,data_etudes,Recherche-developpement en autres sciences physiques et naturelles,NANTES,,44,,,,,,,,,,,,,,,,,,,,,,,,,,,,,,,,,,,,,,,,,,,,,,,180089518,18008951800013,72.19Z,,,,,,,,,,,sirene,
CENTRE DE RECHERCHE ET DE DEVELOPPEMENT OENOAGRONOMIQUE LABORATOIRE COOPERATIF D'OEUNOLOGIE,,,a contacter,,,,,,,,,,,,data_etudes,Recherche-developpement en autres sciences physiques et naturelles,SUZE-LA-ROUSSE,,26,,,,,,,,,,,,,,,,,,,,,,,,,,,,,,,,,,,,,,,,,,,,,,,310666813,31066681300020,72.19Z,,,,,,,,,,,sirene,
CENTRE DE RECHERCHE ET DEVELOPPEMENT DES ANATIDES DU COURTALET,,,a contacter,,,,,,,,,,,,data_etudes,Recherche-developpement en autres sciences physiques et naturelles,TOULOUSE,,31,,,,,,,,,,,,,,,,,,,,,,,,,,,,,,,,,,,,,,,,,,,,,,,813632247,81363224700025,72.19Z,,,,,,,,,,,sirene,
CENTRE DE RECHERCHES PHYTOTHERAPIQUES,,,a contacter,,,,,,,,,,,,data_etudes,Recherche-developpement en autres sciences physiques et naturelles,CASTANET-TOLOSAN,,31,,,,,,,,,,,,,,,,,,,,,,,,,,,,,,,,,,,,,,,,,,,,,,,324430578,32443057800033,72.19Z,,,,,,,,,,,sirene,
CENTRE ETUDE VALORISATION ALGUES,,,a contacter,,,,,,,,,,,,data_etudes,Recherche-developpement en autres sciences physiques et naturelles,PLEUBIAN,,22,,,,,,,,,,,,,,,,,,,,,,,,,,,,,,,,,,,,,,,,,,,,,,,335037107,33503710700018,72.19Z,,,,,,,,,,,sirene,
CENTRE ETUDES RECHERCHE ANATO HUM,,,a contacter,,,,,,,,,,,,data_etudes,Recherche-developpement en autres sciences physiques et naturelles,ANGERS,,49,,,,,,,,,,,,,,,,,,,,,,,,,,,,,,,,,,,,,,,,,,,,,,,340696111,34069611100012,72.19Z,,,,,,,,,,,sirene,
CENTRE EUROPEEN D'EXCELLENCE EN BIOMIMETISME DE SENLIS,,,a contacter,,,,,,,,,,,,data_etudes,Recherche-developpement en autres sciences physiques et naturelles,SENLIS,,60,,,,,,,,,,,,,,,,,,,,,,,,,,,,,,,,,,,,,,,,,,,,,,,805345915,80534591500013,72.19Z,,,,,,,,,,,sirene,
CENTRE EUROPEEN DE RECHERCHE EN BIOLOGIE ET EN MEDECINE,,,a contacter,,,,,,,,,,,,data_etudes,Recherche-developpement en autres sciences physiques et naturelles,ILLKIRCH-GRAFFENSTADEN,,67,,,,,,,,,,,,,,,,,,,,,,,,,,,,,,,,,,,,,,,,,,,,,,,381112465,38111246500020,72.19Z,,,,,,,,,,,sirene,
CENTRE EUROPEEN DE RECHERCHES ET D'APPLICATIONS GEOLOGIQUES,,,a contacter,,,,,,,,,,,,data_etudes,Recherche-developpement en autres sciences physiques et naturelles,MARTILLAC,,33,,,,,,,,,,,,,,,,,,,,,,,,,,,,,,,,,,,,,,,,,,,,,,,378500581,37850058100061,72.19Z,,,,,,,,,,,sirene,
CENTRE FRANCAIS DU RIZ,,,a contacter,,,,,,,,,,,,data_etudes,Recherche-developpement en autres sciences physiques et naturelles,ARLES,,13,,,,,,,,,,,,,,,,,,,,,,,,,,,,,,,,,,,,,,,,,,,,,,,411077092,41107709200012,72.19Z,,,,,,,,,,,sirene,
CENTRE GENEALOGIQUE DU FINISTERE,,,a contacter,,,,,,,,,,,,data_etudes,"Traitement de donnees, hebergement et activites connexes",BREST,,29,,,,,,,,,,,,,,,,,,,,,,,,,,,,,,,,,,,,,,,,,,,,,,,338556590,33855659000028,63.11Z,,,,,,,,,,,sirene,
CENTRE INFORM DROITS DE LA FEMME,,,a contacter,,,,,,,,,,,,data_etudes,Autres services d'information n.c.a.,BASTIA,,2B,,,,,,,,,,,,,,,,,,,,,,,,,,,,,,,,,,,,,,,,,,,,,,,338069156,33806915600036,63.99Z,,,,,,,,,,,sirene,
CENTRE INFORMATIQUE DE TRAITEMENT,,,a contacter,,,,,,,,,,,,data_etudes,"Traitement de donnees, hebergement et activites connexes",LA SEYNE-SUR-MER,,83,,,,,,,,,,,,,,,,,,,,,,,,,,,,,,,,,,,,,,,,,,,,,,,323378851,32337885100063,63.11Z,,,,,,,,,,,sirene,
CENTRE INFORMATIQUE ET D'APPLICATIONS NUMERIQUES NORMANDIE,,,a contacter,,,,,,,,,,,,data_etudes,Recherche-developpement en autres sciences physiques et naturelles,SAINT-ETIENNE-DU-ROUVRAY,,76,,,,,,,,,,,,,,,,,,,,,,,,,,,,,,,,,,,,,,,,,,,,,,,383599990,38359999000025,72.19Z,,,,,,,,,,,sirene,
CENTRE INFORMATIQUE ET DE GESTION,,,a contacter,,,,,,,,,,,,data_etudes,"Traitement de donnees, hebergement et activites connexes",SAINT-LOUIS,,68,,,,,,,,,,,,,,,,,,,,,,,,,,,,,,,,,,,,,,,,,,,,,,,328860986,32886098600012,63.11Z,,,,,,,,,,,sirene,
CENTRE INTERNATIONNAL DE RECHERCHE AUX FRONTIERES DE LA CHIMIE,,,a contacter,,,,,,,,,,,,data_etudes,Recherche-developpement en autres sciences physiques et naturelles,STRASBOURG,,67,,,,,,,,,,,,,,,,,,,,,,,,,,,,,,,,,,,,,,,,,,,,,,,499246601,49924660100011,72.19Z,,,,,,,,,,,sirene,
CENTRE JOLIOT CURIE GCS PUBLIC PRIVE DU LITTORAL,,,a contacter,,,,,,,,,,,,data_etudes,Recherche-developpement en autres sciences physiques et naturelles,SAINT-MARTIN-BOULOGNE,,62,,,,,,,,,,,,,,,,,,,,,,,,,,,,,,,,,,,,,,,,,,,,,,,751183757,75118375700010,72.19Z,,,,,,,,,,,sirene,
CENTRE NATIONAL D'EVALUATION DE PHOTOPROTECTION,,,a contacter,,,,,,,,,,,,data_etudes,Recherche-developpement en autres sciences physiques et naturelles,AUBIERE,,63,,,,,,,,,,,,,,,,,,,,,,,,,,,,,,,,,,,,,,,,,,,,,,,341151728,34115172800027,72.19Z,,,,,,,,,,,sirene,
CENTRE RECHERCHE ECOSYSTEMES ALTITUDE,,,a contacter,,,,,,,,,,,,data_etudes,Recherche-developpement en autres sciences physiques et naturelles,CHAMONIX-MONT-BLANC,,74,,,,,,,,,,,,,,,,,,,,,,,,,,,,,,,,,,,,,,,,,,,,,,,410162663,41016266300026,72.19Z,,,,,,,,,,,sirene,
CENTRE REGIONAL ETUDE BIOLOGIQUE SOCIALE,,,a contacter,,,,,,,,,,,,data_etudes,Recherche-developpement en autres sciences physiques et naturelles,CESSON-SEVIGNE,,35,,,,,,,,,,,,,,,,,,,,,,,,,,,,,,,,,,,,,,,,,,,,,,,305937591,30593759100041,72.19Z,,,,,,,,,,,sirene,
CENTRE REGIONAL INFORMATION JEUNESSE,,,a contacter,,,,,,,,,,,,data_etudes,Autres services d'information n.c.a.,ORLEANS,,45,,,,,,,,,,,,,,,,,,,,,,,,,,,,,,,,,,,,,,,,,,,,,,,354082364,35408236400036,63.99Z,,,,,,,,,,,sirene,
CENTRE TECHNIQ INTERPROF FRUITS LEGUMES,,,a contacter,,,,,,,,,,,,data_etudes,Recherche-developpement en autres sciences physiques et naturelles,PARIS,,75,,,,,,,,,,,,,,,,,,,,,,,,,,,,,,,,,,,,,,,,,,,,,,,775675796,77567579600459,72.19Z,,,,,,,,,,,sirene,
CENTRE TECHNIQUE DE LA CANNE A SUCRE,,,a contacter,,,,,,,,,,,,data_etudes,Recherche-developpement en autres sciences physiques et naturelles,LE LAMENTIN,,972,,,,,,,,,,,,,,,,,,,,,,,,,,,,,,,,,,,,,,,,,,,,,,,316113067,31611306700011,72.19Z,,,,,,,,,,,sirene,
CENTRE TECHNIQUE DE MATERIAUX NATURELS DE CONSTRUCTION,,,a contacter,,,,,,,,,,,,data_etudes,Recherche-developpement en autres sciences physiques et naturelles,PARIS,,75,,,,,,,,,,,,,,,,,,,,,,,,,,,,,,,,,,,,,,,,,,,,,,,775697196,77569719600035,72.19Z,,,,,,,,,,,sirene,
CENTRE TECHNIQUE DU PAPIER,,,a contacter,,,,,,,,,,,,data_etudes,Recherche-developpement en autres sciences physiques et naturelles,GIERES,,38,,,,,,,,,,,,,,,,,,,,,,,,,,,,,,,,,,,,,,,,,,,,,,,775594815,77559481500018,72.19Z,,,,,,,,,,,sirene,
CENTRE TECHNOLOGIQUE NOUVELLE-AQUITAINE COMPOSITES & MATERIAUX AVANCES,,,a contacter,,,,,,,,,,,,data_etudes,Recherche-developpement en autres sciences physiques et naturelles,PESSAC,,33,,,,,,,,,,,,,,,,,,,,,,,,,,,,,,,,,,,,,,,,,,,,,,,775586340,77558634000090,72.19Z,,,,,,,,,,,sirene,
CEP INNOVATION,,,a contacter,,,,,,,,,,,,data_etudes,Recherche-developpement en autres sciences physiques et naturelles,LYON,,69,,,,,,,,,,,,,,,,,,,,,,,,,,,,,,,,,,,,,,,,,,,,,,,433101276,43310127600023,72.19Z,,,,,,,,,,,sirene,
CEPHALGO,,,a contacter,,,,,,,,,,,,data_etudes,Recherche-developpement en autres sciences physiques et naturelles,STRASBOURG,,67,,,,,,,,,,,,,,,,,,,,,,,,,,,,,,,,,,,,,,,,,,,,,,,904447323,90444732300018,72.19Z,,,,,,,,,,,sirene,
CERFACS (CENTRE EUROPEEN DE RECHERCHE ET DE FORMATION AVANCEE EN CALCUL SCIENTIFIQUE),,,a contacter,,,,,,,,,,,,data_etudes,Recherche-developpement en autres sciences physiques et naturelles,TOULOUSE,,31,,,,,,,,,,,,,,,,,,,,,,,,,,,,,,,,,,,,,,,,,,,,,,,407875434,40787543400018,72.19Z,,,,,,,,,,,sirene,
CERIB,,,a contacter,,,,,,,,,,,,data_etudes,Recherche-developpement en autres sciences physiques et naturelles,EPERNON,,28,,,,,,,,,,,,,,,,,,,,,,,,,,,,,,,,,,,,,,,,,,,,,,,775682784,77568278400027,72.19Z,,,,,,,,,,,sirene,
CERIB GRAND OUEST,,,a contacter,,,,,,,,,,,,data_etudes,Recherche-developpement en autres sciences physiques et naturelles,CESSON-SEVIGNE,,35,,,,,,,,,,,,,,,,,,,,,,,,,,,,,,,,,,,,,,,,,,,,,,,844928457,84492845700010,72.19Z,,,,,,,,,,,sirene,
CERTIS THERAPEUTICS,,,a contacter,,,,,,,,,,,,data_etudes,Recherche-developpement en autres sciences physiques et naturelles,PESSAC,,33,,,,,,,,,,,,,,,,,,,,,,,,,,,,,,,,,,,,,,,,,,,,,,,877808840,87780884000020,72.19Z,,,,,,,,,,,sirene,
CERTISOLIS TC,,,a contacter,,,,,,,,,,,,data_etudes,Recherche-developpement en autres sciences physiques et naturelles,LE BOURGET-DU-LAC,,73,,,,,,,,,,,,,,,,,,,,,,,,,,,,,,,,,,,,,,,,,,,,,,,517720470,51772047000015,72.19Z,,,,,,,,,,,sirene,
CERUR,,,a contacter,,,,,,,,,,,,data_etudes,Etudes de marche et sondages,RENNES,,35,,,,,,,,,,,,,,,,,,,,,,,,,,,,,,,,,,,,,,,,,,,,,,,821432416,82143241600013,73.20Z,,,,,,,,,,,sirene,
CETIP,,,a contacter,,,,,,,,,,,,data_etudes,"Traitement de donnees, hebergement et activites connexes",BOULOGNE-BILLANCOURT,,92,,,,,,,,,,,,,,,,,,,,,,,,,,,,,,,,,,,,,,,,,,,,,,,410489165,41048916500051,63.11Z,,,,,,,,,,,sirene,
CEV GROUP,,,a contacter,,,,,,,,,,,,data_etudes,"Traitement de donnees, hebergement et activites connexes",SAINT-LO,,50,,,,,,,,,,,,,,,,,,,,,,,,,,,,,,,,,,,,,,,,,,,,,,,391479201,39147920100082,63.11Z,,,,,,,,,,,sirene,
CF SERVICES,,,a contacter,,,,,,,,,,,,data_etudes,"Traitement de donnees, hebergement et activites connexes",COMPIEGNE,,60,,,,,,,,,,,,,,,,,,,,,,,,,,,,,,,,,,,,,,,,,,,,,,,799632435,79963243500019,63.11Z,,,,,,,,,,,sirene,
CFAIE-G,,,a contacter,,,,,,,,,,,,data_etudes,"Traitement de donnees, hebergement et activites connexes",BAIE-MAHAULT,,971,,,,,,,,,,,,,,,,,,,,,,,,,,,,,,,,,,,,,,,,,,,,,,,824071237,82407123700013,63.11Z,,,,,,,,,,,sirene,
CFI SERVICES,,,a contacter,,,,,,,,,,,,data_etudes,"Traitement de donnees, hebergement et activites connexes",LISSES,,91,,,,,,,,,,,,,,,,,,,,,,,,,,,,,,,,,,,,,,,,,,,,,,,494242522,49424252200014,63.11Z,,,,,,,,,,,sirene,
CG DATA ANALYSE,,,a contacter,,,,,,,,,,,,data_etudes,"Traitement de donnees, hebergement et activites connexes",RAMBOUILLET,,78,,,,,,,,,,,,,,,,,,,,,,,,,,,,,,,,,,,,,,,,,,,,,,,750440992,75044099200048,63.11Z,,,,,,,,,,,sirene,
CHALLENGE,,,a contacter,,,,,,,,,,,,data_etudes,"Traitement de donnees, hebergement et activites connexes",SAINT-HERBLAIN,,44,,,,,,,,,,,,,,,,,,,,,,,,,,,,,,,,,,,,,,,,,,,,,,,388988446,38898844600083,63.11Z,,,,,,,,,,,sirene,
CHAM,,,a contacter,,,,,,,,,,,,data_etudes,"Traitement de donnees, hebergement et activites connexes",CHAMONIX-MONT-BLANC,,74,,,,,,,,,,,,,,,,,,,,,,,,,,,,,,,,,,,,,,,,,,,,,,,424235018,42423501800035,63.11Z,,,,,,,,,,,sirene,
CHAMP'S,,,a contacter,,,,,,,,,,,,data_etudes,"Traitement de donnees, hebergement et activites connexes",NOISY-LE-ROI,,78,,,,,,,,,,,,,,,,,,,,,,,,,,,,,,,,,,,,,,,,,,,,,,,910904754,91090475400017,63.11Z,,,,,,,,,,,sirene,
CHANDLER KBS,,,a contacter,,,,,,,,,,,,data_etudes,Etudes de marche et sondages,,,,,,,,,,,,,,,,,,,,,,,,,,,,,,,,,,,,,,,,,,,,,,,,,,500973847,50097384700014,73.20Z,,,,,,,,,,,sirene,
CHANNEL FACTORY NORDICS,,,a contacter,,,,,,,,,,,,data_etudes,"Traitement de donnees, hebergement et activites connexes",,,,,,,,,,,,,,,,,,,,,,,,,,,,,,,,,,,,,,,,,,,,,,,,,,885005603,88500560300018,63.11Z,,,,,,,,,,,sirene,
CHARENTES SERVICES INFORMATIQUES,,,a contacter,,,,,,,,,,,,data_etudes,"Traitement de donnees, hebergement et activites connexes",ANGOULEME,,16,,,,,,,,,,,,,,,,,,,,,,,,,,,,,,,,,,,,,,,,,,,,,,,338571847,33857184700031,63.11Z,,,,,,,,,,,sirene,
CHARLES RIVER LABORATORIES EVREUX,,,a contacter,,,,,,,,,,,,data_etudes,Recherche-developpement en autres sciences physiques et naturelles,MISEREY,,27,,,,,,,,,,,,,,,,,,,,,,,,,,,,,,,,,,,,,,,,,,,,,,,788060465,78806046500010,72.19Z,,,,,,,,,,,sirene,
CHARLES RIVER LABORATORIES SAINT-NAZAIRE,,,a contacter,,,,,,,,,,,,data_etudes,Recherche-developpement en autres sciences physiques et naturelles,MISEREY,,27,,,,,,,,,,,,,,,,,,,,,,,,,,,,,,,,,,,,,,,,,,,,,,,487679110,48767911000022,72.19Z,,,,,,,,,,,sirene,
CHD EXPERT FRANCE,,,a contacter,,,,,,,,,,,,data_etudes,Etudes de marche et sondages,VILLEURBANNE,,69,,,,,,,,,,,,,,,,,,,,,,,,,,,,,,,,,,,,,,,,,,,,,,,434300190,43430019000031,73.20Z,,,,,,,,,,,sirene,
CHD EXPERT GROUP,,,a contacter,,,,,,,,,,,,data_etudes,"Traitement de donnees, hebergement et activites connexes",PARIS,,75,,,,,,,,,,,,,,,,,,,,,,,,,,,,,,,,,,,,,,,,,,,,,,,504747965,50474796500045,63.11Z,,,,,,,,,,,sirene,
CHECK IT OUT,,,a contacter,,,,,,,,,,,,data_etudes,"Traitement de donnees, hebergement et activites connexes",PARIS,,75,,,,,,,,,,,,,,,,,,,,,,,,,,,,,,,,,,,,,,,,,,,,,,,824878524,82487852400027,63.11Z,,,,,,,,,,,sirene,
CHESTNUT,,,a contacter,,,,,,,,,,,,data_etudes,Recherche-developpement en autres sciences physiques et naturelles,VALENCE,,26,,,,,,,,,,,,,,,,,,,,,,,,,,,,,,,,,,,,,,,,,,,,,,,884709510,88470951000017,72.19Z,,,,,,,,,,,sirene,
CHIRAL TECHNOLOGIES EUROPE,,,a contacter,,,,,,,,,,,,data_etudes,Recherche-developpement en autres sciences physiques et naturelles,ILLKIRCH-GRAFFENSTADEN,,67,,,,,,,,,,,,,,,,,,,,,,,,,,,,,,,,,,,,,,,,,,,,,,,402499081,40249908100022,72.19Z,,,,,,,,,,,sirene,
CHOREOGRAPH,,,a contacter,,,,,,,,,,,,data_etudes,"Traitement de donnees, hebergement et activites connexes",LILLE,,59,,,,,,,,,,,,,,,,,,,,,,,,,,,,,,,,,,,,,,,,,,,,,,,489496331,48949633100062,63.11Z,,,,,,,,,,,sirene,
CHOUETTEIMMO,,,a contacter,,,,,,,,,,,,data_etudes,"Traitement de donnees, hebergement et activites connexes",COURBEVOIE,,92,,,,,,,,,,,,,,,,,,,,,,,,,,,,,,,,,,,,,,,,,,,,,,,818383622,81838362200011,63.11Z,,,,,,,,,,,sirene,
CHRISTIAN MARTIN,,,a contacter,,,,,,,,,,,,data_etudes,Etudes de marche et sondages,NEMOURS,,77,,,,,,,,,,,,,,,,,,,,,,,,,,,,,,,,,,,,,,,,,,,,,,,338754757,33875475700072,73.20Z,,,,,,,,,,,sirene,
CHRONOLIFE,,,a contacter,,,,,,,,,,,,data_etudes,Recherche-developpement en autres sciences physiques et naturelles,PARIS 12,,75,,,,,,,,,,,,,,,,,,,,,,,,,,,,,,,,,,,,,,,,,,,,,,,814816369,81481636900015,72.19Z,,,,,,,,,,,sirene,
CIEME INFORMATIQUE,,,a contacter,,,,,,,,,,,,data_etudes,"Traitement de donnees, hebergement et activites connexes",PARIS,,75,,,,,,,,,,,,,,,,,,,,,,,,,,,,,,,,,,,,,,,,,,,,,,,380826073,38082607300062,63.11Z,,,,,,,,,,,sirene,
CIFEA LAB,,,a contacter,,,,,,,,,,,,data_etudes,"Traitement de donnees, hebergement et activites connexes",ENTRELACS,,73,,,,,,,,,,,,,,,,,,,,,,,,,,,,,,,,,,,,,,,,,,,,,,,978800142,97880014200017,63.11Z,,,,,,,,,,,sirene,
CINT FRANCE,,,a contacter,,,,,,,,,,,,data_etudes,Etudes de marche et sondages,PARIS,,75,,,,,,,,,,,,,,,,,,,,,,,,,,,,,,,,,,,,,,,,,,,,,,,529209330,52920933000040,73.20Z,,,,,,,,,,,sirene,
CIRCANA SCS,,,a contacter,,,,,,,,,,,,data_etudes,Etudes de marche et sondages,COURBEVOIE,,92,,,,,,,,,,,,,,,,,,,,,,,,,,,,,,,,,,,,,,,,,,,,,,,353296445,35329644500037,73.20Z,,,,,,,,,,,sirene,
CISION,,,a contacter,,,,,,,,,,,,data_etudes,"Traitement de donnees, hebergement et activites connexes",SAINT-DENIS,,93,,,,,,,,,,,,,,,,,,,,,,,,,,,,,,,,,,,,,,,,,,,,,,,582062824,58206282400062,63.11Z,,,,,,,,,,,sirene,
CISTEO MEDICAL,,,a contacter,,,,,,,,,,,,data_etudes,Recherche-developpement en autres sciences physiques et naturelles,BESANCON,,25,,,,,,,,,,,,,,,,,,,,,,,,,,,,,,,,,,,,,,,,,,,,,,,523617686,52361768600028,72.19Z,,,,,,,,,,,sirene,
CITNOW VIDEO FRANCE SARL,,,a contacter,,,,,,,,,,,,data_etudes,"Traitement de donnees, hebergement et activites connexes",PUTEAUX,,92,,,,,,,,,,,,,,,,,,,,,,,,,,,,,,,,,,,,,,,,,,,,,,,820916922,82091692200033,63.11Z,,,,,,,,,,,sirene,
CITY PRESSE,,,a contacter,,,,,,,,,,,,data_etudes,Autres services d'information n.c.a.,AUBAGNE,,13,,,,,,,,,,,,,,,,,,,,,,,,,,,,,,,,,,,,,,,,,,,,,,,519756936,51975693600018,63.99Z,,,,,,,,,,,sirene,
CITYCABLE,,,a contacter,,,,,,,,,,,,data_etudes,"Traitement de donnees, hebergement et activites connexes",SAVIGNY-LE-TEMPLE,,77,,,,,,,,,,,,,,,,,,,,,,,,,,,,,,,,,,,,,,,,,,,,,,,891986846,89198684600014,63.11Z,,,,,,,,,,,sirene,
CLARA,,,a contacter,,,,,,,,,,,,data_etudes,"Traitement de donnees, hebergement et activites connexes",CAEN,,14,,,,,,,,,,,,,,,,,,,,,,,,,,,,,,,,,,,,,,,,,,,,,,,441631272,44163127200065,63.11Z,,,,,,,,,,,sirene,
CLARIVATE ANALYTICS (COMPUMARK),,,a contacter,,,,,,,,,,,,data_etudes,"Traitement de donnees, hebergement et activites connexes",PARIS,,75,,,,,,,,,,,,,,,,,,,,,,,,,,,,,,,,,,,,,,,,,,,,,,,822343059,82234305900041,63.11Z,,,,,,,,,,,sirene,
CLERMONT AUVERGNE INNOVATION,,,a contacter,,,,,,,,,,,,data_etudes,Recherche-developpement en autres sciences physiques et naturelles,CLERMONT-FERRAND,,63,,,,,,,,,,,,,,,,,,,,,,,,,,,,,,,,,,,,,,,,,,,,,,,793372525,79337252500014,72.19Z,,,,,,,,,,,sirene,
CLES THEMIS,,,a contacter,,,,,,,,,,,,data_etudes,"Traitement de donnees, hebergement et activites connexes",TOULOUSE,,31,,,,,,,,,,,,,,,,,,,,,,,,,,,,,,,,,,,,,,,,,,,,,,,892655614,89265561400014,63.11Z,,,,,,,,,,,sirene,
CLEVER CLOUD,,,a contacter,,,,,,,,,,,,data_etudes,"Traitement de donnees, hebergement et activites connexes",NANTES,,44,,,,,,,,,,,,,,,,,,,,,,,,,,,,,,,,,,,,,,,,,,,,,,,524172699,52417269900034,63.11Z,,,,,,,,,,,sirene,
CLHYNN,,,a contacter,,,,,,,,,,,,data_etudes,Recherche-developpement en autres sciences physiques et naturelles,BESANCON,,25,,,,,,,,,,,,,,,,,,,,,,,,,,,,,,,,,,,,,,,,,,,,,,,911543700,91154370000015,72.19Z,,,,,,,,,,,sirene,
CLIC'ISSIMO,,,a contacter,,,,,,,,,,,,data_etudes,"Traitement de donnees, hebergement et activites connexes",GRENOBLE,,38,,,,,,,,,,,,,,,,,,,,,,,,,,,,,,,,,,,,,,,,,,,,,,,810506055,81050605500039,63.11Z,,,,,,,,,,,sirene,
CLICFACE,,,a contacter,,,,,,,,,,,,data_etudes,"Traitement de donnees, hebergement et activites connexes",SCEAUX,,92,,,,,,,,,,,,,,,,,,,,,,,,,,,,,,,,,,,,,,,,,,,,,,,751284225,75128422500032,63.11Z,,,,,,,,,,,sirene,
CLIM8,,,a contacter,,,,,,,,,,,,data_etudes,Recherche-developpement en autres sciences physiques et naturelles,LIMONEST,,69,,,,,,,,,,,,,,,,,,,,,,,,,,,,,,,,,,,,,,,,,,,,,,,818348500,81834850000047,72.19Z,,,,,,,,,,,sirene,
CLINICOG,,,a contacter,,,,,,,,,,,,data_etudes,Recherche-developpement en autres sciences physiques et naturelles,NANCY,,54,,,,,,,,,,,,,,,,,,,,,,,,,,,,,,,,,,,,,,,,,,,,,,,852024850,85202485000012,72.19Z,,,,,,,,,,,sirene,
CLINSEARCH,,,a contacter,,,,,,,,,,,,data_etudes,Recherche-developpement en autres sciences physiques et naturelles,MALAKOFF,,92,,,,,,,,,,,,,,,,,,,,,,,,,,,,,,,,,,,,,,,,,,,,,,,422455386,42245538600025,72.19Z,,,,,,,,,,,sirene,
CLOUD FACTORY BUSINESS SERVICES,,,a contacter,,,,,,,,,,,,data_etudes,"Traitement de donnees, hebergement et activites connexes",TIGERY,,91,,,,,,,,,,,,,,,,,,,,,,,,,,,,,,,,,,,,,,,,,,,,,,,400767786,40076778600314,63.11Z,,,,,,,,,,,sirene,
CLOUD TEMPLE,,,a contacter,,,,,,,,,,,,data_etudes,"Traitement de donnees, hebergement et activites connexes",PUTEAUX,,92,,,,,,,,,,,,,,,,,,,,,,,,,,,,,,,,,,,,,,,,,,,,,,,825400336,82540033600095,63.11Z,,,,,,,,,,,sirene,
CLOUDFLARE FRANCE SAS,,,a contacter,,,,,,,,,,,,data_etudes,"Traitement de donnees, hebergement et activites connexes",PARIS,,75,,,,,,,,,,,,,,,,,,,,,,,,,,,,,,,,,,,,,,,,,,,,,,,883044646,88304464600015,63.11Z,,,,,,,,,,,sirene,
CLOUDHQ FRANCE,,,a contacter,,,,,,,,,,,,data_etudes,"Traitement de donnees, hebergement et activites connexes",PARIS,,75,,,,,,,,,,,,,,,,,,,,,,,,,,,,,,,,,,,,,,,,,,,,,,,853843738,85384373800016,63.11Z,,,,,,,,,,,sirene,
CLUSTER IMAGE INNOVATION ET NUMERIQUE GRAND EST,,,a contacter,,,,,,,,,,,,data_etudes,Autres services d'information n.c.a.,EPINAL,,88,,,,,,,,,,,,,,,,,,,,,,,,,,,,,,,,,,,,,,,,,,,,,,,808588198,80858819800016,63.99Z,,,,,,,,,,,sirene,
CNS INSTITUT,,,a contacter,,,,,,,,,,,,data_etudes,Etudes de marche et sondages,PARIS,,75,,,,,,,,,,,,,,,,,,,,,,,,,,,,,,,,,,,,,,,,,,,,,,,501395263,50139526300038,73.20Z,,,,,,,,,,,sirene,
CNTP - DOCAPOSTE - BPO,,,a contacter,,,,,,,,,,,,data_etudes,"Traitement de donnees, hebergement et activites connexes",IVRY-SUR-SEINE,,94,,,,,,,,,,,,,,,,,,,,,,,,,,,,,,,,,,,,,,,,,,,,,,,340967546,34096754600151,63.11Z,,,,,,,,,,,sirene,
COAXIS ASP,,,a contacter,,,,,,,,,,,,data_etudes,"Traitement de donnees, hebergement et activites connexes",FAUGUEROLLES,,47,,,,,,,,,,,,,,,,,,,,,,,,,,,,,,,,,,,,,,,,,,,,,,,432577898,43257789800039,63.11Z,,,,,,,,,,,sirene,
COAXIS HOSTING,,,a contacter,,,,,,,,,,,,data_etudes,"Traitement de donnees, hebergement et activites connexes",FAUGUEROLLES,,47,,,,,,,,,,,,,,,,,,,,,,,,,,,,,,,,,,,,,,,,,,,,,,,401152962,40115296200049,63.11Z,,,,,,,,,,,sirene,
COCEDAL,,,a contacter,,,,,,,,,,,,data_etudes,Etudes de marche et sondages,PARIS,,75,,,,,,,,,,,,,,,,,,,,,,,,,,,,,,,,,,,,,,,,,,,,,,,389133372,38913337200034,73.20Z,,,,,,,,,,,sirene,
COCOLIS,,,a contacter,,,,,,,,,,,,data_etudes,"Traitement de donnees, hebergement et activites connexes",DIJON,,21,,,,,,,,,,,,,,,,,,,,,,,,,,,,,,,,,,,,,,,,,,,,,,,813144797,81314479700046,63.11Z,,,,,,,,,,,sirene,
CODEUR,,,a contacter,,,,,,,,,,,,data_etudes,"Traitement de donnees, hebergement et activites connexes",LA ROCHE-SUR-FORON,,74,,,,,,,,,,,,,,,,,,,,,,,,,,,,,,,,,,,,,,,,,,,,,,,493505887,49350588700080,63.11Z,,,,,,,,,,,sirene,
COFIDOC,,,a contacter,,,,,,,,,,,,data_etudes,"Traitement de donnees, hebergement et activites connexes",LABEGE,,31,,,,,,,,,,,,,,,,,,,,,,,,,,,,,,,,,,,,,,,,,,,,,,,419616255,41961625500271,63.11Z,,,,,,,,,,,sirene,
COFIDOC CARAIBES,,,a contacter,,,,,,,,,,,,data_etudes,"Traitement de donnees, hebergement et activites connexes",FORT-DE-FRANCE,,972,,,,,,,,,,,,,,,,,,,,,,,,,,,,,,,,,,,,,,,,,,,,,,,478633894,47863389400082,63.11Z,,,,,,,,,,,sirene,
COFIDOC TECH,,,a contacter,,,,,,,,,,,,data_etudes,"Traitement de donnees, hebergement et activites connexes",TOULOUSE,,31,,,,,,,,,,,,,,,,,,,,,,,,,,,,,,,,,,,,,,,,,,,,,,,478316276,47831627600052,63.11Z,,,,,,,,,,,sirene,
COGI,,,a contacter,,,,,,,,,,,,data_etudes,"Traitement de donnees, hebergement et activites connexes",BOISSY-SAINT-LEGER,,94,,,,,,,,,,,,,,,,,,,,,,,,,,,,,,,,,,,,,,,,,,,,,,,337733299,33773329900081,63.11Z,,,,,,,,,,,sirene,
COGIE,,,a contacter,,,,,,,,,,,,data_etudes,"Traitement de donnees, hebergement et activites connexes",PARIS,,75,,,,,,,,,,,,,,,,,,,,,,,,,,,,,,,,,,,,,,,,,,,,,,,340574771,34057477100010,63.11Z,,,,,,,,,,,sirene,
COLAS DIGITAL SOLUTIONS,,,a contacter,,,,,,,,,,,,data_etudes,"Traitement de donnees, hebergement et activites connexes",VELIZY-VILLACOUBLAY,,78,,,,,,,,,,,,,,,,,,,,,,,,,,,,,,,,,,,,,,,,,,,,,,,709804884,70980488400035,63.11Z,,,,,,,,,,,sirene,
COLLECONLINE,,,a contacter,,,,,,,,,,,,data_etudes,"Traitement de donnees, hebergement et activites connexes",ROUBAIX,,59,,,,,,,,,,,,,,,,,,,,,,,,,,,,,,,,,,,,,,,,,,,,,,,884459645,88445964500013,63.11Z,,,,,,,,,,,sirene,
COM-UNICK,,,a contacter,,,,,,,,,,,,data_etudes,Etudes de marche et sondages,LE TEMPLE-DE-BRETAGNE,,44,,,,,,,,,,,,,,,,,,,,,,,,,,,,,,,,,,,,,,,,,,,,,,,800251449,80025144900024,73.20Z,,,,,,,,,,,sirene,
COM6 INTERACTIVE,,,a contacter,,,,,,,,,,,,data_etudes,"Traitement de donnees, hebergement et activites connexes",LAUNAGUET,,31,,,,,,,,,,,,,,,,,,,,,,,,,,,,,,,,,,,,,,,,,,,,,,,478952708,47895270800012,63.11Z,,,,,,,,,,,sirene,
COMAITE,,,a contacter,,,,,,,,,,,,data_etudes,"Traitement de donnees, hebergement et activites connexes",VEDENE,,84,,,,,,,,,,,,,,,,,,,,,,,,,,,,,,,,,,,,,,,,,,,,,,,811775550,81177555000031,63.11Z,,,,,,,,,,,sirene,
COMBO SOLUTIONS,,,a contacter,,,,,,,,,,,,data_etudes,Recherche-developpement en autres sciences physiques et naturelles,LYON,,69,,,,,,,,,,,,,,,,,,,,,,,,,,,,,,,,,,,,,,,,,,,,,,,811426584,81142658400074,72.19Z,,,,,,,,,,,sirene,
COMITE DE BASSIN D'EMPLOI DU NIORTAIS ET HAUT VAL DE SEVRE,,,a contacter,,,,,,,,,,,,data_etudes,"Traitement de donnees, hebergement et activites connexes",NIORT,,79,,,,,,,,,,,,,,,,,,,,,,,,,,,,,,,,,,,,,,,,,,,,,,,524631710,52463171000026,63.11Z,,,,,,,,,,,sirene,
COMM RECHE INFORMAT INDEP RADIOACTIVITE,,,a contacter,,,,,,,,,,,,data_etudes,Recherche-developpement en autres sciences physiques et naturelles,VALENCE,,26,,,,,,,,,,,,,,,,,,,,,,,,,,,,,,,,,,,,,,,,,,,,,,,341802544,34180254400054,72.19Z,,,,,,,,,,,sirene,
COMMERCITE,,,a contacter,,,,,,,,,,,,data_etudes,Etudes de marche et sondages,VILLEURBANNE,,69,,,,,,,,,,,,,,,,,,,,,,,,,,,,,,,,,,,,,,,,,,,,,,,418369070,41836907000044,73.20Z,,,,,,,,,,,sirene,
COMMISS INTERN GRAND BARRAGE,,,a contacter,,,,,,,,,,,,data_etudes,Recherche-developpement en autres sciences physiques et naturelles,CHATOU,,78,,,,,,,,,,,,,,,,,,,,,,,,,,,,,,,,,,,,,,,,,,,,,,,784354722,78435472200034,72.19Z,,,,,,,,,,,sirene,
COMPACT,,,a contacter,,,,,,,,,,,,data_etudes,"Traitement de donnees, hebergement et activites connexes",ANGLET,,64,,,,,,,,,,,,,,,,,,,,,,,,,,,,,,,,,,,,,,,,,,,,,,,418351359,41835135900082,63.11Z,,,,,,,,,,,sirene,
COMPAGNIE PRIVEE D'INFORMATIQUE,,,a contacter,,,,,,,,,,,,data_etudes,"Traitement de donnees, hebergement et activites connexes",CROISSY-SUR-SEINE,,78,,,,,,,,,,,,,,,,,,,,,,,,,,,,,,,,,,,,,,,,,,,,,,,320290786,32029078600062,63.11Z,,,,,,,,,,,sirene,
COMPALAB,,,a contacter,,,,,,,,,,,,data_etudes,Etudes de marche et sondages,ROSNY-SOUS-BOIS,,93,,,,,,,,,,,,,,,,,,,,,,,,,,,,,,,,,,,,,,,,,,,,,,,799855721,79985572100020,73.20Z,,,,,,,,,,,sirene,
COMPANY FOR OPEN OCEAN OBSERVATIONS AND LOGGING,,,a contacter,,,,,,,,,,,,data_etudes,Recherche-developpement en autres sciences physiques et naturelles,SAINT-LEU,,974,,,,,,,,,,,,,,,,,,,,,,,,,,,,,,,,,,,,,,,,,,,,,,,838905669,83890566900019,72.19Z,,,,,,,,,,,sirene,
COMPAS-TIS,,,a contacter,,,,,,,,,,,,data_etudes,Etudes de marche et sondages,NANTES,,44,,,,,,,,,,,,,,,,,,,,,,,,,,,,,,,,,,,,,,,,,,,,,,,404902264,40490226400039,73.20Z,,,,,,,,,,,sirene,
COMPTA INFORMATIQUE SERVICES,,,a contacter,,,,,,,,,,,,data_etudes,"Traitement de donnees, hebergement et activites connexes",VILLEURBANNE,,69,,,,,,,,,,,,,,,,,,,,,,,,,,,,,,,,,,,,,,,,,,,,,,,384916433,38491643300012,63.11Z,,,,,,,,,,,sirene,
COMTELNET,,,a contacter,,,,,,,,,,,,data_etudes,Etudes de marche et sondages,MONTELIMAR,,26,,,,,,,,,,,,,,,,,,,,,,,,,,,,,,,,,,,,,,,,,,,,,,,428732002,42873200200046,73.20Z,,,,,,,,,,,sirene,
COMUTO,,,a contacter,,,,,,,,,,,,data_etudes,"Traitement de donnees, hebergement et activites connexes",PARIS,,75,,,,,,,,,,,,,,,,,,,,,,,,,,,,,,,,,,,,,,,,,,,,,,,491904546,49190454600034,63.11Z,,,,,,,,,,,sirene,
CONCENTRIX KYC SERVICES,,,a contacter,,,,,,,,,,,,data_etudes,"Traitement de donnees, hebergement et activites connexes",PARIS,,75,,,,,,,,,,,,,,,,,,,,,,,,,,,,,,,,,,,,,,,,,,,,,,,519473847,51947384700068,63.11Z,,,,,,,,,,,sirene,
CONCUR (FRANCE) SAS,,,a contacter,,,,,,,,,,,,data_etudes,"Traitement de donnees, hebergement et activites connexes",LEVALLOIS-PERRET,,92,,,,,,,,,,,,,,,,,,,,,,,,,,,,,,,,,,,,,,,,,,,,,,,424811099,42481109900060,63.11Z,,,,,,,,,,,sirene,
CONIDIA CONIPHY,,,a contacter,,,,,,,,,,,,data_etudes,Recherche-developpement en autres sciences physiques et naturelles,QUINCIEUX,,69,,,,,,,,,,,,,,,,,,,,,,,,,,,,,,,,,,,,,,,,,,,,,,,807441761,80744176100010,72.19Z,,,,,,,,,,,sirene,
CONSEIL SONDAGE ET MARKETING,,,a contacter,,,,,,,,,,,,data_etudes,Etudes de marche et sondages,MONTROUGE,,92,,,,,,,,,,,,,,,,,,,,,,,,,,,,,,,,,,,,,,,,,,,,,,,399382308,39938230800027,73.20Z,,,,,,,,,,,sirene,
CONSEILS SONDAGES ET INTERVIEWS,,,a contacter,,,,,,,,,,,,data_etudes,Etudes de marche et sondages,PARIS,,75,,,,,,,,,,,,,,,,,,,,,,,,,,,,,,,,,,,,,,,,,,,,,,,410769996,41076999600076,73.20Z,,,,,,,,,,,sirene,
CONSER NATION PLANT MEDIC AROMA INDUST,,,a contacter,,,,,,,,,,,,data_etudes,Recherche-developpement en autres sciences physiques et naturelles,MILLY-LA-FORET,,91,,,,,,,,,,,,,,,,,,,,,,,,,,,,,,,,,,,,,,,,,,,,,,,351183033,35118303300015,72.19Z,,,,,,,,,,,sirene,
CONSERVATOIRE BOTANIQUE NATIONAL DE MASCARIN,,,a contacter,,,,,,,,,,,,data_etudes,Recherche-developpement en autres sciences physiques et naturelles,SAINT-LEU,,974,,,,,,,,,,,,,,,,,,,,,,,,,,,,,,,,,,,,,,,,,,,,,,,340671353,34067135300035,72.19Z,,,,,,,,,,,sirene,
CONVERGENCE MANAGED SERVICES,,,a contacter,,,,,,,,,,,,data_etudes,"Traitement de donnees, hebergement et activites connexes",MEUDON,,92,,,,,,,,,,,,,,,,,,,,,,,,,,,,,,,,,,,,,,,,,,,,,,,442447769,44244776900047,63.11Z,,,,,,,,,,,sirene,
COOPERL INNOVATION S.A.S,,,a contacter,,,,,,,,,,,,data_etudes,Recherche-developpement en autres sciences physiques et naturelles,LAMBALLE-ARMOR,,22,,,,,,,,,,,,,,,,,,,,,,,,,,,,,,,,,,,,,,,,,,,,,,,817612401,81761240100015,72.19Z,,,,,,,,,,,sirene,
CORDOUAN TECHNOLOGIES,,,a contacter,,,,,,,,,,,,data_etudes,Recherche-developpement en autres sciences physiques et naturelles,PESSAC,,33,,,,,,,,,,,,,,,,,,,,,,,,,,,,,,,,,,,,,,,,,,,,,,,499736924,49973692400022,72.19Z,,,,,,,,,,,sirene,
CORNIS,,,a contacter,,,,,,,,,,,,data_etudes,Recherche-developpement en autres sciences physiques et naturelles,RUEIL-MALMAISON,,92,,,,,,,,,,,,,,,,,,,,,,,,,,,,,,,,,,,,,,,,,,,,,,,537464711,53746471100044,72.19Z,,,,,,,,,,,sirene,
CORPORAMA,,,a contacter,,,,,,,,,,,,data_etudes,"Traitement de donnees, hebergement et activites connexes",ISSY-LES-MOULINEAUX,,92,,,,,,,,,,,,,,,,,,,,,,,,,,,,,,,,,,,,,,,,,,,,,,,521286443,52128644300051,63.11Z,,,,,,,,,,,sirene,
CORRESPONDANCES,,,a contacter,,,,,,,,,,,,data_etudes,"Traitement de donnees, hebergement et activites connexes",METZ,,57,,,,,,,,,,,,,,,,,,,,,,,,,,,,,,,,,,,,,,,,,,,,,,,824438659,82443865900016,63.11Z,,,,,,,,,,,sirene,
CORTEX,,,a contacter,,,,,,,,,,,,data_etudes,"Traitement de donnees, hebergement et activites connexes",NEUILLY-SUR-MARNE,,93,,,,,,,,,,,,,,,,,,,,,,,,,,,,,,,,,,,,,,,,,,,,,,,562030353,56203035300063,63.11Z,,,,,,,,,,,sirene,
CORUS,,,a contacter,,,,,,,,,,,,data_etudes,"Traitement de donnees, hebergement et activites connexes",VILLEURBANNE,,69,,,,,,,,,,,,,,,,,,,,,,,,,,,,,,,,,,,,,,,,,,,,,,,389326182,38932618200133,63.11Z,,,,,,,,,,,sirene,
CORWAVE,,,a contacter,,,,,,,,,,,,data_etudes,Recherche-developpement en autres sciences physiques et naturelles,CLICHY,,92,,,,,,,,,,,,,,,,,,,,,,,,,,,,,,,,,,,,,,,,,,,,,,,538993452,53899345200050,72.19Z,,,,,,,,,,,sirene,
COSMA,,,a contacter,,,,,,,,,,,,data_etudes,Recherche-developpement en autres sciences physiques et naturelles,NICE,,06,,,,,,,,,,,,,,,,,,,,,,,,,,,,,,,,,,,,,,,,,,,,,,,910040658,91004065800015,72.19Z,,,,,,,,,,,sirene,
COSMEBIO,,,a contacter,,,,,,,,,,,,data_etudes,Recherche-developpement en autres sciences physiques et naturelles,ALIXAN,,26,,,,,,,,,,,,,,,,,,,,,,,,,,,,,,,,,,,,,,,,,,,,,,,452116478,45211647800028,72.19Z,,,,,,,,,,,sirene,
COSMETEST,,,a contacter,,,,,,,,,,,,data_etudes,Recherche-developpement en autres sciences physiques et naturelles,PARIS,,75,,,,,,,,,,,,,,,,,,,,,,,,,,,,,,,,,,,,,,,,,,,,,,,539809103,53980910300044,72.19Z,,,,,,,,,,,sirene,
COSMIC  DATA,,,a contacter,,,,,,,,,,,,data_etudes,Etudes de marche et sondages,VALBONNE,,06,,,,,,,,,,,,,,,,,,,,,,,,,,,,,,,,,,,,,,,,,,,,,,,889770418,88977041800032,73.20Z,,,,,,,,,,,sirene,
COSMO INTERNATIONAL INGREDIENTS,,,a contacter,,,,,,,,,,,,data_etudes,Recherche-developpement en autres sciences physiques et naturelles,MOUGINS,,06,,,,,,,,,,,,,,,,,,,,,,,,,,,,,,,,,,,,,,,,,,,,,,,535056816,53505681600031,72.19Z,,,,,,,,,,,sirene,
COT INTERNATIONAL,,,a contacter,,,,,,,,,,,,data_etudes,Recherche-developpement en autres sciences physiques et naturelles,BOUILLARGUES,,30,,,,,,,,,,,,,,,,,,,,,,,,,,,,,,,,,,,,,,,,,,,,,,,384110201,38411020100033,72.19Z,,,,,,,,,,,sirene,
CRAN,,,a contacter,,,,,,,,,,,,data_etudes,Recherche-developpement en autres sciences physiques et naturelles,NOGENT-SUR-SEINE,,10,,,,,,,,,,,,,,,,,,,,,,,,,,,,,,,,,,,,,,,,,,,,,,,393752142,39375214200017,72.19Z,,,,,,,,,,,sirene,
CREAFIRST,,,a contacter,,,,,,,,,,,,data_etudes,"Traitement de donnees, hebergement et activites connexes",BOULOGNE-BILLANCOURT,,92,,,,,,,,,,,,,,,,,,,,,,,,,,,,,,,,,,,,,,,,,,,,,,,432062388,43206238800017,63.11Z,,,,,,,,,,,sirene,
CREATIV-CEUTICAL FRANCE,,,a contacter,,,,,,,,,,,,data_etudes,Recherche-developpement en autres sciences physiques et naturelles,PARIS,,75,,,,,,,,,,,,,,,,,,,,,,,,,,,,,,,,,,,,,,,,,,,,,,,508322203,50832220300052,72.19Z,,,,,,,,,,,sirene,
CREATIVE EURECOM,,,a contacter,,,,,,,,,,,,data_etudes,Recherche-developpement en autres sciences physiques et naturelles,SAINT-BARTHELEMY-D'ANJOU,,49,,,,,,,,,,,,,,,,,,,,,,,,,,,,,,,,,,,,,,,,,,,,,,,344582481,34458248100034,72.19Z,,,,,,,,,,,sirene,
CRITERE DIRECT,,,a contacter,,,,,,,,,,,,data_etudes,Etudes de marche et sondages,PESSAC,,33,,,,,,,,,,,,,,,,,,,,,,,,,,,,,,,,,,,,,,,,,,,,,,,424008191,42400819100043,73.20Z,,,,,,,,,,,sirene,
CROSS INTERNATIONAL DEVELOPPEMENT,,,a contacter,,,,,,,,,,,,data_etudes,"Traitement de donnees, hebergement et activites connexes",VOIRON,,38,,,,,,,,,,,,,,,,,,,,,,,,,,,,,,,,,,,,,,,,,,,,,,,500253190,50025319000069,63.11Z,,,,,,,,,,,sirene,
CROSSJECT,,,a contacter,,,,,,,,,,,,data_etudes,Recherche-developpement en autres sciences physiques et naturelles,DIJON,,21,,,,,,,,,,,,,,,,,,,,,,,,,,,,,,,,,,,,,,,,,,,,,,,438822215,43882221500077,72.19Z,,,,,,,,,,,sirene,
CRVI DE CORSE,,,a contacter,,,,,,,,,,,,data_etudes,Recherche-developpement en autres sciences physiques et naturelles,SAN GIULIANO,,2B,,,,,,,,,,,,,,,,,,,,,,,,,,,,,,,,,,,,,,,,,,,,,,,418134938,41813493800038,72.19Z,,,,,,,,,,,sirene,
CRYOCAPCELL,,,a contacter,,,,,,,,,,,,data_etudes,Recherche-developpement en autres sciences physiques et naturelles,SAINT-GEORGES-DU-BOIS,,17,,,,,,,,,,,,,,,,,,,,,,,,,,,,,,,,,,,,,,,,,,,,,,,794089243,79408924300032,72.19Z,,,,,,,,,,,sirene,
CRYPCOOL,,,a contacter,,,,,,,,,,,,data_etudes,"Traitement de donnees, hebergement et activites connexes",BORDEAUX,,33,,,,,,,,,,,,,,,,,,,,,,,,,,,,,,,,,,,,,,,,,,,,,,,917890253,91789025300011,63.11Z,,,,,,,,,,,sirene,
CSA,,,a contacter,,,,,,,,,,,,data_etudes,Etudes de marche et sondages,PUTEAUX,,92,,,,,,,,,,,,,,,,,,,,,,,,,,,,,,,,,,,,,,,,,,,,,,,308293430,30829343000077,73.20Z,,,,,,,,,,,sirene,
CSA FRANCE PUB,,,a contacter,,,,,,,,,,,,data_etudes,Etudes de marche et sondages,PUTEAUX,,92,,,,,,,,,,,,,,,,,,,,,,,,,,,,,,,,,,,,,,,,,,,,,,,537468175,53746817500022,73.20Z,,,,,,,,,,,sirene,
CT EASY FRANCE,,,a contacter,,,,,,,,,,,,data_etudes,"Traitement de donnees, hebergement et activites connexes",BAGNERES-DE-BIGORRE,,65,,,,,,,,,,,,,,,,,,,,,,,,,,,,,,,,,,,,,,,,,,,,,,,811919604,81191960400058,63.11Z,,,,,,,,,,,sirene,
CTRE COOPERAT RECHERC SCIENTIFIQ TABAC,,,a contacter,,,,,,,,,,,,data_etudes,Recherche-developpement en autres sciences physiques et naturelles,PARIS,,75,,,,,,,,,,,,,,,,,,,,,,,,,,,,,,,,,,,,,,,,,,,,,,,353061922,35306192200020,72.19Z,,,,,,,,,,,sirene,
CTRE D'ETUDES DES SUPPORTS DE PUBLICITE,,,a contacter,,,,,,,,,,,,data_etudes,Etudes de marche et sondages,PARIS,,75,,,,,,,,,,,,,,,,,,,,,,,,,,,,,,,,,,,,,,,,,,,,,,,775690589,77569058900087,73.20Z,,,,,,,,,,,sirene,
CTRE DOCUM RECHE EXPER POLLU ACCID EAUX,,,a contacter,,,,,,,,,,,,data_etudes,Recherche-developpement en autres sciences physiques et naturelles,BREST,,29,,,,,,,,,,,,,,,,,,,,,,,,,,,,,,,,,,,,,,,,,,,,,,,315429142,31542914200039,72.19Z,,,,,,,,,,,sirene,
CTRE ETUDE RECHERCH TECHNOL AEROTHERM ..,,,a contacter,,,,,,,,,,,,data_etudes,Recherche-developpement en autres sciences physiques et naturelles,SAINT-ETIENNE-DU-ROUVRAY,,76,,,,,,,,,,,,,,,,,,,,,,,,,,,,,,,,,,,,,,,,,,,,,,,421436569,42143656900014,72.19Z,,,,,,,,,,,sirene,
CTRE ETUDES PHYSIQ THEORIQUE NUCLEAIRE,,,a contacter,,,,,,,,,,,,data_etudes,Recherche-developpement en autres sciences physiques et naturelles,ORSAY,,91,,,,,,,,,,,,,,,,,,,,,,,,,,,,,,,,,,,,,,,,,,,,,,,785228487,78522848700027,72.19Z,,,,,,,,,,,sirene,
CTRE RECHERCHE  EXPERIMENTATION VIN ROSE,,,a contacter,,,,,,,,,,,,data_etudes,Recherche-developpement en autres sciences physiques et naturelles,VIDAUBAN,,83,,,,,,,,,,,,,,,,,,,,,,,,,,,,,,,,,,,,,,,,,,,,,,,433558616,43355861600028,72.19Z,,,,,,,,,,,sirene,
CTRE SISMOLOGIQUE EURO MEDITERRANEEN,,,a contacter,,,,,,,,,,,,data_etudes,Recherche-developpement en autres sciences physiques et naturelles,BRUYERES-LE-CHATEL,,91,,,,,,,,,,,,,,,,,,,,,,,,,,,,,,,,,,,,,,,,,,,,,,,313701252,31370125200022,72.19Z,,,,,,,,,,,sirene,
CTRE TECH INDUST AERAULIQUE THERMIQUE,,,a contacter,,,,,,,,,,,,data_etudes,Recherche-developpement en autres sciences physiques et naturelles,VILLEURBANNE,,69,,,,,,,,,,,,,,,,,,,,,,,,,,,,,,,,,,,,,,,,,,,,,,,775686967,77568696700024,72.19Z,,,,,,,,,,,sirene,
CTRE TECH INDUSTRIEL CONSTRUCTION METALL,,,a contacter,,,,,,,,,,,,data_etudes,Recherche-developpement en autres sciences physiques et naturelles,SAINT-AUBIN,,91,,,,,,,,,,,,,,,,,,,,,,,,,,,,,,,,,,,,,,,,,,,,,,,775728785,77572878500046,72.19Z,,,,,,,,,,,sirene,
CV EQUIPMENT,,,a contacter,,,,,,,,,,,,data_etudes,Etudes de marche et sondages,BUZANCAIS,,36,,,,,,,,,,,,,,,,,,,,,,,,,,,,,,,,,,,,,,,,,,,,,,,834308744,83430874400020,73.20Z,,,,,,,,,,,sirene,
CYBERSOURCE FRANCE,,,a contacter,,,,,,,,,,,,data_etudes,"Traitement de donnees, hebergement et activites connexes",PARIS,,75,,,,,,,,,,,,,,,,,,,,,,,,,,,,,,,,,,,,,,,,,,,,,,,752925966,75292596600042,63.11Z,,,,,,,,,,,sirene,
CYBERTERRE,,,a contacter,,,,,,,,,,,,data_etudes,"Traitement de donnees, hebergement et activites connexes",VANVES,,92,,,,,,,,,,,,,,,,,,,,,,,,,,,,,,,,,,,,,,,,,,,,,,,434661419,43466141900029,63.11Z,,,,,,,,,,,sirene,
CYCLOID,,,a contacter,,,,,,,,,,,,data_etudes,"Traitement de donnees, hebergement et activites connexes",PARIS,,75,,,,,,,,,,,,,,,,,,,,,,,,,,,,,,,,,,,,,,,,,,,,,,,810870915,81087091500040,63.11Z,,,,,,,,,,,sirene,
CYLERGIE,,,a contacter,,,,,,,,,,,,data_etudes,Recherche-developpement en autres sciences physiques et naturelles,LA GARENNE-COLOMBES,,92,,,,,,,,,,,,,,,,,,,,,,,,,,,,,,,,,,,,,,,,,,,,,,,342721073,34272107300084,72.19Z,,,,,,,,,,,sirene,
CYTEA BIO,,,a contacter,,,,,,,,,,,,data_etudes,Recherche-developpement en autres sciences physiques et naturelles,GRABELS,,34,,,,,,,,,,,,,,,,,,,,,,,,,,,,,,,,,,,,,,,,,,,,,,,882052145,88205214500027,72.19Z,,,,,,,,,,,sirene,
CYTOO,,,a contacter,,,,,,,,,,,,data_etudes,Recherche-developpement en autres sciences physiques et naturelles,GRENOBLE,,38,,,,,,,,,,,,,,,,,,,,,,,,,,,,,,,,,,,,,,,,,,,,,,,504844168,50484416800014,72.19Z,,,,,,,,,,,sirene,
D & C CONSEILS,,,a contacter,,,,,,,,,,,,data_etudes,Autres services d'information n.c.a.,LILLE,,59,,,,,,,,,,,,,,,,,,,,,,,,,,,,,,,,,,,,,,,,,,,,,,,511813602,51181360200030,63.99Z,,,,,,,,,,,sirene,
D2M SANTE,,,a contacter,,,,,,,,,,,,data_etudes,Recherche-developpement en autres sciences physiques et naturelles,VEYRE-MONTON,,63,,,,,,,,,,,,,,,,,,,,,,,,,,,,,,,,,,,,,,,,,,,,,,,391834520,39183452000044,72.19Z,,,,,,,,,,,sirene,
DACTYL'ASSISTANCE,,,a contacter,,,,,,,,,,,,data_etudes,"Traitement de donnees, hebergement et activites connexes",GRENOBLE,,38,,,,,,,,,,,,,,,,,,,,,,,,,,,,,,,,,,,,,,,,,,,,,,,384204426,38420442600033,63.11Z,,,,,,,,,,,sirene,
DAFOTEC - NASDASCQ - FLASHDATA,,,a contacter,,,,,,,,,,,,data_etudes,"Traitement de donnees, hebergement et activites connexes",ROUBAIX,,59,,,,,,,,,,,,,,,,,,,,,,,,,,,,,,,,,,,,,,,,,,,,,,,809279433,80927943300027,63.11Z,,,,,,,,,,,sirene,
DAG TECHNOLOGIES,,,a contacter,,,,,,,,,,,,data_etudes,"Traitement de donnees, hebergement et activites connexes",CHAMBERY,,73,,,,,,,,,,,,,,,,,,,,,,,,,,,,,,,,,,,,,,,,,,,,,,,539357681,53935768100029,63.11Z,,,,,,,,,,,sirene,
DAIA,,,a contacter,,,,,,,,,,,,data_etudes,"Traitement de donnees, hebergement et activites connexes",MOUGINS,,06,,,,,,,,,,,,,,,,,,,,,,,,,,,,,,,,,,,,,,,,,,,,,,,912452489,91245248900012,63.11Z,,,,,,,,,,,sirene,
DAIICHI SANKYO ONCOLOGY FRANCE,,,a contacter,,,,,,,,,,,,data_etudes,Recherche-developpement en autres sciences physiques et naturelles,RUEIL-MALMAISON,,92,,,,,,,,,,,,,,,,,,,,,,,,,,,,,,,,,,,,,,,,,,,,,,,838229896,83822989600025,72.19Z,,,,,,,,,,,sirene,
DAMAE MEDICAL,,,a contacter,,,,,,,,,,,,data_etudes,Recherche-developpement en autres sciences physiques et naturelles,PARIS,,75,,,,,,,,,,,,,,,,,,,,,,,,,,,,,,,,,,,,,,,,,,,,,,,804599710,80459971000048,72.19Z,,,,,,,,,,,sirene,
DANONE GLOBAL RESEARCH & INNOVATION CENTER,,,a contacter,,,,,,,,,,,,data_etudes,Recherche-developpement en autres sciences physiques et naturelles,GIF-SUR-YVETTE,,91,,,,,,,,,,,,,,,,,,,,,,,,,,,,,,,,,,,,,,,,,,,,,,,971502448,97150244800063,72.19Z,,,,,,,,,,,sirene,
DAT FRANCE,,,a contacter,,,,,,,,,,,,data_etudes,"Traitement de donnees, hebergement et activites connexes",PARIS,,75,,,,,,,,,,,,,,,,,,,,,,,,,,,,,,,,,,,,,,,,,,,,,,,488966920,48896692000057,63.11Z,,,,,,,,,,,sirene,
DATA 4 SERVICES,,,a contacter,,,,,,,,,,,,data_etudes,"Traitement de donnees, hebergement et activites connexes",PARIS,,75,,,,,,,,,,,,,,,,,,,,,,,,,,,,,,,,,,,,,,,,,,,,,,,493254643,49325464300031,63.11Z,,,,,,,,,,,sirene,
DATA CONCEPT,,,a contacter,,,,,,,,,,,,data_etudes,"Traitement de donnees, hebergement et activites connexes",MOUGINS,,06,,,,,,,,,,,,,,,,,,,,,,,,,,,,,,,,,,,,,,,,,,,,,,,488198136,48819813600043,63.11Z,,,,,,,,,,,sirene,
DATA CONNECT,,,a contacter,,,,,,,,,,,,data_etudes,"Traitement de donnees, hebergement et activites connexes",EPINAL,,88,,,,,,,,,,,,,,,,,,,,,,,,,,,,,,,,,,,,,,,,,,,,,,,421133950,42113395000061,63.11Z,,,,,,,,,,,sirene,
DATA EXPRESSION,,,a contacter,,,,,,,,,,,,data_etudes,"Traitement de donnees, hebergement et activites connexes",BORDEAUX,,33,,,,,,,,,,,,,,,,,,,,,,,,,,,,,,,,,,,,,,,,,,,,,,,844713842,84471384200012,63.11Z,,,,,,,,,,,sirene,
DATA FILIATION,,,a contacter,,,,,,,,,,,,data_etudes,"Traitement de donnees, hebergement et activites connexes",PARIS,,75,,,,,,,,,,,,,,,,,,,,,,,,,,,,,,,,,,,,,,,,,,,,,,,498469428,49846942800045,63.11Z,,,,,,,,,,,sirene,
DATA MAIL,,,a contacter,,,,,,,,,,,,data_etudes,"Traitement de donnees, hebergement et activites connexes",SAINT-LUBIN-DE-LA-HAYE,,28,,,,,,,,,,,,,,,,,,,,,,,,,,,,,,,,,,,,,,,,,,,,,,,431241066,43124106600015,63.11Z,,,,,,,,,,,sirene,
DATA QUIZ,,,a contacter,,,,,,,,,,,,data_etudes,Etudes de marche et sondages,MENNECY,,91,,,,,,,,,,,,,,,,,,,,,,,,,,,,,,,,,,,,,,,,,,,,,,,850960816,85096081600021,73.20Z,,,,,,,,,,,sirene,
DATA THEOREM,,,a contacter,,,,,,,,,,,,data_etudes,"Traitement de donnees, hebergement et activites connexes",TASSIN-LA-DEMI-LUNE,,69,,,,,,,,,,,,,,,,,,,,,,,,,,,,,,,,,,,,,,,,,,,,,,,807736467,80773646700018,63.11Z,,,,,,,,,,,sirene,
DATA-ONE,,,a contacter,,,,,,,,,,,,data_etudes,"Traitement de donnees, hebergement et activites connexes",SAINT-AUBIN-SUR-GAILLON,,27,,,,,,,,,,,,,,,,,,,,,,,,,,,,,,,,,,,,,,,,,,,,,,,422165670,42216567000015,63.11Z,,,,,,,,,,,sirene,
DATACAMPUS,,,a contacter,,,,,,,,,,,,data_etudes,"Traitement de donnees, hebergement et activites connexes",NIORT,,79,,,,,,,,,,,,,,,,,,,,,,,,,,,,,,,,,,,,,,,,,,,,,,,799902051,79990205100033,63.11Z,,,,,,,,,,,sirene,
DATADOCK,,,a contacter,,,,,,,,,,,,data_etudes,"Traitement de donnees, hebergement et activites connexes",STRASBOURG,,67,,,,,,,,,,,,,,,,,,,,,,,,,,,,,,,,,,,,,,,,,,,,,,,815366216,81536621600019,63.11Z,,,,,,,,,,,sirene,
DATADUNK,,,a contacter,,,,,,,,,,,,data_etudes,"Traitement de donnees, hebergement et activites connexes",CAEN,,14,,,,,,,,,,,,,,,,,,,,,,,,,,,,,,,,,,,,,,,,,,,,,,,903899847,90389984700011,63.11Z,,,,,,,,,,,sirene,
DATAFAB,,,a contacter,,,,,,,,,,,,data_etudes,"Traitement de donnees, hebergement et activites connexes",PARIS,,75,,,,,,,,,,,,,,,,,,,,,,,,,,,,,,,,,,,,,,,,,,,,,,,753793264,75379326400049,63.11Z,,,,,,,,,,,sirene,
DATAILOR,,,a contacter,,,,,,,,,,,,data_etudes,"Traitement de donnees, hebergement et activites connexes",OULLINS-PIERRE-BENITE,,69,,,,,,,,,,,,,,,,,,,,,,,,,,,,,,,,,,,,,,,,,,,,,,,829894930,82989493000058,63.11Z,,,,,,,,,,,sirene,
DATALOGIC,,,a contacter,,,,,,,,,,,,data_etudes,"Traitement de donnees, hebergement et activites connexes",TOULOUSE,,31,,,,,,,,,,,,,,,,,,,,,,,,,,,,,,,,,,,,,,,,,,,,,,,332148501,33214850100023,63.11Z,,,,,,,,,,,sirene,
DATANEO,,,a contacter,,,,,,,,,,,,data_etudes,"Traitement de donnees, hebergement et activites connexes",SURESNES,,92,,,,,,,,,,,,,,,,,,,,,,,,,,,,,,,,,,,,,,,,,,,,,,,500040241,50004024100035,63.11Z,,,,,,,,,,,sirene,
DATAPRINT,,,a contacter,,,,,,,,,,,,data_etudes,"Traitement de donnees, hebergement et activites connexes",SAINT-DENIS,,974,,,,,,,,,,,,,,,,,,,,,,,,,,,,,,,,,,,,,,,,,,,,,,,399013515,39901351500024,63.11Z,,,,,,,,,,,sirene,
DATASENSING S.R.L,,,a contacter,,,,,,,,,,,,data_etudes,Recherche-developpement en autres sciences physiques et naturelles,,,,,,,,,,,,,,,,,,,,,,,,,,,,,,,,,,,,,,,,,,,,,,,,,,919314799,91931479900017,72.19Z,,,,,,,,,,,sirene,
DATAWINGS,,,a contacter,,,,,,,,,,,,data_etudes,"Traitement de donnees, hebergement et activites connexes",SAINT-MAUR-DES-FOSSES,,94,,,,,,,,,,,,,,,,,,,,,,,,,,,,,,,,,,,,,,,,,,,,,,,495033458,49503345800011,63.11Z,,,,,,,,,,,sirene,
DATEXIM,,,a contacter,,,,,,,,,,,,data_etudes,Recherche-developpement en autres sciences physiques et naturelles,CAEN,,14,,,,,,,,,,,,,,,,,,,,,,,,,,,,,,,,,,,,,,,,,,,,,,,529479842,52947984200054,72.19Z,,,,,,,,,,,sirene,
DBV TECHNOLOGIES,,,a contacter,,,,,,,,,,,,data_etudes,Recherche-developpement en autres sciences physiques et naturelles,CHATILLON,,92,,,,,,,,,,,,,,,,,,,,,,,,,,,,,,,,,,,,,,,,,,,,,,,441772522,44177252200070,72.19Z,,,,,,,,,,,sirene,
DCP,,,a contacter,,,,,,,,,,,,data_etudes,"Traitement de donnees, hebergement et activites connexes",WASQUEHAL,,59,,,,,,,,,,,,,,,,,,,,,,,,,,,,,,,,,,,,,,,,,,,,,,,430146290,43014629000043,63.11Z,,,,,,,,,,,sirene,
DEBLOCK,,,a contacter,,,,,,,,,,,,data_etudes,"Traitement de donnees, hebergement et activites connexes",LILLE,,59,,,,,,,,,,,,,,,,,,,,,,,,,,,,,,,,,,,,,,,,,,,,,,,948264163,94826416300031,63.11Z,,,,,,,,,,,sirene,
DECIPHERA PHARMACEUTICALS (FRANCE) SAS,,,a contacter,,,,,,,,,,,,data_etudes,Recherche-developpement en autres sciences physiques et naturelles,PARIS,,75,,,,,,,,,,,,,,,,,,,,,,,,,,,,,,,,,,,,,,,,,,,,,,,889285284,88928528400044,72.19Z,,,,,,,,,,,sirene,
DECRYPTIS,,,a contacter,,,,,,,,,,,,data_etudes,Etudes de marche et sondages,MULHOUSE,,68,,,,,,,,,,,,,,,,,,,,,,,,,,,,,,,,,,,,,,,,,,,,,,,404960890,40496089000030,73.20Z,,,,,,,,,,,sirene,
DEFITRACES,,,a contacter,,,,,,,,,,,,data_etudes,Recherche-developpement en autres sciences physiques et naturelles,BRINDAS,,69,,,,,,,,,,,,,,,,,,,,,,,,,,,,,,,,,,,,,,,,,,,,,,,384622031,38462203100027,72.19Z,,,,,,,,,,,sirene,
DEGA,,,a contacter,,,,,,,,,,,,data_etudes,"Traitement de donnees, hebergement et activites connexes",LYON,,69,,,,,,,,,,,,,,,,,,,,,,,,,,,,,,,,,,,,,,,,,,,,,,,442642393,44264239300023,63.11Z,,,,,,,,,,,sirene,
DESK,,,a contacter,,,,,,,,,,,,data_etudes,"Traitement de donnees, hebergement et activites connexes",SAINT-BERTHEVIN,,53,,,,,,,,,,,,,,,,,,,,,,,,,,,,,,,,,,,,,,,,,,,,,,,338733587,33873358700020,63.11Z,,,,,,,,,,,sirene,
DESKI,,,a contacter,,,,,,,,,,,,data_etudes,"Traitement de donnees, hebergement et activites connexes",BORDEAUX,,33,,,,,,,,,,,,,,,,,,,,,,,,,,,,,,,,,,,,,,,,,,,,,,,818145211,81814521100038,63.11Z,,,,,,,,,,,sirene,
DESMET STOLZ FRANCE SAS,,,a contacter,,,,,,,,,,,,data_etudes,Recherche-developpement en autres sciences physiques et naturelles,WAILLY-BEAUCAMP,,62,,,,,,,,,,,,,,,,,,,,,,,,,,,,,,,,,,,,,,,,,,,,,,,302664792,30266479200116,72.19Z,,,,,,,,,,,sirene,
DESTINY FRANCE ENTREPRISES,,,a contacter,,,,,,,,,,,,data_etudes,"Traitement de donnees, hebergement et activites connexes",CALUIRE-ET-CUIRE,,69,,,,,,,,,,,,,,,,,,,,,,,,,,,,,,,,,,,,,,,,,,,,,,,453075848,45307584800045,63.11Z,,,,,,,,,,,sirene,
DEVELOPPEMENT D'APPLICATION SUR RESEAUX A VALEUR AJOUTEE,,,a contacter,,,,,,,,,,,,data_etudes,"Traitement de donnees, hebergement et activites connexes",CHAURAY,,79,,,,,,,,,,,,,,,,,,,,,,,,,,,,,,,,,,,,,,,,,,,,,,,345133128,34513312800057,63.11Z,,,,,,,,,,,sirene,
DEVOTO,,,a contacter,,,,,,,,,,,,data_etudes,"Traitement de donnees, hebergement et activites connexes",CERGY,,95,,,,,,,,,,,,,,,,,,,,,,,,,,,,,,,,,,,,,,,,,,,,,,,817989973,81798997300026,63.11Z,,,,,,,,,,,sirene,
DEX SURGICAL,,,a contacter,,,,,,,,,,,,data_etudes,Recherche-developpement en autres sciences physiques et naturelles,ANNECY,,74,,,,,,,,,,,,,,,,,,,,,,,,,,,,,,,,,,,,,,,,,,,,,,,821816790,82181679000033,72.19Z,,,,,,,,,,,sirene,
DIAG2TEC,,,a contacter,,,,,,,,,,,,data_etudes,Recherche-developpement en autres sciences physiques et naturelles,MONTPELLIER,,34,,,,,,,,,,,,,,,,,,,,,,,,,,,,,,,,,,,,,,,,,,,,,,,812397818,81239781800038,72.19Z,,,,,,,,,,,sirene,
DIAM BOUCHAGE,,,a contacter,,,,,,,,,,,,data_etudes,Recherche-developpement en autres sciences physiques et naturelles,CERET,,66,,,,,,,,,,,,,,,,,,,,,,,,,,,,,,,,,,,,,,,,,,,,,,,410107882,41010788200012,72.19Z,,,,,,,,,,,sirene,
DIAM CONCEPT,,,a contacter,,,,,,,,,,,,data_etudes,Recherche-developpement en autres sciences physiques et naturelles,PARIS,,75,,,,,,,,,,,,,,,,,,,,,,,,,,,,,,,,,,,,,,,,,,,,,,,820102721,82010272100017,72.19Z,,,,,,,,,,,sirene,
DIETEMIX,,,a contacter,,,,,,,,,,,,data_etudes,Recherche-developpement en autres sciences physiques et naturelles,MONTREUIL,,93,,,,,,,,,,,,,,,,,,,,,,,,,,,,,,,,,,,,,,,,,,,,,,,839050804,83905080400013,72.19Z,,,,,,,,,,,sirene,
DIGIFAST INTERACTIVE,,,a contacter,,,,,,,,,,,,data_etudes,Etudes de marche et sondages,GARDANNE,,13,,,,,,,,,,,,,,,,,,,,,,,,,,,,,,,,,,,,,,,,,,,,,,,790946164,79094616400023,73.20Z,,,,,,,,,,,sirene,
DIGIGRAPH,,,a contacter,,,,,,,,,,,,data_etudes,"Traitement de donnees, hebergement et activites connexes",MILLAU,,12,,,,,,,,,,,,,,,,,,,,,,,,,,,,,,,,,,,,,,,,,,,,,,,339493058,33949305800046,63.11Z,,,,,,,,,,,sirene,
DIGITAL MEDICAL HUB,,,a contacter,,,,,,,,,,,,data_etudes,"Traitement de donnees, hebergement et activites connexes",LA CELLE-SAINT-CLOUD,,78,,,,,,,,,,,,,,,,,,,,,,,,,,,,,,,,,,,,,,,,,,,,,,,898269956,89826995600048,63.11Z,,,,,,,,,,,sirene,
DIGITAL REALTY FRANCE,,,a contacter,,,,,,,,,,,,data_etudes,"Traitement de donnees, hebergement et activites connexes",PARIS,,75,,,,,,,,,,,,,,,,,,,,,,,,,,,,,,,,,,,,,,,,,,,,,,,423945799,42394579900033,63.11Z,,,,,,,,,,,sirene,
DIGITALKIN,,,a contacter,,,,,,,,,,,,data_etudes,Recherche-developpement en autres sciences physiques et naturelles,LYON,,69,,,,,,,,,,,,,,,,,,,,,,,,,,,,,,,,,,,,,,,,,,,,,,,980136626,98013662600010,72.19Z,,,,,,,,,,,sirene,
DIGITWIST,,,a contacter,,,,,,,,,,,,data_etudes,Etudes de marche et sondages,BOURG,,33,,,,,,,,,,,,,,,,,,,,,,,,,,,,,,,,,,,,,,,,,,,,,,,832881411,83288141100041,73.20Z,,,,,,,,,,,sirene,
DILICOM,,,a contacter,,,,,,,,,,,,data_etudes,"Traitement de donnees, hebergement et activites connexes",PARIS,,75,,,,,,,,,,,,,,,,,,,,,,,,,,,,,,,,,,,,,,,,,,,,,,,350556932,35055693200035,63.11Z,,,,,,,,,,,sirene,
DILON TECHNOLOGIES FRANCE,,,a contacter,,,,,,,,,,,,data_etudes,Recherche-developpement en autres sciences physiques et naturelles,SAINT-PRIEST,,69,,,,,,,,,,,,,,,,,,,,,,,,,,,,,,,,,,,,,,,,,,,,,,,920486545,92048654500022,72.19Z,,,,,,,,,,,sirene,
DIONYMER,,,a contacter,,,,,,,,,,,,data_etudes,Recherche-developpement en autres sciences physiques et naturelles,MERIGNAC,,33,,,,,,,,,,,,,,,,,,,,,,,,,,,,,,,,,,,,,,,,,,,,,,,904395548,90439554800053,72.19Z,,,,,,,,,,,sirene,
DIRECTION CONSEIL OBJECTIF,,,a contacter,,,,,,,,,,,,data_etudes,"Traitement de donnees, hebergement et activites connexes",LESQUIN,,59,,,,,,,,,,,,,,,,,,,,,,,,,,,,,,,,,,,,,,,,,,,,,,,382393908,38239390800043,63.11Z,,,,,,,,,,,sirene,
DISCURV,,,a contacter,,,,,,,,,,,,data_etudes,Etudes de marche et sondages,BORDEAUX,,33,,,,,,,,,,,,,,,,,,,,,,,,,,,,,,,,,,,,,,,,,,,,,,,821466877,82146687700056,73.20Z,,,,,,,,,,,sirene,
DIXIONLINE,,,a contacter,,,,,,,,,,,,data_etudes,"Traitement de donnees, hebergement et activites connexes",VENDARGUES,,34,,,,,,,,,,,,,,,,,,,,,,,,,,,,,,,,,,,,,,,,,,,,,,,821034048,82103404800016,63.11Z,,,,,,,,,,,sirene,
DL NEGOCE,,,a contacter,,,,,,,,,,,,data_etudes,"Traitement de donnees, hebergement et activites connexes",COLOMBELLES,,14,,,,,,,,,,,,,,,,,,,,,,,,,,,,,,,,,,,,,,,,,,,,,,,447528654,44752865400042,63.11Z,,,,,,,,,,,sirene,
DO THE RIGHT FILMS,,,a contacter,,,,,,,,,,,,data_etudes,Etudes de marche et sondages,NOGENT-SUR-MARNE,,94,,,,,,,,,,,,,,,,,,,,,,,,,,,,,,,,,,,,,,,,,,,,,,,818822918,81882291800020,73.20Z,,,,,,,,,,,sirene,
DOCAPOSTE AGILITY,,,a contacter,,,,,,,,,,,,data_etudes,"Traitement de donnees, hebergement et activites connexes",SOTTEVILLE-LES-ROUEN,,76,,,,,,,,,,,,,,,,,,,,,,,,,,,,,,,,,,,,,,,,,,,,,,,531583888,53158388800031,63.11Z,,,,,,,,,,,sirene,
DOCAPOSTE FAST,,,a contacter,,,,,,,,,,,,data_etudes,"Traitement de donnees, hebergement et activites connexes",PARIS,,75,,,,,,,,,,,,,,,,,,,,,,,,,,,,,,,,,,,,,,,,,,,,,,,488478702,48847870200035,63.11Z,,,,,,,,,,,sirene,
DOCAPOSTE TRUST & SIGN,,,a contacter,,,,,,,,,,,,data_etudes,"Traitement de donnees, hebergement et activites connexes",IVRY-SUR-SEINE,,94,,,,,,,,,,,,,,,,,,,,,,,,,,,,,,,,,,,,,,,,,,,,,,,898993191,89899319100029,63.11Z,,,,,,,,,,,sirene,
DOCEBO FRANCE,,,a contacter,,,,,,,,,,,,data_etudes,Etudes de marche et sondages,PARIS,,75,,,,,,,,,,,,,,,,,,,,,,,,,,,,,,,,,,,,,,,,,,,,,,,480191485,48019148500063,73.20Z,,,,,,,,,,,sirene,
DOCONE,,,a contacter,,,,,,,,,,,,data_etudes,"Traitement de donnees, hebergement et activites connexes",MERIGNAC,,33,,,,,,,,,,,,,,,,,,,,,,,,,,,,,,,,,,,,,,,,,,,,,,,318811809,31881180900140,63.11Z,,,,,,,,,,,sirene,
DOMEDIC,,,a contacter,,,,,,,,,,,,data_etudes,Recherche-developpement en autres sciences physiques et naturelles,FRANQUEVILLE-SAINT-PIERRE,,76,,,,,,,,,,,,,,,,,,,,,,,,,,,,,,,,,,,,,,,,,,,,,,,538476557,53847655700029,72.19Z,,,,,,,,,,,sirene,
DOMUSDATA,,,a contacter,,,,,,,,,,,,data_etudes,"Traitement de donnees, hebergement et activites connexes",MULHOUSE,,68,,,,,,,,,,,,,,,,,,,,,,,,,,,,,,,,,,,,,,,,,,,,,,,422961722,42296172200028,63.11Z,,,,,,,,,,,sirene,
DORAN INTERNATIONAL,,,a contacter,,,,,,,,,,,,data_etudes,Recherche-developpement en autres sciences physiques et naturelles,TOUSSIEU,,69,,,,,,,,,,,,,,,,,,,,,,,,,,,,,,,,,,,,,,,,,,,,,,,400916912,40091691200027,72.19Z,,,,,,,,,,,sirene,
DOSISOFT,,,a contacter,,,,,,,,,,,,data_etudes,Recherche-developpement en autres sciences physiques et naturelles,CACHAN,,94,,,,,,,,,,,,,,,,,,,,,,,,,,,,,,,,,,,,,,,,,,,,,,,443195433,44319543300018,72.19Z,,,,,,,,,,,sirene,
DOUBLE PRECISION,,,a contacter,,,,,,,,,,,,data_etudes,Etudes de marche et sondages,PARIS,,75,,,,,,,,,,,,,,,,,,,,,,,,,,,,,,,,,,,,,,,,,,,,,,,400517223,40051722300055,73.20Z,,,,,,,,,,,sirene,
DOUBLETRADE,,,a contacter,,,,,,,,,,,,data_etudes,"Traitement de donnees, hebergement et activites connexes",ISSY-LES-MOULINEAUX,,92,,,,,,,,,,,,,,,,,,,,,,,,,,,,,,,,,,,,,,,,,,,,,,,339611956,33961195600121,63.11Z,,,,,,,,,,,sirene,
DOXALLIA,,,a contacter,,,,,,,,,,,,data_etudes,"Traitement de donnees, hebergement et activites connexes",BOZOULS,,12,,,,,,,,,,,,,,,,,,,,,,,,,,,,,,,,,,,,,,,,,,,,,,,397775305,39777530500014,63.11Z,,,,,,,,,,,sirene,
DREAMPATH DIAGNOSTICS,,,a contacter,,,,,,,,,,,,data_etudes,Recherche-developpement en autres sciences physiques et naturelles,STRASBOURG,,67,,,,,,,,,,,,,,,,,,,,,,,,,,,,,,,,,,,,,,,,,,,,,,,538488743,53848874300039,72.19Z,,,,,,,,,,,sirene,
DRIVEQUANT,,,a contacter,,,,,,,,,,,,data_etudes,"Traitement de donnees, hebergement et activites connexes",PARIS,,75,,,,,,,,,,,,,,,,,,,,,,,,,,,,,,,,,,,,,,,,,,,,,,,827525817,82752581700025,63.11Z,,,,,,,,,,,sirene,
DRONE ACT,,,a contacter,,,,,,,,,,,,data_etudes,Recherche-developpement en autres sciences physiques et naturelles,MALESTROIT,,56,,,,,,,,,,,,,,,,,,,,,,,,,,,,,,,,,,,,,,,,,,,,,,,812376358,81237635800030,72.19Z,,,,,,,,,,,sirene,
DRUGABILIS,,,a contacter,,,,,,,,,,,,data_etudes,Recherche-developpement en autres sciences physiques et naturelles,VILLEJUST,,91,,,,,,,,,,,,,,,,,,,,,,,,,,,,,,,,,,,,,,,,,,,,,,,478846173,47884617300027,72.19Z,,,,,,,,,,,sirene,
DRUGOPTIMAL,,,a contacter,,,,,,,,,,,,data_etudes,Recherche-developpement en autres sciences physiques et naturelles,PARIS,,75,,,,,,,,,,,,,,,,,,,,,,,,,,,,,,,,,,,,,,,,,,,,,,,912509270,91250927000035,72.19Z,,,,,,,,,,,sirene,
DSV FRANCE SARL,,,a contacter,,,,,,,,,,,,data_etudes,Recherche-developpement en autres sciences physiques et naturelles,TERMINIERS,,28,,,,,,,,,,,,,,,,,,,,,,,,,,,,,,,,,,,,,,,,,,,,,,,320292261,32029226100056,72.19Z,,,,,,,,,,,sirene,
DUCKER RESEARCH EUROPE,,,a contacter,,,,,,,,,,,,data_etudes,Etudes de marche et sondages,BOULOGNE-BILLANCOURT,,92,,,,,,,,,,,,,,,,,,,,,,,,,,,,,,,,,,,,,,,,,,,,,,,403191638,40319163800044,73.20Z,,,,,,,,,,,sirene,
DUNNHUMBY FRANCE,,,a contacter,,,,,,,,,,,,data_etudes,Etudes de marche et sondages,PARIS,,75,,,,,,,,,,,,,,,,,,,,,,,,,,,,,,,,,,,,,,,,,,,,,,,492705595,49270559500105,73.20Z,,,,,,,,,,,sirene,
DYAMEO,,,a contacter,,,,,,,,,,,,data_etudes,Recherche-developpement en autres sciences physiques et naturelles,LIMOGES,,87,,,,,,,,,,,,,,,,,,,,,,,,,,,,,,,,,,,,,,,,,,,,,,,828605386,82860538600030,72.19Z,,,,,,,,,,,sirene,
DYCSYT,,,a contacter,,,,,,,,,,,,data_etudes,Recherche-developpement en autres sciences physiques et naturelles,TOULOUSE,,31,,,,,,,,,,,,,,,,,,,,,,,,,,,,,,,,,,,,,,,,,,,,,,,919782995,91978299500030,72.19Z,,,,,,,,,,,sirene,
DYNAMITA,,,a contacter,,,,,,,,,,,,data_etudes,"Traitement de donnees, hebergement et activites connexes",SIGALE,,06,,,,,,,,,,,,,,,,,,,,,,,,,,,,,,,,,,,,,,,,,,,,,,,530600816,53060081600033,63.11Z,,,,,,,,,,,sirene,
DYNATA FRANCE,,,a contacter,,,,,,,,,,,,data_etudes,Etudes de marche et sondages,PARIS,,75,,,,,,,,,,,,,,,,,,,,,,,,,,,,,,,,,,,,,,,,,,,,,,,487897654,48789765400017,73.20Z,,,,,,,,,,,sirene,
DYNEL,,,a contacter,,,,,,,,,,,,data_etudes,Etudes de marche et sondages,ARGENTEUIL,,95,,,,,,,,,,,,,,,,,,,,,,,,,,,,,,,,,,,,,,,,,,,,,,,347965345,34796534500015,73.20Z,,,,,,,,,,,sirene,
E FLOW,,,a contacter,,,,,,,,,,,,data_etudes,"Traitement de donnees, hebergement et activites connexes",CLICHY,,92,,,,,,,,,,,,,,,,,,,,,,,,,,,,,,,,,,,,,,,,,,,,,,,804720241,80472024100012,63.11Z,,,,,,,,,,,sirene,
E-CLOUD,,,a contacter,,,,,,,,,,,,data_etudes,"Traitement de donnees, hebergement et activites connexes",SAINT-APOLLINAIRE,,21,,,,,,,,,,,,,,,,,,,,,,,,,,,,,,,,,,,,,,,,,,,,,,,799155569,79915556900038,63.11Z,,,,,,,,,,,sirene,
E-DENTIC,,,a contacter,,,,,,,,,,,,data_etudes,"Traitement de donnees, hebergement et activites connexes",VOURLES,,69,,,,,,,,,,,,,,,,,,,,,,,,,,,,,,,,,,,,,,,,,,,,,,,449240266,44924026600030,63.11Z,,,,,,,,,,,sirene,
E-HEALTH SERVICES SANOIA,,,a contacter,,,,,,,,,,,,data_etudes,Recherche-developpement en autres sciences physiques et naturelles,AUBAGNE,,13,,,,,,,,,,,,,,,,,,,,,,,,,,,,,,,,,,,,,,,,,,,,,,,528233190,52823319000032,72.19Z,,,,,,,,,,,sirene,
E-SCOPICS,,,a contacter,,,,,,,,,,,,data_etudes,Recherche-developpement en autres sciences physiques et naturelles,AIX-EN-PROVENCE,,13,,,,,,,,,,,,,,,,,,,,,,,,,,,,,,,,,,,,,,,,,,,,,,,841467293,84146729300038,72.19Z,,,,,,,,,,,sirene,
E-TUMBA,,,a contacter,,,,,,,,,,,,data_etudes,Recherche-developpement en autres sciences physiques et naturelles,CLAPIERS,,34,,,,,,,,,,,,,,,,,,,,,,,,,,,,,,,,,,,,,,,,,,,,,,,814747614,81474761400026,72.19Z,,,,,,,,,,,sirene,
E-VOTEZ,,,a contacter,,,,,,,,,,,,data_etudes,"Traitement de donnees, hebergement et activites connexes",NEUILLY-SUR-SEINE,,92,,,,,,,,,,,,,,,,,,,,,,,,,,,,,,,,,,,,,,,,,,,,,,,489660142,48966014200014,63.11Z,,,,,,,,,,,sirene,
E.DOM,,,a contacter,,,,,,,,,,,,data_etudes,Etudes de marche et sondages,SAINT-BERTHEVIN,,53,,,,,,,,,,,,,,,,,,,,,,,,,,,,,,,,,,,,,,,,,,,,,,,830264453,83026445300010,73.20Z,,,,,,,,,,,sirene,
E2I,,,a contacter,,,,,,,,,,,,data_etudes,"Traitement de donnees, hebergement et activites connexes",RENNES,,35,,,,,,,,,,,,,,,,,,,,,,,,,,,,,,,,,,,,,,,,,,,,,,,394233373,39423337300049,63.11Z,,,,,,,,,,,sirene,
EARCARE DEVELOPPEMENT S.A.R.L,,,a contacter,,,,,,,,,,,,data_etudes,Recherche-developpement en autres sciences physiques et naturelles,LUNEL-VIEL,,34,,,,,,,,,,,,,,,,,,,,,,,,,,,,,,,,,,,,,,,,,,,,,,,792037590,79203759000041,72.19Z,,,,,,,,,,,sirene,
EASY INFO SERVICES,,,a contacter,,,,,,,,,,,,data_etudes,"Traitement de donnees, hebergement et activites connexes",VIENNE,,38,,,,,,,,,,,,,,,,,,,,,,,,,,,,,,,,,,,,,,,,,,,,,,,495110876,49511087600028,63.11Z,,,,,,,,,,,sirene,
EASY PANEL,,,a contacter,,,,,,,,,,,,data_etudes,Etudes de marche et sondages,LEZENNES,,59,,,,,,,,,,,,,,,,,,,,,,,,,,,,,,,,,,,,,,,,,,,,,,,488868746,48886874600055,73.20Z,,,,,,,,,,,sirene,
EASY W3,,,a contacter,,,,,,,,,,,,data_etudes,"Traitement de donnees, hebergement et activites connexes",CAEN,,14,,,,,,,,,,,,,,,,,,,,,,,,,,,,,,,,,,,,,,,,,,,,,,,420199390,42019939000022,63.11Z,,,,,,,,,,,sirene,
EAU CEA,,,a contacter,,,,,,,,,,,,data_etudes,Recherche-developpement en autres sciences physiques et naturelles,TOULOUSE,,31,,,,,,,,,,,,,,,,,,,,,,,,,,,,,,,,,,,,,,,,,,,,,,,441783289,44178328900024,72.19Z,,,,,,,,,,,sirene,
EC&U,,,a contacter,,,,,,,,,,,,data_etudes,Etudes de marche et sondages,NANTES,,44,,,,,,,,,,,,,,,,,,,,,,,,,,,,,,,,,,,,,,,,,,,,,,,521808089,52180808900044,73.20Z,,,,,,,,,,,sirene,
ECLAIRION PARIS SUD,,,a contacter,,,,,,,,,,,,data_etudes,"Traitement de donnees, hebergement et activites connexes",BRUYERES-LE-CHATEL,,91,,,,,,,,,,,,,,,,,,,,,,,,,,,,,,,,,,,,,,,,,,,,,,,920382850,92038285000021,63.11Z,,,,,,,,,,,sirene,
ECLAT DIGITAL RECHERCHE,,,a contacter,,,,,,,,,,,,data_etudes,Recherche-developpement en autres sciences physiques et naturelles,NANTES,,44,,,,,,,,,,,,,,,,,,,,,,,,,,,,,,,,,,,,,,,,,,,,,,,801215492,80121549200035,72.19Z,,,,,,,,,,,sirene,
ECOAT,,,a contacter,,,,,,,,,,,,data_etudes,Recherche-developpement en autres sciences physiques et naturelles,GRASSE,,06,,,,,,,,,,,,,,,,,,,,,,,,,,,,,,,,,,,,,,,,,,,,,,,531121960,53112196000029,72.19Z,,,,,,,,,,,sirene,
ECOMMERCE INFORMATIQUE SERVICES,,,a contacter,,,,,,,,,,,,data_etudes,"Traitement de donnees, hebergement et activites connexes",NOZAY,,91,,,,,,,,,,,,,,,,,,,,,,,,,,,,,,,,,,,,,,,,,,,,,,,439976002,43997600200022,63.11Z,,,,,,,,,,,sirene,
ED INSTITUT,,,a contacter,,,,,,,,,,,,data_etudes,Etudes de marche et sondages,STRASBOURG,,67,,,,,,,,,,,,,,,,,,,,,,,,,,,,,,,,,,,,,,,,,,,,,,,333800753,33380075300076,73.20Z,,,,,,,,,,,sirene,
EDDI,,,a contacter,,,,,,,,,,,,data_etudes,"Traitement de donnees, hebergement et activites connexes",PARIS,,75,,,,,,,,,,,,,,,,,,,,,,,,,,,,,,,,,,,,,,,,,,,,,,,852855097,85285509700014,63.11Z,,,,,,,,,,,sirene,
EDE INNOV SAS,,,a contacter,,,,,,,,,,,,data_etudes,Recherche-developpement en autres sciences physiques et naturelles,EVRY-COURCOURONNES,,91,,,,,,,,,,,,,,,,,,,,,,,,,,,,,,,,,,,,,,,,,,,,,,,538067497,53806749700023,72.19Z,,,,,,,,,,,sirene,
EDELRIS,,,a contacter,,,,,,,,,,,,data_etudes,Recherche-developpement en autres sciences physiques et naturelles,LYON,,69,,,,,,,,,,,,,,,,,,,,,,,,,,,,,,,,,,,,,,,,,,,,,,,480901214,48090121400043,72.19Z,,,,,,,,,,,sirene,
EDEN TECH,,,a contacter,,,,,,,,,,,,data_etudes,Recherche-developpement en autres sciences physiques et naturelles,PARIS,,75,,,,,,,,,,,,,,,,,,,,,,,,,,,,,,,,,,,,,,,,,,,,,,,833254071,83325407100032,72.19Z,,,,,,,,,,,sirene,
EDENTIFY,,,a contacter,,,,,,,,,,,,data_etudes,Etudes de marche et sondages,DOMONT,,95,,,,,,,,,,,,,,,,,,,,,,,,,,,,,,,,,,,,,,,,,,,,,,,823998570,82399857000019,73.20Z,,,,,,,,,,,sirene,
EDICOM,,,a contacter,,,,,,,,,,,,data_etudes,"Traitement de donnees, hebergement et activites connexes",PARIS,,75,,,,,,,,,,,,,,,,,,,,,,,,,,,,,,,,,,,,,,,,,,,,,,,444658181,44465818100060,63.11Z,,,,,,,,,,,sirene,
EDIEA MARKETING,,,a contacter,,,,,,,,,,,,data_etudes,Etudes de marche et sondages,SAINT-PRIEST,,69,,,,,,,,,,,,,,,,,,,,,,,,,,,,,,,,,,,,,,,,,,,,,,,822225223,82222522300012,73.20Z,,,,,,,,,,,sirene,
EDIIS AID,,,a contacter,,,,,,,,,,,,data_etudes,"Traitement de donnees, hebergement et activites connexes",CHANTILLY,,60,,,,,,,,,,,,,,,,,,,,,,,,,,,,,,,,,,,,,,,,,,,,,,,812877165,81287716500017,63.11Z,,,,,,,,,,,sirene,
EDIISCAN,,,a contacter,,,,,,,,,,,,data_etudes,"Traitement de donnees, hebergement et activites connexes",EVREUX,,27,,,,,,,,,,,,,,,,,,,,,,,,,,,,,,,,,,,,,,,,,,,,,,,808578116,80857811600028,63.11Z,,,,,,,,,,,sirene,
EDIISCRM,,,a contacter,,,,,,,,,,,,data_etudes,"Traitement de donnees, hebergement et activites connexes",CHANTILLY,,60,,,,,,,,,,,,,,,,,,,,,,,,,,,,,,,,,,,,,,,,,,,,,,,812941805,81294180500010,63.11Z,,,,,,,,,,,sirene,
EDISSIO,,,a contacter,,,,,,,,,,,,data_etudes,Autres services d'information n.c.a.,SAINT-LEGER-SOUS-CHOLET,,49,,,,,,,,,,,,,,,,,,,,,,,,,,,,,,,,,,,,,,,,,,,,,,,533772463,53377246300030,63.99Z,,,,,,,,,,,sirene,
EDISYS,,,a contacter,,,,,,,,,,,,data_etudes,"Traitement de donnees, hebergement et activites connexes",LABEGE,,31,,,,,,,,,,,,,,,,,,,,,,,,,,,,,,,,,,,,,,,,,,,,,,,432796639,43279663900081,63.11Z,,,,,,,,,,,sirene,
EDITA DESIGN,,,a contacter,,,,,,,,,,,,data_etudes,Recherche-developpement en autres sciences physiques et naturelles,CESSON-SEVIGNE,,35,,,,,,,,,,,,,,,,,,,,,,,,,,,,,,,,,,,,,,,,,,,,,,,821784873,82178487300019,72.19Z,,,,,,,,,,,sirene,
EDITIONS ET SERVICES INFORMATIQUES,,,a contacter,,,,,,,,,,,,data_etudes,"Traitement de donnees, hebergement et activites connexes",SAINT-PRIEST,,69,,,,,,,,,,,,,,,,,,,,,,,,,,,,,,,,,,,,,,,,,,,,,,,380605238,38060523800027,63.11Z,,,,,,,,,,,sirene,
EDITIONS MULTIMEDIAS CAUMONT,,,a contacter,,,,,,,,,,,,data_etudes,"Traitement de donnees, hebergement et activites connexes",MARSEILLE,,13,,,,,,,,,,,,,,,,,,,,,,,,,,,,,,,,,,,,,,,,,,,,,,,448569947,44856994700030,63.11Z,,,,,,,,,,,sirene,
EDIX,,,a contacter,,,,,,,,,,,,data_etudes,"Traitement de donnees, hebergement et activites connexes",GELLAINVILLE,,28,,,,,,,,,,,,,,,,,,,,,,,,,,,,,,,,,,,,,,,,,,,,,,,808627277,80862727700045,63.11Z,,,,,,,,,,,sirene,
EDOUARD LEREBOURG,,,a contacter,,,,,,,,,,,,data_etudes,Etudes de marche et sondages,NICE,,06,,,,,,,,,,,,,,,,,,,,,,,,,,,,,,,,,,,,,,,,,,,,,,,385151170,38515117000029,73.20Z,,,,,,,,,,,sirene,
EDT - ELECTRONIC DATA TRANSFERT,,,a contacter,,,,,,,,,,,,data_etudes,"Traitement de donnees, hebergement et activites connexes",MONTBONNOT-SAINT-MARTIN,,38,,,,,,,,,,,,,,,,,,,,,,,,,,,,,,,,,,,,,,,,,,,,,,,352753800,35275380000072,63.11Z,,,,,,,,,,,sirene,
EFEDUS,,,a contacter,,,,,,,,,,,,data_etudes,"Traitement de donnees, hebergement et activites connexes",SIGALE,,06,,,,,,,,,,,,,,,,,,,,,,,,,,,,,,,,,,,,,,,,,,,,,,,484476783,48447678300028,63.11Z,,,,,,,,,,,sirene,
EFFERVESCENCE LAB,,,a contacter,,,,,,,,,,,,data_etudes,Recherche-developpement en autres sciences physiques et naturelles,AVIGNON,,84,,,,,,,,,,,,,,,,,,,,,,,,,,,,,,,,,,,,,,,,,,,,,,,534223607,53422360700027,72.19Z,,,,,,,,,,,sirene,
EFFICACITY,,,a contacter,,,,,,,,,,,,data_etudes,Recherche-developpement en autres sciences physiques et naturelles,CHAMPS-SUR-MARNE,,77,,,,,,,,,,,,,,,,,,,,,,,,,,,,,,,,,,,,,,,,,,,,,,,795233345,79523334500011,72.19Z,,,,,,,,,,,sirene,
EFG EUROPE,,,a contacter,,,,,,,,,,,,data_etudes,Etudes de marche et sondages,MONTROUGE,,92,,,,,,,,,,,,,,,,,,,,,,,,,,,,,,,,,,,,,,,,,,,,,,,819924663,81992466300027,73.20Z,,,,,,,,,,,sirene,
EFICEO,,,a contacter,,,,,,,,,,,,data_etudes,Etudes de marche et sondages,ANNECY,,74,,,,,,,,,,,,,,,,,,,,,,,,,,,,,,,,,,,,,,,,,,,,,,,535181168,53518116800027,73.20Z,,,,,,,,,,,sirene,
EFUZIF,,,a contacter,,,,,,,,,,,,data_etudes,Recherche-developpement en autres sciences physiques et naturelles,SAINT-LEU,,974,,,,,,,,,,,,,,,,,,,,,,,,,,,,,,,,,,,,,,,,,,,,,,,880665716,88066571600010,72.19Z,,,,,,,,,,,sirene,
EGIDEA,,,a contacter,,,,,,,,,,,,data_etudes,Etudes de marche et sondages,LABEGE,,31,,,,,,,,,,,,,,,,,,,,,,,,,,,,,,,,,,,,,,,,,,,,,,,520776071,52077607100034,73.20Z,,,,,,,,,,,sirene,
EGIS DATA & SOLUTIONS,,,a contacter,,,,,,,,,,,,data_etudes,"Traitement de donnees, hebergement et activites connexes",MONTREUIL,,93,,,,,,,,,,,,,,,,,,,,,,,,,,,,,,,,,,,,,,,,,,,,,,,305207391,30520739100049,63.11Z,,,,,,,,,,,sirene,
EGLE THERAPEUTICS,,,a contacter,,,,,,,,,,,,data_etudes,Recherche-developpement en autres sciences physiques et naturelles,SURESNES,,92,,,,,,,,,,,,,,,,,,,,,,,,,,,,,,,,,,,,,,,,,,,,,,,881373765,88137376500034,72.19Z,,,,,,,,,,,sirene,
EGM,,,a contacter,,,,,,,,,,,,data_etudes,"Traitement de donnees, hebergement et activites connexes",VALBONNE,,06,,,,,,,,,,,,,,,,,,,,,,,,,,,,,,,,,,,,,,,,,,,,,,,524029469,52402946900052,63.11Z,,,,,,,,,,,sirene,
EGYM WELLPASS FRANCE,,,a contacter,,,,,,,,,,,,data_etudes,"Traitement de donnees, hebergement et activites connexes",PARIS,,75,,,,,,,,,,,,,,,,,,,,,,,,,,,,,,,,,,,,,,,,,,,,,,,794597864,79459786400055,63.11Z,,,,,,,,,,,sirene,
EKIPEA,,,a contacter,,,,,,,,,,,,data_etudes,"Traitement de donnees, hebergement et activites connexes",ECROUVES,,54,,,,,,,,,,,,,,,,,,,,,,,,,,,,,,,,,,,,,,,,,,,,,,,830218145,83021814500027,63.11Z,,,,,,,,,,,sirene,
ELANOVA LAB,,,a contacter,,,,,,,,,,,,data_etudes,Recherche-developpement en autres sciences physiques et naturelles,VITRY-SUR-SEINE,,94,,,,,,,,,,,,,,,,,,,,,,,,,,,,,,,,,,,,,,,,,,,,,,,785402371,78540237100021,72.19Z,,,,,,,,,,,sirene,
ELECTREE,,,a contacter,,,,,,,,,,,,data_etudes,"Traitement de donnees, hebergement et activites connexes",CASTELNAU-LE-LEZ,,34,,,,,,,,,,,,,,,,,,,,,,,,,,,,,,,,,,,,,,,,,,,,,,,827988254,82798825400013,63.11Z,,,,,,,,,,,sirene,
ELEVO,,,a contacter,,,,,,,,,,,,data_etudes,"Traitement de donnees, hebergement et activites connexes",MONTREUIL,,93,,,,,,,,,,,,,,,,,,,,,,,,,,,,,,,,,,,,,,,,,,,,,,,824459739,82445973900028,63.11Z,,,,,,,,,,,sirene,
ELHYTEC,,,a contacter,,,,,,,,,,,,data_etudes,Recherche-developpement en autres sciences physiques et naturelles,VILLENEUVE-LES-AVIGNON,,30,,,,,,,,,,,,,,,,,,,,,,,,,,,,,,,,,,,,,,,,,,,,,,,907649115,90764911500017,72.19Z,,,,,,,,,,,sirene,
ELICHENS,,,a contacter,,,,,,,,,,,,data_etudes,Recherche-developpement en autres sciences physiques et naturelles,GRENOBLE,,38,,,,,,,,,,,,,,,,,,,,,,,,,,,,,,,,,,,,,,,,,,,,,,,808194138,80819413800034,72.19Z,,,,,,,,,,,sirene,
ELICIT PLANT,,,a contacter,,,,,,,,,,,,data_etudes,Recherche-developpement en autres sciences physiques et naturelles,MOULINS-SUR-TARDOIRE,,16,,,,,,,,,,,,,,,,,,,,,,,,,,,,,,,,,,,,,,,,,,,,,,,831286455,83128645500025,72.19Z,,,,,,,,,,,sirene,
ELIXIS DIGITAL,,,a contacter,,,,,,,,,,,,data_etudes,"Traitement de donnees, hebergement et activites connexes",PARIS,,75,,,,,,,,,,,,,,,,,,,,,,,,,,,,,,,,,,,,,,,,,,,,,,,481873545,48187354500042,63.11Z,,,,,,,,,,,sirene,
ELOGEN,,,a contacter,,,,,,,,,,,,data_etudes,Recherche-developpement en autres sciences physiques et naturelles,LES ULIS,,91,,,,,,,,,,,,,,,,,,,,,,,,,,,,,,,,,,,,,,,,,,,,,,,413598558,41359855800059,72.19Z,,,,,,,,,,,sirene,
ELOQUANT,,,a contacter,,,,,,,,,,,,data_etudes,"Traitement de donnees, hebergement et activites connexes",GIERES,,38,,,,,,,,,,,,,,,,,,,,,,,,,,,,,,,,,,,,,,,,,,,,,,,434132155,43413215500046,63.11Z,,,,,,,,,,,sirene,
ELS PARTNERSHIP B.V.,,,a contacter,,,,,,,,,,,,data_etudes,"Traitement de donnees, hebergement et activites connexes",,,,,,,,,,,,,,,,,,,,,,,,,,,,,,,,,,,,,,,,,,,,,,,,,,823058706,82305870600016,63.11Z,,,,,,,,,,,sirene,
EMA,,,a contacter,,,,,,,,,,,,data_etudes,Recherche-developpement en autres sciences physiques et naturelles,MONTPELLIER,,34,,,,,,,,,,,,,,,,,,,,,,,,,,,,,,,,,,,,,,,,,,,,,,,799844055,79984405500027,72.19Z,,,,,,,,,,,sirene,
EMAIL MARKETING,,,a contacter,,,,,,,,,,,,data_etudes,"Traitement de donnees, hebergement et activites connexes",PESSAC,,33,,,,,,,,,,,,,,,,,,,,,,,,,,,,,,,,,,,,,,,,,,,,,,,432711521,43271152100091,63.11Z,,,,,,,,,,,sirene,
EMERCELL,,,a contacter,,,,,,,,,,,,data_etudes,Recherche-developpement en autres sciences physiques et naturelles,PARIS,,75,,,,,,,,,,,,,,,,,,,,,,,,,,,,,,,,,,,,,,,,,,,,,,,790608814,79060881400022,72.19Z,,,,,,,,,,,sirene,
EMUNDUS,,,a contacter,,,,,,,,,,,,data_etudes,"Traitement de donnees, hebergement et activites connexes",LA ROCHELLE,,17,,,,,,,,,,,,,,,,,,,,,,,,,,,,,,,,,,,,,,,,,,,,,,,825367303,82536730300039,63.11Z,,,,,,,,,,,sirene,
EN3D,,,a contacter,,,,,,,,,,,,data_etudes,"Traitement de donnees, hebergement et activites connexes",CHAMBERY,,73,,,,,,,,,,,,,,,,,,,,,,,,,,,,,,,,,,,,,,,,,,,,,,,894333723,89433372300019,63.11Z,,,,,,,,,,,sirene,
ENCOD,,,a contacter,,,,,,,,,,,,data_etudes,"Traitement de donnees, hebergement et activites connexes",BORDEAUX,,33,,,,,,,,,,,,,,,,,,,,,,,,,,,,,,,,,,,,,,,,,,,,,,,313897019,31389701900029,63.11Z,,,,,,,,,,,sirene,
ENDALIS,,,a contacter,,,,,,,,,,,,data_etudes,Recherche-developpement en autres sciences physiques et naturelles,BRIGNAIS,,69,,,,,,,,,,,,,,,,,,,,,,,,,,,,,,,,,,,,,,,,,,,,,,,501065023,50106502300043,72.19Z,,,,,,,,,,,sirene,
ENDODIAG,,,a contacter,,,,,,,,,,,,data_etudes,Recherche-developpement en autres sciences physiques et naturelles,EVRY-COURCOURONNES,,91,,,,,,,,,,,,,,,,,,,,,,,,,,,,,,,,,,,,,,,,,,,,,,,529900532,52990053200019,72.19Z,,,,,,,,,,,sirene,
ENDOGENE.BIO,,,a contacter,,,,,,,,,,,,data_etudes,Recherche-developpement en autres sciences physiques et naturelles,PARIS,,75,,,,,,,,,,,,,,,,,,,,,,,,,,,,,,,,,,,,,,,,,,,,,,,910384999,91038499900017,72.19Z,,,,,,,,,,,sirene,
ENERDATA,,,a contacter,,,,,,,,,,,,data_etudes,"Traitement de donnees, hebergement et activites connexes",GRENOBLE,,38,,,,,,,,,,,,,,,,,,,,,,,,,,,,,,,,,,,,,,,,,,,,,,,489319111,48931911100022,63.11Z,,,,,,,,,,,sirene,
ENERGIESTRO,,,a contacter,,,,,,,,,,,,data_etudes,Recherche-developpement en autres sciences physiques et naturelles,ESSERT,,90,,,,,,,,,,,,,,,,,,,,,,,,,,,,,,,,,,,,,,,,,,,,,,,438829434,43882943400036,72.19Z,,,,,,,,,,,sirene,
ENERGY BIOMASS SOURCING,,,a contacter,,,,,,,,,,,,data_etudes,Recherche-developpement en autres sciences physiques et naturelles,SAINT-DENIS,,93,,,,,,,,,,,,,,,,,,,,,,,,,,,,,,,,,,,,,,,,,,,,,,,538169525,53816952500093,72.19Z,,,,,,,,,,,sirene,
ENOV,,,a contacter,,,,,,,,,,,,data_etudes,Etudes de marche et sondages,VILLEURBANNE,,69,,,,,,,,,,,,,,,,,,,,,,,,,,,,,,,,,,,,,,,,,,,,,,,494279607,49427960700027,73.20Z,,,,,,,,,,,sirene,
ENTENT,,,a contacter,,,,,,,,,,,,data_etudes,Recherche-developpement en autres sciences physiques et naturelles,AIX EN PROVENCE,,13,,,,,,,,,,,,,,,,,,,,,,,,,,,,,,,,,,,,,,,,,,,,,,,834504862,83450486200014,72.19Z,,,,,,,,,,,sirene,
ENVITECH FRANCE,,,a contacter,,,,,,,,,,,,data_etudes,Recherche-developpement en autres sciences physiques et naturelles,SAINT-FONS,,69,,,,,,,,,,,,,,,,,,,,,,,,,,,,,,,,,,,,,,,,,,,,,,,878335843,87833584300024,72.19Z,,,,,,,,,,,sirene,
ENWIRES,,,a contacter,,,,,,,,,,,,data_etudes,Recherche-developpement en autres sciences physiques et naturelles,MONTBONNOT-SAINT-MARTIN,,38,,,,,,,,,,,,,,,,,,,,,,,,,,,,,,,,,,,,,,,,,,,,,,,819431834,81943183400038,72.19Z,,,,,,,,,,,sirene,
ENYO PHARMA,,,a contacter,,,,,,,,,,,,data_etudes,Recherche-developpement en autres sciences physiques et naturelles,LYON,,69,,,,,,,,,,,,,,,,,,,,,,,,,,,,,,,,,,,,,,,,,,,,,,,799831011,79983101100041,72.19Z,,,,,,,,,,,sirene,
EPG-F,,,a contacter,,,,,,,,,,,,data_etudes,Recherche-developpement en autres sciences physiques et naturelles,HENRIVILLE,,57,,,,,,,,,,,,,,,,,,,,,,,,,,,,,,,,,,,,,,,,,,,,,,,538635392,53863539200011,72.19Z,,,,,,,,,,,sirene,
EPHYLA,,,a contacter,,,,,,,,,,,,data_etudes,Recherche-developpement en autres sciences physiques et naturelles,ARZAL,,56,,,,,,,,,,,,,,,,,,,,,,,,,,,,,,,,,,,,,,,,,,,,,,,512447236,51244723600039,72.19Z,,,,,,,,,,,sirene,
EPL ARCHIVES,,,a contacter,,,,,,,,,,,,data_etudes,"Traitement de donnees, hebergement et activites connexes",CARROS,,06,,,,,,,,,,,,,,,,,,,,,,,,,,,,,,,,,,,,,,,,,,,,,,,422176156,42217615600020,63.11Z,,,,,,,,,,,sirene,
EPM RESSOURCES CONSULTING,,,a contacter,,,,,,,,,,,,data_etudes,"Traitement de donnees, hebergement et activites connexes",BAGNOLET,,93,,,,,,,,,,,,,,,,,,,,,,,,,,,,,,,,,,,,,,,,,,,,,,,822446332,82244633200014,63.11Z,,,,,,,,,,,sirene,
EPSILON MARKETING,,,a contacter,,,,,,,,,,,,data_etudes,Etudes de marche et sondages,BORDEAUX,,33,,,,,,,,,,,,,,,,,,,,,,,,,,,,,,,,,,,,,,,,,,,,,,,379038516,37903851600025,73.20Z,,,,,,,,,,,sirene,
EQIPE,,,a contacter,,,,,,,,,,,,data_etudes,"Traitement de donnees, hebergement et activites connexes",MONTREUIL,,93,,,,,,,,,,,,,,,,,,,,,,,,,,,,,,,,,,,,,,,,,,,,,,,890435837,89043583700038,63.11Z,,,,,,,,,,,sirene,
EQUATIV,,,a contacter,,,,,,,,,,,,data_etudes,"Traitement de donnees, hebergement et activites connexes",PARIS,,75,,,,,,,,,,,,,,,,,,,,,,,,,,,,,,,,,,,,,,,,,,,,,,,487613481,48761348100109,63.11Z,,,,,,,,,,,sirene,
EQUINIX (FRANCE) ENTERPRISES SAS,,,a contacter,,,,,,,,,,,,data_etudes,"Traitement de donnees, hebergement et activites connexes",PARIS,,75,,,,,,,,,,,,,,,,,,,,,,,,,,,,,,,,,,,,,,,,,,,,,,,800223372,80022337200098,63.11Z,,,,,,,,,,,sirene,
EQUINIX FRANCE SAS,,,a contacter,,,,,,,,,,,,data_etudes,"Traitement de donnees, hebergement et activites connexes",PARIS,,75,,,,,,,,,,,,,,,,,,,,,,,,,,,,,,,,,,,,,,,,,,,,,,,429840853,42984085300106,63.11Z,,,,,,,,,,,sirene,
ERAMET IDEAS,,,a contacter,,,,,,,,,,,,data_etudes,Recherche-developpement en autres sciences physiques et naturelles,TRAPPES,,78,,,,,,,,,,,,,,,,,,,,,,,,,,,,,,,,,,,,,,,,,,,,,,,301608634,30160863400012,72.19Z,,,,,,,,,,,sirene,
ERAS LABO,,,a contacter,,,,,,,,,,,,data_etudes,Recherche-developpement en autres sciences physiques et naturelles,SAINT-NAZAIRE-LES-EYMES,,38,,,,,,,,,,,,,,,,,,,,,,,,,,,,,,,,,,,,,,,,,,,,,,,381144211,38114421100020,72.19Z,,,,,,,,,,,sirene,
ERTC TECHNOLOGIES,,,a contacter,,,,,,,,,,,,data_etudes,Recherche-developpement en autres sciences physiques et naturelles,SOULTZ-HAUT-RHIN,,68,,,,,,,,,,,,,,,,,,,,,,,,,,,,,,,,,,,,,,,,,,,,,,,915066054,91506605400015,72.19Z,,,,,,,,,,,sirene,
ES-QUALITE,,,a contacter,,,,,,,,,,,,data_etudes,Etudes de marche et sondages,NICE,,06,,,,,,,,,,,,,,,,,,,,,,,,,,,,,,,,,,,,,,,,,,,,,,,798512976,79851297600035,73.20Z,,,,,,,,,,,sirene,
ESP CONSULTING,,,a contacter,,,,,,,,,,,,data_etudes,Recherche-developpement en autres sciences physiques et naturelles,AIX EN PROVENCE,,13,,,,,,,,,,,,,,,,,,,,,,,,,,,,,,,,,,,,,,,,,,,,,,,505211078,50521107800033,72.19Z,,,,,,,,,,,sirene,
ESPACES TV COMMUNICATION,,,a contacter,,,,,,,,,,,,data_etudes,"Traitement de donnees, hebergement et activites connexes",PARIS,,75,,,,,,,,,,,,,,,,,,,,,,,,,,,,,,,,,,,,,,,,,,,,,,,338688856,33868885600065,63.11Z,,,,,,,,,,,sirene,
ESSEC SOLUTIONS ENTREPRISES,,,a contacter,,,,,,,,,,,,data_etudes,Etudes de marche et sondages,CERGY,,95,,,,,,,,,,,,,,,,,,,,,,,,,,,,,,,,,,,,,,,,,,,,,,,339531063,33953106300024,73.20Z,,,,,,,,,,,sirene,
EST INFORMATIQUE SERVICE,,,a contacter,,,,,,,,,,,,data_etudes,"Traitement de donnees, hebergement et activites connexes",BELFORT,,90,,,,,,,,,,,,,,,,,,,,,,,,,,,,,,,,,,,,,,,,,,,,,,,329340657,32934065700017,63.11Z,,,,,,,,,,,sirene,
ESTIMATION MEDIA,,,a contacter,,,,,,,,,,,,data_etudes,Etudes de marche et sondages,PARIS,,75,,,,,,,,,,,,,,,,,,,,,,,,,,,,,,,,,,,,,,,,,,,,,,,392049557,39204955700078,73.20Z,,,,,,,,,,,sirene,
ETABLISSEMENT PUBLIC LOCAL D'ENSEIGNEMENT ET DE FORMATION PROFESSIONNELLE AGRICOLES DE LIMOGES ET DU NORD HAUTE-VIENNE,,,a contacter,,,,,,,,,,,,data_etudes,Recherche-developpement en autres sciences physiques et naturelles,VERNEUIL-SUR-VIENNE,,87,,,,,,,,,,,,,,,,,,,,,,,,,,,,,,,,,,,,,,,,,,,,,,,198705816,19870581600017,72.19Z,,,,,,,,,,,sirene,
ETABLISSEMENTS GEORGES RENAULT,,,a contacter,,,,,,,,,,,,data_etudes,Recherche-developpement en autres sciences physiques et naturelles,SAINT-HERBLAIN,,44,,,,,,,,,,,,,,,,,,,,,,,,,,,,,,,,,,,,,,,,,,,,,,,856801683,85680168300058,72.19Z,,,,,,,,,,,sirene,
ETOM DFA SAS,,,a contacter,,,,,,,,,,,,data_etudes,Etudes de marche et sondages,DUCOS,,972,,,,,,,,,,,,,,,,,,,,,,,,,,,,,,,,,,,,,,,,,,,,,,,384909289,38490928900041,73.20Z,,,,,,,,,,,sirene,
ETREPROPRIO,,,a contacter,,,,,,,,,,,,data_etudes,"Traitement de donnees, hebergement et activites connexes",LABEGE,,31,,,,,,,,,,,,,,,,,,,,,,,,,,,,,,,,,,,,,,,,,,,,,,,500884010,50088401000033,63.11Z,,,,,,,,,,,sirene,
ETUDES ACTIONS,,,a contacter,,,,,,,,,,,,data_etudes,Etudes de marche et sondages,LYON,,69,,,,,,,,,,,,,,,,,,,,,,,,,,,,,,,,,,,,,,,,,,,,,,,351478474,35147847400023,73.20Z,,,,,,,,,,,sirene,
ETUDES ET MARKETING -OI,,,a contacter,,,,,,,,,,,,data_etudes,Etudes de marche et sondages,SAINT-DENIS,,974,,,,,,,,,,,,,,,,,,,,,,,,,,,,,,,,,,,,,,,,,,,,,,,447649633,44764963300032,73.20Z,,,,,,,,,,,sirene,
EURECA,,,a contacter,,,,,,,,,,,,data_etudes,Etudes de marche et sondages,MARSEILLE,,13,,,,,,,,,,,,,,,,,,,,,,,,,,,,,,,,,,,,,,,,,,,,,,,352846018,35284601800047,73.20Z,,,,,,,,,,,sirene,
EUREKA,,,a contacter,,,,,,,,,,,,data_etudes,"Traitement de donnees, hebergement et activites connexes",MARSEILLE,,13,,,,,,,,,,,,,,,,,,,,,,,,,,,,,,,,,,,,,,,,,,,,,,,793300419,79330041900033,63.11Z,,,,,,,,,,,sirene,
EUREKA ROBOTICS,,,a contacter,,,,,,,,,,,,data_etudes,Recherche-developpement en autres sciences physiques et naturelles,TOULOUSE,,31,,,,,,,,,,,,,,,,,,,,,,,,,,,,,,,,,,,,,,,,,,,,,,,899110431,89911043100025,72.19Z,,,,,,,,,,,sirene,
EUREX-FIFM TDI,,,a contacter,,,,,,,,,,,,data_etudes,"Traitement de donnees, hebergement et activites connexes",PRUNELLI-DI-FIUMORBO,,2B,,,,,,,,,,,,,,,,,,,,,,,,,,,,,,,,,,,,,,,,,,,,,,,323528901,32352890100024,63.11Z,,,,,,,,,,,sirene,
EURIS HEALTH CLOUD,,,a contacter,,,,,,,,,,,,data_etudes,"Traitement de donnees, hebergement et activites connexes",BOULOGNE-BILLANCOURT,,92,,,,,,,,,,,,,,,,,,,,,,,,,,,,,,,,,,,,,,,,,,,,,,,408760130,40876013000042,63.11Z,,,,,,,,,,,sirene,
EURL A6LANDES INFORMATIQUE,,,a contacter,,,,,,,,,,,,data_etudes,"Traitement de donnees, hebergement et activites connexes",MONT-DE-MARSAN,,40,,,,,,,,,,,,,,,,,,,,,,,,,,,,,,,,,,,,,,,,,,,,,,,501492771,50149277100057,63.11Z,,,,,,,,,,,sirene,
EURL CENTREXPE,,,a contacter,,,,,,,,,,,,data_etudes,Recherche-developpement en autres sciences physiques et naturelles,ANGERVILLE,,91,,,,,,,,,,,,,,,,,,,,,,,,,,,,,,,,,,,,,,,,,,,,,,,502410129,50241012900014,72.19Z,,,,,,,,,,,sirene,
EURL STPEM-SOC TERRAIN ETUDES MARCHE,,,a contacter,,,,,,,,,,,,data_etudes,Etudes de marche et sondages,LYON,,69,,,,,,,,,,,,,,,,,,,,,,,,,,,,,,,,,,,,,,,,,,,,,,,443864970,44386497000019,73.20Z,,,,,,,,,,,sirene,
EURO CIBLE CONCEPT,,,a contacter,,,,,,,,,,,,data_etudes,"Traitement de donnees, hebergement et activites connexes",VILLE-LA-GRAND,,74,,,,,,,,,,,,,,,,,,,,,,,,,,,,,,,,,,,,,,,,,,,,,,,397769084,39776908400021,63.11Z,,,,,,,,,,,sirene,
EURO CRM CARAIBES,,,a contacter,,,,,,,,,,,,data_etudes,"Traitement de donnees, hebergement et activites connexes",BAIE-MAHAULT,,971,,,,,,,,,,,,,,,,,,,,,,,,,,,,,,,,,,,,,,,,,,,,,,,439265752,43926575200055,63.11Z,,,,,,,,,,,sirene,
EURO SYSTEME D'INFORMATION,,,a contacter,,,,,,,,,,,,data_etudes,"Traitement de donnees, hebergement et activites connexes",VEZENOBRES,,30,,,,,,,,,,,,,,,,,,,,,,,,,,,,,,,,,,,,,,,,,,,,,,,798779393,79877939300015,63.11Z,,,,,,,,,,,sirene,
EURO.TVS - TRAITEMENT VALEURS SERVICES,,,a contacter,,,,,,,,,,,,data_etudes,"Traitement de donnees, hebergement et activites connexes",AUBERVILLIERS,,93,,,,,,,,,,,,,,,,,,,,,,,,,,,,,,,,,,,,,,,,,,,,,,,702029562,70202956200254,63.11Z,,,,,,,,,,,sirene,
EURODATA,,,a contacter,,,,,,,,,,,,data_etudes,"Traitement de donnees, hebergement et activites connexes",FORBACH,,57,,,,,,,,,,,,,,,,,,,,,,,,,,,,,,,,,,,,,,,,,,,,,,,656680170,65668017000031,63.11Z,,,,,,,,,,,sirene,
EUROFINS ADME BIOANALYSES,,,a contacter,,,,,,,,,,,,data_etudes,Recherche-developpement en autres sciences physiques et naturelles,VERGEZE,,30,,,,,,,,,,,,,,,,,,,,,,,,,,,,,,,,,,,,,,,,,,,,,,,341460293,34146029300044,72.19Z,,,,,,,,,,,sirene,
EUROFINS AMATSIGROUP SAS,C,0,a contacter,,,,,,,,,,,,data_etudes,Recherche-developpement en autres sciences physiques et naturelles,FONTENILLES,,31,,,,,,,,,https://www.pappers.fr/entreprise/423868181,https://annuaire-entreprises.data.gouv.fr/entreprise/423868181,https://annuaire-entreprises.data.gouv.fr/annonces/423868181,https://annuaire-entreprises.data.gouv.fr/donnees-financieres/423868181,https://annuaire-entreprises.data.gouv.fr/dirigeants/423868181,https://www.google.com/maps/search/?api=1&query=EUROFINS+AMATSIGROUP+SAS+FONTENILLES,https://www.google.com/search?q=EUROFINS+AMATSIGROUP+SAS+FONTENILLES,https://news.google.com/search?hl=fr&q=%22EUROFINS+AMATSIGROUP+SAS%22,https://www.linkedin.com/search/results/companies/?keywords=EUROFINS+AMATSIGROUP+SAS,,https://www.pagesjaunes.fr/annuaire/chercherlespros?quoiqui=EUROFINS+AMATSIGROUP+SAS&ou=FONTENILLES,https://www.societe.com/cgi-bin/search?champs=423868181,,,,,,,,,,,,,,,,,,,,,,,,FR30423868181,,,423868181,42386818100078,72.19Z,,,,,,,,non,oui,2026-08-03,sirene,
EUROFINS BIOPHY RESEARCH,,,a contacter,,,,,,,,,,,,data_etudes,Recherche-developpement en autres sciences physiques et naturelles,FUVEAU,,13,,,,,,,,,,,,,,,,,,,,,,,,,,,,,,,,,,,,,,,,,,,,,,,390930840,39093084000033,72.19Z,,,,,,,,,,,sirene,
EUROFINS CEREP,,,a contacter,,,,,,,,,,,,data_etudes,Recherche-developpement en autres sciences physiques et naturelles,CELLE-LEVESCAULT,,86,,,,,,,,,,,,,,,,,,,,,,,,,,,,,,,,,,,,,,,,,,,,,,,353189848,35318984800016,72.19Z,,,,,,,,,,,sirene,
EUROFINS PHARMA QUALITY CONTROL,,,a contacter,,,,,,,,,,,,data_etudes,Recherche-developpement en autres sciences physiques et naturelles,NANTES,,44,,,,,,,,,,,,,,,,,,,,,,,,,,,,,,,,,,,,,,,,,,,,,,,393465778,39346577800073,72.19Z,,,,,,,,,,,sirene,
EURONUTRITION,,,a contacter,,,,,,,,,,,,data_etudes,Recherche-developpement en autres sciences physiques et naturelles,SAINT-SYMPHORIEN,,72,,,,,,,,,,,,,,,,,,,,,,,,,,,,,,,,,,,,,,,,,,,,,,,443562640,44356264000013,72.19Z,,,,,,,,,,,sirene,
EUROP'GESTION INFORMATIQUE SERVICES EGIS,,,a contacter,,,,,,,,,,,,data_etudes,"Traitement de donnees, hebergement et activites connexes",SAINT-ETIENNE,,42,,,,,,,,,,,,,,,,,,,,,,,,,,,,,,,,,,,,,,,,,,,,,,,384260303,38426030300027,63.11Z,,,,,,,,,,,sirene,
EUROPEAN INSTITUTE FOR STUDIES ON THE MIDDLE EAST AND NORTH AFRICA (EISMENA),,,a contacter,,,,,,,,,,,,data_etudes,Recherche-developpement en autres sciences physiques et naturelles,PARIS,,75,,,,,,,,,,,,,,,,,,,,,,,,,,,,,,,,,,,,,,,,,,,,,,,900587122,90058712200020,72.19Z,,,,,,,,,,,sirene,
EUROPEAN MOLECULAR BIOLOGY LABORATORY,,,a contacter,,,,,,,,,,,,data_etudes,Recherche-developpement en autres sciences physiques et naturelles,GRENOBLE,,38,,,,,,,,,,,,,,,,,,,,,,,,,,,,,,,,,,,,,,,,,,,,,,,302717327,30271732700035,72.19Z,,,,,,,,,,,sirene,
EUROPEAN SOURCING,,,a contacter,,,,,,,,,,,,data_etudes,"Traitement de donnees, hebergement et activites connexes",ESTILLAC,,47,,,,,,,,,,,,,,,,,,,,,,,,,,,,,,,,,,,,,,,,,,,,,,,443053251,44305325100015,63.11Z,,,,,,,,,,,sirene,
EVEON,,,a contacter,,,,,,,,,,,,data_etudes,Recherche-developpement en autres sciences physiques et naturelles,MONTBONNOT-SAINT-MARTIN,,38,,,,,,,,,,,,,,,,,,,,,,,,,,,,,,,,,,,,,,,,,,,,,,,509675039,50967503900028,72.19Z,,,,,,,,,,,sirene,
EVINA,,,a contacter,,,,,,,,,,,,data_etudes,"Traitement de donnees, hebergement et activites connexes",VERSAILLES,,78,,,,,,,,,,,,,,,,,,,,,,,,,,,,,,,,,,,,,,,,,,,,,,,797969003,79796900300012,63.11Z,,,,,,,,,,,sirene,
EVOLIS,,,a contacter,,,,,,,,,,,,data_etudes,"Traitement de donnees, hebergement et activites connexes",ALIXAN,,26,,,,,,,,,,,,,,,,,,,,,,,,,,,,,,,,,,,,,,,,,,,,,,,441746021,44174602100050,63.11Z,,,,,,,,,,,sirene,
EVOLUTIVE AGRONOMY,,,a contacter,,,,,,,,,,,,data_etudes,Recherche-developpement en autres sciences physiques et naturelles,VALLAURIS,,06,,,,,,,,,,,,,,,,,,,,,,,,,,,,,,,,,,,,,,,,,,,,,,,952317576,95231757600017,72.19Z,,,,,,,,,,,sirene,
EVONIK ADVANCED BOTANICALS,,,a contacter,,,,,,,,,,,,data_etudes,Recherche-developpement en autres sciences physiques et naturelles,PARCAY-MESLAY,,37,,,,,,,,,,,,,,,,,,,,,,,,,,,,,,,,,,,,,,,,,,,,,,,538700295,53870029500024,72.19Z,,,,,,,,,,,sirene,
EVOS INFOGERANCE,,,a contacter,,,,,,,,,,,,data_etudes,"Traitement de donnees, hebergement et activites connexes",MONTBONNOT-SAINT-MARTIN,,38,,,,,,,,,,,,,,,,,,,,,,,,,,,,,,,,,,,,,,,,,,,,,,,510366560,51036656000033,63.11Z,,,,,,,,,,,sirene,
EVOTECH,,,a contacter,,,,,,,,,,,,data_etudes,Recherche-developpement en autres sciences physiques et naturelles,SAINT-GEOURS-DE-MAREMNE,,40,,,,,,,,,,,,,,,,,,,,,,,,,,,,,,,,,,,,,,,,,,,,,,,808051585,80805158500038,72.19Z,,,,,,,,,,,sirene,
EXELIOM BIOSCIENCES,,,a contacter,,,,,,,,,,,,data_etudes,Recherche-developpement en autres sciences physiques et naturelles,PARIS,,75,,,,,,,,,,,,,,,,,,,,,,,,,,,,,,,,,,,,,,,,,,,,,,,824343214,82434321400048,72.19Z,,,,,,,,,,,sirene,
EXINNOV,,,a contacter,,,,,,,,,,,,data_etudes,Recherche-developpement en autres sciences physiques et naturelles,SAINT-JEAN-D'ILLAC,,33,,,,,,,,,,,,,,,,,,,,,,,,,,,,,,,,,,,,,,,,,,,,,,,514565332,51456533200046,72.19Z,,,,,,,,,,,sirene,
EXODATA BI,,,a contacter,,,,,,,,,,,,data_etudes,"Traitement de donnees, hebergement et activites connexes",BAIE-MAHAULT,,971,,,,,,,,,,,,,,,,,,,,,,,,,,,,,,,,,,,,,,,,,,,,,,,750958860,75095886000033,63.11Z,,,,,,,,,,,sirene,
EXODATA CARAIBES,,,a contacter,,,,,,,,,,,,data_etudes,"Traitement de donnees, hebergement et activites connexes",LE LAMENTIN,,972,,,,,,,,,,,,,,,,,,,,,,,,,,,,,,,,,,,,,,,,,,,,,,,791533623,79153362300025,63.11Z,,,,,,,,,,,sirene,
EXORDE LABS,,,a contacter,,,,,,,,,,,,data_etudes,"Traitement de donnees, hebergement et activites connexes",LYON,,69,,,,,,,,,,,,,,,,,,,,,,,,,,,,,,,,,,,,,,,,,,,,,,,902572049,90257204900028,63.11Z,,,,,,,,,,,sirene,
EXPERT SA,,,a contacter,,,,,,,,,,,,data_etudes,"Traitement de donnees, hebergement et activites connexes",PARIS,,75,,,,,,,,,,,,,,,,,,,,,,,,,,,,,,,,,,,,,,,,,,,,,,,419332101,41933210100072,63.11Z,,,,,,,,,,,sirene,
EXPLI SITE,,,a contacter,,,,,,,,,,,,data_etudes,"Traitement de donnees, hebergement et activites connexes",PARIS,,75,,,,,,,,,,,,,,,,,,,,,,,,,,,,,,,,,,,,,,,,,,,,,,,410236103,41023610300066,63.11Z,,,,,,,,,,,sirene,
EXPLORE,,,a contacter,,,,,,,,,,,,data_etudes,Etudes de marche et sondages,CARQUEFOU,,44,,,,,,,,,,,,,,,,,,,,,,,,,,,,,,,,,,,,,,,,,,,,,,,518891395,51889139500015,73.20Z,,,,,,,,,,,sirene,
EXTRACTIS,,,a contacter,,,,,,,,,,,,data_etudes,Recherche-developpement en autres sciences physiques et naturelles,DURY,,80,,,,,,,,,,,,,,,,,,,,,,,,,,,,,,,,,,,,,,,,,,,,,,,330874058,33087405800077,72.19Z,,,,,,,,,,,sirene,
EXTREMIS ROBOTICS,,,a contacter,,,,,,,,,,,,data_etudes,Recherche-developpement en autres sciences physiques et naturelles,SAINT-MARTIN-D'HERES,,38,,,,,,,,,,,,,,,,,,,,,,,,,,,,,,,,,,,,,,,,,,,,,,,905387775,90538777500018,72.19Z,,,,,,,,,,,sirene,
EYE TECH CARE,,,a contacter,,,,,,,,,,,,data_etudes,Recherche-developpement en autres sciences physiques et naturelles,RILLIEUX-LA-PAPE,,69,,,,,,,,,,,,,,,,,,,,,,,,,,,,,,,,,,,,,,,,,,,,,,,505187526,50518752600015,72.19Z,,,,,,,,,,,sirene,
EYES ROAD S.A.S,,,a contacter,,,,,,,,,,,,data_etudes,"Traitement de donnees, hebergement et activites connexes",EVRY-COURCOURONNES,,91,,,,,,,,,,,,,,,,,,,,,,,,,,,,,,,,,,,,,,,,,,,,,,,443924212,44392421200030,63.11Z,,,,,,,,,,,sirene,
EYESOFT,,,a contacter,,,,,,,,,,,,data_etudes,Recherche-developpement en autres sciences physiques et naturelles,BORDEAUX,,33,,,,,,,,,,,,,,,,,,,,,,,,,,,,,,,,,,,,,,,,,,,,,,,833515026,83351502600064,72.19Z,,,,,,,,,,,sirene,
EZUS LYON,,,a contacter,,,,,,,,,,,,data_etudes,Recherche-developpement en autres sciences physiques et naturelles,VILLEURBANNE,,69,,,,,,,,,,,,,,,,,,,,,,,,,,,,,,,,,,,,,,,,,,,,,,,378266845,37826684500023,72.19Z,,,,,,,,,,,sirene,
F. I. 94,,,a contacter,,,,,,,,,,,,data_etudes,"Traitement de donnees, hebergement et activites connexes",CROSNE,,91,,,,,,,,,,,,,,,,,,,,,,,,,,,,,,,,,,,,,,,,,,,,,,,391614310,39161431000038,63.11Z,,,,,,,,,,,sirene,
"FAB'LIM, LE LABO DES TERRITOIRES ALIMENTAIRES MEDITERRANEENS",,,a contacter,,,,,,,,,,,,data_etudes,Recherche-developpement en autres sciences physiques et naturelles,VILLEVEYRAC,,34,,,,,,,,,,,,,,,,,,,,,,,,,,,,,,,,,,,,,,,,,,,,,,,481872398,48187239800021,72.19Z,,,,,,,,,,,sirene,
FARMSAAT FRANCE SARL,,,a contacter,,,,,,,,,,,,data_etudes,Recherche-developpement en autres sciences physiques et naturelles,PLELAN-LE-GRAND,,35,,,,,,,,,,,,,,,,,,,,,,,,,,,,,,,,,,,,,,,,,,,,,,,953811213,95381121300016,72.19Z,,,,,,,,,,,sirene,
FAST4,,,a contacter,,,,,,,,,,,,data_etudes,Recherche-developpement en autres sciences physiques et naturelles,MONTPELLIER,,34,,,,,,,,,,,,,,,,,,,,,,,,,,,,,,,,,,,,,,,,,,,,,,,499393205,49939320500053,72.19Z,,,,,,,,,,,sirene,
FEBUS OPTICS,,,a contacter,,,,,,,,,,,,data_etudes,Recherche-developpement en autres sciences physiques et naturelles,PAU,,64,,,,,,,,,,,,,,,,,,,,,,,,,,,,,,,,,,,,,,,,,,,,,,,811377613,81137761300047,72.19Z,,,,,,,,,,,sirene,
FED.REG.DE RECHERCHE EN SANTE MENTALE,,,a contacter,,,,,,,,,,,,data_etudes,Recherche-developpement en autres sciences physiques et naturelles,SAINT-ANDRE-LEZ-LILLE,,59,,,,,,,,,,,,,,,,,,,,,,,,,,,,,,,,,,,,,,,,,,,,,,,502830144,50283014400023,72.19Z,,,,,,,,,,,sirene,
FEDERATION DEPARTEMENTALE DES GROUPEMENTS DE DEFENSE CONTRE LES ORGANISMES NUISIBLES,,,a contacter,,,,,,,,,,,,data_etudes,Recherche-developpement en autres sciences physiques et naturelles,SAINT-PAUL,,974,,,,,,,,,,,,,,,,,,,,,,,,,,,,,,,,,,,,,,,,,,,,,,,330559410,33055941000023,72.19Z,,,,,,,,,,,sirene,
FERME DE CLAMART,,,a contacter,,,,,,,,,,,,data_etudes,Autres services d'information n.c.a.,CLAMART,,92,,,,,,,,,,,,,,,,,,,,,,,,,,,,,,,,,,,,,,,,,,,,,,,904054228,90405422800013,63.99Z,,,,,,,,,,,sirene,
FI PARTICIPATIONS SAS,,,a contacter,,,,,,,,,,,,data_etudes,"Traitement de donnees, hebergement et activites connexes",FORT-DE-FRANCE,,972,,,,,,,,,,,,,,,,,,,,,,,,,,,,,,,,,,,,,,,,,,,,,,,882577935,88257793500019,63.11Z,,,,,,,,,,,sirene,
FIBL FRANCE,,,a contacter,,,,,,,,,,,,data_etudes,Recherche-developpement en autres sciences physiques et naturelles,EURRE,,26,,,,,,,,,,,,,,,,,,,,,,,,,,,,,,,,,,,,,,,,,,,,,,,824735757,82473575700026,72.19Z,,,,,,,,,,,sirene,
FIDUCIAIRE INFORMATIQUE,,,a contacter,,,,,,,,,,,,data_etudes,"Traitement de donnees, hebergement et activites connexes",SAINT-ETIENNE,,42,,,,,,,,,,,,,,,,,,,,,,,,,,,,,,,,,,,,,,,,,,,,,,,311675888,31167588800037,63.11Z,,,,,,,,,,,sirene,
FIDUCIAL CLOUD,,,a contacter,,,,,,,,,,,,data_etudes,"Traitement de donnees, hebergement et activites connexes",COURBEVOIE,,92,,,,,,,,,,,,,,,,,,,,,,,,,,,,,,,,,,,,,,,,,,,,,,,480650712,48065071200049,63.11Z,,,,,,,,,,,sirene,
FILAE,,,a contacter,,,,,,,,,,,,data_etudes,"Traitement de donnees, hebergement et activites connexes",PARIS,,75,,,,,,,,,,,,,,,,,,,,,,,,,,,,,,,,,,,,,,,,,,,,,,,397824285,39782428500084,63.11Z,,,,,,,,,,,sirene,
FLEX FUEL ENERGY DEVELOPMENT,,,a contacter,,,,,,,,,,,,data_etudes,Recherche-developpement en autres sciences physiques et naturelles,VALBONNE,,06,,,,,,,,,,,,,,,,,,,,,,,,,,,,,,,,,,,,,,,,,,,,,,,511026148,51102614800045,72.19Z,,,,,,,,,,,sirene,
FLEXIFAI,,,a contacter,,,,,,,,,,,,data_etudes,"Traitement de donnees, hebergement et activites connexes",BUSSY-SAINT-GEORGES,,77,,,,,,,,,,,,,,,,,,,,,,,,,,,,,,,,,,,,,,,,,,,,,,,891675829,89167582900016,63.11Z,,,,,,,,,,,sirene,
FLUDIA,,,a contacter,,,,,,,,,,,,data_etudes,Etudes de marche et sondages,SURESNES,,92,,,,,,,,,,,,,,,,,,,,,,,,,,,,,,,,,,,,,,,,,,,,,,,442854147,44285414700059,73.20Z,,,,,,,,,,,sirene,
FLUOPTICS,,,a contacter,,,,,,,,,,,,data_etudes,Recherche-developpement en autres sciences physiques et naturelles,GRENOBLE,,38,,,,,,,,,,,,,,,,,,,,,,,,,,,,,,,,,,,,,,,,,,,,,,,510508716,51050871600022,72.19Z,,,,,,,,,,,sirene,
FOGO,,,a contacter,,,,,,,,,,,,data_etudes,Recherche-developpement en autres sciences physiques et naturelles,LAMBERSART,,59,,,,,,,,,,,,,,,,,,,,,,,,,,,,,,,,,,,,,,,,,,,,,,,900120056,90012005600016,72.19Z,,,,,,,,,,,sirene,
FOLK,,,a contacter,,,,,,,,,,,,data_etudes,"Traitement de donnees, hebergement et activites connexes",PARIS,,75,,,,,,,,,,,,,,,,,,,,,,,,,,,,,,,,,,,,,,,,,,,,,,,882701774,88270177400011,63.11Z,,,,,,,,,,,sirene,
FONDAMENTAL,,,a contacter,,,,,,,,,,,,data_etudes,Recherche-developpement en autres sciences physiques et naturelles,CRETEIL,,94,,,,,,,,,,,,,,,,,,,,,,,,,,,,,,,,,,,,,,,,,,,,,,,499010379,49901037900018,72.19Z,,,,,,,,,,,sirene,
FONDAT AVENIR RECHERCHE MEDICALE APPLIQU,,,a contacter,,,,,,,,,,,,data_etudes,Recherche-developpement en autres sciences physiques et naturelles,PARIS,,75,,,,,,,,,,,,,,,,,,,,,,,,,,,,,,,,,,,,,,,,,,,,,,,349590588,34959058800050,72.19Z,,,,,,,,,,,sirene,
FONDATION B-COM,,,a contacter,,,,,,,,,,,,data_etudes,Recherche-developpement en autres sciences physiques et naturelles,CESSON-SEVIGNE,,35,,,,,,,,,,,,,,,,,,,,,,,,,,,,,,,,,,,,,,,,,,,,,,,751468943,75146894300038,72.19Z,,,,,,,,,,,sirene,
FONDATION DE L ASSISTANCE PUBLIQUE HOPITAUX DE PARIS,,,a contacter,,,,,,,,,,,,data_etudes,Recherche-developpement en autres sciences physiques et naturelles,PARIS,,75,,,,,,,,,,,,,,,,,,,,,,,,,,,,,,,,,,,,,,,,,,,,,,,815144571,81514457100024,72.19Z,,,,,,,,,,,sirene,
FONDATION DES SCIENCES DU PATRIMOINE,,,a contacter,,,,,,,,,,,,data_etudes,Recherche-developpement en autres sciences physiques et naturelles,CERGY,,95,,,,,,,,,,,,,,,,,,,,,,,,,,,,,,,,,,,,,,,,,,,,,,,799110218,79911021800010,72.19Z,,,,,,,,,,,sirene,
FONDATION ENTREPRISE MGEN SANTE PUBLIQUE,,,a contacter,,,,,,,,,,,,data_etudes,Recherche-developpement en autres sciences physiques et naturelles,PARIS,,75,,,,,,,,,,,,,,,,,,,,,,,,,,,,,,,,,,,,,,,,,,,,,,,444268627,44426862700015,72.19Z,,,,,,,,,,,sirene,
FONDATION FOUGERAT,,,a contacter,,,,,,,,,,,,data_etudes,Recherche-developpement en autres sciences physiques et naturelles,GRAVES-SAINT-AMANT,,16,,,,,,,,,,,,,,,,,,,,,,,,,,,,,,,,,,,,,,,,,,,,,,,781211388,78121138800017,72.19Z,,,,,,,,,,,sirene,
FONDATION FRANC.CANCEROLOGIE DIGESTIVE,,,a contacter,,,,,,,,,,,,data_etudes,Recherche-developpement en autres sciences physiques et naturelles,DIJON,,21,,,,,,,,,,,,,,,,,,,,,,,,,,,,,,,,,,,,,,,,,,,,,,,393103320,39310332000015,72.19Z,,,,,,,,,,,sirene,
FONDATION FRANCE SCLEROSE EN PLAQUES,,,a contacter,,,,,,,,,,,,data_etudes,Recherche-developpement en autres sciences physiques et naturelles,IVRY-SUR-SEINE,,94,,,,,,,,,,,,,,,,,,,,,,,,,,,,,,,,,,,,,,,,,,,,,,,313721409,31372140900057,72.19Z,,,,,,,,,,,sirene,
FONDATION GARCHES,,,a contacter,,,,,,,,,,,,data_etudes,Recherche-developpement en autres sciences physiques et naturelles,GARCHES,,92,,,,,,,,,,,,,,,,,,,,,,,,,,,,,,,,,,,,,,,,,,,,,,,482903747,48290374700012,72.19Z,,,,,,,,,,,sirene,
FONDATION JEAN POUPELAIN,,,a contacter,,,,,,,,,,,,data_etudes,Recherche-developpement en autres sciences physiques et naturelles,JAVREZAC,,16,,,,,,,,,,,,,,,,,,,,,,,,,,,,,,,,,,,,,,,,,,,,,,,494969116,49496911600016,72.19Z,,,,,,,,,,,sirene,
FONDATION JEROME LEJEUNE,,,a contacter,,,,,,,,,,,,data_etudes,Recherche-developpement en autres sciences physiques et naturelles,PARIS,,75,,,,,,,,,,,,,,,,,,,,,,,,,,,,,,,,,,,,,,,,,,,,,,,407796556,40779655600014,72.19Z,,,,,,,,,,,sirene,
FONDATION MATHEMATIQUE JACQUES HADAMARD (FMJH),,,a contacter,,,,,,,,,,,,data_etudes,Recherche-developpement en autres sciences physiques et naturelles,ORSAY,,91,,,,,,,,,,,,,,,,,,,,,,,,,,,,,,,,,,,,,,,,,,,,,,,841473309,84147330900018,72.19Z,,,,,,,,,,,sirene,
FONDATION POUR LA RECHERCHE SUR ALZHEIMER,,,a contacter,,,,,,,,,,,,data_etudes,Recherche-developpement en autres sciences physiques et naturelles,PARIS,,75,,,,,,,,,,,,,,,,,,,,,,,,,,,,,,,,,,,,,,,,,,,,,,,828743807,82874380700012,72.19Z,,,,,,,,,,,sirene,
FONDATION POUR LA RECHERCHE SUR LE CERVEAU,,,a contacter,,,,,,,,,,,,data_etudes,Recherche-developpement en autres sciences physiques et naturelles,PARIS,,75,,,,,,,,,,,,,,,,,,,,,,,,,,,,,,,,,,,,,,,,,,,,,,,430031542,43003154200052,72.19Z,,,,,,,,,,,sirene,
FONDATION TOUR DU VALAT,,,a contacter,,,,,,,,,,,,data_etudes,Recherche-developpement en autres sciences physiques et naturelles,ARLES,,13,,,,,,,,,,,,,,,,,,,,,,,,,,,,,,,,,,,,,,,,,,,,,,,314549056,31454905600013,72.19Z,,,,,,,,,,,sirene,
FONDATION UNIVERSITE DE STRASBOURG,,,a contacter,,,,,,,,,,,,data_etudes,Recherche-developpement en autres sciences physiques et naturelles,STRASBOURG,,67,,,,,,,,,,,,,,,,,,,,,,,,,,,,,,,,,,,,,,,,,,,,,,,753826718,75382671800029,72.19Z,,,,,,,,,,,sirene,
FONDATION VISIO,,,a contacter,,,,,,,,,,,,data_etudes,Recherche-developpement en autres sciences physiques et naturelles,BOUCHEMAINE,,49,,,,,,,,,,,,,,,,,,,,,,,,,,,,,,,,,,,,,,,,,,,,,,,792697872,79269787200010,72.19Z,,,,,,,,,,,sirene,
FORCE + RH,,,a contacter,,,,,,,,,,,,data_etudes,"Traitement de donnees, hebergement et activites connexes",LABEGE,,31,,,,,,,,,,,,,,,,,,,,,,,,,,,,,,,,,,,,,,,,,,,,,,,908971070,90897107000010,63.11Z,,,,,,,,,,,sirene,
FORGEN,,,a contacter,,,,,,,,,,,,data_etudes,Recherche-developpement en autres sciences physiques et naturelles,TOULOUSE,,31,,,,,,,,,,,,,,,,,,,,,,,,,,,,,,,,,,,,,,,,,,,,,,,818164949,81816494900047,72.19Z,,,,,,,,,,,sirene,
FORTREA FRANCE SARL,,,a contacter,,,,,,,,,,,,data_etudes,Recherche-developpement en autres sciences physiques et naturelles,RUEIL-MALMAISON,,92,,,,,,,,,,,,,,,,,,,,,,,,,,,,,,,,,,,,,,,,,,,,,,,393450770,39345077000051,72.19Z,,,,,,,,,,,sirene,
FOTOBOX,,,a contacter,,,,,,,,,,,,data_etudes,"Traitement de donnees, hebergement et activites connexes",SAINT-DENIS,,974,,,,,,,,,,,,,,,,,,,,,,,,,,,,,,,,,,,,,,,,,,,,,,,814113965,81411396500044,63.11Z,,,,,,,,,,,sirene,
FOXGROUP,,,a contacter,,,,,,,,,,,,data_etudes,"Traitement de donnees, hebergement et activites connexes",PARIS,,75,,,,,,,,,,,,,,,,,,,,,,,,,,,,,,,,,,,,,,,,,,,,,,,808359483,80835948300068,63.11Z,,,,,,,,,,,sirene,
FRANCE COM,,,a contacter,,,,,,,,,,,,data_etudes,"Traitement de donnees, hebergement et activites connexes",REZE,,44,,,,,,,,,,,,,,,,,,,,,,,,,,,,,,,,,,,,,,,,,,,,,,,410557151,41055715100041,63.11Z,,,,,,,,,,,sirene,
FRANCE ENERGIES MARINES,,,a contacter,,,,,,,,,,,,data_etudes,Recherche-developpement en autres sciences physiques et naturelles,PLOUZANE,,29,,,,,,,,,,,,,,,,,,,,,,,,,,,,,,,,,,,,,,,,,,,,,,,845019231,84501923100016,72.19Z,,,,,,,,,,,sirene,
FRANCE INFORMATIQUE,,,a contacter,,,,,,,,,,,,data_etudes,"Traitement de donnees, hebergement et activites connexes",SAINT LAURENT DU VAR,,06,,,,,,,,,,,,,,,,,,,,,,,,,,,,,,,,,,,,,,,,,,,,,,,969801984,96980198400051,63.11Z,,,,,,,,,,,sirene,
FRANCE IX SERVICES,,,a contacter,,,,,,,,,,,,data_etudes,"Traitement de donnees, hebergement et activites connexes",PARIS,,75,,,,,,,,,,,,,,,,,,,,,,,,,,,,,,,,,,,,,,,,,,,,,,,523968873,52396887300068,63.11Z,,,,,,,,,,,sirene,
FRANCE LIMOUSIN SELECTION,,,a contacter,,,,,,,,,,,,data_etudes,Recherche-developpement en autres sciences physiques et naturelles,BOISSEUIL,,87,,,,,,,,,,,,,,,,,,,,,,,,,,,,,,,,,,,,,,,,,,,,,,,337837959,33783795900028,72.19Z,,,,,,,,,,,sirene,
FRANCE UNIVERSITE NUMERIQUE,,,a contacter,,,,,,,,,,,,data_etudes,"Traitement de donnees, hebergement et activites connexes",PARIS,,75,,,,,,,,,,,,,,,,,,,,,,,,,,,,,,,,,,,,,,,,,,,,,,,130021256,13002125600040,63.11Z,,,,,,,,,,,sirene,
FRANCILIENNE D INGENIERIE ET DE SERVICES INFORMATIQUES/FISI SA,,,a contacter,,,,,,,,,,,,data_etudes,"Traitement de donnees, hebergement et activites connexes",AULNAY SOUS BOIS,,93,,,,,,,,,,,,,,,,,,,,,,,,,,,,,,,,,,,,,,,,,,,,,,,378239214,37823921400026,63.11Z,,,,,,,,,,,sirene,
FUNCELL,,,a contacter,,,,,,,,,,,,data_etudes,Recherche-developpement en autres sciences physiques et naturelles,GIERES,,38,,,,,,,,,,,,,,,,,,,,,,,,,,,,,,,,,,,,,,,,,,,,,,,889464616,88946461600016,72.19Z,,,,,,,,,,,sirene,
FUTURE IS DATA FRANCE,,,a contacter,,,,,,,,,,,,data_etudes,"Traitement de donnees, hebergement et activites connexes",NANCY,,54,,,,,,,,,,,,,,,,,,,,,,,,,,,,,,,,,,,,,,,,,,,,,,,922336391,92233639100011,63.11Z,,,,,,,,,,,sirene,
FUZE EUROPE B.V.,,,a contacter,,,,,,,,,,,,data_etudes,"Traitement de donnees, hebergement et activites connexes",,,,,,,,,,,,,,,,,,,,,,,,,,,,,,,,,,,,,,,,,,,,,,,,,,811682988,81168298800019,63.11Z,,,,,,,,,,,sirene,
FV MARKETING,,,a contacter,,,,,,,,,,,,data_etudes,Etudes de marche et sondages,RUEIL-MALMAISON,,92,,,,,,,,,,,,,,,,,,,,,,,,,,,,,,,,,,,,,,,,,,,,,,,403219892,40321989200011,73.20Z,,,,,,,,,,,sirene,
GALAPAGOS,,,a contacter,,,,,,,,,,,,data_etudes,Recherche-developpement en autres sciences physiques et naturelles,PARIS,,75,,,,,,,,,,,,,,,,,,,,,,,,,,,,,,,,,,,,,,,,,,,,,,,440348480,44034848000045,72.19Z,,,,,,,,,,,sirene,
GALAXIE MEDIA,,,a contacter,,,,,,,,,,,,data_etudes,"Traitement de donnees, hebergement et activites connexes",NEUILLY-SUR-SEINE,,92,,,,,,,,,,,,,,,,,,,,,,,,,,,,,,,,,,,,,,,,,,,,,,,424382026,42438202600070,63.11Z,,,,,,,,,,,sirene,
GALDERMA RESEARCH & DEVELOPMENT,,,a contacter,,,,,,,,,,,,data_etudes,Recherche-developpement en autres sciences physiques et naturelles,BIOT,,06,,,,,,,,,,,,,,,,,,,,,,,,,,,,,,,,,,,,,,,,,,,,,,,317099679,31709967900043,72.19Z,,,,,,,,,,,sirene,
GAMA,,,a contacter,,,,,,,,,,,,data_etudes,Recherche-developpement en autres sciences physiques et naturelles,IVRY-SUR-SEINE,,94,,,,,,,,,,,,,,,,,,,,,,,,,,,,,,,,,,,,,,,,,,,,,,,890751654,89075165400033,72.19Z,,,,,,,,,,,sirene,
GAMAC,,,a contacter,,,,,,,,,,,,data_etudes,"Traitement de donnees, hebergement et activites connexes",SAINT-MAURICE-LA-SOUTERRAINE,,23,,,,,,,,,,,,,,,,,,,,,,,,,,,,,,,,,,,,,,,,,,,,,,,996450128,99645012800045,63.11Z,,,,,,,,,,,sirene,
GAMAMABS PHARMA,,,a contacter,,,,,,,,,,,,data_etudes,Recherche-developpement en autres sciences physiques et naturelles,TOULOUSE,,31,,,,,,,,,,,,,,,,,,,,,,,,,,,,,,,,,,,,,,,,,,,,,,,793434788,79343478800022,72.19Z,,,,,,,,,,,sirene,
GAMESTREAM,,,a contacter,,,,,,,,,,,,data_etudes,"Traitement de donnees, hebergement et activites connexes",PARIS,,75,,,,,,,,,,,,,,,,,,,,,,,,,,,,,,,,,,,,,,,,,,,,,,,815338199,81533819900046,63.11Z,,,,,,,,,,,sirene,
GAMMA PULSE,,,a contacter,,,,,,,,,,,,data_etudes,Recherche-developpement en autres sciences physiques et naturelles,ORSAY,,91,,,,,,,,,,,,,,,,,,,,,,,,,,,,,,,,,,,,,,,,,,,,,,,803163591,80316359100032,72.19Z,,,,,,,,,,,sirene,
GAOMA THERAPEUTICS,,,a contacter,,,,,,,,,,,,data_etudes,Recherche-developpement en autres sciences physiques et naturelles,BRON,,69,,,,,,,,,,,,,,,,,,,,,,,,,,,,,,,,,,,,,,,,,,,,,,,848606034,84860603400017,72.19Z,,,,,,,,,,,sirene,
GASCOGNE PYRENEES ASSISTANCE,,,a contacter,,,,,,,,,,,,data_etudes,"Traitement de donnees, hebergement et activites connexes",ROQUEFORT,,32,,,,,,,,,,,,,,,,,,,,,,,,,,,,,,,,,,,,,,,,,,,,,,,441654910,44165491000021,63.11Z,,,,,,,,,,,sirene,
GCK CHARADE,,,a contacter,,,,,,,,,,,,data_etudes,Recherche-developpement en autres sciences physiques et naturelles,SAINT-GENES-CHAMPANELLE,,63,,,,,,,,,,,,,,,,,,,,,,,,,,,,,,,,,,,,,,,,,,,,,,,892499989,89249998900010,72.19Z,,,,,,,,,,,sirene,
GCS E-SANTE BRETAGNE,,,a contacter,,,,,,,,,,,,data_etudes,"Traitement de donnees, hebergement et activites connexes",RENNES,,35,,,,,,,,,,,,,,,,,,,,,,,,,,,,,,,,,,,,,,,,,,,,,,,503017113,50301711300179,63.11Z,,,,,,,,,,,sirene,
GDP.DIGITAL,,,a contacter,,,,,,,,,,,,data_etudes,"Traitement de donnees, hebergement et activites connexes",SEVRES,,92,,,,,,,,,,,,,,,,,,,,,,,,,,,,,,,,,,,,,,,,,,,,,,,532623931,53262393100013,63.11Z,,,,,,,,,,,sirene,
GEDEFOR 55,,,a contacter,,,,,,,,,,,,data_etudes,Recherche-developpement en autres sciences physiques et naturelles,LAMORVILLE,,55,,,,,,,,,,,,,,,,,,,,,,,,,,,,,,,,,,,,,,,,,,,,,,,309382554,30938255400033,72.19Z,,,,,,,,,,,sirene,
GEDTECH,,,a contacter,,,,,,,,,,,,data_etudes,Recherche-developpement en autres sciences physiques et naturelles,TOURCOING,,59,,,,,,,,,,,,,,,,,,,,,,,,,,,,,,,,,,,,,,,,,,,,,,,812652717,81265271700016,72.19Z,,,,,,,,,,,sirene,
GEG EXPERTS SAS,,,a contacter,,,,,,,,,,,,data_etudes,Recherche-developpement en autres sciences physiques et naturelles,ORLEANS,,45,,,,,,,,,,,,,,,,,,,,,,,,,,,,,,,,,,,,,,,,,,,,,,,898200480,89820048000017,72.19Z,,,,,,,,,,,sirene,
GEN-HY CUBE,,,a contacter,,,,,,,,,,,,data_etudes,Recherche-developpement en autres sciences physiques et naturelles,BROGNARD,,25,,,,,,,,,,,,,,,,,,,,,,,,,,,,,,,,,,,,,,,,,,,,,,,918154451,91815445100028,72.19Z,,,,,,,,,,,sirene,
GENCLIS,,,a contacter,,,,,,,,,,,,data_etudes,Recherche-developpement en autres sciences physiques et naturelles,VANDŒUVRE-LES-NANCY,,54,,,,,,,,,,,,,,,,,,,,,,,,,,,,,,,,,,,,,,,,,,,,,,,490431574,49043157400014,72.19Z,,,,,,,,,,,sirene,
GENERARE BIOSCIENCE,,,a contacter,,,,,,,,,,,,data_etudes,Recherche-developpement en autres sciences physiques et naturelles,PARIS,,75,,,,,,,,,,,,,,,,,,,,,,,,,,,,,,,,,,,,,,,,,,,,,,,920335072,92033507200012,72.19Z,,,,,,,,,,,sirene,
GENERYZE,,,a contacter,,,,,,,,,,,,data_etudes,Recherche-developpement en autres sciences physiques et naturelles,DOMBLANS,,39,,,,,,,,,,,,,,,,,,,,,,,,,,,,,,,,,,,,,,,,,,,,,,,347474587,34747458700073,72.19Z,,,,,,,,,,,sirene,
GENEURO INNOVATION,,,a contacter,,,,,,,,,,,,data_etudes,Recherche-developpement en autres sciences physiques et naturelles,LYON,,69,,,,,,,,,,,,,,,,,,,,,,,,,,,,,,,,,,,,,,,,,,,,,,,510524960,51052496000018,72.19Z,,,,,,,,,,,sirene,
GENEVOLUTION,,,a contacter,,,,,,,,,,,,data_etudes,Recherche-developpement en autres sciences physiques et naturelles,ORGEVAL,,78,,,,,,,,,,,,,,,,,,,,,,,,,,,,,,,,,,,,,,,,,,,,,,,835221342,83522134200040,72.19Z,,,,,,,,,,,sirene,
GENEWAVE,,,a contacter,,,,,,,,,,,,data_etudes,Recherche-developpement en autres sciences physiques et naturelles,SAINT-MANDE,,94,,,,,,,,,,,,,,,,,,,,,,,,,,,,,,,,,,,,,,,,,,,,,,,440278539,44027853900042,72.19Z,,,,,,,,,,,sirene,
GENEXPATH,,,a contacter,,,,,,,,,,,,data_etudes,Recherche-developpement en autres sciences physiques et naturelles,ROUEN,,76,,,,,,,,,,,,,,,,,,,,,,,,,,,,,,,,,,,,,,,,,,,,,,,891511933,89151193300014,72.19Z,,,,,,,,,,,sirene,
GENOMIC VISION,,,a contacter,,,,,,,,,,,,data_etudes,Recherche-developpement en autres sciences physiques et naturelles,BAGNEUX,,92,,,,,,,,,,,,,,,,,,,,,,,,,,,,,,,,,,,,,,,,,,,,,,,477699144,47769914400036,72.19Z,,,,,,,,,,,sirene,
GENSIGHT BIOLOGICS,,,a contacter,,,,,,,,,,,,data_etudes,Recherche-developpement en autres sciences physiques et naturelles,PARIS 12,,75,,,,,,,,,,,,,,,,,,,,,,,,,,,,,,,,,,,,,,,,,,,,,,,751164757,75116475700039,72.19Z,,,,,,,,,,,sirene,
GEOARCHEON,,,a contacter,,,,,,,,,,,,data_etudes,Recherche-developpement en autres sciences physiques et naturelles,VIGNEULLES-LES-HATTONCHATEL,,55,,,,,,,,,,,,,,,,,,,,,,,,,,,,,,,,,,,,,,,,,,,,,,,513984088,51398408800015,72.19Z,,,,,,,,,,,sirene,
GEOCLIC SOLUTIONS,,,a contacter,,,,,,,,,,,,data_etudes,"Traitement de donnees, hebergement et activites connexes",SAINT-NAZAIRE,,44,,,,,,,,,,,,,,,,,,,,,,,,,,,,,,,,,,,,,,,,,,,,,,,798710794,79871079400024,63.11Z,,,,,,,,,,,sirene,
GEODAISICS,,,a contacter,,,,,,,,,,,,data_etudes,"Traitement de donnees, hebergement et activites connexes",GRENOBLE,,38,,,,,,,,,,,,,,,,,,,,,,,,,,,,,,,,,,,,,,,,,,,,,,,901632703,90163270300012,63.11Z,,,,,,,,,,,sirene,
GEODE RECHERCHE ET INNOVATION,,,a contacter,,,,,,,,,,,,data_etudes,Recherche-developpement en autres sciences physiques et naturelles,MONTMORILLON,,86,,,,,,,,,,,,,,,,,,,,,,,,,,,,,,,,,,,,,,,,,,,,,,,829445576,82944557600012,72.19Z,,,,,,,,,,,sirene,
GEOPTIS,,,a contacter,,,,,,,,,,,,data_etudes,"Traitement de donnees, hebergement et activites connexes",PARIS,,75,,,,,,,,,,,,,,,,,,,,,,,,,,,,,,,,,,,,,,,,,,,,,,,807485867,80748586700038,63.11Z,,,,,,,,,,,sirene,
GEOS,,,a contacter,,,,,,,,,,,,data_etudes,"Traitement de donnees, hebergement et activites connexes",EVRY-COURCOURONNES,,91,,,,,,,,,,,,,,,,,,,,,,,,,,,,,,,,,,,,,,,,,,,,,,,339663023,33966302300069,63.11Z,,,,,,,,,,,sirene,
GEPROMED,,,a contacter,,,,,,,,,,,,data_etudes,Recherche-developpement en autres sciences physiques et naturelles,STRASBOURG,,67,,,,,,,,,,,,,,,,,,,,,,,,,,,,,,,,,,,,,,,,,,,,,,,413781428,41378142800037,72.19Z,,,,,,,,,,,sirene,
GERERMESAFFAIRES,,,a contacter,,,,,,,,,,,,data_etudes,"Traitement de donnees, hebergement et activites connexes",PARIS,,75,,,,,,,,,,,,,,,,,,,,,,,,,,,,,,,,,,,,,,,,,,,,,,,533033502,53303350200055,63.11Z,,,,,,,,,,,sirene,
GERES,,,a contacter,,,,,,,,,,,,data_etudes,Recherche-developpement en autres sciences physiques et naturelles,AUBAGNE,,13,,,,,,,,,,,,,,,,,,,,,,,,,,,,,,,,,,,,,,,,,,,,,,,314152836,31415283600032,72.19Z,,,,,,,,,,,sirene,
GERIR,,,a contacter,,,,,,,,,,,,data_etudes,Recherche-developpement en autres sciences physiques et naturelles,MONTPELLIER,,34,,,,,,,,,,,,,,,,,,,,,,,,,,,,,,,,,,,,,,,,,,,,,,,348245481,34824548100026,72.19Z,,,,,,,,,,,sirene,
GERS SAS,,,a contacter,,,,,,,,,,,,data_etudes,Etudes de marche et sondages,BOULOGNE-BILLANCOURT,,92,,,,,,,,,,,,,,,,,,,,,,,,,,,,,,,,,,,,,,,,,,,,,,,521625582,52162558200015,73.20Z,,,,,,,,,,,sirene,
GES INFO,,,a contacter,,,,,,,,,,,,data_etudes,"Traitement de donnees, hebergement et activites connexes",CHAVANOD,,74,,,,,,,,,,,,,,,,,,,,,,,,,,,,,,,,,,,,,,,,,,,,,,,348082637,34808263700037,63.11Z,,,,,,,,,,,sirene,
GESSEC,,,a contacter,,,,,,,,,,,,data_etudes,Recherche-developpement en autres sciences physiques et naturelles,LIFFRE,,35,,,,,,,,,,,,,,,,,,,,,,,,,,,,,,,,,,,,,,,,,,,,,,,529507626,52950762600016,72.19Z,,,,,,,,,,,sirene,
GESTFORM,,,a contacter,,,,,,,,,,,,data_etudes,"Traitement de donnees, hebergement et activites connexes",MERIGNAC,,33,,,,,,,,,,,,,,,,,,,,,,,,,,,,,,,,,,,,,,,,,,,,,,,334487337,33448733700035,63.11Z,,,,,,,,,,,sirene,
GESTIMAT,,,a contacter,,,,,,,,,,,,data_etudes,"Traitement de donnees, hebergement et activites connexes",VINCENNES,,94,,,,,,,,,,,,,,,,,,,,,,,,,,,,,,,,,,,,,,,,,,,,,,,330110305,33011030500035,63.11Z,,,,,,,,,,,sirene,
GESTINFOS,,,a contacter,,,,,,,,,,,,data_etudes,"Traitement de donnees, hebergement et activites connexes",LUNEVILLE,,54,,,,,,,,,,,,,,,,,,,,,,,,,,,,,,,,,,,,,,,,,,,,,,,487630543,48763054300014,63.11Z,,,,,,,,,,,sirene,
GESTION TRAITEMENT INFORMATIQUE PAYE,,,a contacter,,,,,,,,,,,,data_etudes,"Traitement de donnees, hebergement et activites connexes",NIMES,,30,,,,,,,,,,,,,,,,,,,,,,,,,,,,,,,,,,,,,,,,,,,,,,,326533536,32653353600032,63.11Z,,,,,,,,,,,sirene,
GETADE ENVIRONNEMENT,,,a contacter,,,,,,,,,,,,data_etudes,Recherche-developpement en autres sciences physiques et naturelles,BUSSAC-FORET,,17,,,,,,,,,,,,,,,,,,,,,,,,,,,,,,,,,,,,,,,,,,,,,,,432500106,43250010600039,72.19Z,,,,,,,,,,,sirene,
GETRONICS FRANCE,,,a contacter,,,,,,,,,,,,data_etudes,"Traitement de donnees, hebergement et activites connexes",PUTEAUX,,92,,,,,,,,,,,,,,,,,,,,,,,,,,,,,,,,,,,,,,,,,,,,,,,814941720,81494172000066,63.11Z,,,,,,,,,,,sirene,
GFK RETAIL AND TECHNOLOGY FRANCE,,,a contacter,,,,,,,,,,,,data_etudes,Etudes de marche et sondages,BEZONS,,95,,,,,,,,,,,,,,,,,,,,,,,,,,,,,,,,,,,,,,,,,,,,,,,316083567,31608356700065,73.20Z,,,,,,,,,,,sirene,
GHRIN,,,a contacter,,,,,,,,,,,,data_etudes,"Traitement de donnees, hebergement et activites connexes",SAINT-BERTHEVIN,,53,,,,,,,,,,,,,,,,,,,,,,,,,,,,,,,,,,,,,,,,,,,,,,,433061587,43306158700039,63.11Z,,,,,,,,,,,sirene,
GIE CENTRE DE SERVICES POLE REGIONAL D'ENSEIGNEMENT METIERS INDUSTRIELS CHAMPAGNE ARDENNE,,,a contacter,,,,,,,,,,,,data_etudes,"Traitement de donnees, hebergement et activites connexes",CHARLEVILLE-MEZIERES,,08,,,,,,,,,,,,,,,,,,,,,,,,,,,,,,,,,,,,,,,,,,,,,,,908545304,90854530400010,63.11Z,,,,,,,,,,,sirene,
GIE EURASANTE,,,a contacter,,,,,,,,,,,,data_etudes,Recherche-developpement en autres sciences physiques et naturelles,LOOS,,59,,,,,,,,,,,,,,,,,,,,,,,,,,,,,,,,,,,,,,,,,,,,,,,409044203,40904420300050,72.19Z,,,,,,,,,,,sirene,
GIE I - DATECH,,,a contacter,,,,,,,,,,,,data_etudes,"Traitement de donnees, hebergement et activites connexes",SCHILTIGHEIM,,67,,,,,,,,,,,,,,,,,,,,,,,,,,,,,,,,,,,,,,,,,,,,,,,450576251,45057625100026,63.11Z,,,,,,,,,,,sirene,
GIE SESAM VITALE,,,a contacter,,,,,,,,,,,,data_etudes,"Traitement de donnees, hebergement et activites connexes",LE MANS,,72,,,,,,,,,,,,,,,,,,,,,,,,,,,,,,,,,,,,,,,,,,,,,,,391722881,39172288100052,63.11Z,,,,,,,,,,,sirene,
GIESECKE+DEVRIENT EPAYMENTS FRANCE,,,a contacter,,,,,,,,,,,,data_etudes,"Traitement de donnees, hebergement et activites connexes",CRAPONNE,,69,,,,,,,,,,,,,,,,,,,,,,,,,,,,,,,,,,,,,,,,,,,,,,,385395926,38539592600020,63.11Z,,,,,,,,,,,sirene,
GIM - GESELLSCHAFT FUR INNOVATIVE       MARKTFORSCHUNG - FRANCE,,,a contacter,,,,,,,,,,,,data_etudes,Etudes de marche et sondages,LYON,,69,,,,,,,,,,,,,,,,,,,,,,,,,,,,,,,,,,,,,,,,,,,,,,,498218023,49821802300055,73.20Z,,,,,,,,,,,sirene,
GIP ALFA CENTRE,,,a contacter,,,,,,,,,,,,data_etudes,"Traitement de donnees, hebergement et activites connexes",ORLEANS,,45,,,,,,,,,,,,,,,,,,,,,,,,,,,,,,,,,,,,,,,,,,,,,,,184503092,18450309200019,63.11Z,,,,,,,,,,,sirene,
GIP CAMPUS NUMERIQUE 47,,,a contacter,,,,,,,,,,,,data_etudes,Autres services d'information n.c.a.,AGEN,,47,,,,,,,,,,,,,,,,,,,,,,,,,,,,,,,,,,,,,,,,,,,,,,,130029630,13002963000014,63.99Z,,,,,,,,,,,sirene,
GIP CYCERON,,,a contacter,,,,,,,,,,,,data_etudes,Recherche-developpement en autres sciences physiques et naturelles,CAEN,,14,,,,,,,,,,,,,,,,,,,,,,,,,,,,,,,,,,,,,,,,,,,,,,,180089187,18008918700017,72.19Z,,,,,,,,,,,sirene,
GIP CYCLOTRON REUNION OCEAN INDIEN,,,a contacter,,,,,,,,,,,,data_etudes,Recherche-developpement en autres sciences physiques et naturelles,SAINT-DENIS,,974,,,,,,,,,,,,,,,,,,,,,,,,,,,,,,,,,,,,,,,,,,,,,,,189742208,18974220800029,72.19Z,,,,,,,,,,,sirene,
GIP GEO VENDEE,,,a contacter,,,,,,,,,,,,data_etudes,"Traitement de donnees, hebergement et activites connexes",LA ROCHE-SUR-YON,,85,,,,,,,,,,,,,,,,,,,,,,,,,,,,,,,,,,,,,,,,,,,,,,,488256835,48825683500023,63.11Z,,,,,,,,,,,sirene,
GIS POSIDONIE,,,a contacter,,,,,,,,,,,,data_etudes,Recherche-developpement en autres sciences physiques et naturelles,MARSEILLE,,13,,,,,,,,,,,,,,,,,,,,,,,,,,,,,,,,,,,,,,,,,,,,,,,338863699,33886369900033,72.19Z,,,,,,,,,,,sirene,
GLOBAL SMART SOLUTIONS,,,a contacter,,,,,,,,,,,,data_etudes,"Traitement de donnees, hebergement et activites connexes",LABEGE,,31,,,,,,,,,,,,,,,,,,,,,,,,,,,,,,,,,,,,,,,,,,,,,,,877849844,87784984400023,63.11Z,,,,,,,,,,,sirene,
GLOBAL SWITCH (PARIS),,,a contacter,,,,,,,,,,,,data_etudes,"Traitement de donnees, hebergement et activites connexes",CLICHY,,92,,,,,,,,,,,,,,,,,,,,,,,,,,,,,,,,,,,,,,,,,,,,,,,424224897,42422489700027,63.11Z,,,,,,,,,,,sirene,
GLOBALEYES RESEARCH,,,a contacter,,,,,,,,,,,,data_etudes,Etudes de marche et sondages,SAINGHIN-EN-MELANTOIS,,59,,,,,,,,,,,,,,,,,,,,,,,,,,,,,,,,,,,,,,,,,,,,,,,892335795,89233579500019,73.20Z,,,,,,,,,,,sirene,
GO 2 MARKET,,,a contacter,,,,,,,,,,,,data_etudes,"Traitement de donnees, hebergement et activites connexes",PIERRELATTE,,26,,,,,,,,,,,,,,,,,,,,,,,,,,,,,,,,,,,,,,,,,,,,,,,913016390,91301639000019,63.11Z,,,,,,,,,,,sirene,
GOJOB,,,a contacter,,,,,,,,,,,,data_etudes,"Traitement de donnees, hebergement et activites connexes",AIX-EN-PROVENCE,,13,,,,,,,,,,,,,,,,,,,,,,,,,,,,,,,,,,,,,,,,,,,,,,,813454717,81345471700055,63.11Z,,,,,,,,,,,sirene,
GOLANA COMPUTING,,,a contacter,,,,,,,,,,,,data_etudes,Recherche-developpement en autres sciences physiques et naturelles,GRENOBLE,,38,,,,,,,,,,,,,,,,,,,,,,,,,,,,,,,,,,,,,,,,,,,,,,,948331541,94833154100011,72.19Z,,,,,,,,,,,sirene,
GOTAGA SARL,,,a contacter,,,,,,,,,,,,data_etudes,"Traitement de donnees, hebergement et activites connexes",RUEIL-MALMAISON,,92,,,,,,,,,,,,,,,,,,,,,,,,,,,,,,,,,,,,,,,,,,,,,,,789228202,78922820200030,63.11Z,,,,,,,,,,,sirene,
GP ACOUSTICS LIMITED,,,a contacter,,,,,,,,,,,,data_etudes,Etudes de marche et sondages,,,,,,,,,,,,,,,,,,,,,,,,,,,,,,,,,,,,,,,,,,,,,,,,,,810821603,81082160300018,73.20Z,,,,,,,,,,,sirene,
GRANVILLE REPRO,,,a contacter,,,,,,,,,,,,data_etudes,Autres services d'information n.c.a.,SAINT-PAIR-SUR-MER,,50,,,,,,,,,,,,,,,,,,,,,,,,,,,,,,,,,,,,,,,,,,,,,,,508637741,50863774100028,63.99Z,,,,,,,,,,,sirene,
GRAPHISOLUTIONS,,,a contacter,,,,,,,,,,,,data_etudes,"Traitement de donnees, hebergement et activites connexes",ETAMPES,,91,,,,,,,,,,,,,,,,,,,,,,,,,,,,,,,,,,,,,,,,,,,,,,,490975851,49097585100018,63.11Z,,,,,,,,,,,sirene,
GREDECO SARL - GROUPE DE RECHERCHE ET D'EVALUATION EN DERMATOLOGIE ET COSMETOLOGIE,,,a contacter,,,,,,,,,,,,data_etudes,Recherche-developpement en autres sciences physiques et naturelles,PARIS,,75,,,,,,,,,,,,,,,,,,,,,,,,,,,,,,,,,,,,,,,,,,,,,,,392221230,39222123000031,72.19Z,,,,,,,,,,,sirene,
GREEN DATA,,,a contacter,,,,,,,,,,,,data_etudes,"Traitement de donnees, hebergement et activites connexes",NANTERRE,,92,,,,,,,,,,,,,,,,,,,,,,,,,,,,,,,,,,,,,,,,,,,,,,,849167895,84916789500028,63.11Z,,,,,,,,,,,sirene,
GREEN IMPULSE,,,a contacter,,,,,,,,,,,,data_etudes,Recherche-developpement en autres sciences physiques et naturelles,ANGERS,,49,,,,,,,,,,,,,,,,,,,,,,,,,,,,,,,,,,,,,,,,,,,,,,,847746997,84774699700018,72.19Z,,,,,,,,,,,sirene,
GREEN MASCAREIGNES TECHNOLOGIES,,,a contacter,,,,,,,,,,,,data_etudes,Recherche-developpement en autres sciences physiques et naturelles,SAINT-DENIS,,974,,,,,,,,,,,,,,,,,,,,,,,,,,,,,,,,,,,,,,,,,,,,,,,817498504,81749850400023,72.19Z,,,,,,,,,,,sirene,
GREENBUREAU,,,a contacter,,,,,,,,,,,,data_etudes,Autres services d'information n.c.a.,PARIS,,75,,,,,,,,,,,,,,,,,,,,,,,,,,,,,,,,,,,,,,,,,,,,,,,533592820,53359282000047,63.99Z,,,,,,,,,,,sirene,
GREENOV-ITES,,,a contacter,,,,,,,,,,,,data_etudes,Recherche-developpement en autres sciences physiques et naturelles,VANNES,,56,,,,,,,,,,,,,,,,,,,,,,,,,,,,,,,,,,,,,,,,,,,,,,,892947847,89294784700018,72.19Z,,,,,,,,,,,sirene,
GREENTROPISM,,,a contacter,,,,,,,,,,,,data_etudes,"Traitement de donnees, hebergement et activites connexes",PARIS,,75,,,,,,,,,,,,,,,,,,,,,,,,,,,,,,,,,,,,,,,,,,,,,,,801389057,80138905700069,63.11Z,,,,,,,,,,,sirene,
GROUNDSPACE,,,a contacter,,,,,,,,,,,,data_etudes,"Traitement de donnees, hebergement et activites connexes",MONTPELLIER,,34,,,,,,,,,,,,,,,,,,,,,,,,,,,,,,,,,,,,,,,,,,,,,,,853249704,85324970400018,63.11Z,,,,,,,,,,,sirene,
GROUP INDUS CHIMIQUE P ETUDES ET RECHERC,,,a contacter,,,,,,,,,,,,data_etudes,Recherche-developpement en autres sciences physiques et naturelles,PUTEAUX,,92,,,,,,,,,,,,,,,,,,,,,,,,,,,,,,,,,,,,,,,,,,,,,,,338052970,33805297000021,72.19Z,,,,,,,,,,,sirene,
GROUPE ALLO-MEDIA,,,a contacter,,,,,,,,,,,,data_etudes,"Traitement de donnees, hebergement et activites connexes",PARIS,,75,,,,,,,,,,,,,,,,,,,,,,,,,,,,,,,,,,,,,,,,,,,,,,,531163210,53116321000051,63.11Z,,,,,,,,,,,sirene,
GROUPE D ETUDES ET DE CONTROLE DES VARIETES ET DES SEMENCES,,,a contacter,,,,,,,,,,,,data_etudes,Recherche-developpement en autres sciences physiques et naturelles,BEAUCOUZE,,49,,,,,,,,,,,,,,,,,,,,,,,,,,,,,,,,,,,,,,,,,,,,,,,180089286,18008928600041,72.19Z,,,,,,,,,,,sirene,
GROUPE DE RECHERCHE ANIMATION TECHNIQUE ET INFORMATION SUR L EAU,,,a contacter,,,,,,,,,,,,data_etudes,Recherche-developpement en autres sciences physiques et naturelles,VILLEURBANNE,,69,,,,,,,,,,,,,,,,,,,,,,,,,,,,,,,,,,,,,,,,,,,,,,,338492069,33849206900038,72.19Z,,,,,,,,,,,sirene,
GROUPE DE RECHERCHE D ALLERGOLOGIE,,,a contacter,,,,,,,,,,,,data_etudes,Recherche-developpement en autres sciences physiques et naturelles,STRASBOURG,,67,,,,,,,,,,,,,,,,,,,,,,,,,,,,,,,,,,,,,,,,,,,,,,,401608120,40160812000010,72.19Z,,,,,,,,,,,sirene,
GROUPE DE RECHERCHE ET D'ETUDE BIOLOGIE ET ENVIRONNEMENT,,,a contacter,,,,,,,,,,,,data_etudes,Recherche-developpement en autres sciences physiques et naturelles,LYON,,69,,,,,,,,,,,,,,,,,,,,,,,,,,,,,,,,,,,,,,,,,,,,,,,329391965,32939196500038,72.19Z,,,,,,,,,,,sirene,
GROUPE GRATUIT PROS,,,a contacter,,,,,,,,,,,,data_etudes,Etudes de marche et sondages,NEUILLY-SUR-SEINE,,92,,,,,,,,,,,,,,,,,,,,,,,,,,,,,,,,,,,,,,,,,,,,,,,483806717,48380671700037,73.20Z,,,,,,,,,,,sirene,
GROUPE INTERACTION,,,a contacter,,,,,,,,,,,,data_etudes,"Traitement de donnees, hebergement et activites connexes",BEGLES,,33,,,,,,,,,,,,,,,,,,,,,,,,,,,,,,,,,,,,,,,,,,,,,,,434463675,43446367500109,63.11Z,,,,,,,,,,,sirene,
GROUPE JTI,,,a contacter,,,,,,,,,,,,data_etudes,"Traitement de donnees, hebergement et activites connexes",LYON,,69,,,,,,,,,,,,,,,,,,,,,,,,,,,,,,,,,,,,,,,,,,,,,,,440668143,44066814300025,63.11Z,,,,,,,,,,,sirene,
GROUPE ONCOLOGIE RADIOTHERAPIE TETE COU,,,a contacter,,,,,,,,,,,,data_etudes,Recherche-developpement en autres sciences physiques et naturelles,TOURS,,37,,,,,,,,,,,,,,,,,,,,,,,,,,,,,,,,,,,,,,,,,,,,,,,424983971,42498397100047,72.19Z,,,,,,,,,,,sirene,
GROUPE PUCE ET PLUME,,,a contacter,,,,,,,,,,,,data_etudes,"Traitement de donnees, hebergement et activites connexes",SAINT-MANDE,,94,,,,,,,,,,,,,,,,,,,,,,,,,,,,,,,,,,,,,,,,,,,,,,,350396081,35039608100050,63.11Z,,,,,,,,,,,sirene,
GROUPE REGIONAL D'EXPERTS SUR LE CLIMAT EN REGION SUD PROVENCE-ALPES-COTE D'AZUR,,,a contacter,,,,,,,,,,,,data_etudes,Recherche-developpement en autres sciences physiques et naturelles,MARSEILLE,,13,,,,,,,,,,,,,,,,,,,,,,,,,,,,,,,,,,,,,,,,,,,,,,,523701944,52370194400051,72.19Z,,,,,,,,,,,sirene,
GROUPE THE LINKS,,,a contacter,,,,,,,,,,,,data_etudes,Etudes de marche et sondages,NANTES,,44,,,,,,,,,,,,,,,,,,,,,,,,,,,,,,,,,,,,,,,,,,,,,,,328330717,32833071700070,73.20Z,,,,,,,,,,,sirene,
GROUPEMENT DE COOPERATION SANITAIRE DE MOYENS,,,a contacter,,,,,,,,,,,,data_etudes,"Traitement de donnees, hebergement et activites connexes",LE PORT,,974,,,,,,,,,,,,,,,,,,,,,,,,,,,,,,,,,,,,,,,,,,,,,,,752553040,75255304000029,63.11Z,,,,,,,,,,,sirene,
GROUPEMENT INTERET PUBLIC ARRONAX,,,a contacter,,,,,,,,,,,,data_etudes,Recherche-developpement en autres sciences physiques et naturelles,SAINT-HERBLAIN,,44,,,,,,,,,,,,,,,,,,,,,,,,,,,,,,,,,,,,,,,,,,,,,,,130004112,13000411200012,72.19Z,,,,,,,,,,,sirene,
GROUPEMENT POUR L'ITINERANCE DES RECHARGES ELECTRIQUES DE VEHICULES,,,a contacter,,,,,,,,,,,,data_etudes,"Traitement de donnees, hebergement et activites connexes",SEVRES,,92,,,,,,,,,,,,,,,,,,,,,,,,,,,,,,,,,,,,,,,,,,,,,,,794519645,79451964500046,63.11Z,,,,,,,,,,,sirene,
GUILLEMOT INNOVATION LABS,,,a contacter,,,,,,,,,,,,data_etudes,Etudes de marche et sondages,CARENTOIR,,56,,,,,,,,,,,,,,,,,,,,,,,,,,,,,,,,,,,,,,,,,,,,,,,752485334,75248533400011,73.20Z,,,,,,,,,,,sirene,
GUSTAVE ROUSSY TRANSFERT,,,a contacter,,,,,,,,,,,,data_etudes,Recherche-developpement en autres sciences physiques et naturelles,VILLEJUIF,,94,,,,,,,,,,,,,,,,,,,,,,,,,,,,,,,,,,,,,,,,,,,,,,,432439776,43243977600019,72.19Z,,,,,,,,,,,sirene,
GUY BROSSARD (G.B.2),,,a contacter,,,,,,,,,,,,data_etudes,Etudes de marche et sondages,SAINT-PAUL,,974,,,,,,,,,,,,,,,,,,,,,,,,,,,,,,,,,,,,,,,,,,,,,,,400049086,40004908600061,73.20Z,,,,,,,,,,,sirene,
GUY TAIEB CONSEIL,,,a contacter,,,,,,,,,,,,data_etudes,Etudes de marche et sondages,PARIS,,75,,,,,,,,,,,,,,,,,,,,,,,,,,,,,,,,,,,,,,,,,,,,,,,381695535,38169553500041,73.20Z,,,,,,,,,,,sirene,
H2 A CONSEIL,,,a contacter,,,,,,,,,,,,data_etudes,Etudes de marche et sondages,ARCUEIL,,94,,,,,,,,,,,,,,,,,,,,,,,,,,,,,,,,,,,,,,,,,,,,,,,384965703,38496570300034,73.20Z,,,,,,,,,,,sirene,
H2 AGENCY,,,a contacter,,,,,,,,,,,,data_etudes,Etudes de marche et sondages,PUTEAUX,,92,,,,,,,,,,,,,,,,,,,,,,,,,,,,,,,,,,,,,,,,,,,,,,,821564622,82156462200024,73.20Z,,,,,,,,,,,sirene,
HAINAUT INFORMATIQUE,,,a contacter,,,,,,,,,,,,data_etudes,"Traitement de donnees, hebergement et activites connexes",BRUAY-SUR-L'ESCAUT,,59,,,,,,,,,,,,,,,,,,,,,,,,,,,,,,,,,,,,,,,,,,,,,,,331326793,33132679300022,63.11Z,,,,,,,,,,,sirene,
HAREAU,,,a contacter,,,,,,,,,,,,data_etudes,"Traitement de donnees, hebergement et activites connexes",PARIS,,75,,,,,,,,,,,,,,,,,,,,,,,,,,,,,,,,,,,,,,,,,,,,,,,538863937,53886393700016,63.11Z,,,,,,,,,,,sirene,
HARRIS INTERACTIVE SAS,,,a contacter,,,,,,,,,,,,data_etudes,Etudes de marche et sondages,VINCENNES,,94,,,,,,,,,,,,,,,,,,,,,,,,,,,,,,,,,,,,,,,,,,,,,,,401762869,40176286900055,73.20Z,,,,,,,,,,,sirene,
HECO FRANCE SARL,,,a contacter,,,,,,,,,,,,data_etudes,Etudes de marche et sondages,LE VIGAN-EN-QUERCY,,46,,,,,,,,,,,,,,,,,,,,,,,,,,,,,,,,,,,,,,,,,,,,,,,451600340,45160034000033,73.20Z,,,,,,,,,,,sirene,
HEDONIA,,,a contacter,,,,,,,,,,,,data_etudes,Etudes de marche et sondages,SAINT-BERTHEVIN,,53,,,,,,,,,,,,,,,,,,,,,,,,,,,,,,,,,,,,,,,,,,,,,,,903493450,90349345000014,73.20Z,,,,,,,,,,,sirene,
HELIANTIS OCCITANIE,,,a contacter,,,,,,,,,,,,data_etudes,Recherche-developpement en autres sciences physiques et naturelles,SAINT-PAUL-LES-ROMANS,,26,,,,,,,,,,,,,,,,,,,,,,,,,,,,,,,,,,,,,,,,,,,,,,,912682861,91268286100014,72.19Z,,,,,,,,,,,sirene,
HELIOP,,,a contacter,,,,,,,,,,,,data_etudes,"Traitement de donnees, hebergement et activites connexes",PARIS,,75,,,,,,,,,,,,,,,,,,,,,,,,,,,,,,,,,,,,,,,,,,,,,,,450882543,45088254300033,63.11Z,,,,,,,,,,,sirene,
HEMARINA,,,a contacter,,,,,,,,,,,,data_etudes,Recherche-developpement en autres sciences physiques et naturelles,MORLAIX,,29,,,,,,,,,,,,,,,,,,,,,,,,,,,,,,,,,,,,,,,,,,,,,,,494907025,49490702500022,72.19Z,,,,,,,,,,,sirene,
HEMP IT ADN,,,a contacter,,,,,,,,,,,,data_etudes,Recherche-developpement en autres sciences physiques et naturelles,BEAUFORT-EN-ANJOU,,49,,,,,,,,,,,,,,,,,,,,,,,,,,,,,,,,,,,,,,,,,,,,,,,879575769,87957576900028,72.19Z,,,,,,,,,,,sirene,
HERACLES ROBOTICS,,,a contacter,,,,,,,,,,,,data_etudes,Recherche-developpement en autres sciences physiques et naturelles,ROUEN,,76,,,,,,,,,,,,,,,,,,,,,,,,,,,,,,,,,,,,,,,,,,,,,,,883352411,88335241100010,72.19Z,,,,,,,,,,,sirene,
HERE EUROPE B.V.,,,a contacter,,,,,,,,,,,,data_etudes,"Traitement de donnees, hebergement et activites connexes",,,,,,,,,,,,,,,,,,,,,,,,,,,,,,,,,,,,,,,,,,,,,,,,,,480218544,48021854400017,63.11Z,,,,,,,,,,,sirene,
HEXAGONE,,,a contacter,,,,,,,,,,,,data_etudes,"Traitement de donnees, hebergement et activites connexes",PARIS,,75,,,,,,,,,,,,,,,,,,,,,,,,,,,,,,,,,,,,,,,,,,,,,,,839186913,83918691300035,63.11Z,,,,,,,,,,,sirene,
HEXAGONE SOLUTIONS,,,a contacter,,,,,,,,,,,,data_etudes,Recherche-developpement en autres sciences physiques et naturelles,NICE,,06,,,,,,,,,,,,,,,,,,,,,,,,,,,,,,,,,,,,,,,,,,,,,,,883796914,88379691400017,72.19Z,,,,,,,,,,,sirene,
HEXAWIN CLOUD,,,a contacter,,,,,,,,,,,,data_etudes,"Traitement de donnees, hebergement et activites connexes",VITROLLES,,13,,,,,,,,,,,,,,,,,,,,,,,,,,,,,,,,,,,,,,,,,,,,,,,828751263,82875126300033,63.11Z,,,,,,,,,,,sirene,
HID TEXTILE SERVICES SARL,,,a contacter,,,,,,,,,,,,data_etudes,Recherche-developpement en autres sciences physiques et naturelles,LA CIOTAT,,13,,,,,,,,,,,,,,,,,,,,,,,,,,,,,,,,,,,,,,,,,,,,,,,819552514,81955251400039,72.19Z,,,,,,,,,,,sirene,
HIGH VALUE CONSULTING,,,a contacter,,,,,,,,,,,,data_etudes,Autres services d'information n.c.a.,LILLE,,59,,,,,,,,,,,,,,,,,,,,,,,,,,,,,,,,,,,,,,,,,,,,,,,848283503,84828350300037,63.99Z,,,,,,,,,,,sirene,
HIVE ELECTRIC,,,a contacter,,,,,,,,,,,,data_etudes,Recherche-developpement en autres sciences physiques et naturelles,LILLE,,59,,,,,,,,,,,,,,,,,,,,,,,,,,,,,,,,,,,,,,,,,,,,,,,877564310,87756431000028,72.19Z,,,,,,,,,,,sirene,
HIVELIX,,,a contacter,,,,,,,,,,,,data_etudes,"Traitement de donnees, hebergement et activites connexes",BESANCON,,25,,,,,,,,,,,,,,,,,,,,,,,,,,,,,,,,,,,,,,,,,,,,,,,904808128,90480812800022,63.11Z,,,,,,,,,,,sirene,
HOLCIM INNOVATION CENTER,,,a contacter,,,,,,,,,,,,data_etudes,Recherche-developpement en autres sciences physiques et naturelles,SAINT-QUENTIN-FALLAVIER,,38,,,,,,,,,,,,,,,,,,,,,,,,,,,,,,,,,,,,,,,,,,,,,,,405158312,40515831200026,72.19Z,,,,,,,,,,,sirene,
HOLO3,,,a contacter,,,,,,,,,,,,data_etudes,Recherche-developpement en autres sciences physiques et naturelles,SAINT-LOUIS,,68,,,,,,,,,,,,,,,,,,,,,,,,,,,,,,,,,,,,,,,,,,,,,,,340673458,34067345800022,72.19Z,,,,,,,,,,,sirene,
HOLODIAG,,,a contacter,,,,,,,,,,,,data_etudes,Recherche-developpement en autres sciences physiques et naturelles,LEVALLOIS-PERRET,,92,,,,,,,,,,,,,,,,,,,,,,,,,,,,,,,,,,,,,,,,,,,,,,,492998703,49299870300044,72.19Z,,,,,,,,,,,sirene,
HOLOPHARM,,,a contacter,,,,,,,,,,,,data_etudes,Recherche-developpement en autres sciences physiques et naturelles,EVREUX,,27,,,,,,,,,,,,,,,,,,,,,,,,,,,,,,,,,,,,,,,,,,,,,,,822956066,82295606600028,72.19Z,,,,,,,,,,,sirene,
HOME HABILIS,,,a contacter,,,,,,,,,,,,data_etudes,Recherche-developpement en autres sciences physiques et naturelles,BEAUVAIS,,60,,,,,,,,,,,,,,,,,,,,,,,,,,,,,,,,,,,,,,,,,,,,,,,898017751,89801775100014,72.19Z,,,,,,,,,,,sirene,
HOME'TEX SOLUTIONS,,,a contacter,,,,,,,,,,,,data_etudes,Etudes de marche et sondages,SAINT-BERTHEVIN,,53,,,,,,,,,,,,,,,,,,,,,,,,,,,,,,,,,,,,,,,,,,,,,,,903494904,90349490400019,73.20Z,,,,,,,,,,,sirene,
HOP & SOFT,,,a contacter,,,,,,,,,,,,data_etudes,Etudes de marche et sondages,SAINT-BERTHEVIN,,53,,,,,,,,,,,,,,,,,,,,,,,,,,,,,,,,,,,,,,,,,,,,,,,903490589,90349058900012,73.20Z,,,,,,,,,,,sirene,
HOPLA,,,a contacter,,,,,,,,,,,,data_etudes,"Traitement de donnees, hebergement et activites connexes",RILLIEUX-LA-PAPE,,69,,,,,,,,,,,,,,,,,,,,,,,,,,,,,,,,,,,,,,,,,,,,,,,797605359,79760535900042,63.11Z,,,,,,,,,,,sirene,
HOPTIMIZ,,,a contacter,,,,,,,,,,,,data_etudes,"Traitement de donnees, hebergement et activites connexes",HAGUENAU,,67,,,,,,,,,,,,,,,,,,,,,,,,,,,,,,,,,,,,,,,,,,,,,,,823033691,82303369100010,63.11Z,,,,,,,,,,,sirene,
HORIZON DATA SERVICES,,,a contacter,,,,,,,,,,,,data_etudes,"Traitement de donnees, hebergement et activites connexes",SAINT-MARCEL-LES-VALENCE,,26,,,,,,,,,,,,,,,,,,,,,,,,,,,,,,,,,,,,,,,,,,,,,,,808980197,80898019700061,63.11Z,,,,,,,,,,,sirene,
HORUS PHARMA,,,a contacter,,,,,,,,,,,,data_etudes,Recherche-developpement en autres sciences physiques et naturelles,NICE,,06,,,,,,,,,,,,,,,,,,,,,,,,,,,,,,,,,,,,,,,,,,,,,,,445317043,44531704300021,72.19Z,,,,,,,,,,,sirene,
HOSTLINE,,,a contacter,,,,,,,,,,,,data_etudes,"Traitement de donnees, hebergement et activites connexes",QUETIGNY,,21,,,,,,,,,,,,,,,,,,,,,,,,,,,,,,,,,,,,,,,,,,,,,,,851285056,85128505600020,63.11Z,,,,,,,,,,,sirene,
HRS FRANCE,,,a contacter,,,,,,,,,,,,data_etudes,"Traitement de donnees, hebergement et activites connexes",COURBEVOIE,,92,,,,,,,,,,,,,,,,,,,,,,,,,,,,,,,,,,,,,,,,,,,,,,,488588237,48858823700062,63.11Z,,,,,,,,,,,sirene,
HSK MD,,,a contacter,,,,,,,,,,,,data_etudes,"Traitement de donnees, hebergement et activites connexes",CLICHY,,92,,,,,,,,,,,,,,,,,,,,,,,,,,,,,,,,,,,,,,,,,,,,,,,794576223,79457622300018,63.11Z,,,,,,,,,,,sirene,
HUBLO,,,a contacter,,,,,,,,,,,,data_etudes,"Traitement de donnees, hebergement et activites connexes",MONTREUIL,,93,,,,,,,,,,,,,,,,,,,,,,,,,,,,,,,,,,,,,,,,,,,,,,,822276986,82227698600046,63.11Z,,,,,,,,,,,sirene,
HUDDLE CORP,,,a contacter,,,,,,,,,,,,data_etudes,Recherche-developpement en autres sciences physiques et naturelles,SAINT-HERBLAIN,,44,,,,,,,,,,,,,,,,,,,,,,,,,,,,,,,,,,,,,,,,,,,,,,,843663519,84366351900042,72.19Z,,,,,,,,,,,sirene,
HUMANA BIOSCIENCES,,,a contacter,,,,,,,,,,,,data_etudes,Recherche-developpement en autres sciences physiques et naturelles,LABEGE,,31,,,,,,,,,,,,,,,,,,,,,,,,,,,,,,,,,,,,,,,,,,,,,,,831864277,83186427700015,72.19Z,,,,,,,,,,,sirene,
HUNTEED,,,a contacter,,,,,,,,,,,,data_etudes,"Traitement de donnees, hebergement et activites connexes",NEUILLY-SUR-SEINE,,92,,,,,,,,,,,,,,,,,,,,,,,,,,,,,,,,,,,,,,,,,,,,,,,804958825,80495882500023,63.11Z,,,,,,,,,,,sirene,
HYBRIGENICS SERVICES,,,a contacter,,,,,,,,,,,,data_etudes,Recherche-developpement en autres sciences physiques et naturelles,EVRY-COURCOURONNES,,91,,,,,,,,,,,,,,,,,,,,,,,,,,,,,,,,,,,,,,,,,,,,,,,512300534,51230053400025,72.19Z,,,,,,,,,,,sirene,
HYDRIAD EAU ET ENVIRONNEMENT,,,a contacter,,,,,,,,,,,,data_etudes,Recherche-developpement en autres sciences physiques et naturelles,SAINT-BAUZELY,,30,,,,,,,,,,,,,,,,,,,,,,,,,,,,,,,,,,,,,,,,,,,,,,,450679683,45067968300026,72.19Z,,,,,,,,,,,sirene,
HYDRO MATTERS,,,a contacter,,,,,,,,,,,,data_etudes,Recherche-developpement en autres sciences physiques et naturelles,LE FAGET,,31,,,,,,,,,,,,,,,,,,,,,,,,,,,,,,,,,,,,,,,,,,,,,,,898276928,89827692800014,72.19Z,,,,,,,,,,,sirene,
HYDROSOL LANGUEDOC,,,a contacter,,,,,,,,,,,,data_etudes,Recherche-developpement en autres sciences physiques et naturelles,LUNEL,,34,,,,,,,,,,,,,,,,,,,,,,,,,,,,,,,,,,,,,,,,,,,,,,,822767935,82276793500049,72.19Z,,,,,,,,,,,sirene,
HYNN TECHNOLOGY FRANCE SAS,,,a contacter,,,,,,,,,,,,data_etudes,Recherche-developpement en autres sciences physiques et naturelles,LILLE,,59,,,,,,,,,,,,,,,,,,,,,,,,,,,,,,,,,,,,,,,,,,,,,,,948556303,94855630300014,72.19Z,,,,,,,,,,,sirene,
HYPER WORLD CONSEIL,,,a contacter,,,,,,,,,,,,data_etudes,Etudes de marche et sondages,PARIS,,75,,,,,,,,,,,,,,,,,,,,,,,,,,,,,,,,,,,,,,,,,,,,,,,489810713,48981071300045,73.20Z,,,,,,,,,,,sirene,
HYSILABS,,,a contacter,,,,,,,,,,,,data_etudes,Recherche-developpement en autres sciences physiques et naturelles,AIX EN PROVENCE,,13,,,,,,,,,,,,,,,,,,,,,,,,,,,,,,,,,,,,,,,,,,,,,,,809599939,80959993900018,72.19Z,,,,,,,,,,,sirene,
I C S SERVICES,,,a contacter,,,,,,,,,,,,data_etudes,"Traitement de donnees, hebergement et activites connexes",TOURS,,37,,,,,,,,,,,,,,,,,,,,,,,,,,,,,,,,,,,,,,,,,,,,,,,351796263,35179626300066,63.11Z,,,,,,,,,,,sirene,
I&T AUTOMOTIVE,,,a contacter,,,,,,,,,,,,data_etudes,"Traitement de donnees, hebergement et activites connexes",PARIS,,75,,,,,,,,,,,,,,,,,,,,,,,,,,,,,,,,,,,,,,,,,,,,,,,304366990,30436699000089,63.11Z,,,,,,,,,,,sirene,
I-SEP,,,a contacter,,,,,,,,,,,,data_etudes,Recherche-developpement en autres sciences physiques et naturelles,NANTES,,44,,,,,,,,,,,,,,,,,,,,,,,,,,,,,,,,,,,,,,,,,,,,,,,814086534,81408653400033,72.19Z,,,,,,,,,,,sirene,
I.S.P. GRAND-COURONNE SAS,,,a contacter,,,,,,,,,,,,data_etudes,Recherche-developpement en autres sciences physiques et naturelles,GRAND-COURONNE,,76,,,,,,,,,,,,,,,,,,,,,,,,,,,,,,,,,,,,,,,,,,,,,,,423361765,42336176500013,72.19Z,,,,,,,,,,,sirene,
I3D.NET,,,a contacter,,,,,,,,,,,,data_etudes,"Traitement de donnees, hebergement et activites connexes",MONTREUIL,,93,,,,,,,,,,,,,,,,,,,,,,,,,,,,,,,,,,,,,,,,,,,,,,,951269034,95126903400025,63.11Z,,,,,,,,,,,sirene,
IC'ALPS,,,a contacter,,,,,,,,,,,,data_etudes,Recherche-developpement en autres sciences physiques et naturelles,SAINT-MARTIN-D'HERES,,38,,,,,,,,,,,,,,,,,,,,,,,,,,,,,,,,,,,,,,,,,,,,,,,837902444,83790244400038,72.19Z,,,,,,,,,,,sirene,
ICEBERG DATA LAB,,,a contacter,,,,,,,,,,,,data_etudes,"Traitement de donnees, hebergement et activites connexes",LE MESNIL-LE-ROI,,78,,,,,,,,,,,,,,,,,,,,,,,,,,,,,,,,,,,,,,,,,,,,,,,878784677,87878467700014,63.11Z,,,,,,,,,,,sirene,
ICODIA,,,a contacter,,,,,,,,,,,,data_etudes,"Traitement de donnees, hebergement et activites connexes",CESSON-SEVIGNE,,35,,,,,,,,,,,,,,,,,,,,,,,,,,,,,,,,,,,,,,,,,,,,,,,432478634,43247863400046,63.11Z,,,,,,,,,,,sirene,
ICON TECHNOLOGY & PROCESS CONSULTING SAS,,,a contacter,,,,,,,,,,,,data_etudes,Recherche-developpement en autres sciences physiques et naturelles,TOULOUSE,,31,,,,,,,,,,,,,,,,,,,,,,,,,,,,,,,,,,,,,,,,,,,,,,,817435795,81743579500049,72.19Z,,,,,,,,,,,sirene,
ICOVER,,,a contacter,,,,,,,,,,,,data_etudes,"Traitement de donnees, hebergement et activites connexes",PARIS,,75,,,,,,,,,,,,,,,,,,,,,,,,,,,,,,,,,,,,,,,,,,,,,,,530913813,53091381300073,63.11Z,,,,,,,,,,,sirene,
ICTA PROJECT MANAGEMENT EN AGREGE ICTA P,,,a contacter,,,,,,,,,,,,data_etudes,Recherche-developpement en autres sciences physiques et naturelles,FONTAINE-LES-DIJON,,21,,,,,,,,,,,,,,,,,,,,,,,,,,,,,,,,,,,,,,,,,,,,,,,448155614,44815561400010,72.19Z,,,,,,,,,,,sirene,
ICURESEARCH,,,a contacter,,,,,,,,,,,,data_etudes,Recherche-developpement en autres sciences physiques et naturelles,TOULAUD,,07,,,,,,,,,,,,,,,,,,,,,,,,,,,,,,,,,,,,,,,,,,,,,,,813878964,81387896400044,72.19Z,,,,,,,,,,,sirene,
ID OCEAN,,,a contacter,,,,,,,,,,,,data_etudes,"Traitement de donnees, hebergement et activites connexes",SAINT-LEU,,974,,,,,,,,,,,,,,,,,,,,,,,,,,,,,,,,,,,,,,,,,,,,,,,829104629,82910462900052,63.11Z,,,,,,,,,,,sirene,
ID SOLUTIONS,,,a contacter,,,,,,,,,,,,data_etudes,Recherche-developpement en autres sciences physiques et naturelles,MONTPELLIER,,34,,,,,,,,,,,,,,,,,,,,,,,,,,,,,,,,,,,,,,,,,,,,,,,822487658,82248765800038,72.19Z,,,,,,,,,,,sirene,
ID SOLUTIONS ONCOLOGY,,,a contacter,,,,,,,,,,,,data_etudes,Recherche-developpement en autres sciences physiques et naturelles,MONTPELLIER,,34,,,,,,,,,,,,,,,,,,,,,,,,,,,,,,,,,,,,,,,,,,,,,,,918619081,91861908100022,72.19Z,,,,,,,,,,,sirene,
ID'AJ,,,a contacter,,,,,,,,,,,,data_etudes,Etudes de marche et sondages,SAONE,,25,,,,,,,,,,,,,,,,,,,,,,,,,,,,,,,,,,,,,,,,,,,,,,,530213529,53021352900056,73.20Z,,,,,,,,,,,sirene,
IDAIA,,,a contacter,,,,,,,,,,,,data_etudes,"Traitement de donnees, hebergement et activites connexes",BRUGES,,33,,,,,,,,,,,,,,,,,,,,,,,,,,,,,,,,,,,,,,,,,,,,,,,348770561,34877056100077,63.11Z,,,,,,,,,,,sirene,
IDC FRANCE SA,,,a contacter,,,,,,,,,,,,data_etudes,Etudes de marche et sondages,LEVALLOIS-PERRET,,92,,,,,,,,,,,,,,,,,,,,,,,,,,,,,,,,,,,,,,,,,,,,,,,325050177,32505017700071,73.20Z,,,,,,,,,,,sirene,
IDCSOFT,,,a contacter,,,,,,,,,,,,data_etudes,"Traitement de donnees, hebergement et activites connexes",PESSAC,,33,,,,,,,,,,,,,,,,,,,,,,,,,,,,,,,,,,,,,,,,,,,,,,,498564947,49856494700022,63.11Z,,,,,,,,,,,sirene,
IDLINE,,,a contacter,,,,,,,,,,,,data_etudes,"Traitement de donnees, hebergement et activites connexes",L'ISLE-D'ESPAGNAC,,16,,,,,,,,,,,,,,,,,,,,,,,,,,,,,,,,,,,,,,,,,,,,,,,411678972,41167897200026,63.11Z,,,,,,,,,,,sirene,
IDS,,,a contacter,,,,,,,,,,,,data_etudes,"Traitement de donnees, hebergement et activites connexes",LYON,,69,,,,,,,,,,,,,,,,,,,,,,,,,,,,,,,,,,,,,,,,,,,,,,,393883400,39388340000086,63.11Z,,,,,,,,,,,sirene,
IDS GROUP,,,a contacter,,,,,,,,,,,,data_etudes,Recherche-developpement en autres sciences physiques et naturelles,VAULX-EN-VELIN,,69,,,,,,,,,,,,,,,,,,,,,,,,,,,,,,,,,,,,,,,,,,,,,,,821377751,82137775100044,72.19Z,,,,,,,,,,,sirene,
IEED VEDECOM,,,a contacter,,,,,,,,,,,,data_etudes,Recherche-developpement en autres sciences physiques et naturelles,VERSAILLES,,78,,,,,,,,,,,,,,,,,,,,,,,,,,,,,,,,,,,,,,,,,,,,,,,524979853,52497985300032,72.19Z,,,,,,,,,,,sirene,
IFIIM,,,a contacter,,,,,,,,,,,,data_etudes,Etudes de marche et sondages,FAUGUEROLLES,,47,,,,,,,,,,,,,,,,,,,,,,,,,,,,,,,,,,,,,,,,,,,,,,,383930211,38393021100016,73.20Z,,,,,,,,,,,sirene,
IFIP-INSTITUT DU PORC,,,a contacter,,,,,,,,,,,,data_etudes,Recherche-developpement en autres sciences physiques et naturelles,PARIS,,75,,,,,,,,,,,,,,,,,,,,,,,,,,,,,,,,,,,,,,,,,,,,,,,775681323,77568132300108,72.19Z,,,,,,,,,,,sirene,
IFOP,,,a contacter,,,,,,,,,,,,data_etudes,Etudes de marche et sondages,PARIS,,75,,,,,,,,,,,,,,,,,,,,,,,,,,,,,,,,,,,,,,,,,,,,,,,348698754,34869875400051,73.20Z,,,,,,,,,,,sirene,
IGO SAS,,,a contacter,,,,,,,,,,,,data_etudes,"Traitement de donnees, hebergement et activites connexes",NIMES,,30,,,,,,,,,,,,,,,,,,,,,,,,,,,,,,,,,,,,,,,,,,,,,,,515311983,51531198300065,63.11Z,,,,,,,,,,,sirene,
IHS GLOBAL SAS,,,a contacter,,,,,,,,,,,,data_etudes,Etudes de marche et sondages,PARIS,,75,,,,,,,,,,,,,,,,,,,,,,,,,,,,,,,,,,,,,,,,,,,,,,,388299893,38829989300064,73.20Z,,,,,,,,,,,sirene,
ILONOV,,,a contacter,,,,,,,,,,,,data_etudes,Recherche-developpement en autres sciences physiques et naturelles,STRASBOURG,,67,,,,,,,,,,,,,,,,,,,,,,,,,,,,,,,,,,,,,,,,,,,,,,,892130303,89213030300019,72.19Z,,,,,,,,,,,sirene,
IMACTIS,,,a contacter,,,,,,,,,,,,data_etudes,Recherche-developpement en autres sciences physiques et naturelles,SAINT-MARTIN-D'HERES,,38,,,,,,,,,,,,,,,,,,,,,,,,,,,,,,,,,,,,,,,,,,,,,,,509967030,50996703000024,72.19Z,,,,,,,,,,,sirene,
IMAGE GUIDED THERAPY,,,a contacter,,,,,,,,,,,,data_etudes,Recherche-developpement en autres sciences physiques et naturelles,PESSAC,,33,,,,,,,,,,,,,,,,,,,,,,,,,,,,,,,,,,,,,,,,,,,,,,,440158822,44015882200039,72.19Z,,,,,,,,,,,sirene,
IMAGES MICROFORMES EDITIONS SERVICES,,,a contacter,,,,,,,,,,,,data_etudes,"Traitement de donnees, hebergement et activites connexes",SCHILTIGHEIM,,67,,,,,,,,,,,,,,,,,,,,,,,,,,,,,,,,,,,,,,,,,,,,,,,403376502,40337650200064,63.11Z,,,,,,,,,,,sirene,
IMANAGING-DOCUMENT,,,a contacter,,,,,,,,,,,,data_etudes,"Traitement de donnees, hebergement et activites connexes",ANCENIS-SAINT-GEREON,,44,,,,,,,,,,,,,,,,,,,,,,,,,,,,,,,,,,,,,,,,,,,,,,,483280699,48328069900057,63.11Z,,,,,,,,,,,sirene,
IMASCAP,,,a contacter,,,,,,,,,,,,data_etudes,Recherche-developpement en autres sciences physiques et naturelles,PLOUZANE,,29,,,,,,,,,,,,,,,,,,,,,,,,,,,,,,,,,,,,,,,,,,,,,,,518584024,51858402400039,72.19Z,,,,,,,,,,,sirene,
IMASOLIA,,,a contacter,,,,,,,,,,,,data_etudes,Recherche-developpement en autres sciences physiques et naturelles,VERGEZE,,30,,,,,,,,,,,,,,,,,,,,,,,,,,,,,,,,,,,,,,,,,,,,,,,889428942,88942894200029,72.19Z,,,,,,,,,,,sirene,
IMMODVISOR,,,a contacter,,,,,,,,,,,,data_etudes,"Traitement de donnees, hebergement et activites connexes",NANTES,,44,,,,,,,,,,,,,,,,,,,,,,,,,,,,,,,,,,,,,,,,,,,,,,,800283764,80028376400028,63.11Z,,,,,,,,,,,sirene,
IMPACT MER,,,a contacter,,,,,,,,,,,,data_etudes,Recherche-developpement en autres sciences physiques et naturelles,FORT-DE-FRANCE,,972,,,,,,,,,,,,,,,,,,,,,,,,,,,,,,,,,,,,,,,,,,,,,,,534347836,53434783600023,72.19Z,,,,,,,,,,,sirene,
IMPEDANCE DATAVIB,,,a contacter,,,,,,,,,,,,data_etudes,Recherche-developpement en autres sciences physiques et naturelles,GOMETZ-LA-VILLE,,91,,,,,,,,,,,,,,,,,,,,,,,,,,,,,,,,,,,,,,,,,,,,,,,814732657,81473265700014,72.19Z,,,,,,,,,,,sirene,
IMPLANTACTION,,,a contacter,,,,,,,,,,,,data_etudes,Etudes de marche et sondages,TOURCOING,,59,,,,,,,,,,,,,,,,,,,,,,,,,,,,,,,,,,,,,,,,,,,,,,,439379363,43937936300013,73.20Z,,,,,,,,,,,sirene,
IMPROVE,,,a contacter,,,,,,,,,,,,data_etudes,Recherche-developpement en autres sciences physiques et naturelles,DURY,,80,,,,,,,,,,,,,,,,,,,,,,,,,,,,,,,,,,,,,,,,,,,,,,,794464784,79446478400022,72.19Z,,,,,,,,,,,sirene,
IMRA EUROPE SAS,,,a contacter,,,,,,,,,,,,data_etudes,Recherche-developpement en autres sciences physiques et naturelles,VALBONNE,,06,,,,,,,,,,,,,,,,,,,,,,,,,,,,,,,,,,,,,,,,,,,,,,,338457625,33845762500022,72.19Z,,,,,,,,,,,sirene,
IN EXTENSO SOCIAL ALSACE LORRAINE,,,a contacter,,,,,,,,,,,,data_etudes,"Traitement de donnees, hebergement et activites connexes",SCHILTIGHEIM,,67,,,,,,,,,,,,,,,,,,,,,,,,,,,,,,,,,,,,,,,,,,,,,,,810850917,81085091700016,63.11Z,,,,,,,,,,,sirene,
IN EXTENSO SOCIAL DAUPHINE SAVOIE,,,a contacter,,,,,,,,,,,,data_etudes,"Traitement de donnees, hebergement et activites connexes",MOIRANS,,38,,,,,,,,,,,,,,,,,,,,,,,,,,,,,,,,,,,,,,,,,,,,,,,822887907,82288790700019,63.11Z,,,,,,,,,,,sirene,
IN EXTENSO SOCIAL ILE DE FRANCE,,,a contacter,,,,,,,,,,,,data_etudes,"Traitement de donnees, hebergement et activites connexes",MALAKOFF,,92,,,,,,,,,,,,,,,,,,,,,,,,,,,,,,,,,,,,,,,,,,,,,,,804787059,80478705900067,63.11Z,,,,,,,,,,,sirene,
IN EXTENSO SOCIAL NORMANDIE,,,a contacter,,,,,,,,,,,,data_etudes,"Traitement de donnees, hebergement et activites connexes",ISNEAUVILLE,,76,,,,,,,,,,,,,,,,,,,,,,,,,,,,,,,,,,,,,,,,,,,,,,,804093862,80409386200030,63.11Z,,,,,,,,,,,sirene,
IN EXTENSO SOCIAL RHONE-ALPES,,,a contacter,,,,,,,,,,,,data_etudes,"Traitement de donnees, hebergement et activites connexes",VILLEURBANNE,,69,,,,,,,,,,,,,,,,,,,,,,,,,,,,,,,,,,,,,,,,,,,,,,,811684273,81168427300022,63.11Z,,,,,,,,,,,sirene,
IN EXTENSO SOCIAL SYNERGIE GROUPE,,,a contacter,,,,,,,,,,,,data_etudes,"Traitement de donnees, hebergement et activites connexes",MEYREUIL,,13,,,,,,,,,,,,,,,,,,,,,,,,,,,,,,,,,,,,,,,,,,,,,,,829879402,82987940200016,63.11Z,,,,,,,,,,,sirene,
IN VIVO FRANCE,,,a contacter,,,,,,,,,,,,data_etudes,Etudes de marche et sondages,PARIS,,75,,,,,,,,,,,,,,,,,,,,,,,,,,,,,,,,,,,,,,,,,,,,,,,813214418,81321441800143,73.20Z,,,,,,,,,,,sirene,
IN&MOTION,,,a contacter,,,,,,,,,,,,data_etudes,Recherche-developpement en autres sciences physiques et naturelles,ANNECY,,74,,,,,,,,,,,,,,,,,,,,,,,,,,,,,,,,,,,,,,,,,,,,,,,805388329,80538832900023,72.19Z,,,,,,,,,,,sirene,
IN-CUBES,,,a contacter,,,,,,,,,,,,data_etudes,"Traitement de donnees, hebergement et activites connexes",SAINT-DENIS,,93,,,,,,,,,,,,,,,,,,,,,,,,,,,,,,,,,,,,,,,,,,,,,,,817558414,81755841400030,63.11Z,,,,,,,,,,,sirene,
INATHERYS,,,a contacter,,,,,,,,,,,,data_etudes,Recherche-developpement en autres sciences physiques et naturelles,EVRY-COURCOURONNES,,91,,,,,,,,,,,,,,,,,,,,,,,,,,,,,,,,,,,,,,,,,,,,,,,512852385,51285238500016,72.19Z,,,,,,,,,,,sirene,
INAUDIT,,,a contacter,,,,,,,,,,,,data_etudes,"Traitement de donnees, hebergement et activites connexes",SAINT-PRIEST,,69,,,,,,,,,,,,,,,,,,,,,,,,,,,,,,,,,,,,,,,,,,,,,,,789835329,78983532900028,63.11Z,,,,,,,,,,,sirene,
INBRAIN PHARMA,,,a contacter,,,,,,,,,,,,data_etudes,Recherche-developpement en autres sciences physiques et naturelles,LOOS,,59,,,,,,,,,,,,,,,,,,,,,,,,,,,,,,,,,,,,,,,,,,,,,,,840545123,84054512300027,72.19Z,,,,,,,,,,,sirene,
INDEXPRESSE,,,a contacter,,,,,,,,,,,,data_etudes,"Traitement de donnees, hebergement et activites connexes",GRENOBLE,,38,,,,,,,,,,,,,,,,,,,,,,,,,,,,,,,,,,,,,,,,,,,,,,,382758589,38275858900057,63.11Z,,,,,,,,,,,sirene,
INEOS TECHNOLOGIES FRANCE SAS,,,a contacter,,,,,,,,,,,,data_etudes,Recherche-developpement en autres sciences physiques et naturelles,MARTIGUES,,13,,,,,,,,,,,,,,,,,,,,,,,,,,,,,,,,,,,,,,,,,,,,,,,489938084,48993808400014,72.19Z,,,,,,,,,,,sirene,
INFERENSIA,,,a contacter,,,,,,,,,,,,data_etudes,"Traitement de donnees, hebergement et activites connexes",PARIS,,75,,,,,,,,,,,,,,,,,,,,,,,,,,,,,,,,,,,,,,,,,,,,,,,851830893,85183089300018,63.11Z,,,,,,,,,,,sirene,
INFLECTIS BIOSCIENCE,,,a contacter,,,,,,,,,,,,data_etudes,Recherche-developpement en autres sciences physiques et naturelles,NANTES,,44,,,,,,,,,,,,,,,,,,,,,,,,,,,,,,,,,,,,,,,,,,,,,,,795009604,79500960400021,72.19Z,,,,,,,,,,,sirene,
INFO SYS COM,,,a contacter,,,,,,,,,,,,data_etudes,"Traitement de donnees, hebergement et activites connexes",GRANDE-SYNTHE,,59,,,,,,,,,,,,,,,,,,,,,,,,,,,,,,,,,,,,,,,,,,,,,,,481938876,48193887600028,63.11Z,,,,,,,,,,,sirene,
INFODUSTRIE,,,a contacter,,,,,,,,,,,,data_etudes,"Traitement de donnees, hebergement et activites connexes",ETAMPES,,91,,,,,,,,,,,,,,,,,,,,,,,,,,,,,,,,,,,,,,,,,,,,,,,790393359,79039335900019,63.11Z,,,,,,,,,,,sirene,
INFOGEM,,,a contacter,,,,,,,,,,,,data_etudes,Autres services d'information n.c.a.,MONTPELLIER,,34,,,,,,,,,,,,,,,,,,,,,,,,,,,,,,,,,,,,,,,,,,,,,,,349006759,34900675900030,63.99Z,,,,,,,,,,,sirene,
INFOGENE DATA,,,a contacter,,,,,,,,,,,,data_etudes,"Traitement de donnees, hebergement et activites connexes",NEUILLY-SUR-SEINE,,92,,,,,,,,,,,,,,,,,,,,,,,,,,,,,,,,,,,,,,,,,,,,,,,907754584,90775458400023,63.11Z,,,,,,,,,,,sirene,
INFOPAIE,,,a contacter,,,,,,,,,,,,data_etudes,"Traitement de donnees, hebergement et activites connexes",BASTIA,,2B,,,,,,,,,,,,,,,,,,,,,,,,,,,,,,,,,,,,,,,,,,,,,,,437759046,43775904600034,63.11Z,,,,,,,,,,,sirene,
INFOPLUS TELEMEDIAS,,,a contacter,,,,,,,,,,,,data_etudes,Etudes de marche et sondages,LE ROBERT,,972,,,,,,,,,,,,,,,,,,,,,,,,,,,,,,,,,,,,,,,,,,,,,,,404722357,40472235700013,73.20Z,,,,,,,,,,,sirene,
INFOPORT,,,a contacter,,,,,,,,,,,,data_etudes,"Traitement de donnees, hebergement et activites connexes",LE PORT,,974,,,,,,,,,,,,,,,,,,,,,,,,,,,,,,,,,,,,,,,,,,,,,,,497667675,49766767500027,63.11Z,,,,,,,,,,,sirene,
INFORMAT TRAITEM FICHIERS-LOCAT ADRESSES,,,a contacter,,,,,,,,,,,,data_etudes,"Traitement de donnees, hebergement et activites connexes",OBERSCHAEFFOLSHEIM,,67,,,,,,,,,,,,,,,,,,,,,,,,,,,,,,,,,,,,,,,,,,,,,,,330414988,33041498800056,63.11Z,,,,,,,,,,,sirene,
INFORMATEX,,,a contacter,,,,,,,,,,,,data_etudes,"Traitement de donnees, hebergement et activites connexes",DAVEZIEUX,,07,,,,,,,,,,,,,,,,,,,,,,,,,,,,,,,,,,,,,,,,,,,,,,,332035831,33203583100038,63.11Z,,,,,,,,,,,sirene,
INFORMATIQUE DIFFUSION MORLAIX,,,a contacter,,,,,,,,,,,,data_etudes,"Traitement de donnees, hebergement et activites connexes",SAINT-MARTIN-DES-CHAMPS,,29,,,,,,,,,,,,,,,,,,,,,,,,,,,,,,,,,,,,,,,,,,,,,,,510892599,51089259900034,63.11Z,,,,,,,,,,,sirene,
INFORMATIQUE INGENIERIE ESSONNE,,,a contacter,,,,,,,,,,,,data_etudes,"Traitement de donnees, hebergement et activites connexes",FORGES-LES-BAINS,,91,,,,,,,,,,,,,,,,,,,,,,,,,,,,,,,,,,,,,,,,,,,,,,,340252626,34025262600015,63.11Z,,,,,,,,,,,sirene,
INFORMATIQUE SERVICE,,,a contacter,,,,,,,,,,,,data_etudes,"Traitement de donnees, hebergement et activites connexes",LE LAMENTIN,,972,,,,,,,,,,,,,,,,,,,,,,,,,,,,,,,,,,,,,,,,,,,,,,,438315020,43831502000026,63.11Z,,,,,,,,,,,sirene,
INFORSERVICE,,,a contacter,,,,,,,,,,,,data_etudes,"Traitement de donnees, hebergement et activites connexes",ROUEN,,76,,,,,,,,,,,,,,,,,,,,,,,,,,,,,,,,,,,,,,,,,,,,,,,332111517,33211151700014,63.11Z,,,,,,,,,,,sirene,
INFOSCRIBE,,,a contacter,,,,,,,,,,,,data_etudes,"Traitement de donnees, hebergement et activites connexes",JOINVILLE-LE-PONT,,94,,,,,,,,,,,,,,,,,,,,,,,,,,,,,,,,,,,,,,,,,,,,,,,821497922,82149792200020,63.11Z,,,,,,,,,,,sirene,
INFUSION,,,a contacter,,,,,,,,,,,,data_etudes,Etudes de marche et sondages,ANNECY,,74,,,,,,,,,,,,,,,,,,,,,,,,,,,,,,,,,,,,,,,,,,,,,,,420674327,42067432700077,73.20Z,,,,,,,,,,,sirene,
INGENIERIE MATHEMATIQUE CALCUL SCIENT...,,,a contacter,,,,,,,,,,,,data_etudes,Recherche-developpement en autres sciences physiques et naturelles,JUVISY-SUR-ORGE,,91,,,,,,,,,,,,,,,,,,,,,,,,,,,,,,,,,,,,,,,,,,,,,,,398727750,39872775000026,72.19Z,,,,,,,,,,,sirene,
INGENIERIE NOUVELLE EN MECANIQUE DES SOLS,,,a contacter,,,,,,,,,,,,data_etudes,Recherche-developpement en autres sciences physiques et naturelles,VITROLLES,,13,,,,,,,,,,,,,,,,,,,,,,,,,,,,,,,,,,,,,,,,,,,,,,,512243346,51224334600032,72.19Z,,,,,,,,,,,sirene,
INGENIUM ANIMALIS,,,a contacter,,,,,,,,,,,,data_etudes,"Traitement de donnees, hebergement et activites connexes",PARIS,,75,,,,,,,,,,,,,,,,,,,,,,,,,,,,,,,,,,,,,,,,,,,,,,,439548165,43954816500018,63.11Z,,,,,,,,,,,sirene,
INIT,,,a contacter,,,,,,,,,,,,data_etudes,Etudes de marche et sondages,IVRY-SUR-SEINE,,94,,,,,,,,,,,,,,,,,,,,,,,,,,,,,,,,,,,,,,,,,,,,,,,401935853,40193585300077,73.20Z,,,,,,,,,,,sirene,
INNODEV,,,a contacter,,,,,,,,,,,,data_etudes,Recherche-developpement en autres sciences physiques et naturelles,MARSEILLE,,13,,,,,,,,,,,,,,,,,,,,,,,,,,,,,,,,,,,,,,,,,,,,,,,782886436,78288643600057,72.19Z,,,,,,,,,,,sirene,
INNOLIFE,,,a contacter,,,,,,,,,,,,data_etudes,Recherche-developpement en autres sciences physiques et naturelles,BRIE-ET-ANGONNES,,38,,,,,,,,,,,,,,,,,,,,,,,,,,,,,,,,,,,,,,,,,,,,,,,823932017,82393201700010,72.19Z,,,,,,,,,,,sirene,
INNOVATION & INDUSTRIE,,,a contacter,,,,,,,,,,,,data_etudes,Recherche-developpement en autres sciences physiques et naturelles,PUTEAUX,,92,,,,,,,,,,,,,,,,,,,,,,,,,,,,,,,,,,,,,,,,,,,,,,,652042458,65204245800032,72.19Z,,,,,,,,,,,sirene,
INNOVATION DES PRODUCTEURS DE PLANTS DE POMME DE TERRE,,,a contacter,,,,,,,,,,,,data_etudes,Recherche-developpement en autres sciences physiques et naturelles,PARIS,,75,,,,,,,,,,,,,,,,,,,,,,,,,,,,,,,,,,,,,,,,,,,,,,,752320200,75232020000013,72.19Z,,,,,,,,,,,sirene,
INNOVATION FLUIDES SUPERCRITIQUES,,,a contacter,,,,,,,,,,,,data_etudes,Recherche-developpement en autres sciences physiques et naturelles,ALIXAN,,26,,,,,,,,,,,,,,,,,,,,,,,,,,,,,,,,,,,,,,,,,,,,,,,492625884,49262588400019,72.19Z,,,,,,,,,,,sirene,
INNOVERDA,,,a contacter,,,,,,,,,,,,data_etudes,Recherche-developpement en autres sciences physiques et naturelles,ROISSY-EN-FRANCE,,95,,,,,,,,,,,,,,,,,,,,,,,,,,,,,,,,,,,,,,,,,,,,,,,832413066,83241306600040,72.19Z,,,,,,,,,,,sirene,
INNOVHEM,,,a contacter,,,,,,,,,,,,data_etudes,Recherche-developpement en autres sciences physiques et naturelles,EVRY-COURCOURONNES,,91,,,,,,,,,,,,,,,,,,,,,,,,,,,,,,,,,,,,,,,,,,,,,,,877815522,87781552200017,72.19Z,,,,,,,,,,,sirene,
INOTREM,,,a contacter,,,,,,,,,,,,data_etudes,Recherche-developpement en autres sciences physiques et naturelles,VANDŒUVRE-LES-NANCY,,54,,,,,,,,,,,,,,,,,,,,,,,,,,,,,,,,,,,,,,,,,,,,,,,791682172,79168217200030,72.19Z,,,,,,,,,,,sirene,
INOVAME,,,a contacter,,,,,,,,,,,,data_etudes,Recherche-developpement en autres sciences physiques et naturelles,DUPPIGHEIM,,67,,,,,,,,,,,,,,,,,,,,,,,,,,,,,,,,,,,,,,,,,,,,,,,488274556,48827455600031,72.19Z,,,,,,,,,,,sirene,
INOVATIC SERVICES,,,a contacter,,,,,,,,,,,,data_etudes,"Traitement de donnees, hebergement et activites connexes",MONTIGNY-LE-BRETONNEUX,,78,,,,,,,,,,,,,,,,,,,,,,,,,,,,,,,,,,,,,,,,,,,,,,,432598621,43259862100022,63.11Z,,,,,,,,,,,sirene,
INOVEV,,,a contacter,,,,,,,,,,,,data_etudes,"Traitement de donnees, hebergement et activites connexes",LEVALLOIS-PERRET,,92,,,,,,,,,,,,,,,,,,,,,,,,,,,,,,,,,,,,,,,,,,,,,,,538653510,53865351000015,63.11Z,,,,,,,,,,,sirene,
INOVIEM SCIENTIFIC SAS,,,a contacter,,,,,,,,,,,,data_etudes,Recherche-developpement en autres sciences physiques et naturelles,ILLKIRCH-GRAFFENSTADEN,,67,,,,,,,,,,,,,,,,,,,,,,,,,,,,,,,,,,,,,,,,,,,,,,,535375588,53537558800030,72.19Z,,,,,,,,,,,sirene,
INSAVALOR,,,a contacter,,,,,,,,,,,,data_etudes,Recherche-developpement en autres sciences physiques et naturelles,VILLEURBANNE,,69,,,,,,,,,,,,,,,,,,,,,,,,,,,,,,,,,,,,,,,,,,,,,,,345038244,34503824400017,72.19Z,,,,,,,,,,,sirene,
INST INTER MED TRAV PARIS IDF,,,a contacter,,,,,,,,,,,,data_etudes,Recherche-developpement en autres sciences physiques et naturelles,CRETEIL,,94,,,,,,,,,,,,,,,,,,,,,,,,,,,,,,,,,,,,,,,,,,,,,,,392114674,39211467400055,72.19Z,,,,,,,,,,,sirene,
INST MEDECINE EPIDEMIOLOGIE APPLIQUEE,,,a contacter,,,,,,,,,,,,data_etudes,Recherche-developpement en autres sciences physiques et naturelles,PARIS,,75,,,,,,,,,,,,,,,,,,,,,,,,,,,,,,,,,,,,,,,,,,,,,,,784779704,78477970400039,72.19Z,,,,,,,,,,,sirene,
INST RECHE APPLI FORMU ANALY QUALI,,,a contacter,,,,,,,,,,,,data_etudes,Recherche-developpement en autres sciences physiques et naturelles,POITIERS,,86,,,,,,,,,,,,,,,,,,,,,,,,,,,,,,,,,,,,,,,,,,,,,,,415044148,41504414800047,72.19Z,,,,,,,,,,,sirene,
INSTIT TECHNI PLANT MEDIC AROM,,,a contacter,,,,,,,,,,,,data_etudes,Recherche-developpement en autres sciences physiques et naturelles,CHEMILLE-EN-ANJOU,,49,,,,,,,,,,,,,,,,,,,,,,,,,,,,,,,,,,,,,,,,,,,,,,,320387889,32038788900043,72.19Z,,,,,,,,,,,sirene,
INSTITUT D'EXPERTISE CLINIQUE,,,a contacter,,,,,,,,,,,,data_etudes,Recherche-developpement en autres sciences physiques et naturelles,LYON,,69,,,,,,,,,,,,,,,,,,,,,,,,,,,,,,,,,,,,,,,,,,,,,,,380306597,38030659700044,72.19Z,,,,,,,,,,,sirene,
INSTITUT DE LA GOUVERNANCE TERRITORIALE ET DE LA DECENTRALISATION,,,a contacter,,,,,,,,,,,,data_etudes,Etudes de marche et sondages,PARIS,,75,,,,,,,,,,,,,,,,,,,,,,,,,,,,,,,,,,,,,,,,,,,,,,,352903223,35290322300043,73.20Z,,,,,,,,,,,sirene,
INSTITUT DE RECHERCHE CHORUS,,,a contacter,,,,,,,,,,,,data_etudes,Recherche-developpement en autres sciences physiques et naturelles,GRENOBLE,,38,,,,,,,,,,,,,,,,,,,,,,,,,,,,,,,,,,,,,,,,,,,,,,,821583523,82158352300021,72.19Z,,,,,,,,,,,sirene,
INSTITUT DE RECHERCHE EN SEMIOCHIMIE ET ETHOLOGIE APPLIQUEE,,,a contacter,,,,,,,,,,,,data_etudes,Recherche-developpement en autres sciences physiques et naturelles,APT,,84,,,,,,,,,,,,,,,,,,,,,,,,,,,,,,,,,,,,,,,,,,,,,,,403024110,40302411000039,72.19Z,,,,,,,,,,,sirene,
INSTITUT DE RECHERCHE PIERRE FABRE,,,a contacter,,,,,,,,,,,,data_etudes,Recherche-developpement en autres sciences physiques et naturelles,LAVAUR,,81,,,,,,,,,,,,,,,,,,,,,,,,,,,,,,,,,,,,,,,,,,,,,,,334924362,33492436200224,72.19Z,,,,,,,,,,,sirene,
"INSTITUT DE RECHERCHE TECHNOLOGIQUE MATERIAUX, METALLURGIE, PROCEDES",,,a contacter,,,,,,,,,,,,data_etudes,Recherche-developpement en autres sciences physiques et naturelles,METZ,,57,,,,,,,,,,,,,,,,,,,,,,,,,,,,,,,,,,,,,,,,,,,,,,,791209075,79120907500013,72.19Z,,,,,,,,,,,sirene,
INSTITUT DE RECHERCHE TECHNOLOGIQUE SYSTEM X,,,a contacter,,,,,,,,,,,,data_etudes,Recherche-developpement en autres sciences physiques et naturelles,PALAISEAU,,91,,,,,,,,,,,,,,,,,,,,,,,,,,,,,,,,,,,,,,,,,,,,,,,753408962,75340896200037,72.19Z,,,,,,,,,,,sirene,
INSTITUT DE RECHERCHES EN INGENIERIE DES SURFACES,,,a contacter,,,,,,,,,,,,data_etudes,Recherche-developpement en autres sciences physiques et naturelles,ANDREZIEUX-BOUTHEON,,42,,,,,,,,,,,,,,,,,,,,,,,,,,,,,,,,,,,,,,,,,,,,,,,395294796,39529479600010,72.19Z,,,,,,,,,,,sirene,
INSTITUT DES SUBSTANCES VEGETALES,,,a contacter,,,,,,,,,,,,data_etudes,Recherche-developpement en autres sciences physiques et naturelles,CLERMONT-FERRAND,,63,,,,,,,,,,,,,,,,,,,,,,,,,,,,,,,,,,,,,,,,,,,,,,,381630425,38163042500043,72.19Z,,,,,,,,,,,sirene,
INSTITUT DU MONDE NUMERIQUE,,,a contacter,,,,,,,,,,,,data_etudes,Recherche-developpement en autres sciences physiques et naturelles,MONTPELLIER,,34,,,,,,,,,,,,,,,,,,,,,,,,,,,,,,,,,,,,,,,,,,,,,,,314398686,31439868600068,72.19Z,,,,,,,,,,,sirene,
INSTITUT EPARGNE IMMOBILIERE ET FONCIERE,,,a contacter,,,,,,,,,,,,data_etudes,Etudes de marche et sondages,PARIS,,75,,,,,,,,,,,,,,,,,,,,,,,,,,,,,,,,,,,,,,,,,,,,,,,338950371,33895037100041,73.20Z,,,,,,,,,,,sirene,
INSTITUT EUROPEEN DE LA FORET CULTIVEE,,,a contacter,,,,,,,,,,,,data_etudes,Recherche-developpement en autres sciences physiques et naturelles,CESTAS,,33,,,,,,,,,,,,,,,,,,,,,,,,,,,,,,,,,,,,,,,,,,,,,,,422480293,42248029300022,72.19Z,,,,,,,,,,,sirene,
INSTITUT FRANCAIS D'ETUDES DE MARCHES,,,a contacter,,,,,,,,,,,,data_etudes,Etudes de marche et sondages,PARIS,,75,,,,,,,,,,,,,,,,,,,,,,,,,,,,,,,,,,,,,,,,,,,,,,,316136407,31613640700079,73.20Z,,,,,,,,,,,sirene,
INSTITUT FRANCAIS TEXTILE & HABILLEMENT,,,a contacter,,,,,,,,,,,,data_etudes,Recherche-developpement en autres sciences physiques et naturelles,ECULLY,,69,,,,,,,,,,,,,,,,,,,,,,,,,,,,,,,,,,,,,,,,,,,,,,,433430832,43343083200017,72.19Z,,,,,,,,,,,sirene,
INSTITUT FRANCO-ALLEMAND DE RECHERCHES DE SAINT-LOUIS,,,a contacter,,,,,,,,,,,,data_etudes,Recherche-developpement en autres sciences physiques et naturelles,SAINT-LOUIS,,68,,,,,,,,,,,,,,,,,,,,,,,,,,,,,,,,,,,,,,,,,,,,,,,180092017,18009201700011,72.19Z,,,,,,,,,,,sirene,
INSTITUT HAUTES ETUDES SCIENTIFIQUES,,,a contacter,,,,,,,,,,,,data_etudes,Recherche-developpement en autres sciences physiques et naturelles,BURES-SUR-YVETTE,,91,,,,,,,,,,,,,,,,,,,,,,,,,,,,,,,,,,,,,,,,,,,,,,,775688252,77568825200029,72.19Z,,,,,,,,,,,sirene,
INSTITUT MAUPERTUIS,,,a contacter,,,,,,,,,,,,data_etudes,Recherche-developpement en autres sciences physiques et naturelles,BRUZ,,35,,,,,,,,,,,,,,,,,,,,,,,,,,,,,,,,,,,,,,,,,,,,,,,451864383,45186438300026,72.19Z,,,,,,,,,,,sirene,
INSTITUT OCEANOGRAPHIQUE PAUL RICARD,,,a contacter,,,,,,,,,,,,data_etudes,Recherche-developpement en autres sciences physiques et naturelles,SIX-FOURS-LES-PLAGES,,83,,,,,,,,,,,,,,,,,,,,,,,,,,,,,,,,,,,,,,,,,,,,,,,783137482,78313748200015,72.19Z,,,,,,,,,,,sirene,
INSTITUT PASTEUR DE LILLE,,,a contacter,,,,,,,,,,,,data_etudes,Recherche-developpement en autres sciences physiques et naturelles,LILLE,,59,,,,,,,,,,,,,,,,,,,,,,,,,,,,,,,,,,,,,,,,,,,,,,,783696834,78369683400010,72.19Z,,,,,,,,,,,sirene,
INSTITUT POLAIRE FRANCAIS - PAUL-EMILE VICTOR,,,a contacter,,,,,,,,,,,,data_etudes,Recherche-developpement en autres sciences physiques et naturelles,PLOUZANE,,29,,,,,,,,,,,,,,,,,,,,,,,,,,,,,,,,,,,,,,,,,,,,,,,180089369,18008936900029,72.19Z,,,,,,,,,,,sirene,
INSTITUT POUR L'HISTOIRE DE L'ALUMINIUM,,,a contacter,,,,,,,,,,,,data_etudes,"Traitement de donnees, hebergement et activites connexes",PARIS,,75,,,,,,,,,,,,,,,,,,,,,,,,,,,,,,,,,,,,,,,,,,,,,,,398667113,39866711300045,63.11Z,,,,,,,,,,,sirene,
INSTITUT PRAXIS,,,a contacter,,,,,,,,,,,,data_etudes,Etudes de marche et sondages,TASSIN-LA-DEMI-LUNE,,69,,,,,,,,,,,,,,,,,,,,,,,,,,,,,,,,,,,,,,,,,,,,,,,971505037,97150503700053,73.20Z,,,,,,,,,,,sirene,
INSTITUT PROFESSEUR BAULIEU,,,a contacter,,,,,,,,,,,,data_etudes,Recherche-developpement en autres sciences physiques et naturelles,LE KREMLIN-BICETRE,,94,,,,,,,,,,,,,,,,,,,,,,,,,,,,,,,,,,,,,,,,,,,,,,,520606690,52060669000011,72.19Z,,,,,,,,,,,sirene,
INSTITUT RADIO ASTRONOMIE MILLIMETRIQUE,C,0,a contacter,,,,,,,,,,,,data_etudes,Recherche-developpement en autres sciences physiques et naturelles,SAINT-MARTIN-D'HERES,,38,,,,,,,,,https://www.pappers.fr/entreprise/316501238,https://annuaire-entreprises.data.gouv.fr/entreprise/316501238,https://annuaire-entreprises.data.gouv.fr/annonces/316501238,https://annuaire-entreprises.data.gouv.fr/donnees-financieres/316501238,https://annuaire-entreprises.data.gouv.fr/dirigeants/316501238,https://www.google.com/maps/search/?api=1&query=INSTITUT+RADIO+ASTRONOMIE+MILLIMETRIQUE+SAINT-MARTIN-D%27HERES,https://www.google.com/search?q=INSTITUT+RADIO+ASTRONOMIE+MILLIMETRIQUE+SAINT-MARTIN-D%27HERES,https://news.google.com/search?hl=fr&q=%22INSTITUT+RADIO+ASTRONOMIE+MILLIMETRIQUE%22,https://www.linkedin.com/search/results/companies/?keywords=INSTITUT+RADIO+ASTRONOMIE+MILLIMETRIQUE,,https://www.pagesjaunes.fr/annuaire/chercherlespros?quoiqui=INSTITUT+RADIO+ASTRONOMIE+MILLIMETRIQUE&ou=SAINT-MARTIN-D%27HERES,https://www.societe.com/cgi-bin/search?champs=316501238,,,,,,,,,,,,,,,,,,,,,,,,FR20316501238,,,316501238,31650123800026,72.19Z,,,,,,,,non,oui,2026-08-03,sirene,
INSTITUT RECHERCHE APPLIQUEE EXPERIMENTA,,,a contacter,,,,,,,,,,,,data_etudes,Recherche-developpement en autres sciences physiques et naturelles,PARIS,,75,,,,,,,,,,,,,,,,,,,,,,,,,,,,,,,,,,,,,,,,,,,,,,,389486549,38948654900022,72.19Z,,,,,,,,,,,sirene,
INSTITUT RECHERCHE CLINIQUE CANCER  ET SANG,,,a contacter,,,,,,,,,,,,data_etudes,Recherche-developpement en autres sciences physiques et naturelles,OULLINS-PIERRE-BENITE,,69,,,,,,,,,,,,,,,,,,,,,,,,,,,,,,,,,,,,,,,,,,,,,,,433457736,43345773600018,72.19Z,,,,,,,,,,,sirene,
INSTITUT ROPARS,,,a contacter,,,,,,,,,,,,data_etudes,Etudes de marche et sondages,PONTIVY,,56,,,,,,,,,,,,,,,,,,,,,,,,,,,,,,,,,,,,,,,,,,,,,,,433307998,43330799800057,73.20Z,,,,,,,,,,,sirene,
INSTITUT SCIENTIS,,,a contacter,,,,,,,,,,,,data_etudes,Recherche-developpement en autres sciences physiques et naturelles,PARIS,,75,,,,,,,,,,,,,,,,,,,,,,,,,,,,,,,,,,,,,,,,,,,,,,,819494113,81949411300049,72.19Z,,,,,,,,,,,sirene,
INSTITUT TECH FEDERATION FRANC BATIMENT,,,a contacter,,,,,,,,,,,,data_etudes,"Traitement de donnees, hebergement et activites connexes",PARIS,,75,,,,,,,,,,,,,,,,,,,,,,,,,,,,,,,,,,,,,,,,,,,,,,,301652673,30165267300015,63.11Z,,,,,,,,,,,sirene,
INSTITUT TECHN DE L'AGRICULTURE BIO,,,a contacter,,,,,,,,,,,,data_etudes,Recherche-developpement en autres sciences physiques et naturelles,PARIS,,75,,,,,,,,,,,,,,,,,,,,,,,,,,,,,,,,,,,,,,,,,,,,,,,389187451,38918745100023,72.19Z,,,,,,,,,,,sirene,
INSTITUT TECHNIQUE DE L'AVICULTURE DE LA CUNICULTURE ET DE LA PISCICULTURE - ITAVI,,,a contacter,,,,,,,,,,,,data_etudes,Recherche-developpement en autres sciences physiques et naturelles,PARIS,,75,,,,,,,,,,,,,,,,,,,,,,,,,,,,,,,,,,,,,,,,,,,,,,,339155681,33915568100036,72.19Z,,,,,,,,,,,sirene,
INSTITUT TECHNIQUE TROPICAL,,,a contacter,,,,,,,,,,,,data_etudes,Recherche-developpement en autres sciences physiques et naturelles,DUCOS,,972,,,,,,,,,,,,,,,,,,,,,,,,,,,,,,,,,,,,,,,,,,,,,,,511532079,51153207900015,72.19Z,,,,,,,,,,,sirene,
INSTITUT TECHNOLOGIQUE FCBA (FORET CELLULOSE BOIS...),,,a contacter,,,,,,,,,,,,data_etudes,Recherche-developpement en autres sciences physiques et naturelles,CHAMPS-SUR-MARNE,,77,,,,,,,,,,,,,,,,,,,,,,,,,,,,,,,,,,,,,,,,,,,,,,,775680903,77568090300132,72.19Z,,,,,,,,,,,sirene,
INT COMMUNICATIONS DATA NETWORKS,,,a contacter,,,,,,,,,,,,data_etudes,"Traitement de donnees, hebergement et activites connexes",MEUDON,,92,,,,,,,,,,,,,,,,,,,,,,,,,,,,,,,,,,,,,,,,,,,,,,,345397673,34539767300038,63.11Z,,,,,,,,,,,sirene,
INTEGRAGEN,,,a contacter,,,,,,,,,,,,data_etudes,Recherche-developpement en autres sciences physiques et naturelles,EVRY-COURCOURONNES,,91,,,,,,,,,,,,,,,,,,,,,,,,,,,,,,,,,,,,,,,,,,,,,,,432176543,43217654300028,72.19Z,,,,,,,,,,,sirene,
INTELLIG ARTIFICIELLE APLLICATIONS I2A,,,a contacter,,,,,,,,,,,,data_etudes,Recherche-developpement en autres sciences physiques et naturelles,MONTPELLIER,,34,,,,,,,,,,,,,,,,,,,,,,,,,,,,,,,,,,,,,,,,,,,,,,,347717118,34771711800041,72.19Z,,,,,,,,,,,sirene,
INTELLITECH (INTELLIGENT TECHNOLOGIES),,,a contacter,,,,,,,,,,,,data_etudes,Recherche-developpement en autres sciences physiques et naturelles,LACROIX-SAINT-OUEN,,60,,,,,,,,,,,,,,,,,,,,,,,,,,,,,,,,,,,,,,,,,,,,,,,419510128,41951012800038,72.19Z,,,,,,,,,,,sirene,
INTERACT SYSTEMES EST,,,a contacter,,,,,,,,,,,,data_etudes,"Traitement de donnees, hebergement et activites connexes",ILLKIRCH-GRAFFENSTADEN,,67,,,,,,,,,,,,,,,,,,,,,,,,,,,,,,,,,,,,,,,,,,,,,,,433877321,43387732100060,63.11Z,,,,,,,,,,,sirene,
INTERNATIONAL DRUG DEVELOPMENT-XPERT,,,a contacter,,,,,,,,,,,,data_etudes,Recherche-developpement en autres sciences physiques et naturelles,EVREUX,,27,,,,,,,,,,,,,,,,,,,,,,,,,,,,,,,,,,,,,,,,,,,,,,,788978203,78897820300024,72.19Z,,,,,,,,,,,sirene,
INTERNATIONAL FERTILIZER ASSOCIATION,,,a contacter,,,,,,,,,,,,data_etudes,"Traitement de donnees, hebergement et activites connexes",,,,,,,,,,,,,,,,,,,,,,,,,,,,,,,,,,,,,,,,,,,,,,,,,,775750805,77575080500050,63.11Z,,,,,,,,,,,sirene,
INTERNATIONAL PLANT GENETIC RESEARCH INSTITUTE,,,a contacter,,,,,,,,,,,,data_etudes,Recherche-developpement en autres sciences physiques et naturelles,MONTFERRIER-SUR-LEZ,,34,,,,,,,,,,,,,,,,,,,,,,,,,,,,,,,,,,,,,,,,,,,,,,,399459734,39945973400014,72.19Z,,,,,,,,,,,sirene,
INTERNATIONAL SPACE FEDERATION,,,a contacter,,,,,,,,,,,,data_etudes,Recherche-developpement en autres sciences physiques et naturelles,MARNAZ,,74,,,,,,,,,,,,,,,,,,,,,,,,,,,,,,,,,,,,,,,,,,,,,,,912448347,91244834700027,72.19Z,,,,,,,,,,,sirene,
INTERSA,,,a contacter,,,,,,,,,,,,data_etudes,"Traitement de donnees, hebergement et activites connexes",PARIS,,75,,,,,,,,,,,,,,,,,,,,,,,,,,,,,,,,,,,,,,,,,,,,,,,329143382,32914338200094,63.11Z,,,,,,,,,,,sirene,
INTERSTELLAR LAB,,,a contacter,,,,,,,,,,,,data_etudes,Recherche-developpement en autres sciences physiques et naturelles,IVRY-SUR-SEINE,,94,,,,,,,,,,,,,,,,,,,,,,,,,,,,,,,,,,,,,,,,,,,,,,,881894950,88189495000032,72.19Z,,,,,,,,,,,sirene,
INTERVENTION SOCIALE ALTERNAT SANTE TRAV,,,a contacter,,,,,,,,,,,,data_etudes,Etudes de marche et sondages,PARIS,,75,,,,,,,,,,,,,,,,,,,,,,,,,,,,,,,,,,,,,,,,,,,,,,,440475507,44047550700099,73.20Z,,,,,,,,,,,sirene,
INTERVIEW,,,a contacter,,,,,,,,,,,,data_etudes,Etudes de marche et sondages,MONTIGNY-LE-BRETONNEUX,,78,,,,,,,,,,,,,,,,,,,,,,,,,,,,,,,,,,,,,,,,,,,,,,,420879462,42087946200026,73.20Z,,,,,,,,,,,sirene,
INVENIO SOLUTIONS,,,a contacter,,,,,,,,,,,,data_etudes,Recherche-developpement en autres sciences physiques et naturelles,DOUVILLE,,24,,,,,,,,,,,,,,,,,,,,,,,,,,,,,,,,,,,,,,,,,,,,,,,408121465,40812146500020,72.19Z,,,,,,,,,,,sirene,
INVENIS BIOTHERAPIES,,,a contacter,,,,,,,,,,,,data_etudes,Recherche-developpement en autres sciences physiques et naturelles,LOOS,,59,,,,,,,,,,,,,,,,,,,,,,,,,,,,,,,,,,,,,,,,,,,,,,,900765488,90076548800011,72.19Z,,,,,,,,,,,sirene,
INVEO,,,a contacter,,,,,,,,,,,,data_etudes,Recherche-developpement en autres sciences physiques et naturelles,AIX EN PROVENCE,,13,,,,,,,,,,,,,,,,,,,,,,,,,,,,,,,,,,,,,,,,,,,,,,,840170633,84017063300027,72.19Z,,,,,,,,,,,sirene,
INVISSYS,,,a contacter,,,,,,,,,,,,data_etudes,Recherche-developpement en autres sciences physiques et naturelles,SAINT-MEDARD-EN-JALLES,,33,,,,,,,,,,,,,,,,,,,,,,,,,,,,,,,,,,,,,,,,,,,,,,,802367458,80236745800022,72.19Z,,,,,,,,,,,sirene,
IONOS SARL,,,a contacter,,,,,,,,,,,,data_etudes,"Traitement de donnees, hebergement et activites connexes",SARREGUEMINES,,57,,,,,,,,,,,,,,,,,,,,,,,,,,,,,,,,,,,,,,,,,,,,,,,431303775,43130377500016,63.11Z,,,,,,,,,,,sirene,
IP CENTER,,,a contacter,,,,,,,,,,,,data_etudes,"Traitement de donnees, hebergement et activites connexes",MEYLAN,,38,,,,,,,,,,,,,,,,,,,,,,,,,,,,,,,,,,,,,,,,,,,,,,,493660120,49366012000012,63.11Z,,,,,,,,,,,sirene,
IP COMM,,,a contacter,,,,,,,,,,,,data_etudes,"Traitement de donnees, hebergement et activites connexes",LA RAVOIRE,,73,,,,,,,,,,,,,,,,,,,,,,,,,,,,,,,,,,,,,,,,,,,,,,,438822116,43882211600044,63.11Z,,,,,,,,,,,sirene,
IPERF,,,a contacter,,,,,,,,,,,,data_etudes,Recherche-developpement en autres sciences physiques et naturelles,CHAMPAGNE-AU-MONT-D'OR,,69,,,,,,,,,,,,,,,,,,,,,,,,,,,,,,,,,,,,,,,,,,,,,,,893183061,89318306100025,72.19Z,,,,,,,,,,,sirene,
IPROTEGO,,,a contacter,,,,,,,,,,,,data_etudes,"Traitement de donnees, hebergement et activites connexes",MARSEILLE,,13,,,,,,,,,,,,,,,,,,,,,,,,,,,,,,,,,,,,,,,,,,,,,,,518552088,51855208800024,63.11Z,,,,,,,,,,,sirene,
IPSEN PHARMSCIENCES,,,a contacter,,,,,,,,,,,,data_etudes,Recherche-developpement en autres sciences physiques et naturelles,DREUX,,28,,,,,,,,,,,,,,,,,,,,,,,,,,,,,,,,,,,,,,,,,,,,,,,501751218,50175121800030,72.19Z,,,,,,,,,,,sirene,
IPSOMEDIC,,,a contacter,,,,,,,,,,,,data_etudes,Recherche-developpement en autres sciences physiques et naturelles,AUBAGNE,,13,,,,,,,,,,,,,,,,,,,,,,,,,,,,,,,,,,,,,,,,,,,,,,,852807304,85280730400021,72.19Z,,,,,,,,,,,sirene,
IPSOPHENE,,,a contacter,,,,,,,,,,,,data_etudes,Recherche-developpement en autres sciences physiques et naturelles,TOULOUSE,,31,,,,,,,,,,,,,,,,,,,,,,,,,,,,,,,,,,,,,,,,,,,,,,,900619057,90061905700038,72.19Z,,,,,,,,,,,sirene,
IPSOS OBSERVER,,,a contacter,,,,,,,,,,,,data_etudes,Etudes de marche et sondages,PARIS,,75,,,,,,,,,,,,,,,,,,,,,,,,,,,,,,,,,,,,,,,,,,,,,,,403246606,40324660600038,73.20Z,,,,,,,,,,,sirene,
IPSOS OCEAN INDIEN,,,a contacter,,,,,,,,,,,,data_etudes,Etudes de marche et sondages,SAINT-DENIS,,974,,,,,,,,,,,,,,,,,,,,,,,,,,,,,,,,,,,,,,,,,,,,,,,403712748,40371274800066,73.20Z,,,,,,,,,,,sirene,
IQM FRANCE,,,a contacter,,,,,,,,,,,,data_etudes,Recherche-developpement en autres sciences physiques et naturelles,NEUILLY-SUR-SEINE,,92,,,,,,,,,,,,,,,,,,,,,,,,,,,,,,,,,,,,,,,,,,,,,,,908239858,90823985800016,72.19Z,,,,,,,,,,,sirene,
IRIS PHARMA,,,a contacter,,,,,,,,,,,,data_etudes,Recherche-developpement en autres sciences physiques et naturelles,LA GAUDE,,06,,,,,,,,,,,,,,,,,,,,,,,,,,,,,,,,,,,,,,,,,,,,,,,349423301,34942330100028,72.19Z,,,,,,,,,,,sirene,
ISDEA,,,a contacter,,,,,,,,,,,,data_etudes,"Traitement de donnees, hebergement et activites connexes",LYON,,69,,,,,,,,,,,,,,,,,,,,,,,,,,,,,,,,,,,,,,,,,,,,,,,831547922,83154792200029,63.11Z,,,,,,,,,,,sirene,
ISETAN MITSUKOSHI LTD,,,a contacter,,,,,,,,,,,,data_etudes,Autres services d'information n.c.a.,,,,,,,,,,,,,,,,,,,,,,,,,,,,,,,,,,,,,,,,,,,,,,,,,,533782447,53378244700015,63.99Z,,,,,,,,,,,sirene,
ISOSKELE,,,a contacter,,,,,,,,,,,,data_etudes,"Traitement de donnees, hebergement et activites connexes",PARIS,,75,,,,,,,,,,,,,,,,,,,,,,,,,,,,,,,,,,,,,,,,,,,,,,,415068345,41506834500131,63.11Z,,,,,,,,,,,sirene,
IT LAB,,,a contacter,,,,,,,,,,,,data_etudes,"Traitement de donnees, hebergement et activites connexes",CHOISY-LE-ROI,,94,,,,,,,,,,,,,,,,,,,,,,,,,,,,,,,,,,,,,,,,,,,,,,,851771337,85177133700017,63.11Z,,,,,,,,,,,sirene,
IT METRIX,,,a contacter,,,,,,,,,,,,data_etudes,"Traitement de donnees, hebergement et activites connexes",BRON,,69,,,,,,,,,,,,,,,,,,,,,,,,,,,,,,,,,,,,,,,,,,,,,,,801407313,80140731300031,63.11Z,,,,,,,,,,,sirene,
ITERG,,,a contacter,,,,,,,,,,,,data_etudes,Recherche-developpement en autres sciences physiques et naturelles,CANEJAN,,33,,,,,,,,,,,,,,,,,,,,,,,,,,,,,,,,,,,,,,,,,,,,,,,775664881,77566488100122,72.19Z,,,,,,,,,,,sirene,
ITINSELL CLOUD,,,a contacter,,,,,,,,,,,,data_etudes,"Traitement de donnees, hebergement et activites connexes",LYON,,69,,,,,,,,,,,,,,,,,,,,,,,,,,,,,,,,,,,,,,,,,,,,,,,913164141,91316414100016,63.11Z,,,,,,,,,,,sirene,
ITK,,,a contacter,,,,,,,,,,,,data_etudes,Recherche-developpement en autres sciences physiques et naturelles,CLAPIERS,,34,,,,,,,,,,,,,,,,,,,,,,,,,,,,,,,,,,,,,,,,,,,,,,,449222751,44922275100033,72.19Z,,,,,,,,,,,sirene,
ITS INTEGRA,,,a contacter,,,,,,,,,,,,data_etudes,"Traitement de donnees, hebergement et activites connexes",BOULOGNE-BILLANCOURT,,92,,,,,,,,,,,,,,,,,,,,,,,,,,,,,,,,,,,,,,,,,,,,,,,421633173,42163317300081,63.11Z,,,,,,,,,,,sirene,
IVALUA,,,a contacter,,,,,,,,,,,,data_etudes,"Traitement de donnees, hebergement et activites connexes",MASSY,,91,,,,,,,,,,,,,,,,,,,,,,,,,,,,,,,,,,,,,,,,,,,,,,,428796858,42879685800085,63.11Z,,,,,,,,,,,sirene,
IVATECH,,,a contacter,,,,,,,,,,,,data_etudes,"Traitement de donnees, hebergement et activites connexes",LESQUIN,,59,,,,,,,,,,,,,,,,,,,,,,,,,,,,,,,,,,,,,,,,,,,,,,,812527190,81252719000027,63.11Z,,,,,,,,,,,sirene,
IVYSPEC,,,a contacter,,,,,,,,,,,,data_etudes,Recherche-developpement en autres sciences physiques et naturelles,SAINT-HERBLAIN,,44,,,,,,,,,,,,,,,,,,,,,,,,,,,,,,,,,,,,,,,,,,,,,,,953529963,95352996300019,72.19Z,,,,,,,,,,,sirene,
IZARHOST,,,a contacter,,,,,,,,,,,,data_etudes,"Traitement de donnees, hebergement et activites connexes",BIDART,,64,,,,,,,,,,,,,,,,,,,,,,,,,,,,,,,,,,,,,,,,,,,,,,,878891613,87889161300019,63.11Z,,,,,,,,,,,sirene,
IZIFLOW,,,a contacter,,,,,,,,,,,,data_etudes,"Traitement de donnees, hebergement et activites connexes",VERSAILLES,,78,,,,,,,,,,,,,,,,,,,,,,,,,,,,,,,,,,,,,,,,,,,,,,,842179558,84217955800023,63.11Z,,,,,,,,,,,sirene,
J&J DEVELOPMENT,,,a contacter,,,,,,,,,,,,data_etudes,"Traitement de donnees, hebergement et activites connexes",SAINT-LEGER-SUR-ROANNE,,42,,,,,,,,,,,,,,,,,,,,,,,,,,,,,,,,,,,,,,,,,,,,,,,877646356,87764635600015,63.11Z,,,,,,,,,,,sirene,
J2P INSIGHTS,,,a contacter,,,,,,,,,,,,data_etudes,Etudes de marche et sondages,AVIGNON,,84,,,,,,,,,,,,,,,,,,,,,,,,,,,,,,,,,,,,,,,,,,,,,,,750723397,75072339700030,73.20Z,,,,,,,,,,,sirene,
JAGGER & LEWIS,,,a contacter,,,,,,,,,,,,data_etudes,Recherche-developpement en autres sciences physiques et naturelles,CROIX,,59,,,,,,,,,,,,,,,,,,,,,,,,,,,,,,,,,,,,,,,,,,,,,,,812373868,81237386800049,72.19Z,,,,,,,,,,,sirene,
JEU DE MOTS,,,a contacter,,,,,,,,,,,,data_etudes,"Traitement de donnees, hebergement et activites connexes",COULOMMIERS,,77,,,,,,,,,,,,,,,,,,,,,,,,,,,,,,,,,,,,,,,,,,,,,,,433719085,43371908500048,63.11Z,,,,,,,,,,,sirene,
JMC TELEPROGRAMMES,,,a contacter,,,,,,,,,,,,data_etudes,Autres services d'information n.c.a.,AUBAGNE,,13,,,,,,,,,,,,,,,,,,,,,,,,,,,,,,,,,,,,,,,,,,,,,,,413603341,41360334100012,63.99Z,,,,,,,,,,,sirene,
JOB ETUDE TEAM,,,a contacter,,,,,,,,,,,,data_etudes,Etudes de marche et sondages,ECULLY,,69,,,,,,,,,,,,,,,,,,,,,,,,,,,,,,,,,,,,,,,,,,,,,,,352386155,35238615500019,73.20Z,,,,,,,,,,,sirene,
JONE ENGINEERING SARL,,,a contacter,,,,,,,,,,,,data_etudes,Etudes de marche et sondages,HAGUENAU,,67,,,,,,,,,,,,,,,,,,,,,,,,,,,,,,,,,,,,,,,,,,,,,,,410483184,41048318400017,73.20Z,,,,,,,,,,,sirene,
JORECA,,,a contacter,,,,,,,,,,,,data_etudes,"Traitement de donnees, hebergement et activites connexes",COURBEVOIE,,92,,,,,,,,,,,,,,,,,,,,,,,,,,,,,,,,,,,,,,,,,,,,,,,921727715,92172771500010,63.11Z,,,,,,,,,,,sirene,
JUNE MARKETING,,,a contacter,,,,,,,,,,,,data_etudes,Etudes de marche et sondages,PARIS,,75,,,,,,,,,,,,,,,,,,,,,,,,,,,,,,,,,,,,,,,,,,,,,,,491019360,49101936000040,73.20Z,,,,,,,,,,,sirene,
JUNIOR CITY,,,a contacter,,,,,,,,,,,,data_etudes,Etudes de marche et sondages,LIMONEST,,69,,,,,,,,,,,,,,,,,,,,,,,,,,,,,,,,,,,,,,,,,,,,,,,398952556,39895255600031,73.20Z,,,,,,,,,,,sirene,
JVWEB R&D,,,a contacter,,,,,,,,,,,,data_etudes,Recherche-developpement en autres sciences physiques et naturelles,MONTPELLIER,,34,,,,,,,,,,,,,,,,,,,,,,,,,,,,,,,,,,,,,,,,,,,,,,,824421382,82442138200014,72.19Z,,,,,,,,,,,sirene,
JYC INFORMATIQUE,,,a contacter,,,,,,,,,,,,data_etudes,"Traitement de donnees, hebergement et activites connexes",LYON,,69,,,,,,,,,,,,,,,,,,,,,,,,,,,,,,,,,,,,,,,,,,,,,,,383403805,38340380500013,63.11Z,,,,,,,,,,,sirene,
K'OPS MARKETING,,,a contacter,,,,,,,,,,,,data_etudes,Etudes de marche et sondages,FORT-DE-FRANCE,,972,,,,,,,,,,,,,,,,,,,,,,,,,,,,,,,,,,,,,,,,,,,,,,,887953586,88795358600021,73.20Z,,,,,,,,,,,sirene,
KABIA,,,a contacter,,,,,,,,,,,,data_etudes,"Traitement de donnees, hebergement et activites connexes",NICE,,06,,,,,,,,,,,,,,,,,,,,,,,,,,,,,,,,,,,,,,,,,,,,,,,480771757,48077175700022,63.11Z,,,,,,,,,,,sirene,
KALELIA,,,a contacter,,,,,,,,,,,,data_etudes,"Traitement de donnees, hebergement et activites connexes",NANTES,,44,,,,,,,,,,,,,,,,,,,,,,,,,,,,,,,,,,,,,,,,,,,,,,,529117640,52911764000035,63.11Z,,,,,,,,,,,sirene,
KALSIOM,,,a contacter,,,,,,,,,,,,data_etudes,Recherche-developpement en autres sciences physiques et naturelles,BREST,,29,,,,,,,,,,,,,,,,,,,,,,,,,,,,,,,,,,,,,,,,,,,,,,,883040933,88304093300011,72.19Z,,,,,,,,,,,sirene,
KALYZEE,,,a contacter,,,,,,,,,,,,data_etudes,"Traitement de donnees, hebergement et activites connexes",MARSEILLE,,13,,,,,,,,,,,,,,,,,,,,,,,,,,,,,,,,,,,,,,,,,,,,,,,799378575,79937857500028,63.11Z,,,,,,,,,,,sirene,
KANTAR,,,a contacter,,,,,,,,,,,,data_etudes,Etudes de marche et sondages,COURBEVOIE,,92,,,,,,,,,,,,,,,,,,,,,,,,,,,,,,,,,,,,,,,,,,,,,,,612034496,61203449600093,73.20Z,,,,,,,,,,,sirene,
KANTAR MEDIA FRANCE,,,a contacter,,,,,,,,,,,,data_etudes,Etudes de marche et sondages,CESSON-SEVIGNE,,35,,,,,,,,,,,,,,,,,,,,,,,,,,,,,,,,,,,,,,,,,,,,,,,920382710,92038271000019,73.20Z,,,,,,,,,,,sirene,
KANTAR MEDIA INTELLIGENCE,,,a contacter,,,,,,,,,,,,data_etudes,Etudes de marche et sondages,COURBEVOIE,,92,,,,,,,,,,,,,,,,,,,,,,,,,,,,,,,,,,,,,,,,,,,,,,,920021193,92002119300015,73.20Z,,,,,,,,,,,sirene,
KANTAR TNS - MB,,,a contacter,,,,,,,,,,,,data_etudes,Etudes de marche et sondages,BAGNEUX,,92,,,,,,,,,,,,,,,,,,,,,,,,,,,,,,,,,,,,,,,,,,,,,,,414496315,41449631500287,73.20Z,,,,,,,,,,,sirene,
KARTHEO,,,a contacter,,,,,,,,,,,,data_etudes,Etudes de marche et sondages,LIMOGES,,87,,,,,,,,,,,,,,,,,,,,,,,,,,,,,,,,,,,,,,,,,,,,,,,530432202,53043220200014,73.20Z,,,,,,,,,,,sirene,
KCAS BIO,,,a contacter,,,,,,,,,,,,data_etudes,Recherche-developpement en autres sciences physiques et naturelles,LYON,,69,,,,,,,,,,,,,,,,,,,,,,,,,,,,,,,,,,,,,,,,,,,,,,,502563679,50256367900039,72.19Z,,,,,,,,,,,sirene,
KDDI FRANCE,,,a contacter,,,,,,,,,,,,data_etudes,"Traitement de donnees, hebergement et activites connexes",PARIS,,75,,,,,,,,,,,,,,,,,,,,,,,,,,,,,,,,,,,,,,,,,,,,,,,409445848,40944584800057,63.11Z,,,,,,,,,,,sirene,
KEEP TRACE,,,a contacter,,,,,,,,,,,,data_etudes,"Traitement de donnees, hebergement et activites connexes",NARBONNE,,11,,,,,,,,,,,,,,,,,,,,,,,,,,,,,,,,,,,,,,,,,,,,,,,820511962,82051196200020,63.11Z,,,,,,,,,,,sirene,
KEJAKO FRANCE,,,a contacter,,,,,,,,,,,,data_etudes,Recherche-developpement en autres sciences physiques et naturelles,SAINT-ETIENNE,,42,,,,,,,,,,,,,,,,,,,,,,,,,,,,,,,,,,,,,,,,,,,,,,,840766885,84076688500023,72.19Z,,,,,,,,,,,sirene,
KEON.CO,,,a contacter,,,,,,,,,,,,data_etudes,Recherche-developpement en autres sciences physiques et naturelles,MALAKOFF,,92,,,,,,,,,,,,,,,,,,,,,,,,,,,,,,,,,,,,,,,,,,,,,,,879133890,87913389000019,72.19Z,,,,,,,,,,,sirene,
KETJEN SPAIN SL,,,a contacter,,,,,,,,,,,,data_etudes,Recherche-developpement en autres sciences physiques et naturelles,,,,,,,,,,,,,,,,,,,,,,,,,,,,,,,,,,,,,,,,,,,,,,,,,,510334147,51033414700012,72.19Z,,,,,,,,,,,sirene,
KEY-OBS,,,a contacter,,,,,,,,,,,,data_etudes,Recherche-developpement en autres sciences physiques et naturelles,ORLEANS,,45,,,,,,,,,,,,,,,,,,,,,,,,,,,,,,,,,,,,,,,,,,,,,,,430234799,43023479900046,72.19Z,,,,,,,,,,,sirene,
KIASTEK,,,a contacter,,,,,,,,,,,,data_etudes,Recherche-developpement en autres sciences physiques et naturelles,TOULOUSE,,31,,,,,,,,,,,,,,,,,,,,,,,,,,,,,,,,,,,,,,,,,,,,,,,525088134,52508813400024,72.19Z,,,,,,,,,,,sirene,
KIETTA,,,a contacter,,,,,,,,,,,,data_etudes,Recherche-developpement en autres sciences physiques et naturelles,TOULOUSE,,31,,,,,,,,,,,,,,,,,,,,,,,,,,,,,,,,,,,,,,,,,,,,,,,519055776,51905577600040,72.19Z,,,,,,,,,,,sirene,
KIMIALYS,,,a contacter,,,,,,,,,,,,data_etudes,Recherche-developpement en autres sciences physiques et naturelles,PARIS,,75,,,,,,,,,,,,,,,,,,,,,,,,,,,,,,,,,,,,,,,,,,,,,,,889602793,88960279300016,72.19Z,,,,,,,,,,,sirene,
KIWI BACKUP,,,a contacter,,,,,,,,,,,,data_etudes,"Traitement de donnees, hebergement et activites connexes",MULHOUSE,,68,,,,,,,,,,,,,,,,,,,,,,,,,,,,,,,,,,,,,,,,,,,,,,,449179563,44917956300068,63.11Z,,,,,,,,,,,sirene,
KL R&D,,,a contacter,,,,,,,,,,,,data_etudes,Recherche-developpement en autres sciences physiques et naturelles,CHOISY-LE-ROI,,94,,,,,,,,,,,,,,,,,,,,,,,,,,,,,,,,,,,,,,,,,,,,,,,842933624,84293362400012,72.19Z,,,,,,,,,,,sirene,
KLARA ENERGY,,,a contacter,,,,,,,,,,,,data_etudes,Recherche-developpement en autres sciences physiques et naturelles,PARIS,,75,,,,,,,,,,,,,,,,,,,,,,,,,,,,,,,,,,,,,,,,,,,,,,,830138335,83013833500013,72.19Z,,,,,,,,,,,sirene,
KLEKOON,,,a contacter,,,,,,,,,,,,data_etudes,"Traitement de donnees, hebergement et activites connexes",SEVRAN,,93,,,,,,,,,,,,,,,,,,,,,,,,,,,,,,,,,,,,,,,,,,,,,,,421401803,42140180300042,63.11Z,,,,,,,,,,,sirene,
KLETEL MULTIMEDIA,,,a contacter,,,,,,,,,,,,data_etudes,"Traitement de donnees, hebergement et activites connexes",NICE,,06,,,,,,,,,,,,,,,,,,,,,,,,,,,,,,,,,,,,,,,,,,,,,,,341789790,34178979000043,63.11Z,,,,,,,,,,,sirene,
KLOE,,,a contacter,,,,,,,,,,,,data_etudes,Recherche-developpement en autres sciences physiques et naturelles,SAINT-MATHIEU-DE-TREVIERS,,34,,,,,,,,,,,,,,,,,,,,,,,,,,,,,,,,,,,,,,,,,,,,,,,434148433,43414843300031,72.19Z,,,,,,,,,,,sirene,
KNOT,,,a contacter,,,,,,,,,,,,data_etudes,"Traitement de donnees, hebergement et activites connexes",STRASBOURG,,67,,,,,,,,,,,,,,,,,,,,,,,,,,,,,,,,,,,,,,,,,,,,,,,818282428,81828242800015,63.11Z,,,,,,,,,,,sirene,
KNOW YOUR PEOPLE,,,a contacter,,,,,,,,,,,,data_etudes,"Traitement de donnees, hebergement et activites connexes",VILLENEUVE D ASCQ,,59,,,,,,,,,,,,,,,,,,,,,,,,,,,,,,,,,,,,,,,,,,,,,,,808840102,80884010200038,63.11Z,,,,,,,,,,,sirene,
KOMPASS SA,,,a contacter,,,,,,,,,,,,data_etudes,"Traitement de donnees, hebergement et activites connexes",SEVRES,,92,,,,,,,,,,,,,,,,,,,,,,,,,,,,,,,,,,,,,,,,,,,,,,,395162738,39516273800110,63.11Z,,,,,,,,,,,sirene,
KOR LABS,,,a contacter,,,,,,,,,,,,data_etudes,"Traitement de donnees, hebergement et activites connexes",SEYSSINS,,38,,,,,,,,,,,,,,,,,,,,,,,,,,,,,,,,,,,,,,,,,,,,,,,899598270,89959827000010,63.11Z,,,,,,,,,,,sirene,
KORBEN,,,a contacter,,,,,,,,,,,,data_etudes,"Traitement de donnees, hebergement et activites connexes",SAINT-MALO,,35,,,,,,,,,,,,,,,,,,,,,,,,,,,,,,,,,,,,,,,,,,,,,,,502366859,50236685900010,63.11Z,,,,,,,,,,,sirene,
KOS RESEARCH,,,a contacter,,,,,,,,,,,,data_etudes,Etudes de marche et sondages,PARIS,,75,,,,,,,,,,,,,,,,,,,,,,,,,,,,,,,,,,,,,,,,,,,,,,,538224262,53822426200047,73.20Z,,,,,,,,,,,sirene,
KREANOV,,,a contacter,,,,,,,,,,,,data_etudes,Recherche-developpement en autres sciences physiques et naturelles,RENNES,,35,,,,,,,,,,,,,,,,,,,,,,,,,,,,,,,,,,,,,,,,,,,,,,,841541261,84154126100019,72.19Z,,,,,,,,,,,sirene,
KRISS CONSULT,,,a contacter,,,,,,,,,,,,data_etudes,"Traitement de donnees, hebergement et activites connexes",LENS,,62,,,,,,,,,,,,,,,,,,,,,,,,,,,,,,,,,,,,,,,,,,,,,,,338535149,33853514900045,63.11Z,,,,,,,,,,,sirene,
KROOGA,,,a contacter,,,,,,,,,,,,data_etudes,Etudes de marche et sondages,LYON,,69,,,,,,,,,,,,,,,,,,,,,,,,,,,,,,,,,,,,,,,,,,,,,,,519336374,51933637400037,73.20Z,,,,,,,,,,,sirene,
KROPTEK,,,a contacter,,,,,,,,,,,,data_etudes,Recherche-developpement en autres sciences physiques et naturelles,CRESPIERES,,78,,,,,,,,,,,,,,,,,,,,,,,,,,,,,,,,,,,,,,,,,,,,,,,899965537,89996553700025,72.19Z,,,,,,,,,,,sirene,
KSM NEWS & RESEARCH,,,a contacter,,,,,,,,,,,,data_etudes,Autres services d'information n.c.a.,PARIS,,75,,,,,,,,,,,,,,,,,,,,,,,,,,,,,,,,,,,,,,,,,,,,,,,752460436,75246043600039,63.99Z,,,,,,,,,,,sirene,
KUNTO,,,a contacter,,,,,,,,,,,,data_etudes,"Traitement de donnees, hebergement et activites connexes",GRIGNY,,91,,,,,,,,,,,,,,,,,,,,,,,,,,,,,,,,,,,,,,,,,,,,,,,892798588,89279858800018,63.11Z,,,,,,,,,,,sirene,
KURAGE,,,a contacter,,,,,,,,,,,,data_etudes,Recherche-developpement en autres sciences physiques et naturelles,VILLEURBANNE,,69,,,,,,,,,,,,,,,,,,,,,,,,,,,,,,,,,,,,,,,,,,,,,,,882480056,88248005600028,72.19Z,,,,,,,,,,,sirene,
KWAN-TEK,,,a contacter,,,,,,,,,,,,data_etudes,Recherche-developpement en autres sciences physiques et naturelles,PLOEMEUR,,56,,,,,,,,,,,,,,,,,,,,,,,,,,,,,,,,,,,,,,,,,,,,,,,953073798,95307379800027,72.19Z,,,,,,,,,,,sirene,
KWARTO,,,a contacter,,,,,,,,,,,,data_etudes,"Traitement de donnees, hebergement et activites connexes",BONNEVILLE-LA-LOUVET,,14,,,,,,,,,,,,,,,,,,,,,,,,,,,,,,,,,,,,,,,,,,,,,,,912300613,91230061300011,63.11Z,,,,,,,,,,,sirene,
KYNETEC FRANCE,,,a contacter,,,,,,,,,,,,data_etudes,Etudes de marche et sondages,LES HERBIERS,,85,,,,,,,,,,,,,,,,,,,,,,,,,,,,,,,,,,,,,,,,,,,,,,,331232074,33123207400087,73.20Z,,,,,,,,,,,sirene,
KYNISKA ROBOTICS,,,a contacter,,,,,,,,,,,,data_etudes,Recherche-developpement en autres sciences physiques et naturelles,SAINT-MARTIN-D'HERES,,38,,,,,,,,,,,,,,,,,,,,,,,,,,,,,,,,,,,,,,,,,,,,,,,913138780,91313878000014,72.19Z,,,,,,,,,,,sirene,
KYOMED,,,a contacter,,,,,,,,,,,,data_etudes,Recherche-developpement en autres sciences physiques et naturelles,MONTPELLIER,,34,,,,,,,,,,,,,,,,,,,,,,,,,,,,,,,,,,,,,,,,,,,,,,,801505561,80150556100010,72.19Z,,,,,,,,,,,sirene,
L CENTER,,,a contacter,,,,,,,,,,,,data_etudes,"Traitement de donnees, hebergement et activites connexes",LANDERNEAU,,29,,,,,,,,,,,,,,,,,,,,,,,,,,,,,,,,,,,,,,,,,,,,,,,501799779,50179977900027,63.11Z,,,,,,,,,,,sirene,
L'ATELIER PAYSAN,,,a contacter,,,,,,,,,,,,data_etudes,Recherche-developpement en autres sciences physiques et naturelles,RENAGE,,38,,,,,,,,,,,,,,,,,,,,,,,,,,,,,,,,,,,,,,,,,,,,,,,537740375,53774037500028,72.19Z,,,,,,,,,,,sirene,
L'ECOLE SUR INTERNET,,,a contacter,,,,,,,,,,,,data_etudes,"Traitement de donnees, hebergement et activites connexes",NEUILLY-SUR-SEINE,,92,,,,,,,,,,,,,,,,,,,,,,,,,,,,,,,,,,,,,,,,,,,,,,,788935211,78893521100011,63.11Z,,,,,,,,,,,sirene,
L'ETE,,,a contacter,,,,,,,,,,,,data_etudes,"Traitement de donnees, hebergement et activites connexes",TREGUEUX,,22,,,,,,,,,,,,,,,,,,,,,,,,,,,,,,,,,,,,,,,,,,,,,,,496573155,49657315500280,63.11Z,,,,,,,,,,,sirene,
L'INSTITUT SERVIER,,,a contacter,,,,,,,,,,,,data_etudes,Recherche-developpement en autres sciences physiques et naturelles,SURESNES,,92,,,,,,,,,,,,,,,,,,,,,,,,,,,,,,,,,,,,,,,,,,,,,,,428429005,42842900500039,72.19Z,,,,,,,,,,,sirene,
L'OFFRE DU JOUR - MV CONSULTING,,,a contacter,,,,,,,,,,,,data_etudes,"Traitement de donnees, hebergement et activites connexes",PARIS,,75,,,,,,,,,,,,,,,,,,,,,,,,,,,,,,,,,,,,,,,,,,,,,,,515143824,51514382400032,63.11Z,,,,,,,,,,,sirene,
LA COMPAGNIE DES ANIMAUX,,,a contacter,,,,,,,,,,,,data_etudes,"Traitement de donnees, hebergement et activites connexes",LYON,,69,,,,,,,,,,,,,,,,,,,,,,,,,,,,,,,,,,,,,,,,,,,,,,,531604411,53160441100037,63.11Z,,,,,,,,,,,sirene,
LA DEPECHE INTERACTIVE,,,a contacter,,,,,,,,,,,,data_etudes,"Traitement de donnees, hebergement et activites connexes",TOULOUSE,,31,,,,,,,,,,,,,,,,,,,,,,,,,,,,,,,,,,,,,,,,,,,,,,,418594867,41859486700016,63.11Z,,,,,,,,,,,sirene,
LA DEVELOPPERIE,,,a contacter,,,,,,,,,,,,data_etudes,Recherche-developpement en autres sciences physiques et naturelles,LIMOGES,,87,,,,,,,,,,,,,,,,,,,,,,,,,,,,,,,,,,,,,,,,,,,,,,,805294360,80529436000039,72.19Z,,,,,,,,,,,sirene,
LA FERME INTEGRALE,,,a contacter,,,,,,,,,,,,data_etudes,Recherche-developpement en autres sciences physiques et naturelles,LA BAUME-D'HOSTUN,,26,,,,,,,,,,,,,,,,,,,,,,,,,,,,,,,,,,,,,,,,,,,,,,,878143403,87814340300029,72.19Z,,,,,,,,,,,sirene,
LA FOURCHETTE,,,a contacter,,,,,,,,,,,,data_etudes,"Traitement de donnees, hebergement et activites connexes",PARIS,,75,,,,,,,,,,,,,,,,,,,,,,,,,,,,,,,,,,,,,,,,,,,,,,,494447949,49444794900046,63.11Z,,,,,,,,,,,sirene,
LA GESTION PAR L'INFORMATIQUE,,,a contacter,,,,,,,,,,,,data_etudes,"Traitement de donnees, hebergement et activites connexes",SAINT-GRATIEN,,95,,,,,,,,,,,,,,,,,,,,,,,,,,,,,,,,,,,,,,,,,,,,,,,317837854,31783785400049,63.11Z,,,,,,,,,,,sirene,
LA LOCO,,,a contacter,,,,,,,,,,,,data_etudes,"Traitement de donnees, hebergement et activites connexes",PARIS,,75,,,,,,,,,,,,,,,,,,,,,,,,,,,,,,,,,,,,,,,,,,,,,,,810930123,81093012300015,63.11Z,,,,,,,,,,,sirene,
LA MAISON DU TEST,,,a contacter,,,,,,,,,,,,data_etudes,Etudes de marche et sondages,PARIS,,75,,,,,,,,,,,,,,,,,,,,,,,,,,,,,,,,,,,,,,,,,,,,,,,494916729,49491672900069,73.20Z,,,,,,,,,,,sirene,
LA MELEE,,,a contacter,,,,,,,,,,,,data_etudes,"Traitement de donnees, hebergement et activites connexes",TOULOUSE,,31,,,,,,,,,,,,,,,,,,,,,,,,,,,,,,,,,,,,,,,,,,,,,,,443717830,44371783000055,63.11Z,,,,,,,,,,,sirene,
LA MIRABELLE,,,a contacter,,,,,,,,,,,,data_etudes,"Traitement de donnees, hebergement et activites connexes",MOUANS-SARTOUX,,06,,,,,,,,,,,,,,,,,,,,,,,,,,,,,,,,,,,,,,,,,,,,,,,379812480,37981248000018,63.11Z,,,,,,,,,,,sirene,
LA PASSE VIDEO,,,a contacter,,,,,,,,,,,,data_etudes,Autres services d'information n.c.a.,BORDEAUX,,33,,,,,,,,,,,,,,,,,,,,,,,,,,,,,,,,,,,,,,,,,,,,,,,832876585,83287658500015,63.99Z,,,,,,,,,,,sirene,
LA SOURCE,,,a contacter,,,,,,,,,,,,data_etudes,Recherche-developpement en autres sciences physiques et naturelles,BREAL-SOUS-MONTFORT,,35,,,,,,,,,,,,,,,,,,,,,,,,,,,,,,,,,,,,,,,,,,,,,,,821186590,82118659000047,72.19Z,,,,,,,,,,,sirene,
LA VOIX DU CLIENT,,,a contacter,,,,,,,,,,,,data_etudes,Etudes de marche et sondages,SAINT-OUEN-SUR-SEINE,,93,,,,,,,,,,,,,,,,,,,,,,,,,,,,,,,,,,,,,,,,,,,,,,,385392550,38539255000047,73.20Z,,,,,,,,,,,sirene,
LABCORP LABORATORIES SASU,,,a contacter,,,,,,,,,,,,data_etudes,Recherche-developpement en autres sciences physiques et naturelles,PARIS,,75,,,,,,,,,,,,,,,,,,,,,,,,,,,,,,,,,,,,,,,,,,,,,,,951022821,95102282100031,72.19Z,,,,,,,,,,,sirene,
LABOMODE GROUP,,,a contacter,,,,,,,,,,,,data_etudes,"Traitement de donnees, hebergement et activites connexes",STRASBOURG,,67,,,,,,,,,,,,,,,,,,,,,,,,,,,,,,,,,,,,,,,,,,,,,,,397931247,39793124700043,63.11Z,,,,,,,,,,,sirene,
LABORATOIRE AJC PHARMA,,,a contacter,,,,,,,,,,,,data_etudes,Recherche-developpement en autres sciences physiques et naturelles,CHATEAUNEUF-SUR-CHARENTE,,16,,,,,,,,,,,,,,,,,,,,,,,,,,,,,,,,,,,,,,,,,,,,,,,439887126,43988712600027,72.19Z,,,,,,,,,,,sirene,
LABORATOIRE CELLMADE,,,a contacter,,,,,,,,,,,,data_etudes,Recherche-developpement en autres sciences physiques et naturelles,RUFFIEUX,,73,,,,,,,,,,,,,,,,,,,,,,,,,,,,,,,,,,,,,,,,,,,,,,,500084678,50008467800043,72.19Z,,,,,,,,,,,sirene,
LABORATOIRE D'ANALYSES MICROBIOLOGIQUES DES SOLS,,,a contacter,,,,,,,,,,,,data_etudes,Recherche-developpement en autres sciences physiques et naturelles,MAREY-SUR-TILLE,,21,,,,,,,,,,,,,,,,,,,,,,,,,,,,,,,,,,,,,,,,,,,,,,,378545859,37854585900027,72.19Z,,,,,,,,,,,sirene,
LABORATOIRE D'EXPLOITATION DE MOLECULES ORIGINALES,,,a contacter,,,,,,,,,,,,data_etudes,Recherche-developpement en autres sciences physiques et naturelles,SAINT-REMY-DE-PROVENCE,,13,,,,,,,,,,,,,,,,,,,,,,,,,,,,,,,,,,,,,,,,,,,,,,,784132557,78413255700041,72.19Z,,,,,,,,,,,sirene,
LABORATOIRE DE DERMOCOSMETIQUE ACTIVE DR PIERRE RICAUD,,,a contacter,,,,,,,,,,,,data_etudes,Recherche-developpement en autres sciences physiques et naturelles,ISSY-LES-MOULINEAUX,,92,,,,,,,,,,,,,,,,,,,,,,,,,,,,,,,,,,,,,,,,,,,,,,,329868848,32986884800303,72.19Z,,,,,,,,,,,sirene,
LABORATOIRE DERMATOLOGIQUE INDERMA,,,a contacter,,,,,,,,,,,,data_etudes,Recherche-developpement en autres sciences physiques et naturelles,PARIS,,75,,,,,,,,,,,,,,,,,,,,,,,,,,,,,,,,,,,,,,,,,,,,,,,533781514,53378151400054,72.19Z,,,,,,,,,,,sirene,
LABORATOIRE MINOSTAN,,,a contacter,,,,,,,,,,,,data_etudes,Recherche-developpement en autres sciences physiques et naturelles,GRANE,,26,,,,,,,,,,,,,,,,,,,,,,,,,,,,,,,,,,,,,,,,,,,,,,,379205404,37920540400088,72.19Z,,,,,,,,,,,sirene,
LABORATOIRE NOREVA-LED,,,a contacter,,,,,,,,,,,,data_etudes,Recherche-developpement en autres sciences physiques et naturelles,PARIS,,75,,,,,,,,,,,,,,,,,,,,,,,,,,,,,,,,,,,,,,,,,,,,,,,351376108,35137610800087,72.19Z,,,,,,,,,,,sirene,
LABORATOIRE OZALYS,,,a contacter,,,,,,,,,,,,data_etudes,Recherche-developpement en autres sciences physiques et naturelles,PARIS,,75,,,,,,,,,,,,,,,,,,,,,,,,,,,,,,,,,,,,,,,,,,,,,,,514836931,51483693100022,72.19Z,,,,,,,,,,,sirene,
LABORATOIRE SANOFLORE,,,a contacter,,,,,,,,,,,,data_etudes,Recherche-developpement en autres sciences physiques et naturelles,GIGORS-ET-LOZERON,,26,,,,,,,,,,,,,,,,,,,,,,,,,,,,,,,,,,,,,,,,,,,,,,,338375876,33837587600046,72.19Z,,,,,,,,,,,sirene,
LABORATOIRES A.S.L.,,,a contacter,,,,,,,,,,,,data_etudes,Recherche-developpement en autres sciences physiques et naturelles,EYRAGUES,,13,,,,,,,,,,,,,,,,,,,,,,,,,,,,,,,,,,,,,,,,,,,,,,,407535061,40753506100037,72.19Z,,,,,,,,,,,sirene,
LABORATOIRES ALTER,,,a contacter,,,,,,,,,,,,data_etudes,Recherche-developpement en autres sciences physiques et naturelles,VILLEBON-SUR-YVETTE,,91,,,,,,,,,,,,,,,,,,,,,,,,,,,,,,,,,,,,,,,,,,,,,,,453901159,45390115900021,72.19Z,,,,,,,,,,,sirene,
LABORATOIRES CARILENE,,,a contacter,,,,,,,,,,,,data_etudes,Recherche-developpement en autres sciences physiques et naturelles,PUTEAUX,,92,,,,,,,,,,,,,,,,,,,,,,,,,,,,,,,,,,,,,,,,,,,,,,,325194165,32519416500024,72.19Z,,,,,,,,,,,sirene,
LABORATOIRES DENSMORE,,,a contacter,,,,,,,,,,,,data_etudes,Recherche-developpement en autres sciences physiques et naturelles,PARIS,,75,,,,,,,,,,,,,,,,,,,,,,,,,,,,,,,,,,,,,,,,,,,,,,,921733945,92173394500023,72.19Z,,,,,,,,,,,sirene,
LABORATOIRES ERIGER,,,a contacter,,,,,,,,,,,,data_etudes,Recherche-developpement en autres sciences physiques et naturelles,CHAMBRAY-LES-TOURS,,37,,,,,,,,,,,,,,,,,,,,,,,,,,,,,,,,,,,,,,,,,,,,,,,849308234,84930823400038,72.19Z,,,,,,,,,,,sirene,
LABORATOIRES URGO HEALTHCARE,,,a contacter,,,,,,,,,,,,data_etudes,Recherche-developpement en autres sciences physiques et naturelles,DIJON,,21,,,,,,,,,,,,,,,,,,,,,,,,,,,,,,,,,,,,,,,,,,,,,,,798251559,79825155900042,72.19Z,,,,,,,,,,,sirene,
LABORELL,,,a contacter,,,,,,,,,,,,data_etudes,"Traitement de donnees, hebergement et activites connexes",PARIS,,75,,,,,,,,,,,,,,,,,,,,,,,,,,,,,,,,,,,,,,,,,,,,,,,841815137,84181513700044,63.11Z,,,,,,,,,,,sirene,
LABOSPHERE,,,a contacter,,,,,,,,,,,,data_etudes,Recherche-developpement en autres sciences physiques et naturelles,BEAUVAIS,,60,,,,,,,,,,,,,,,,,,,,,,,,,,,,,,,,,,,,,,,,,,,,,,,480604081,48060408100020,72.19Z,,,,,,,,,,,sirene,
LACAPA,,,a contacter,,,,,,,,,,,,data_etudes,Recherche-developpement en autres sciences physiques et naturelles,TOULOUGES,,66,,,,,,,,,,,,,,,,,,,,,,,,,,,,,,,,,,,,,,,,,,,,,,,421615154,42161515400018,72.19Z,,,,,,,,,,,sirene,
"LACQ ODYSSEE - CENTRE DE CULTURE SCIENTIFIQUE, TECHNIQUE ET INDUSTRIELLE DES PAYS DE L'ADOUR",,,a contacter,,,,,,,,,,,,data_etudes,Recherche-developpement en autres sciences physiques et naturelles,MOURENX,,64,,,,,,,,,,,,,,,,,,,,,,,,,,,,,,,,,,,,,,,,,,,,,,,332048974,33204897400031,72.19Z,,,,,,,,,,,sirene,
LAFI BALA DEVELOPPEMENT RESEAU EDUCATION,,,a contacter,,,,,,,,,,,,data_etudes,Recherche-developpement en autres sciences physiques et naturelles,CASTELNAU-LE-LEZ,,34,,,,,,,,,,,,,,,,,,,,,,,,,,,,,,,,,,,,,,,,,,,,,,,393192570,39319257000025,72.19Z,,,,,,,,,,,sirene,
LANCON PRODUITS INDUSTRIELS,,,a contacter,,,,,,,,,,,,data_etudes,Recherche-developpement en autres sciences physiques et naturelles,VENELLES,,13,,,,,,,,,,,,,,,,,,,,,,,,,,,,,,,,,,,,,,,,,,,,,,,414475814,41447581400045,72.19Z,,,,,,,,,,,sirene,
LANESTEL,,,a contacter,,,,,,,,,,,,data_etudes,"Traitement de donnees, hebergement et activites connexes",BREST,,29,,,,,,,,,,,,,,,,,,,,,,,,,,,,,,,,,,,,,,,,,,,,,,,479530578,47953057800018,63.11Z,,,,,,,,,,,sirene,
LASER TECHNOLOGIE FRANCE,,,a contacter,,,,,,,,,,,,data_etudes,"Traitement de donnees, hebergement et activites connexes",LA VERRIERE,,78,,,,,,,,,,,,,,,,,,,,,,,,,,,,,,,,,,,,,,,,,,,,,,,422770370,42277037000050,63.11Z,,,,,,,,,,,sirene,
LASVIT S.R.O.,,,a contacter,,,,,,,,,,,,data_etudes,Etudes de marche et sondages,,,,,,,,,,,,,,,,,,,,,,,,,,,,,,,,,,,,,,,,,,,,,,,,,,808805097,80880509700017,73.20Z,,,,,,,,,,,sirene,
LAYAN,,,a contacter,,,,,,,,,,,,data_etudes,"Traitement de donnees, hebergement et activites connexes",BOULOGNE-BILLANCOURT,,92,,,,,,,,,,,,,,,,,,,,,,,,,,,,,,,,,,,,,,,,,,,,,,,891123432,89112343200025,63.11Z,,,,,,,,,,,sirene,
LC CONSEIL,,,a contacter,,,,,,,,,,,,data_etudes,Etudes de marche et sondages,LEZENNES,,59,,,,,,,,,,,,,,,,,,,,,,,,,,,,,,,,,,,,,,,,,,,,,,,481139368,48113936800064,73.20Z,,,,,,,,,,,sirene,
LCP'S ENGINEERING,,,a contacter,,,,,,,,,,,,data_etudes,Recherche-developpement en autres sciences physiques et naturelles,TRETS,,13,,,,,,,,,,,,,,,,,,,,,,,,,,,,,,,,,,,,,,,,,,,,,,,411268113,41126811300023,72.19Z,,,,,,,,,,,sirene,
LDB MICA RESEARCH,,,a contacter,,,,,,,,,,,,data_etudes,Etudes de marche et sondages,ARCUEIL,,94,,,,,,,,,,,,,,,,,,,,,,,,,,,,,,,,,,,,,,,,,,,,,,,880124045,88012404500019,73.20Z,,,,,,,,,,,sirene,
LE CARRE NUMERIQUE,,,a contacter,,,,,,,,,,,,data_etudes,"Traitement de donnees, hebergement et activites connexes",VERSAILLES,,78,,,,,,,,,,,,,,,,,,,,,,,,,,,,,,,,,,,,,,,,,,,,,,,891462657,89146265700042,63.11Z,,,,,,,,,,,sirene,
LE FORUM,,,a contacter,,,,,,,,,,,,data_etudes,Autres services d'information n.c.a.,SAILLANS,,26,,,,,,,,,,,,,,,,,,,,,,,,,,,,,,,,,,,,,,,,,,,,,,,452639198,45263919800012,63.99Z,,,,,,,,,,,sirene,
LE MERCATO DE L EMPLOI,,,a contacter,,,,,,,,,,,,data_etudes,"Traitement de donnees, hebergement et activites connexes",COGNAC,,16,,,,,,,,,,,,,,,,,,,,,,,,,,,,,,,,,,,,,,,,,,,,,,,831267968,83126796800038,63.11Z,,,,,,,,,,,sirene,
LE STUDIO PARIS,,,a contacter,,,,,,,,,,,,data_etudes,Etudes de marche et sondages,PARIS,,75,,,,,,,,,,,,,,,,,,,,,,,,,,,,,,,,,,,,,,,,,,,,,,,827805490,82780549000014,73.20Z,,,,,,,,,,,sirene,
LE STUDIUM CTRE INT RECHERCHE ACCUEIL...,,,a contacter,,,,,,,,,,,,data_etudes,Recherche-developpement en autres sciences physiques et naturelles,ORLEANS,,45,,,,,,,,,,,,,,,,,,,,,,,,,,,,,,,,,,,,,,,,,,,,,,,414995316,41499531600034,72.19Z,,,,,,,,,,,sirene,
LED NER,,,a contacter,,,,,,,,,,,,data_etudes,Recherche-developpement en autres sciences physiques et naturelles,CARNOUX-EN-PROVENCE,,13,,,,,,,,,,,,,,,,,,,,,,,,,,,,,,,,,,,,,,,,,,,,,,,503403636,50340363600031,72.19Z,,,,,,,,,,,sirene,
LEDEV,,,a contacter,,,,,,,,,,,,data_etudes,"Traitement de donnees, hebergement et activites connexes",LONGJUMEAU,,91,,,,,,,,,,,,,,,,,,,,,,,,,,,,,,,,,,,,,,,,,,,,,,,853254266,85325426600010,63.11Z,,,,,,,,,,,sirene,
LEILAC SARL,,,a contacter,,,,,,,,,,,,data_etudes,Recherche-developpement en autres sciences physiques et naturelles,PARIS,,75,,,,,,,,,,,,,,,,,,,,,,,,,,,,,,,,,,,,,,,,,,,,,,,845205657,84520565700032,72.19Z,,,,,,,,,,,sirene,
LEMISSA,,,a contacter,,,,,,,,,,,,data_etudes,"Traitement de donnees, hebergement et activites connexes",PAREMPUYRE,,33,,,,,,,,,,,,,,,,,,,,,,,,,,,,,,,,,,,,,,,,,,,,,,,898632849,89863284900011,63.11Z,,,,,,,,,,,sirene,
LES DEVELOPPEMENTS DURABLES,,,a contacter,,,,,,,,,,,,data_etudes,"Traitement de donnees, hebergement et activites connexes",ANGLET,,64,,,,,,,,,,,,,,,,,,,,,,,,,,,,,,,,,,,,,,,,,,,,,,,450866231,45086623100043,63.11Z,,,,,,,,,,,sirene,
LES PASSIONNES DU WEB,,,a contacter,,,,,,,,,,,,data_etudes,"Traitement de donnees, hebergement et activites connexes",CALAIS,,62,,,,,,,,,,,,,,,,,,,,,,,,,,,,,,,,,,,,,,,,,,,,,,,430432799,43043279900061,63.11Z,,,,,,,,,,,sirene,
LEVIIA,,,a contacter,,,,,,,,,,,,data_etudes,"Traitement de donnees, hebergement et activites connexes",MONTEVRAIN,,77,,,,,,,,,,,,,,,,,,,,,,,,,,,,,,,,,,,,,,,,,,,,,,,894137561,89413756100029,63.11Z,,,,,,,,,,,sirene,
LFB BIOTECHNOLOGIES,,,a contacter,,,,,,,,,,,,data_etudes,Recherche-developpement en autres sciences physiques et naturelles,LES ULIS,,91,,,,,,,,,,,,,,,,,,,,,,,,,,,,,,,,,,,,,,,,,,,,,,,491975496,49197549600010,72.19Z,,,,,,,,,,,sirene,
LGC RECHERCHE ET DEVELOPPEMENT,,,a contacter,,,,,,,,,,,,data_etudes,Recherche-developpement en autres sciences physiques et naturelles,MONTREUIL,,93,,,,,,,,,,,,,,,,,,,,,,,,,,,,,,,,,,,,,,,,,,,,,,,882626229,88262622900026,72.19Z,,,,,,,,,,,sirene,
LIBERTY RIDER,,,a contacter,,,,,,,,,,,,data_etudes,"Traitement de donnees, hebergement et activites connexes",TOULOUSE,,31,,,,,,,,,,,,,,,,,,,,,,,,,,,,,,,,,,,,,,,,,,,,,,,821070489,82107048900058,63.11Z,,,,,,,,,,,sirene,
LIFY AIR,,,a contacter,,,,,,,,,,,,data_etudes,Recherche-developpement en autres sciences physiques et naturelles,ORLEANS,,45,,,,,,,,,,,,,,,,,,,,,,,,,,,,,,,,,,,,,,,,,,,,,,,843871146,84387114600026,72.19Z,,,,,,,,,,,sirene,
LIGENTEC FRANCE,,,a contacter,,,,,,,,,,,,data_etudes,Recherche-developpement en autres sciences physiques et naturelles,CORBEIL-ESSONNES,,91,,,,,,,,,,,,,,,,,,,,,,,,,,,,,,,,,,,,,,,,,,,,,,,904619418,90461941800018,72.19Z,,,,,,,,,,,sirene,
LIGNE WEB SERVICES,,,a contacter,,,,,,,,,,,,data_etudes,"Traitement de donnees, hebergement et activites connexes",GOLBEY,,88,,,,,,,,,,,,,,,,,,,,,,,,,,,,,,,,,,,,,,,,,,,,,,,851993683,85199368300016,63.11Z,,,,,,,,,,,sirene,
LILLYFLY,,,a contacter,,,,,,,,,,,,data_etudes,"Traitement de donnees, hebergement et activites connexes",ECULLY,,69,,,,,,,,,,,,,,,,,,,,,,,,,,,,,,,,,,,,,,,,,,,,,,,899850655,89985065500015,63.11Z,,,,,,,,,,,sirene,
LINICAL FRANCE,,,a contacter,,,,,,,,,,,,data_etudes,Recherche-developpement en autres sciences physiques et naturelles,PARIS,,75,,,,,,,,,,,,,,,,,,,,,,,,,,,,,,,,,,,,,,,,,,,,,,,804066686,80406668600036,72.19Z,,,,,,,,,,,sirene,
LINK MOBILITY,,,a contacter,,,,,,,,,,,,data_etudes,"Traitement de donnees, hebergement et activites connexes",BOULOGNE-BILLANCOURT,,92,,,,,,,,,,,,,,,,,,,,,,,,,,,,,,,,,,,,,,,,,,,,,,,418712477,41871247700060,63.11Z,,,,,,,,,,,sirene,
LINKEDNUTRI,,,a contacter,,,,,,,,,,,,data_etudes,Recherche-developpement en autres sciences physiques et naturelles,CACHAN,,94,,,,,,,,,,,,,,,,,,,,,,,,,,,,,,,,,,,,,,,,,,,,,,,839647989,83964798900020,72.19Z,,,,,,,,,,,sirene,
LISAQUA,,,a contacter,,,,,,,,,,,,data_etudes,Recherche-developpement en autres sciences physiques et naturelles,NANTES,,44,,,,,,,,,,,,,,,,,,,,,,,,,,,,,,,,,,,,,,,,,,,,,,,837534429,83753442900019,72.19Z,,,,,,,,,,,sirene,
LITRINIUM FRANCE,,,a contacter,,,,,,,,,,,,data_etudes,Recherche-developpement en autres sciences physiques et naturelles,BIOT,,06,,,,,,,,,,,,,,,,,,,,,,,,,,,,,,,,,,,,,,,,,,,,,,,878176841,87817684100020,72.19Z,,,,,,,,,,,sirene,
LIVURSTAY,,,a contacter,,,,,,,,,,,,data_etudes,"Traitement de donnees, hebergement et activites connexes",MONDEVILLE,,14,,,,,,,,,,,,,,,,,,,,,,,,,,,,,,,,,,,,,,,,,,,,,,,818738551,81873855100014,63.11Z,,,,,,,,,,,sirene,
LIZEO EUROPE,,,a contacter,,,,,,,,,,,,data_etudes,"Traitement de donnees, hebergement et activites connexes",LYON,,69,,,,,,,,,,,,,,,,,,,,,,,,,,,,,,,,,,,,,,,,,,,,,,,511569709,51156970900021,63.11Z,,,,,,,,,,,sirene,
LLFC,,,a contacter,,,,,,,,,,,,data_etudes,Recherche-developpement en autres sciences physiques et naturelles,PARIS,,75,,,,,,,,,,,,,,,,,,,,,,,,,,,,,,,,,,,,,,,,,,,,,,,839989829,83998982900016,72.19Z,,,,,,,,,,,sirene,
LLH ET ASSOCIES,,,a contacter,,,,,,,,,,,,data_etudes,Etudes de marche et sondages,MENNECY,,91,,,,,,,,,,,,,,,,,,,,,,,,,,,,,,,,,,,,,,,,,,,,,,,380276204,38027620400050,73.20Z,,,,,,,,,,,sirene,
LMP SANTE,,,a contacter,,,,,,,,,,,,data_etudes,Recherche-developpement en autres sciences physiques et naturelles,LATTES,,34,,,,,,,,,,,,,,,,,,,,,,,,,,,,,,,,,,,,,,,,,,,,,,,753940956,75394095600018,72.19Z,,,,,,,,,,,sirene,
LOCKSELF,,,a contacter,,,,,,,,,,,,data_etudes,"Traitement de donnees, hebergement et activites connexes",LEVALLOIS-PERRET,,92,,,,,,,,,,,,,,,,,,,,,,,,,,,,,,,,,,,,,,,,,,,,,,,800034043,80003404300110,63.11Z,,,,,,,,,,,sirene,
LOGIDOC SOLUTIONS,,,a contacter,,,,,,,,,,,,data_etudes,"Traitement de donnees, hebergement et activites connexes",LIMOGES,,87,,,,,,,,,,,,,,,,,,,,,,,,,,,,,,,,,,,,,,,,,,,,,,,482420247,48242024700074,63.11Z,,,,,,,,,,,sirene,
LOGSYS,,,a contacter,,,,,,,,,,,,data_etudes,"Traitement de donnees, hebergement et activites connexes",EMERAINVILLE,,77,,,,,,,,,,,,,,,,,,,,,,,,,,,,,,,,,,,,,,,,,,,,,,,530304302,53030430200041,63.11Z,,,,,,,,,,,sirene,
LPRI FRANCE,,,a contacter,,,,,,,,,,,,data_etudes,Recherche-developpement en autres sciences physiques et naturelles,BOULOGNE-BILLANCOURT,,92,,,,,,,,,,,,,,,,,,,,,,,,,,,,,,,,,,,,,,,,,,,,,,,510111479,51011147900026,72.19Z,,,,,,,,,,,sirene,
LTSC LOGISTIC,,,a contacter,,,,,,,,,,,,data_etudes,"Traitement de donnees, hebergement et activites connexes",TREMBLAY-EN-FRANCE,,93,,,,,,,,,,,,,,,,,,,,,,,,,,,,,,,,,,,,,,,,,,,,,,,851091678,85109167800025,63.11Z,,,,,,,,,,,sirene,
LUCIE BEAUGE,,,a contacter,,,,,,,,,,,,data_etudes,"Traitement de donnees, hebergement et activites connexes",VAAS,,72,,,,,,,,,,,,,,,,,,,,,,,,,,,,,,,,,,,,,,,,,,,,,,,903703049,90370304900010,63.11Z,,,,,,,,,,,sirene,
LUCIE LABS,,,a contacter,,,,,,,,,,,,data_etudes,"Traitement de donnees, hebergement et activites connexes",VALBONNE,,06,,,,,,,,,,,,,,,,,,,,,,,,,,,,,,,,,,,,,,,,,,,,,,,799207980,79920798000035,63.11Z,,,,,,,,,,,sirene,
LUXCARTA INTERNATIONAL,,,a contacter,,,,,,,,,,,,data_etudes,"Traitement de donnees, hebergement et activites connexes",VALBONNE,,06,,,,,,,,,,,,,,,,,,,,,,,,,,,,,,,,,,,,,,,,,,,,,,,500647029,50064702900023,63.11Z,,,,,,,,,,,sirene,
LYON INGENIERIE PROJETS,,,a contacter,,,,,,,,,,,,data_etudes,Recherche-developpement en autres sciences physiques et naturelles,VILLEURBANNE,,69,,,,,,,,,,,,,,,,,,,,,,,,,,,,,,,,,,,,,,,,,,,,,,,493298210,49329821000011,72.19Z,,,,,,,,,,,sirene,
LYRA NETWORK,,,a contacter,,,,,,,,,,,,data_etudes,"Traitement de donnees, hebergement et activites connexes",LABEGE,,31,,,,,,,,,,,,,,,,,,,,,,,,,,,,,,,,,,,,,,,,,,,,,,,434075719,43407571900063,63.11Z,,,,,,,,,,,sirene,
M C 2,,,a contacter,,,,,,,,,,,,data_etudes,Etudes de marche et sondages,BONNETABLE,,72,,,,,,,,,,,,,,,,,,,,,,,,,,,,,,,,,,,,,,,,,,,,,,,391821477,39182147700067,73.20Z,,,,,,,,,,,sirene,
M.G.S.,,,a contacter,,,,,,,,,,,,data_etudes,"Traitement de donnees, hebergement et activites connexes",PARIS,,75,,,,,,,,,,,,,,,,,,,,,,,,,,,,,,,,,,,,,,,,,,,,,,,409762192,40976219200022,63.11Z,,,,,,,,,,,sirene,
M2I DEVELOPMENT,,,a contacter,,,,,,,,,,,,data_etudes,Recherche-developpement en autres sciences physiques et naturelles,LACQ,,64,,,,,,,,,,,,,,,,,,,,,,,,,,,,,,,,,,,,,,,,,,,,,,,450958814,45095881400052,72.19Z,,,,,,,,,,,sirene,
MA BOUSSOLE AIDANTS,,,a contacter,,,,,,,,,,,,data_etudes,"Traitement de donnees, hebergement et activites connexes",PARIS,,75,,,,,,,,,,,,,,,,,,,,,,,,,,,,,,,,,,,,,,,,,,,,,,,890927056,89092705600014,63.11Z,,,,,,,,,,,sirene,
MACOM TECHNOLOGY SOLUTIONS SAS,,,a contacter,,,,,,,,,,,,data_etudes,Recherche-developpement en autres sciences physiques et naturelles,VALBONNE,,06,,,,,,,,,,,,,,,,,,,,,,,,,,,,,,,,,,,,,,,,,,,,,,,434066122,43406612200061,72.19Z,,,,,,,,,,,sirene,
MAGIA DIAGNOSTICS,,,a contacter,,,,,,,,,,,,data_etudes,Recherche-developpement en autres sciences physiques et naturelles,ECHIROLLES,,38,,,,,,,,,,,,,,,,,,,,,,,,,,,,,,,,,,,,,,,,,,,,,,,831351796,83135179600022,72.19Z,,,,,,,,,,,sirene,
MAGOTTEAUX FRANCE,,,a contacter,,,,,,,,,,,,data_etudes,Etudes de marche et sondages,AUBRIVES,,08,,,,,,,,,,,,,,,,,,,,,,,,,,,,,,,,,,,,,,,,,,,,,,,444217004,44421700400019,73.20Z,,,,,,,,,,,sirene,
MAIA MEDICAL TECHNOLOGIES,,,a contacter,,,,,,,,,,,,data_etudes,Recherche-developpement en autres sciences physiques et naturelles,SAINT-MARTIN-D'HERES,,38,,,,,,,,,,,,,,,,,,,,,,,,,,,,,,,,,,,,,,,,,,,,,,,953554508,95355450800010,72.19Z,,,,,,,,,,,sirene,
MAILEX,,,a contacter,,,,,,,,,,,,data_etudes,Autres services d'information n.c.a.,COUTRAS,,33,,,,,,,,,,,,,,,,,,,,,,,,,,,,,,,,,,,,,,,,,,,,,,,522807981,52280798100017,63.99Z,,,,,,,,,,,sirene,
MAILING PLUS,,,a contacter,,,,,,,,,,,,data_etudes,"Traitement de donnees, hebergement et activites connexes",VALLAURIS,,06,,,,,,,,,,,,,,,,,,,,,,,,,,,,,,,,,,,,,,,,,,,,,,,450545553,45054555300049,63.11Z,,,,,,,,,,,sirene,
MAILJET,,,a contacter,,,,,,,,,,,,data_etudes,"Traitement de donnees, hebergement et activites connexes",PARIS,,75,,,,,,,,,,,,,,,,,,,,,,,,,,,,,,,,,,,,,,,,,,,,,,,524536992,52453699200075,63.11Z,,,,,,,,,,,sirene,
MAJELIS TUTELLE,,,a contacter,,,,,,,,,,,,data_etudes,"Traitement de donnees, hebergement et activites connexes",BORDEAUX,,33,,,,,,,,,,,,,,,,,,,,,,,,,,,,,,,,,,,,,,,,,,,,,,,431994433,43199443300073,63.11Z,,,,,,,,,,,sirene,
MANAGEXAM,,,a contacter,,,,,,,,,,,,data_etudes,"Traitement de donnees, hebergement et activites connexes",MONTPELLIER,,34,,,,,,,,,,,,,,,,,,,,,,,,,,,,,,,,,,,,,,,,,,,,,,,852034230,85203423000015,63.11Z,,,,,,,,,,,sirene,
MANTIS,,,a contacter,,,,,,,,,,,,data_etudes,"Traitement de donnees, hebergement et activites connexes",PARIS,,75,,,,,,,,,,,,,,,,,,,,,,,,,,,,,,,,,,,,,,,,,,,,,,,352188601,35218860100046,63.11Z,,,,,,,,,,,sirene,
MAPAYE,,,a contacter,,,,,,,,,,,,data_etudes,"Traitement de donnees, hebergement et activites connexes",VERRIERES-LE-BUISSON,,91,,,,,,,,,,,,,,,,,,,,,,,,,,,,,,,,,,,,,,,,,,,,,,,487716797,48771679700021,63.11Z,,,,,,,,,,,sirene,
MAPMEDIA,,,a contacter,,,,,,,,,,,,data_etudes,"Traitement de donnees, hebergement et activites connexes",BIDART,,64,,,,,,,,,,,,,,,,,,,,,,,,,,,,,,,,,,,,,,,,,,,,,,,393560560,39356056000046,63.11Z,,,,,,,,,,,sirene,
MAQUETTISTES REUNIS SURESNES,,,a contacter,,,,,,,,,,,,data_etudes,Autres services d'information n.c.a.,SURESNES,,92,,,,,,,,,,,,,,,,,,,,,,,,,,,,,,,,,,,,,,,,,,,,,,,323592816,32359281600025,63.99Z,,,,,,,,,,,sirene,
MARELLI EPT STRASBOURG (FRANCE),,,a contacter,,,,,,,,,,,,data_etudes,Recherche-developpement en autres sciences physiques et naturelles,CHATELLERAULT,,86,,,,,,,,,,,,,,,,,,,,,,,,,,,,,,,,,,,,,,,,,,,,,,,899943393,89994339300020,72.19Z,,,,,,,,,,,sirene,
MARIA CONSEIL,,,a contacter,,,,,,,,,,,,data_etudes,Etudes de marche et sondages,LE PRADET,,83,,,,,,,,,,,,,,,,,,,,,,,,,,,,,,,,,,,,,,,,,,,,,,,824245807,82424580700048,73.20Z,,,,,,,,,,,sirene,
MARION TECHNOLOGIES,,,a contacter,,,,,,,,,,,,data_etudes,Recherche-developpement en autres sciences physiques et naturelles,VERNIOLLE,,09,,,,,,,,,,,,,,,,,,,,,,,,,,,,,,,,,,,,,,,,,,,,,,,440203156,44020315600029,72.19Z,,,,,,,,,,,sirene,
MARKETING  DIAGNOSTIC TEST CONSO,,,a contacter,,,,,,,,,,,,data_etudes,Etudes de marche et sondages,LILLE,,59,,,,,,,,,,,,,,,,,,,,,,,,,,,,,,,,,,,,,,,,,,,,,,,490648805,49064880500037,73.20Z,,,,,,,,,,,sirene,
MARKETING ESPACE,,,a contacter,,,,,,,,,,,,data_etudes,Etudes de marche et sondages,LYON,,69,,,,,,,,,,,,,,,,,,,,,,,,,,,,,,,,,,,,,,,,,,,,,,,443498563,44349856300016,73.20Z,,,,,,,,,,,sirene,
MARKETING ET TELEVISION,,,a contacter,,,,,,,,,,,,data_etudes,Etudes de marche et sondages,PARIS,,75,,,,,,,,,,,,,,,,,,,,,,,,,,,,,,,,,,,,,,,,,,,,,,,380337618,38033761800025,73.20Z,,,,,,,,,,,sirene,
MARKETINGSCAN,,,a contacter,,,,,,,,,,,,data_etudes,Etudes de marche et sondages,LEVALLOIS-PERRET,,92,,,,,,,,,,,,,,,,,,,,,,,,,,,,,,,,,,,,,,,,,,,,,,,392572947,39257294700084,73.20Z,,,,,,,,,,,sirene,
MARTEC FR,,,a contacter,,,,,,,,,,,,data_etudes,Recherche-developpement en autres sciences physiques et naturelles,SAINT-CONTEST,,14,,,,,,,,,,,,,,,,,,,,,,,,,,,,,,,,,,,,,,,,,,,,,,,881426027,88142602700028,72.19Z,,,,,,,,,,,sirene,
MASOLUTIONEMPLOI.COM,,,a contacter,,,,,,,,,,,,data_etudes,"Traitement de donnees, hebergement et activites connexes",EVREUX,,27,,,,,,,,,,,,,,,,,,,,,,,,,,,,,,,,,,,,,,,,,,,,,,,799370200,79937020000021,63.11Z,,,,,,,,,,,sirene,
MASSELIN COMMUNICATION,,,a contacter,,,,,,,,,,,,data_etudes,"Traitement de donnees, hebergement et activites connexes",IFS,,14,,,,,,,,,,,,,,,,,,,,,,,,,,,,,,,,,,,,,,,,,,,,,,,421013731,42101373100029,63.11Z,,,,,,,,,,,sirene,
MASTER BUILDERS SOLUTIONS FRANCE SAS,,,a contacter,,,,,,,,,,,,data_etudes,Recherche-developpement en autres sciences physiques et naturelles,LISSES,,91,,,,,,,,,,,,,,,,,,,,,,,,,,,,,,,,,,,,,,,,,,,,,,,879414167,87941416700012,72.19Z,,,,,,,,,,,sirene,
MATANDSIM,,,a contacter,,,,,,,,,,,,data_etudes,Recherche-developpement en autres sciences physiques et naturelles,LANESTER,,56,,,,,,,,,,,,,,,,,,,,,,,,,,,,,,,,,,,,,,,,,,,,,,,801998162,80199816200029,72.19Z,,,,,,,,,,,sirene,
MATAWAN,,,a contacter,,,,,,,,,,,,data_etudes,"Traitement de donnees, hebergement et activites connexes",MACON,,71,,,,,,,,,,,,,,,,,,,,,,,,,,,,,,,,,,,,,,,,,,,,,,,750423295,75042329500062,63.11Z,,,,,,,,,,,sirene,
MATHYM,,,a contacter,,,,,,,,,,,,data_etudes,Recherche-developpement en autres sciences physiques et naturelles,CHAMPAGNE-AU-MONT-D'OR,,69,,,,,,,,,,,,,,,,,,,,,,,,,,,,,,,,,,,,,,,,,,,,,,,795157833,79515783300026,72.19Z,,,,,,,,,,,sirene,
MATRIA HEALTH TECHNOLOGIES,,,a contacter,,,,,,,,,,,,data_etudes,Recherche-developpement en autres sciences physiques et naturelles,SAINT-MARTIN-D'HERES,,38,,,,,,,,,,,,,,,,,,,,,,,,,,,,,,,,,,,,,,,,,,,,,,,812061430,81206143000052,72.19Z,,,,,,,,,,,sirene,
MAUNA KEA TECHNOLOGIES,,,a contacter,,,,,,,,,,,,data_etudes,Recherche-developpement en autres sciences physiques et naturelles,PARIS,,75,,,,,,,,,,,,,,,,,,,,,,,,,,,,,,,,,,,,,,,,,,,,,,,431268028,43126802800021,72.19Z,,,,,,,,,,,sirene,
MAYANE RESILIENCE CENTER,,,a contacter,,,,,,,,,,,,data_etudes,Recherche-developpement en autres sciences physiques et naturelles,PARIS,,75,,,,,,,,,,,,,,,,,,,,,,,,,,,,,,,,,,,,,,,,,,,,,,,808775613,80877561300041,72.19Z,,,,,,,,,,,sirene,
MCC,,,a contacter,,,,,,,,,,,,data_etudes,"Traitement de donnees, hebergement et activites connexes",PARIS,,75,,,,,,,,,,,,,,,,,,,,,,,,,,,,,,,,,,,,,,,,,,,,,,,790759393,79075939300016,63.11Z,,,,,,,,,,,sirene,
MCPHY ENERGY,,,a contacter,,,,,,,,,,,,data_etudes,Recherche-developpement en autres sciences physiques et naturelles,FOUSSEMAGNE,,90,,,,,,,,,,,,,,,,,,,,,,,,,,,,,,,,,,,,,,,,,,,,,,,502205917,50220591700102,72.19Z,,,,,,,,,,,sirene,
MCT,,,a contacter,,,,,,,,,,,,data_etudes,"Traitement de donnees, hebergement et activites connexes",LAVAL,,53,,,,,,,,,,,,,,,,,,,,,,,,,,,,,,,,,,,,,,,,,,,,,,,537803819,53780381900045,63.11Z,,,,,,,,,,,sirene,
MECARUNGIS,,,a contacter,,,,,,,,,,,,data_etudes,"Traitement de donnees, hebergement et activites connexes",RUNGIS,,94,,,,,,,,,,,,,,,,,,,,,,,,,,,,,,,,,,,,,,,,,,,,,,,602037228,60203722800023,63.11Z,,,,,,,,,,,sirene,
MED PLANET,,,a contacter,,,,,,,,,,,,data_etudes,Etudes de marche et sondages,LYON,,69,,,,,,,,,,,,,,,,,,,,,,,,,,,,,,,,,,,,,,,,,,,,,,,442603973,44260397300045,73.20Z,,,,,,,,,,,sirene,
MED'INN'PHARMA,,,a contacter,,,,,,,,,,,,data_etudes,Recherche-developpement en autres sciences physiques et naturelles,PLACEY,,25,,,,,,,,,,,,,,,,,,,,,,,,,,,,,,,,,,,,,,,,,,,,,,,828460139,82846013900011,72.19Z,,,,,,,,,,,sirene,
MEDANIMAL,,,a contacter,,,,,,,,,,,,data_etudes,"Traitement de donnees, hebergement et activites connexes",ARTHEL,,58,,,,,,,,,,,,,,,,,,,,,,,,,,,,,,,,,,,,,,,,,,,,,,,850725318,85072531800016,63.11Z,,,,,,,,,,,sirene,
MEDEXACT,,,a contacter,,,,,,,,,,,,data_etudes,"Traitement de donnees, hebergement et activites connexes",BOULOGNE-BILLANCOURT,,92,,,,,,,,,,,,,,,,,,,,,,,,,,,,,,,,,,,,,,,,,,,,,,,432451912,43245191200039,63.11Z,,,,,,,,,,,sirene,
MEDI.AXE,,,a contacter,,,,,,,,,,,,data_etudes,Recherche-developpement en autres sciences physiques et naturelles,CLAMART,,92,,,,,,,,,,,,,,,,,,,,,,,,,,,,,,,,,,,,,,,,,,,,,,,439442419,43944241900024,72.19Z,,,,,,,,,,,sirene,
MEDIA CONSEIL ANTILLES,,,a contacter,,,,,,,,,,,,data_etudes,"Traitement de donnees, hebergement et activites connexes",PETIT-BOURG,,971,,,,,,,,,,,,,,,,,,,,,,,,,,,,,,,,,,,,,,,,,,,,,,,525286530,52528653000015,63.11Z,,,,,,,,,,,sirene,
MEDIA IMMO,,,a contacter,,,,,,,,,,,,data_etudes,"Traitement de donnees, hebergement et activites connexes",CORBEIL-ESSONNES,,91,,,,,,,,,,,,,,,,,,,,,,,,,,,,,,,,,,,,,,,,,,,,,,,750675613,75067561300020,63.11Z,,,,,,,,,,,sirene,
MEDIA TRADE,,,a contacter,,,,,,,,,,,,data_etudes,"Traitement de donnees, hebergement et activites connexes",SAINT-DENIS,,974,,,,,,,,,,,,,,,,,,,,,,,,,,,,,,,,,,,,,,,,,,,,,,,512303561,51230356100033,63.11Z,,,,,,,,,,,sirene,
MEDIALAB,,,a contacter,,,,,,,,,,,,data_etudes,Autres services d'information n.c.a.,STRASBOURG,,67,,,,,,,,,,,,,,,,,,,,,,,,,,,,,,,,,,,,,,,,,,,,,,,539867705,53986770500045,63.99Z,,,,,,,,,,,sirene,
MEDIAMETRIE--NETRATINGS,,,a contacter,,,,,,,,,,,,data_etudes,Etudes de marche et sondages,LEVALLOIS-PERRET,,92,,,,,,,,,,,,,,,,,,,,,,,,,,,,,,,,,,,,,,,,,,,,,,,429358492,42935849200024,73.20Z,,,,,,,,,,,sirene,
MEDIAZUR,,,a contacter,,,,,,,,,,,,data_etudes,"Traitement de donnees, hebergement et activites connexes",NICE,,06,,,,,,,,,,,,,,,,,,,,,,,,,,,,,,,,,,,,,,,,,,,,,,,833975758,83397575800032,63.11Z,,,,,,,,,,,sirene,
MEDICLARO,,,a contacter,,,,,,,,,,,,data_etudes,Recherche-developpement en autres sciences physiques et naturelles,PARIS,,75,,,,,,,,,,,,,,,,,,,,,,,,,,,,,,,,,,,,,,,,,,,,,,,814704243,81470424300058,72.19Z,,,,,,,,,,,sirene,
MEDINCELL S.A.,,,a contacter,,,,,,,,,,,,data_etudes,Recherche-developpement en autres sciences physiques et naturelles,JACOU,,34,,,,,,,,,,,,,,,,,,,,,,,,,,,,,,,,,,,,,,,,,,,,,,,444606750,44460675000032,72.19Z,,,,,,,,,,,sirene,
MEDITERRANEE INFECTION,,,a contacter,,,,,,,,,,,,data_etudes,Recherche-developpement en autres sciences physiques et naturelles,MARSEILLE,,13,,,,,,,,,,,,,,,,,,,,,,,,,,,,,,,,,,,,,,,,,,,,,,,501980882,50198088200028,72.19Z,,,,,,,,,,,sirene,
MEDSENIC,,,a contacter,,,,,,,,,,,,data_etudes,Recherche-developpement en autres sciences physiques et naturelles,STRASBOURG,,67,,,,,,,,,,,,,,,,,,,,,,,,,,,,,,,,,,,,,,,,,,,,,,,527761530,52776153000031,72.19Z,,,,,,,,,,,sirene,
MEETIC,,,a contacter,,,,,,,,,,,,data_etudes,"Traitement de donnees, hebergement et activites connexes",PARIS,,75,,,,,,,,,,,,,,,,,,,,,,,,,,,,,,,,,,,,,,,,,,,,,,,439780339,43978033900065,63.11Z,,,,,,,,,,,sirene,
MELEXIS NV,,,a contacter,,,,,,,,,,,,data_etudes,Recherche-developpement en autres sciences physiques et naturelles,,,,,,,,,,,,,,,,,,,,,,,,,,,,,,,,,,,,,,,,,,,,,,,,,,444997993,44499799300019,72.19Z,,,,,,,,,,,sirene,
MEMENTO CLOUD,,,a contacter,,,,,,,,,,,,data_etudes,"Traitement de donnees, hebergement et activites connexes",NIMES,,30,,,,,,,,,,,,,,,,,,,,,,,,,,,,,,,,,,,,,,,,,,,,,,,852688514,85268851400029,63.11Z,,,,,,,,,,,sirene,
MEMORIST,,,a contacter,,,,,,,,,,,,data_etudes,"Traitement de donnees, hebergement et activites connexes",BORDEAUX,,33,,,,,,,,,,,,,,,,,,,,,,,,,,,,,,,,,,,,,,,,,,,,,,,422085480,42208548000057,63.11Z,,,,,,,,,,,sirene,
MENTA,,,a contacter,,,,,,,,,,,,data_etudes,Recherche-developpement en autres sciences physiques et naturelles,VALBONNE,,06,,,,,,,,,,,,,,,,,,,,,,,,,,,,,,,,,,,,,,,,,,,,,,,498271907,49827190700053,72.19Z,,,,,,,,,,,sirene,
MEODEX,,,a contacter,,,,,,,,,,,,data_etudes,Recherche-developpement en autres sciences physiques et naturelles,NARBONNE,,11,,,,,,,,,,,,,,,,,,,,,,,,,,,,,,,,,,,,,,,,,,,,,,,520173188,52017318800043,72.19Z,,,,,,,,,,,sirene,
MERCATOR OCEAN,,,a contacter,,,,,,,,,,,,data_etudes,Recherche-developpement en autres sciences physiques et naturelles,TOULOUSE,,31,,,,,,,,,,,,,,,,,,,,,,,,,,,,,,,,,,,,,,,,,,,,,,,522911577,52291157700024,72.19Z,,,,,,,,,,,sirene,
MERCIAN KABUSHIKI KAISHA,,,a contacter,,,,,,,,,,,,data_etudes,Etudes de marche et sondages,,,,,,,,,,,,,,,,,,,,,,,,,,,,,,,,,,,,,,,,,,,,,,,,,,338100696,33810069600040,73.20Z,,,,,,,,,,,sirene,
MERCK BIODEVELOPMENT,,,a contacter,,,,,,,,,,,,data_etudes,Recherche-developpement en autres sciences physiques et naturelles,LYON,,69,,,,,,,,,,,,,,,,,,,,,,,,,,,,,,,,,,,,,,,,,,,,,,,351723440,35172344000084,72.19Z,,,,,,,,,,,sirene,
MERCURIO IMAGING,,,a contacter,,,,,,,,,,,,data_etudes,"Traitement de donnees, hebergement et activites connexes",MARSEILLE,,13,,,,,,,,,,,,,,,,,,,,,,,,,,,,,,,,,,,,,,,,,,,,,,,842533986,84253398600076,63.11Z,,,,,,,,,,,sirene,
MERIBEL PHARMA ORLEANS,,,a contacter,,,,,,,,,,,,data_etudes,Recherche-developpement en autres sciences physiques et naturelles,ORLEANS,,45,,,,,,,,,,,,,,,,,,,,,,,,,,,,,,,,,,,,,,,,,,,,,,,789192424,78919242400016,72.19Z,,,,,,,,,,,sirene,
META-COACHING,,,a contacter,,,,,,,,,,,,data_etudes,"Traitement de donnees, hebergement et activites connexes",PARIS,,75,,,,,,,,,,,,,,,,,,,,,,,,,,,,,,,,,,,,,,,,,,,,,,,513782003,51378200300018,63.11Z,,,,,,,,,,,sirene,
METAL PROCESS,,,a contacter,,,,,,,,,,,,data_etudes,Recherche-developpement en autres sciences physiques et naturelles,MONTEVRAIN,,77,,,,,,,,,,,,,,,,,,,,,,,,,,,,,,,,,,,,,,,,,,,,,,,337837322,33783732200037,72.19Z,,,,,,,,,,,sirene,
METAMIS CREATION,,,a contacter,,,,,,,,,,,,data_etudes,"Traitement de donnees, hebergement et activites connexes",BOURG-SAINT-MAURICE,,73,,,,,,,,,,,,,,,,,,,,,,,,,,,,,,,,,,,,,,,,,,,,,,,420750994,42075099400048,63.11Z,,,,,,,,,,,sirene,
METEO ET CLIMAT,,,a contacter,,,,,,,,,,,,data_etudes,Recherche-developpement en autres sciences physiques et naturelles,SAINT-MANDE,,94,,,,,,,,,,,,,,,,,,,,,,,,,,,,,,,,,,,,,,,,,,,,,,,784309130,78430913000051,72.19Z,,,,,,,,,,,sirene,
METEOCONSULT,,,a contacter,,,,,,,,,,,,data_etudes,"Traitement de donnees, hebergement et activites connexes",VERNOUILLET,,78,,,,,,,,,,,,,,,,,,,,,,,,,,,,,,,,,,,,,,,,,,,,,,,347613879,34761387900019,63.11Z,,,,,,,,,,,sirene,
METHODE ANALYSE PROCEDE,,,a contacter,,,,,,,,,,,,data_etudes,Recherche-developpement en autres sciences physiques et naturelles,BAIE-MAHAULT,,971,,,,,,,,,,,,,,,,,,,,,,,,,,,,,,,,,,,,,,,,,,,,,,,403025968,40302596800039,72.19Z,,,,,,,,,,,sirene,
METRON,,,a contacter,,,,,,,,,,,,data_etudes,"Traitement de donnees, hebergement et activites connexes",PARIS,,75,,,,,,,,,,,,,,,,,,,,,,,,,,,,,,,,,,,,,,,,,,,,,,,794167593,79416759300035,63.11Z,,,,,,,,,,,sirene,
MEUNIERS DE FRANCE OUEST,,,a contacter,,,,,,,,,,,,data_etudes,Etudes de marche et sondages,ACIGNE,,35,,,,,,,,,,,,,,,,,,,,,,,,,,,,,,,,,,,,,,,,,,,,,,,400213492,40021349200046,73.20Z,,,,,,,,,,,sirene,
MEZCALITO,,,a contacter,,,,,,,,,,,,data_etudes,"Traitement de donnees, hebergement et activites connexes",GRENOBLE,,38,,,,,,,,,,,,,,,,,,,,,,,,,,,,,,,,,,,,,,,,,,,,,,,491307252,49130725200032,63.11Z,,,,,,,,,,,sirene,
MHM LABS,,,a contacter,,,,,,,,,,,,data_etudes,"Traitement de donnees, hebergement et activites connexes",CANNES,,06,,,,,,,,,,,,,,,,,,,,,,,,,,,,,,,,,,,,,,,,,,,,,,,914382080,91438208000028,63.11Z,,,,,,,,,,,sirene,
MICROBS,,,a contacter,,,,,,,,,,,,data_etudes,Recherche-developpement en autres sciences physiques et naturelles,RENNES,,35,,,,,,,,,,,,,,,,,,,,,,,,,,,,,,,,,,,,,,,,,,,,,,,813739307,81373930700029,72.19Z,,,,,,,,,,,sirene,
MICROCHIP POWER MODULES,,,a contacter,,,,,,,,,,,,data_etudes,Recherche-developpement en autres sciences physiques et naturelles,BRUGES,,33,,,,,,,,,,,,,,,,,,,,,,,,,,,,,,,,,,,,,,,,,,,,,,,326116514,32611651400034,72.19Z,,,,,,,,,,,sirene,
MICROCHIP TECHNOLOGY ROUSSET,,,a contacter,,,,,,,,,,,,data_etudes,Recherche-developpement en autres sciences physiques et naturelles,ROUSSET,,13,,,,,,,,,,,,,,,,,,,,,,,,,,,,,,,,,,,,,,,,,,,,,,,333353738,33335373800094,72.19Z,,,,,,,,,,,sirene,
MICROLIST,,,a contacter,,,,,,,,,,,,data_etudes,"Traitement de donnees, hebergement et activites connexes",ERAGNY,,95,,,,,,,,,,,,,,,,,,,,,,,,,,,,,,,,,,,,,,,,,,,,,,,302639505,30263950500049,63.11Z,,,,,,,,,,,sirene,
MIH 55,,,a contacter,,,,,,,,,,,,data_etudes,"Traitement de donnees, hebergement et activites connexes",BONDY,,93,,,,,,,,,,,,,,,,,,,,,,,,,,,,,,,,,,,,,,,,,,,,,,,492996954,49299695400011,63.11Z,,,,,,,,,,,sirene,
MINALEA,,,a contacter,,,,,,,,,,,,data_etudes,"Traitement de donnees, hebergement et activites connexes",ANNECY,,74,,,,,,,,,,,,,,,,,,,,,,,,,,,,,,,,,,,,,,,,,,,,,,,814177275,81417727500025,63.11Z,,,,,,,,,,,sirene,
MINDIG,,,a contacter,,,,,,,,,,,,data_etudes,Recherche-developpement en autres sciences physiques et naturelles,CESSON-SEVIGNE,,35,,,,,,,,,,,,,,,,,,,,,,,,,,,,,,,,,,,,,,,,,,,,,,,902809557,90280955700025,72.19Z,,,,,,,,,,,sirene,
MINYVEL ENVIRONNEMENT LE MEDEC,,,a contacter,,,,,,,,,,,,data_etudes,Recherche-developpement en autres sciences physiques et naturelles,LIFFRE,,35,,,,,,,,,,,,,,,,,,,,,,,,,,,,,,,,,,,,,,,,,,,,,,,501914568,50191456800032,72.19Z,,,,,,,,,,,sirene,
MIRAKL,,,a contacter,,,,,,,,,,,,data_etudes,"Traitement de donnees, hebergement et activites connexes",PARIS,,75,,,,,,,,,,,,,,,,,,,,,,,,,,,,,,,,,,,,,,,,,,,,,,,530897990,53089799000079,63.11Z,,,,,,,,,,,sirene,
MIS GROUP,,,a contacter,,,,,,,,,,,,data_etudes,Etudes de marche et sondages,LILLE,,59,,,,,,,,,,,,,,,,,,,,,,,,,,,,,,,,,,,,,,,,,,,,,,,437756489,43775648900088,73.20Z,,,,,,,,,,,sirene,
MISSION INTERNET,,,a contacter,,,,,,,,,,,,data_etudes,"Traitement de donnees, hebergement et activites connexes",ORLEANS,,45,,,,,,,,,,,,,,,,,,,,,,,,,,,,,,,,,,,,,,,,,,,,,,,530328483,53032848300033,63.11Z,,,,,,,,,,,sirene,
MISSION RECHE SCIENT AMBASSADE AUSTRALIE,,,a contacter,,,,,,,,,,,,data_etudes,Recherche-developpement en autres sciences physiques et naturelles,MONTFERRIER-SUR-LEZ,,34,,,,,,,,,,,,,,,,,,,,,,,,,,,,,,,,,,,,,,,,,,,,,,,776057960,77605796000028,72.19Z,,,,,,,,,,,sirene,
MISTER BILINGUE,,,a contacter,,,,,,,,,,,,data_etudes,"Traitement de donnees, hebergement et activites connexes",BOULOGNE-BILLANCOURT,,92,,,,,,,,,,,,,,,,,,,,,,,,,,,,,,,,,,,,,,,,,,,,,,,820099604,82009960400036,63.11Z,,,,,,,,,,,sirene,
MISTHEA SOCIAL,,,a contacter,,,,,,,,,,,,data_etudes,"Traitement de donnees, hebergement et activites connexes",MARSEILLE,,13,,,,,,,,,,,,,,,,,,,,,,,,,,,,,,,,,,,,,,,,,,,,,,,920175692,92017569200028,63.11Z,,,,,,,,,,,sirene,
MN SANTE HOLDING,,,a contacter,,,,,,,,,,,,data_etudes,"Traitement de donnees, hebergement et activites connexes",PARIS,,75,,,,,,,,,,,,,,,,,,,,,,,,,,,,,,,,,,,,,,,,,,,,,,,921378717,92137871700018,63.11Z,,,,,,,,,,,sirene,
MNEMO THERAPEUTICS,,,a contacter,,,,,,,,,,,,data_etudes,Recherche-developpement en autres sciences physiques et naturelles,PARIS,,75,,,,,,,,,,,,,,,,,,,,,,,,,,,,,,,,,,,,,,,,,,,,,,,844975755,84497575500043,72.19Z,,,,,,,,,,,sirene,
MO.DEL,,,a contacter,,,,,,,,,,,,data_etudes,Recherche-developpement en autres sciences physiques et naturelles,LE HAILLAN,,33,,,,,,,,,,,,,,,,,,,,,,,,,,,,,,,,,,,,,,,,,,,,,,,822153508,82215350800020,72.19Z,,,,,,,,,,,sirene,
MOBI.DEEP,,,a contacter,,,,,,,,,,,,data_etudes,"Traitement de donnees, hebergement et activites connexes",NANTES,,44,,,,,,,,,,,,,,,,,,,,,,,,,,,,,,,,,,,,,,,,,,,,,,,900527136,90052713600023,63.11Z,,,,,,,,,,,sirene,
MOBICOOP,,,a contacter,,,,,,,,,,,,data_etudes,"Traitement de donnees, hebergement et activites connexes",CASTELSARRASIN,,82,,,,,,,,,,,,,,,,,,,,,,,,,,,,,,,,,,,,,,,,,,,,,,,810157982,81015798200044,63.11Z,,,,,,,,,,,sirene,
MOBILITES CONSEILS INFORMATIONS,,,a contacter,,,,,,,,,,,,data_etudes,Etudes de marche et sondages,BAIE-MAHAULT,,971,,,,,,,,,,,,,,,,,,,,,,,,,,,,,,,,,,,,,,,,,,,,,,,500559331,50055933100029,73.20Z,,,,,,,,,,,sirene,
MOEBIUS,,,a contacter,,,,,,,,,,,,data_etudes,Recherche-developpement en autres sciences physiques et naturelles,REICHSHOFFEN,,67,,,,,,,,,,,,,,,,,,,,,,,,,,,,,,,,,,,,,,,,,,,,,,,885276964,88527696400016,72.19Z,,,,,,,,,,,sirene,
MONDELEZ FRANCE R&D SAS,,,a contacter,,,,,,,,,,,,data_etudes,Recherche-developpement en autres sciences physiques et naturelles,SACLAY,,91,,,,,,,,,,,,,,,,,,,,,,,,,,,,,,,,,,,,,,,,,,,,,,,538379447,53837944700013,72.19Z,,,,,,,,,,,sirene,
MONINFO,,,a contacter,,,,,,,,,,,,data_etudes,"Traitement de donnees, hebergement et activites connexes",LABEGE,,31,,,,,,,,,,,,,,,,,,,,,,,,,,,,,,,,,,,,,,,,,,,,,,,401774161,40177416100020,63.11Z,,,,,,,,,,,sirene,
MONITORING FORCE FRANCE,,,a contacter,,,,,,,,,,,,data_etudes,Recherche-developpement en autres sciences physiques et naturelles,MAISONS-LAFFITTE,,78,,,,,,,,,,,,,,,,,,,,,,,,,,,,,,,,,,,,,,,,,,,,,,,451238364,45123836400041,72.19Z,,,,,,,,,,,sirene,
MONSTER WORLDWIDE,,,a contacter,,,,,,,,,,,,data_etudes,"Traitement de donnees, hebergement et activites connexes",LEVALLOIS-PERRET,,92,,,,,,,,,,,,,,,,,,,,,,,,,,,,,,,,,,,,,,,,,,,,,,,422315051,42231505100231,63.11Z,,,,,,,,,,,sirene,
MONTEL FRANCE,,,a contacter,,,,,,,,,,,,data_etudes,Etudes de marche et sondages,PARIS,,75,,,,,,,,,,,,,,,,,,,,,,,,,,,,,,,,,,,,,,,,,,,,,,,838237360,83823736000030,73.20Z,,,,,,,,,,,sirene,
MOSTLEDS,,,a contacter,,,,,,,,,,,,data_etudes,Recherche-developpement en autres sciences physiques et naturelles,SAINT-CLOUD,,92,,,,,,,,,,,,,,,,,,,,,,,,,,,,,,,,,,,,,,,,,,,,,,,518398722,51839872200034,72.19Z,,,,,,,,,,,sirene,
MOTOR DIGITAL SERVICES,,,a contacter,,,,,,,,,,,,data_etudes,"Traitement de donnees, hebergement et activites connexes",LE MANS,,72,,,,,,,,,,,,,,,,,,,,,,,,,,,,,,,,,,,,,,,,,,,,,,,908385826,90838582600015,63.11Z,,,,,,,,,,,sirene,
MP EDP,,,a contacter,,,,,,,,,,,,data_etudes,"Traitement de donnees, hebergement et activites connexes",NEUILLY-SUR-SEINE,,92,,,,,,,,,,,,,,,,,,,,,,,,,,,,,,,,,,,,,,,,,,,,,,,422896845,42289684500050,63.11Z,,,,,,,,,,,sirene,
MPI TECH,,,a contacter,,,,,,,,,,,,data_etudes,Recherche-developpement en autres sciences physiques et naturelles,VITRY-SUR-SEINE,,94,,,,,,,,,,,,,,,,,,,,,,,,,,,,,,,,,,,,,,,,,,,,,,,391243466,39124346600011,72.19Z,,,,,,,,,,,sirene,
MS-NUTRITION,,,a contacter,,,,,,,,,,,,data_etudes,Recherche-developpement en autres sciences physiques et naturelles,MARSEILLE,,13,,,,,,,,,,,,,,,,,,,,,,,,,,,,,,,,,,,,,,,,,,,,,,,800309171,80030917100026,72.19Z,,,,,,,,,,,sirene,
MSI REPORTS,,,a contacter,,,,,,,,,,,,data_etudes,Etudes de marche et sondages,LYON,,69,,,,,,,,,,,,,,,,,,,,,,,,,,,,,,,,,,,,,,,,,,,,,,,515098150,51509815000037,73.20Z,,,,,,,,,,,sirene,
MUMART,,,a contacter,,,,,,,,,,,,data_etudes,"Traitement de donnees, hebergement et activites connexes",PARIS,,75,,,,,,,,,,,,,,,,,,,,,,,,,,,,,,,,,,,,,,,,,,,,,,,752773630,75277363000013,63.11Z,,,,,,,,,,,sirene,
MUSIC STORY,,,a contacter,,,,,,,,,,,,data_etudes,"Traitement de donnees, hebergement et activites connexes",LILLE,,59,,,,,,,,,,,,,,,,,,,,,,,,,,,,,,,,,,,,,,,,,,,,,,,504765405,50476540500031,63.11Z,,,,,,,,,,,sirene,
MV2 CLIENT EXPERIENCE,,,a contacter,,,,,,,,,,,,data_etudes,Etudes de marche et sondages,BOULOGNE-BILLANCOURT,,92,,,,,,,,,,,,,,,,,,,,,,,,,,,,,,,,,,,,,,,,,,,,,,,819916396,81991639600016,73.20Z,,,,,,,,,,,sirene,
MV2 CLIENT STRATEGY,,,a contacter,,,,,,,,,,,,data_etudes,Etudes de marche et sondages,MONTROUGE,,92,,,,,,,,,,,,,,,,,,,,,,,,,,,,,,,,,,,,,,,,,,,,,,,819916776,81991677600027,73.20Z,,,,,,,,,,,sirene,
MY COMPUTE CENTER OPERATING,,,a contacter,,,,,,,,,,,,data_etudes,"Traitement de donnees, hebergement et activites connexes",NEUNG-SUR-BEUVRON,,41,,,,,,,,,,,,,,,,,,,,,,,,,,,,,,,,,,,,,,,,,,,,,,,877983924,87798392400045,63.11Z,,,,,,,,,,,sirene,
MYCEA,,,a contacter,,,,,,,,,,,,data_etudes,Recherche-developpement en autres sciences physiques et naturelles,MONTPELLIER,,34,,,,,,,,,,,,,,,,,,,,,,,,,,,,,,,,,,,,,,,,,,,,,,,838654788,83865478800036,72.19Z,,,,,,,,,,,sirene,
MYCELIUM TECHNOLOGIES,,,a contacter,,,,,,,,,,,,data_etudes,Recherche-developpement en autres sciences physiques et naturelles,ORSAY,,91,,,,,,,,,,,,,,,,,,,,,,,,,,,,,,,,,,,,,,,,,,,,,,,912768165,91276816500033,72.19Z,,,,,,,,,,,sirene,
MYCOW,,,a contacter,,,,,,,,,,,,data_etudes,"Traitement de donnees, hebergement et activites connexes",CHENNEVIERES-SUR-MARNE,,94,,,,,,,,,,,,,,,,,,,,,,,,,,,,,,,,,,,,,,,,,,,,,,,492056510,49205651000018,63.11Z,,,,,,,,,,,sirene,
MYELOMATOUL,,,a contacter,,,,,,,,,,,,data_etudes,Recherche-developpement en autres sciences physiques et naturelles,TOULOUSE,,31,,,,,,,,,,,,,,,,,,,,,,,,,,,,,,,,,,,,,,,,,,,,,,,790766463,79076646300026,72.19Z,,,,,,,,,,,sirene,
MYEZLAB,,,a contacter,,,,,,,,,,,,data_etudes,"Traitement de donnees, hebergement et activites connexes",LYON,,69,,,,,,,,,,,,,,,,,,,,,,,,,,,,,,,,,,,,,,,,,,,,,,,910099266,91009926600025,63.11Z,,,,,,,,,,,sirene,
MYOPOWERS MEDICAL TECHNOLOGIES FRANCE,,,a contacter,,,,,,,,,,,,data_etudes,Recherche-developpement en autres sciences physiques et naturelles,BESANCON,,25,,,,,,,,,,,,,,,,,,,,,,,,,,,,,,,,,,,,,,,,,,,,,,,799927355,79992735500039,72.19Z,,,,,,,,,,,sirene,
MYPE,,,a contacter,,,,,,,,,,,,data_etudes,"Traitement de donnees, hebergement et activites connexes",PARIS,,75,,,,,,,,,,,,,,,,,,,,,,,,,,,,,,,,,,,,,,,,,,,,,,,841625460,84162546000057,63.11Z,,,,,,,,,,,sirene,
N.O.U.S. OUVERT UTILE ET SIMPLE,,,a contacter,,,,,,,,,,,,data_etudes,"Traitement de donnees, hebergement et activites connexes",MONTESQUIEU-VOLVESTRE,,31,,,,,,,,,,,,,,,,,,,,,,,,,,,,,,,,,,,,,,,,,,,,,,,802195925,80219592500028,63.11Z,,,,,,,,,,,sirene,
NAGASE (EUROPA) GMBH,,,a contacter,,,,,,,,,,,,data_etudes,Recherche-developpement en autres sciences physiques et naturelles,,,,,,,,,,,,,,,,,,,,,,,,,,,,,,,,,,,,,,,,,,,,,,,,,,831354121,83135412100012,72.19Z,,,,,,,,,,,sirene,
NAITWAYS,,,a contacter,,,,,,,,,,,,data_etudes,"Traitement de donnees, hebergement et activites connexes",BOULOGNE-BILLANCOURT,,92,,,,,,,,,,,,,,,,,,,,,,,,,,,,,,,,,,,,,,,,,,,,,,,508823614,50882361400054,63.11Z,,,,,,,,,,,sirene,
NAN SARL,,,a contacter,,,,,,,,,,,,data_etudes,"Traitement de donnees, hebergement et activites connexes",SAINT-DENIS,,974,,,,,,,,,,,,,,,,,,,,,,,,,,,,,,,,,,,,,,,,,,,,,,,418753224,41875322400025,63.11Z,,,,,,,,,,,sirene,
NANO GUN TECHNOLOGY : NGT,,,a contacter,,,,,,,,,,,,data_etudes,Recherche-developpement en autres sciences physiques et naturelles,CHAMBLY,,60,,,,,,,,,,,,,,,,,,,,,,,,,,,,,,,,,,,,,,,,,,,,,,,832444764,83244476400019,72.19Z,,,,,,,,,,,sirene,
NANOBIOTIX,,,a contacter,,,,,,,,,,,,data_etudes,Recherche-developpement en autres sciences physiques et naturelles,PARIS,,75,,,,,,,,,,,,,,,,,,,,,,,,,,,,,,,,,,,,,,,,,,,,,,,447521600,44752160000034,72.19Z,,,,,,,,,,,sirene,
NANOGIS,,,a contacter,,,,,,,,,,,,data_etudes,"Traitement de donnees, hebergement et activites connexes",BANYULS-SUR-MER,,66,,,,,,,,,,,,,,,,,,,,,,,,,,,,,,,,,,,,,,,,,,,,,,,818254146,81825414600017,63.11Z,,,,,,,,,,,sirene,
NANOMAKERS,,,a contacter,,,,,,,,,,,,data_etudes,Recherche-developpement en autres sciences physiques et naturelles,RAMBOUILLET,,78,,,,,,,,,,,,,,,,,,,,,,,,,,,,,,,,,,,,,,,,,,,,,,,519397442,51939744200020,72.19Z,,,,,,,,,,,sirene,
NANOVARE,,,a contacter,,,,,,,,,,,,data_etudes,Recherche-developpement en autres sciences physiques et naturelles,LYON,,69,,,,,,,,,,,,,,,,,,,,,,,,,,,,,,,,,,,,,,,,,,,,,,,827964578,82796457800013,72.19Z,,,,,,,,,,,sirene,
NAOBIOS,,,a contacter,,,,,,,,,,,,data_etudes,Recherche-developpement en autres sciences physiques et naturelles,SAINT-HERBLAIN,,44,,,,,,,,,,,,,,,,,,,,,,,,,,,,,,,,,,,,,,,,,,,,,,,794515114,79451511400013,72.19Z,,,,,,,,,,,sirene,
NAOS,,,a contacter,,,,,,,,,,,,data_etudes,"Traitement de donnees, hebergement et activites connexes",PARIS,,75,,,,,,,,,,,,,,,,,,,,,,,,,,,,,,,,,,,,,,,,,,,,,,,808481501,80848150100027,63.11Z,,,,,,,,,,,sirene,
NAOS INSTITUTE OF LIFE SCIENCE,,,a contacter,,,,,,,,,,,,data_etudes,Recherche-developpement en autres sciences physiques et naturelles,AIX-EN-PROVENCE,,13,,,,,,,,,,,,,,,,,,,,,,,,,,,,,,,,,,,,,,,,,,,,,,,820613446,82061344600013,72.19Z,,,,,,,,,,,sirene,
NAOS LES LABORATOIRES,,,a contacter,,,,,,,,,,,,data_etudes,Recherche-developpement en autres sciences physiques et naturelles,AIX-EN-PROVENCE,,13,,,,,,,,,,,,,,,,,,,,,,,,,,,,,,,,,,,,,,,,,,,,,,,334304300,33430430000042,72.19Z,,,,,,,,,,,sirene,
NAOX TECHNOLOGIES,,,a contacter,,,,,,,,,,,,data_etudes,Recherche-developpement en autres sciences physiques et naturelles,PALAISEAU,,91,,,,,,,,,,,,,,,,,,,,,,,,,,,,,,,,,,,,,,,,,,,,,,,841307069,84130706900010,72.19Z,,,,,,,,,,,sirene,
NATION DATA CENTER,,,a contacter,,,,,,,,,,,,data_etudes,"Traitement de donnees, hebergement et activites connexes",PARIS,,75,,,,,,,,,,,,,,,,,,,,,,,,,,,,,,,,,,,,,,,,,,,,,,,891257701,89125770100021,63.11Z,,,,,,,,,,,sirene,
NATUP INNOVATION,,,a contacter,,,,,,,,,,,,data_etudes,Recherche-developpement en autres sciences physiques et naturelles,BOIS-GUILLAUME,,76,,,,,,,,,,,,,,,,,,,,,,,,,,,,,,,,,,,,,,,,,,,,,,,884956301,88495630100029,72.19Z,,,,,,,,,,,sirene,
NATURABUY,,,a contacter,,,,,,,,,,,,data_etudes,"Traitement de donnees, hebergement et activites connexes",PARIS,,75,,,,,,,,,,,,,,,,,,,,,,,,,,,,,,,,,,,,,,,,,,,,,,,498149657,49814965700039,63.11Z,,,,,,,,,,,sirene,
NATYS,,,a contacter,,,,,,,,,,,,data_etudes,"Traitement de donnees, hebergement et activites connexes",TOULOUSE,,31,,,,,,,,,,,,,,,,,,,,,,,,,,,,,,,,,,,,,,,,,,,,,,,345208896,34520889600117,63.11Z,,,,,,,,,,,sirene,
NAWAH,,,a contacter,,,,,,,,,,,,data_etudes,Recherche-developpement en autres sciences physiques et naturelles,ROUSSET,,13,,,,,,,,,,,,,,,,,,,,,,,,,,,,,,,,,,,,,,,,,,,,,,,977754092,97775409200038,72.19Z,,,,,,,,,,,sirene,
NAYT,,,a contacter,,,,,,,,,,,,data_etudes,"Traitement de donnees, hebergement et activites connexes",CHELLES,,77,,,,,,,,,,,,,,,,,,,,,,,,,,,,,,,,,,,,,,,,,,,,,,,829430396,82943039600020,63.11Z,,,,,,,,,,,sirene,
NBREAD-PROCESS,,,a contacter,,,,,,,,,,,,data_etudes,Recherche-developpement en autres sciences physiques et naturelles,LE CONTROIS-EN-SOLOGNE,,41,,,,,,,,,,,,,,,,,,,,,,,,,,,,,,,,,,,,,,,,,,,,,,,813318524,81331852400028,72.19Z,,,,,,,,,,,sirene,
NCI,,,a contacter,,,,,,,,,,,,data_etudes,"Traitement de donnees, hebergement et activites connexes",SAINT-ANDRE-SUR-ORNE,,14,,,,,,,,,,,,,,,,,,,,,,,,,,,,,,,,,,,,,,,,,,,,,,,327774295,32777429500072,63.11Z,,,,,,,,,,,sirene,
NEBRASKA,,,a contacter,,,,,,,,,,,,data_etudes,Recherche-developpement en autres sciences physiques et naturelles,SEYSSINS,,38,,,,,,,,,,,,,,,,,,,,,,,,,,,,,,,,,,,,,,,,,,,,,,,821522380,82152238000020,72.19Z,,,,,,,,,,,sirene,
NECTRA,,,a contacter,,,,,,,,,,,,data_etudes,Recherche-developpement en autres sciences physiques et naturelles,PLOUVORN,,29,,,,,,,,,,,,,,,,,,,,,,,,,,,,,,,,,,,,,,,,,,,,,,,814552667,81455266700028,72.19Z,,,,,,,,,,,sirene,
NEEXT,,,a contacter,,,,,,,,,,,,data_etudes,Recherche-developpement en autres sciences physiques et naturelles,BELFORT,,90,,,,,,,,,,,,,,,,,,,,,,,,,,,,,,,,,,,,,,,,,,,,,,,921640603,92164060300020,72.19Z,,,,,,,,,,,sirene,
NEGUIT,,,a contacter,,,,,,,,,,,,data_etudes,"Traitement de donnees, hebergement et activites connexes",PANTIN,,93,,,,,,,,,,,,,,,,,,,,,,,,,,,,,,,,,,,,,,,,,,,,,,,437690894,43769089400013,63.11Z,,,,,,,,,,,sirene,
NEOCITY,,,a contacter,,,,,,,,,,,,data_etudes,"Traitement de donnees, hebergement et activites connexes",PARIS,,75,,,,,,,,,,,,,,,,,,,,,,,,,,,,,,,,,,,,,,,,,,,,,,,802869263,80286926300029,63.11Z,,,,,,,,,,,sirene,
NEOGP,,,a contacter,,,,,,,,,,,,data_etudes,Etudes de marche et sondages,ANTIBES,,06,,,,,,,,,,,,,,,,,,,,,,,,,,,,,,,,,,,,,,,,,,,,,,,844754341,84475434100015,73.20Z,,,,,,,,,,,sirene,
NEOLITHE,,,a contacter,,,,,,,,,,,,data_etudes,Recherche-developpement en autres sciences physiques et naturelles,BEAULIEU-SUR-LAYON,,49,,,,,,,,,,,,,,,,,,,,,,,,,,,,,,,,,,,,,,,,,,,,,,,847631207,84763120700044,72.19Z,,,,,,,,,,,sirene,
NEOMI,,,a contacter,,,,,,,,,,,,data_etudes,"Traitement de donnees, hebergement et activites connexes",PARIS,,75,,,,,,,,,,,,,,,,,,,,,,,,,,,,,,,,,,,,,,,,,,,,,,,834268690,83426869000049,63.11Z,,,,,,,,,,,sirene,
NEOVACS,,,a contacter,,,,,,,,,,,,data_etudes,Recherche-developpement en autres sciences physiques et naturelles,SURESNES,,92,,,,,,,,,,,,,,,,,,,,,,,,,,,,,,,,,,,,,,,,,,,,,,,391014537,39101453700065,72.19Z,,,,,,,,,,,sirene,
NERVOSAVE THERAPEUTICS,,,a contacter,,,,,,,,,,,,data_etudes,Recherche-developpement en autres sciences physiques et naturelles,CLAPIERS,,34,,,,,,,,,,,,,,,,,,,,,,,,,,,,,,,,,,,,,,,,,,,,,,,904634342,90463434200037,72.19Z,,,,,,,,,,,sirene,
NET INTERACTIVE,,,a contacter,,,,,,,,,,,,data_etudes,"Traitement de donnees, hebergement et activites connexes",SAINT-CLOUD,,92,,,,,,,,,,,,,,,,,,,,,,,,,,,,,,,,,,,,,,,,,,,,,,,510663701,51066370100033,63.11Z,,,,,,,,,,,sirene,
NET4BUSINESS,,,a contacter,,,,,,,,,,,,data_etudes,"Traitement de donnees, hebergement et activites connexes",LA CHAPELLE-GLAIN,,44,,,,,,,,,,,,,,,,,,,,,,,,,,,,,,,,,,,,,,,,,,,,,,,822166484,82216648400011,63.11Z,,,,,,,,,,,sirene,
NETEXPLORER,,,a contacter,,,,,,,,,,,,data_etudes,"Traitement de donnees, hebergement et activites connexes",ISSY-LES-MOULINEAUX,,92,,,,,,,,,,,,,,,,,,,,,,,,,,,,,,,,,,,,,,,,,,,,,,,808809644,80880964400012,63.11Z,,,,,,,,,,,sirene,
NETINO,,,a contacter,,,,,,,,,,,,data_etudes,"Traitement de donnees, hebergement et activites connexes",PARIS 02,,75,,,,,,,,,,,,,,,,,,,,,,,,,,,,,,,,,,,,,,,,,,,,,,,441513801,44151380100072,63.11Z,,,,,,,,,,,sirene,
NETSKOPE FRANCE,,,a contacter,,,,,,,,,,,,data_etudes,"Traitement de donnees, hebergement et activites connexes",PARIS,,75,,,,,,,,,,,,,,,,,,,,,,,,,,,,,,,,,,,,,,,,,,,,,,,878217678,87821767800019,63.11Z,,,,,,,,,,,sirene,
NEUROFIT SAS,,,a contacter,,,,,,,,,,,,data_etudes,Recherche-developpement en autres sciences physiques et naturelles,ILLKIRCH-GRAFFENSTADEN,,67,,,,,,,,,,,,,,,,,,,,,,,,,,,,,,,,,,,,,,,,,,,,,,,480329200,48032920000038,72.19Z,,,,,,,,,,,sirene,
NEW GENERAL COMPANY,,,a contacter,,,,,,,,,,,,data_etudes,"Traitement de donnees, hebergement et activites connexes",PARIS,,75,,,,,,,,,,,,,,,,,,,,,,,,,,,,,,,,,,,,,,,,,,,,,,,522869890,52286989000015,63.11Z,,,,,,,,,,,sirene,
NEW MEDRIA,,,a contacter,,,,,,,,,,,,data_etudes,Recherche-developpement en autres sciences physiques et naturelles,CHATEAUBOURG,,35,,,,,,,,,,,,,,,,,,,,,,,,,,,,,,,,,,,,,,,,,,,,,,,823430418,82343041800025,72.19Z,,,,,,,,,,,sirene,
NEWS INVEST,,,a contacter,,,,,,,,,,,,data_etudes,"Traitement de donnees, hebergement et activites connexes",PARIS,,75,,,,,,,,,,,,,,,,,,,,,,,,,,,,,,,,,,,,,,,,,,,,,,,422296038,42229603800066,63.11Z,,,,,,,,,,,sirene,
NEXDOT,,,a contacter,,,,,,,,,,,,data_etudes,Recherche-developpement en autres sciences physiques et naturelles,ROMAINVILLE,,93,,,,,,,,,,,,,,,,,,,,,,,,,,,,,,,,,,,,,,,,,,,,,,,520733106,52073310600022,72.19Z,,,,,,,,,,,sirene,
NEXIDIA,,,a contacter,,,,,,,,,,,,data_etudes,Recherche-developpement en autres sciences physiques et naturelles,DIJON,,21,,,,,,,,,,,,,,,,,,,,,,,,,,,,,,,,,,,,,,,,,,,,,,,494362742,49436274200020,72.19Z,,,,,,,,,,,sirene,
NEXT GEN COMPUTER LTD,,,a contacter,,,,,,,,,,,,data_etudes,"Traitement de donnees, hebergement et activites connexes",,,,,,,,,,,,,,,,,,,,,,,,,,,,,,,,,,,,,,,,,,,,,,,,,,892812892,89281289200016,63.11Z,,,,,,,,,,,sirene,
NFL BIOSCIENCES,,,a contacter,,,,,,,,,,,,data_etudes,Recherche-developpement en autres sciences physiques et naturelles,CASTELNAU-LE-LEZ,,34,,,,,,,,,,,,,,,,,,,,,,,,,,,,,,,,,,,,,,,,,,,,,,,494700321,49470032100024,72.19Z,,,,,,,,,,,sirene,
NFRANCE CONSEIL,,,a contacter,,,,,,,,,,,,data_etudes,"Traitement de donnees, hebergement et activites connexes",TOULOUSE,,31,,,,,,,,,,,,,,,,,,,,,,,,,,,,,,,,,,,,,,,,,,,,,,,425052941,42505294100035,63.11Z,,,,,,,,,,,sirene,
NH THERAGUIX,,,a contacter,,,,,,,,,,,,data_etudes,Recherche-developpement en autres sciences physiques et naturelles,MEYLAN,,38,,,,,,,,,,,,,,,,,,,,,,,,,,,,,,,,,,,,,,,,,,,,,,,815260278,81526027800032,72.19Z,,,,,,,,,,,sirene,
NI LILLE,,,a contacter,,,,,,,,,,,,data_etudes,Recherche-developpement en autres sciences physiques et naturelles,VILLENEUVE D ASCQ,,59,,,,,,,,,,,,,,,,,,,,,,,,,,,,,,,,,,,,,,,,,,,,,,,316432715,31643271500050,72.19Z,,,,,,,,,,,sirene,
NIELSEN MEDIA FRANCE S.A.S.,,,a contacter,,,,,,,,,,,,data_etudes,Etudes de marche et sondages,BEZONS,,95,,,,,,,,,,,,,,,,,,,,,,,,,,,,,,,,,,,,,,,,,,,,,,,883228264,88322826400015,73.20Z,,,,,,,,,,,sirene,
NIELSEN MEDIA SERVICES FRANCE S.A.S.,,,a contacter,,,,,,,,,,,,data_etudes,Etudes de marche et sondages,BEZONS,,95,,,,,,,,,,,,,,,,,,,,,,,,,,,,,,,,,,,,,,,,,,,,,,,883252207,88325220700013,73.20Z,,,,,,,,,,,sirene,
NIELSEN SPORTS FRANCE,,,a contacter,,,,,,,,,,,,data_etudes,Etudes de marche et sondages,BEZONS,,95,,,,,,,,,,,,,,,,,,,,,,,,,,,,,,,,,,,,,,,,,,,,,,,532980554,53298055400036,73.20Z,,,,,,,,,,,sirene,
NIELSENIQ SERVICES FRANCE SAS,,,a contacter,,,,,,,,,,,,data_etudes,Etudes de marche et sondages,BEZONS,,95,,,,,,,,,,,,,,,,,,,,,,,,,,,,,,,,,,,,,,,,,,,,,,,798360962,79836096200020,73.20Z,,,,,,,,,,,sirene,
NLFL,,,a contacter,,,,,,,,,,,,data_etudes,"Traitement de donnees, hebergement et activites connexes",BORDEAUX,,33,,,,,,,,,,,,,,,,,,,,,,,,,,,,,,,,,,,,,,,,,,,,,,,829914001,82991400100013,63.11Z,,,,,,,,,,,sirene,
NLIGHTEN FRANCE RE,,,a contacter,,,,,,,,,,,,data_etudes,"Traitement de donnees, hebergement et activites connexes",ANTIBES,,06,,,,,,,,,,,,,,,,,,,,,,,,,,,,,,,,,,,,,,,,,,,,,,,449012913,44901291300025,63.11Z,,,,,,,,,,,sirene,
NO BLUE SCREEN SYSTEM,,,a contacter,,,,,,,,,,,,data_etudes,"Traitement de donnees, hebergement et activites connexes",CHAMPS-SUR-MARNE,,77,,,,,,,,,,,,,,,,,,,,,,,,,,,,,,,,,,,,,,,,,,,,,,,423410901,42341090100056,63.11Z,,,,,,,,,,,sirene,
NODAL,,,a contacter,,,,,,,,,,,,data_etudes,"Traitement de donnees, hebergement et activites connexes",AUBIERE,,63,,,,,,,,,,,,,,,,,,,,,,,,,,,,,,,,,,,,,,,,,,,,,,,382093110,38209311000049,63.11Z,,,,,,,,,,,sirene,
NOMADIC LABS,,,a contacter,,,,,,,,,,,,data_etudes,Recherche-developpement en autres sciences physiques et naturelles,PARIS,,75,,,,,,,,,,,,,,,,,,,,,,,,,,,,,,,,,,,,,,,,,,,,,,,813239118,81323911800058,72.19Z,,,,,,,,,,,sirene,
NOOWU,,,a contacter,,,,,,,,,,,,data_etudes,"Traitement de donnees, hebergement et activites connexes",REIMS,,51,,,,,,,,,,,,,,,,,,,,,,,,,,,,,,,,,,,,,,,,,,,,,,,848377776,84837777600010,63.11Z,,,,,,,,,,,sirene,
NORAKER,,,a contacter,,,,,,,,,,,,data_etudes,Recherche-developpement en autres sciences physiques et naturelles,LYON,,69,,,,,,,,,,,,,,,,,,,,,,,,,,,,,,,,,,,,,,,,,,,,,,,483190518,48319051800041,72.19Z,,,,,,,,,,,sirene,
NORD ESTER,,,a contacter,,,,,,,,,,,,data_etudes,Recherche-developpement en autres sciences physiques et naturelles,DUNKERQUE,,59,,,,,,,,,,,,,,,,,,,,,,,,,,,,,,,,,,,,,,,,,,,,,,,490348141,49034814100014,72.19Z,,,,,,,,,,,sirene,
NORSTAT FRANCE,,,a contacter,,,,,,,,,,,,data_etudes,Etudes de marche et sondages,PARIS,,75,,,,,,,,,,,,,,,,,,,,,,,,,,,,,,,,,,,,,,,,,,,,,,,822867354,82286735400059,73.20Z,,,,,,,,,,,sirene,
NORTEK MEDITERRANEE,,,a contacter,,,,,,,,,,,,data_etudes,Recherche-developpement en autres sciences physiques et naturelles,LA GARDE,,83,,,,,,,,,,,,,,,,,,,,,,,,,,,,,,,,,,,,,,,,,,,,,,,504466145,50446614500027,72.19Z,,,,,,,,,,,sirene,
NOUVEAU MONDE EDITIONS,,,a contacter,,,,,,,,,,,,data_etudes,"Traitement de donnees, hebergement et activites connexes",PARIS,,75,,,,,,,,,,,,,,,,,,,,,,,,,,,,,,,,,,,,,,,,,,,,,,,433048816,43304881600055,63.11Z,,,,,,,,,,,sirene,
NOUVELLE SOC FRANCAISE ATHEROSCLEROS,,,a contacter,,,,,,,,,,,,data_etudes,Recherche-developpement en autres sciences physiques et naturelles,SAINT-MAUR-DES-FOSSES,,94,,,,,,,,,,,,,,,,,,,,,,,,,,,,,,,,,,,,,,,,,,,,,,,450654017,45065401700018,72.19Z,,,,,,,,,,,sirene,
NOVACTORY,,,a contacter,,,,,,,,,,,,data_etudes,Recherche-developpement en autres sciences physiques et naturelles,LUC-SUR-AUDE,,11,,,,,,,,,,,,,,,,,,,,,,,,,,,,,,,,,,,,,,,,,,,,,,,883866956,88386695600047,72.19Z,,,,,,,,,,,sirene,
NOVAGRAY,,,a contacter,,,,,,,,,,,,data_etudes,Recherche-developpement en autres sciences physiques et naturelles,CASTELNAU-LE-LEZ,,34,,,,,,,,,,,,,,,,,,,,,,,,,,,,,,,,,,,,,,,,,,,,,,,814412672,81441267200036,72.19Z,,,,,,,,,,,sirene,
NOVALIX,,,a contacter,,,,,,,,,,,,data_etudes,Recherche-developpement en autres sciences physiques et naturelles,STRASBOURG,,67,,,,,,,,,,,,,,,,,,,,,,,,,,,,,,,,,,,,,,,,,,,,,,,444361851,44436185100033,72.19Z,,,,,,,,,,,sirene,
NOVALIX ROMAINVILLE,,,a contacter,,,,,,,,,,,,data_etudes,Recherche-developpement en autres sciences physiques et naturelles,STRASBOURG,,67,,,,,,,,,,,,,,,,,,,,,,,,,,,,,,,,,,,,,,,,,,,,,,,951039247,95103924700014,72.19Z,,,,,,,,,,,sirene,
NOVALIX SACLAY,,,a contacter,,,,,,,,,,,,data_etudes,Recherche-developpement en autres sciences physiques et naturelles,STRASBOURG,,67,,,,,,,,,,,,,,,,,,,,,,,,,,,,,,,,,,,,,,,,,,,,,,,893619064,89361906400031,72.19Z,,,,,,,,,,,sirene,
NOVALIX VAL DE REUIL,,,a contacter,,,,,,,,,,,,data_etudes,Recherche-developpement en autres sciences physiques et naturelles,STRASBOURG,,67,,,,,,,,,,,,,,,,,,,,,,,,,,,,,,,,,,,,,,,,,,,,,,,889706305,88970630500030,72.19Z,,,,,,,,,,,sirene,
NOVECAL,,,a contacter,,,,,,,,,,,,data_etudes,Recherche-developpement en autres sciences physiques et naturelles,VILLEJUST,,91,,,,,,,,,,,,,,,,,,,,,,,,,,,,,,,,,,,,,,,,,,,,,,,838085207,83808520700028,72.19Z,,,,,,,,,,,sirene,
NOVELTIS,,,a contacter,,,,,,,,,,,,data_etudes,Recherche-developpement en autres sciences physiques et naturelles,LABEGE,,31,,,,,,,,,,,,,,,,,,,,,,,,,,,,,,,,,,,,,,,,,,,,,,,420805152,42080515200048,72.19Z,,,,,,,,,,,sirene,
NOVESPACE,,,a contacter,,,,,,,,,,,,data_etudes,Recherche-developpement en autres sciences physiques et naturelles,MERIGNAC,,33,,,,,,,,,,,,,,,,,,,,,,,,,,,,,,,,,,,,,,,,,,,,,,,338312515,33831251500020,72.19Z,,,,,,,,,,,sirene,
NOVETECH SURGERY,,,a contacter,,,,,,,,,,,,data_etudes,Recherche-developpement en autres sciences physiques et naturelles,NICE,,06,,,,,,,,,,,,,,,,,,,,,,,,,,,,,,,,,,,,,,,,,,,,,,,951273101,95127310100026,72.19Z,,,,,,,,,,,sirene,
NOVIGA,,,a contacter,,,,,,,,,,,,data_etudes,Recherche-developpement en autres sciences physiques et naturelles,BOUXIERES-AUX-DAMES,,54,,,,,,,,,,,,,,,,,,,,,,,,,,,,,,,,,,,,,,,,,,,,,,,844573758,84457375800027,72.19Z,,,,,,,,,,,sirene,
NOWWWEB COM,,,a contacter,,,,,,,,,,,,data_etudes,"Traitement de donnees, hebergement et activites connexes",MANTES-LA-JOLIE,,78,,,,,,,,,,,,,,,,,,,,,,,,,,,,,,,,,,,,,,,,,,,,,,,751931700,75193170000031,63.11Z,,,,,,,,,,,sirene,
NOXIRIS,,,a contacter,,,,,,,,,,,,data_etudes,"Traitement de donnees, hebergement et activites connexes",TOULOUSE,,31,,,,,,,,,,,,,,,,,,,,,,,,,,,,,,,,,,,,,,,,,,,,,,,820926749,82092674900020,63.11Z,,,,,,,,,,,sirene,
NUAGE3D,,,a contacter,,,,,,,,,,,,data_etudes,"Traitement de donnees, hebergement et activites connexes",LA COLLE-SUR-LOUP,,06,,,,,,,,,,,,,,,,,,,,,,,,,,,,,,,,,,,,,,,,,,,,,,,809919194,80991919400021,63.11Z,,,,,,,,,,,sirene,
NUBEVIA SOPHIA,,,a contacter,,,,,,,,,,,,data_etudes,"Traitement de donnees, hebergement et activites connexes",VALBONNE,,06,,,,,,,,,,,,,,,,,,,,,,,,,,,,,,,,,,,,,,,,,,,,,,,382525541,38252554100076,63.11Z,,,,,,,,,,,sirene,
NUMAHEALTH INTERNATIONAL,,,a contacter,,,,,,,,,,,,data_etudes,Recherche-developpement en autres sciences physiques et naturelles,LA ROCHELLE,,17,,,,,,,,,,,,,,,,,,,,,,,,,,,,,,,,,,,,,,,,,,,,,,,851781963,85178196300042,72.19Z,,,,,,,,,,,sirene,
NUMEN SERVICES,,,a contacter,,,,,,,,,,,,data_etudes,"Traitement de donnees, hebergement et activites connexes",CHAMBRAY-LES-TOURS,,37,,,,,,,,,,,,,,,,,,,,,,,,,,,,,,,,,,,,,,,,,,,,,,,781621644,78162164400017,63.11Z,,,,,,,,,,,sirene,
NUMERI PLAN,,,a contacter,,,,,,,,,,,,data_etudes,"Traitement de donnees, hebergement et activites connexes",MAMERS,,72,,,,,,,,,,,,,,,,,,,,,,,,,,,,,,,,,,,,,,,,,,,,,,,490626298,49062629800023,63.11Z,,,,,,,,,,,sirene,
NUMERIZE,,,a contacter,,,,,,,,,,,,data_etudes,"Traitement de donnees, hebergement et activites connexes",HŒRDT,,67,,,,,,,,,,,,,,,,,,,,,,,,,,,,,,,,,,,,,,,,,,,,,,,501612105,50161210500020,63.11Z,,,,,,,,,,,sirene,
NUMEXO,,,a contacter,,,,,,,,,,,,data_etudes,"Traitement de donnees, hebergement et activites connexes",LORGUES,,83,,,,,,,,,,,,,,,,,,,,,,,,,,,,,,,,,,,,,,,,,,,,,,,797428992,79742899200045,63.11Z,,,,,,,,,,,sirene,
NUMSPOT,,,a contacter,,,,,,,,,,,,data_etudes,"Traitement de donnees, hebergement et activites connexes",COURBEVOIE,,92,,,,,,,,,,,,,,,,,,,,,,,,,,,,,,,,,,,,,,,,,,,,,,,948608948,94860894800022,63.11Z,,,,,,,,,,,sirene,
NUMY,,,a contacter,,,,,,,,,,,,data_etudes,"Traitement de donnees, hebergement et activites connexes",L'ISLE-D'ESPAGNAC,,16,,,,,,,,,,,,,,,,,,,,,,,,,,,,,,,,,,,,,,,,,,,,,,,951087139,95108713900014,63.11Z,,,,,,,,,,,sirene,
NUTRAVERIS,,,a contacter,,,,,,,,,,,,data_etudes,Recherche-developpement en autres sciences physiques et naturelles,SAINT-BRIEUC,,22,,,,,,,,,,,,,,,,,,,,,,,,,,,,,,,,,,,,,,,,,,,,,,,487964884,48796488400034,72.19Z,,,,,,,,,,,sirene,
NUVISAN FRANCE SARL,,,a contacter,,,,,,,,,,,,data_etudes,Recherche-developpement en autres sciences physiques et naturelles,BIOT,,06,,,,,,,,,,,,,,,,,,,,,,,,,,,,,,,,,,,,,,,,,,,,,,,840927776,84092777600012,72.19Z,,,,,,,,,,,sirene,
NUXIT,,,a contacter,,,,,,,,,,,,data_etudes,"Traitement de donnees, hebergement et activites connexes",CHAMPS-SUR-MARNE,,77,,,,,,,,,,,,,,,,,,,,,,,,,,,,,,,,,,,,,,,,,,,,,,,451878128,45187812800045,63.11Z,,,,,,,,,,,sirene,
NVIDIA DEVELOPPEMENT FRANCE SAS,,,a contacter,,,,,,,,,,,,data_etudes,Recherche-developpement en autres sciences physiques et naturelles,BIOT,,06,,,,,,,,,,,,,,,,,,,,,,,,,,,,,,,,,,,,,,,,,,,,,,,479973455,47997345500047,72.19Z,,,,,,,,,,,sirene,
NXO OCEAN INDIEN,,,a contacter,,,,,,,,,,,,data_etudes,"Traitement de donnees, hebergement et activites connexes",SAINT-DENIS,,974,,,,,,,,,,,,,,,,,,,,,,,,,,,,,,,,,,,,,,,,,,,,,,,385169719,38516971900114,63.11Z,,,,,,,,,,,sirene,
NYSL,,,a contacter,,,,,,,,,,,,data_etudes,Recherche-developpement en autres sciences physiques et naturelles,PRADES-LE-LEZ,,34,,,,,,,,,,,,,,,,,,,,,,,,,,,,,,,,,,,,,,,,,,,,,,,852834019,85283401900022,72.19Z,,,,,,,,,,,sirene,
O2M LAB,,,a contacter,,,,,,,,,,,,data_etudes,Recherche-developpement en autres sciences physiques et naturelles,RENNES,,35,,,,,,,,,,,,,,,,,,,,,,,,,,,,,,,,,,,,,,,,,,,,,,,893173831,89317383100031,72.19Z,,,,,,,,,,,sirene,
O2SWITCH,,,a contacter,,,,,,,,,,,,data_etudes,"Traitement de donnees, hebergement et activites connexes",CLERMONT FERRAND,,63,,,,,,,,,,,,,,,,,,,,,,,,,,,,,,,,,,,,,,,,,,,,,,,510909807,51090980700032,63.11Z,,,,,,,,,,,sirene,
O3 NOUVELLE AQUITAINE,,,a contacter,,,,,,,,,,,,data_etudes,"Traitement de donnees, hebergement et activites connexes",LE BARP,,33,,,,,,,,,,,,,,,,,,,,,,,,,,,,,,,,,,,,,,,,,,,,,,,902846526,90284652600017,63.11Z,,,,,,,,,,,sirene,
OBJECTIF TERRAIN,,,a contacter,,,,,,,,,,,,data_etudes,Etudes de marche et sondages,ERMONT,,95,,,,,,,,,,,,,,,,,,,,,,,,,,,,,,,,,,,,,,,,,,,,,,,413352378,41335237800041,73.20Z,,,,,,,,,,,sirene,
OBS INNOVATION,,,a contacter,,,,,,,,,,,,data_etudes,Recherche-developpement en autres sciences physiques et naturelles,PLOUGOULM,,29,,,,,,,,,,,,,,,,,,,,,,,,,,,,,,,,,,,,,,,,,,,,,,,814285557,81428555700017,72.19Z,,,,,,,,,,,sirene,
OBSERVATOIRE DE LA COTE D'AZUR,,,a contacter,,,,,,,,,,,,data_etudes,Recherche-developpement en autres sciences physiques et naturelles,NICE,,06,,,,,,,,,,,,,,,,,,,,,,,,,,,,,,,,,,,,,,,,,,,,,,,190615633,19061563300012,72.19Z,,,,,,,,,,,sirene,
OBSERVATOIRE DES GALLIFORMES DE MONTAGNE,,,a contacter,,,,,,,,,,,,data_etudes,Recherche-developpement en autres sciences physiques et naturelles,SEVRIER,,74,,,,,,,,,,,,,,,,,,,,,,,,,,,,,,,,,,,,,,,,,,,,,,,419460944,41946094400012,72.19Z,,,,,,,,,,,sirene,
OBSERVATOIRE ECONOMIE ET TERRITOIRES,,,a contacter,,,,,,,,,,,,data_etudes,Etudes de marche et sondages,BLOIS,,41,,,,,,,,,,,,,,,,,,,,,,,,,,,,,,,,,,,,,,,,,,,,,,,403892094,40389209400034,73.20Z,,,,,,,,,,,sirene,
OBSERVATOIRE ENERGIE RENOUVELABLES,,,a contacter,,,,,,,,,,,,data_etudes,Etudes de marche et sondages,VINCENNES,,94,,,,,,,,,,,,,,,,,,,,,,,,,,,,,,,,,,,,,,,,,,,,,,,318893963,31889396300054,73.20Z,,,,,,,,,,,sirene,
OC3 NETWORK,,,a contacter,,,,,,,,,,,,data_etudes,"Traitement de donnees, hebergement et activites connexes",PEROLS,,34,,,,,,,,,,,,,,,,,,,,,,,,,,,,,,,,,,,,,,,,,,,,,,,493021885,49302188500071,63.11Z,,,,,,,,,,,sirene,
OCEALYS,,,a contacter,,,,,,,,,,,,data_etudes,Recherche-developpement en autres sciences physiques et naturelles,PLOUZANE,,29,,,,,,,,,,,,,,,,,,,,,,,,,,,,,,,,,,,,,,,,,,,,,,,391384559,39138455900020,72.19Z,,,,,,,,,,,sirene,
OCEAN DATA LAB,,,a contacter,,,,,,,,,,,,data_etudes,Recherche-developpement en autres sciences physiques et naturelles,LOCMARIA-PLOUZANE,,29,,,,,,,,,,,,,,,,,,,,,,,,,,,,,,,,,,,,,,,,,,,,,,,792395923,79239592300024,72.19Z,,,,,,,,,,,sirene,
OCEAN DX,,,a contacter,,,,,,,,,,,,data_etudes,Recherche-developpement en autres sciences physiques et naturelles,PESSAC,,33,,,,,,,,,,,,,,,,,,,,,,,,,,,,,,,,,,,,,,,,,,,,,,,849349642,84934964200033,72.19Z,,,,,,,,,,,sirene,
OCEANEERING INTERNATIONAL SERVICES LIMITED,,,a contacter,,,,,,,,,,,,data_etudes,Recherche-developpement en autres sciences physiques et naturelles,,,,,,,,,,,,,,,,,,,,,,,,,,,,,,,,,,,,,,,,,,,,,,,,,,897803854,89780385400016,72.19Z,,,,,,,,,,,sirene,
OCEANET TECHNOLOGY,,,a contacter,,,,,,,,,,,,data_etudes,"Traitement de donnees, hebergement et activites connexes",SAINT-HERBLAIN,,44,,,,,,,,,,,,,,,,,,,,,,,,,,,,,,,,,,,,,,,,,,,,,,,408893063,40889306300045,63.11Z,,,,,,,,,,,sirene,
OCRES 4,,,a contacter,,,,,,,,,,,,data_etudes,Etudes de marche et sondages,NEUILLY-SUR-SEINE,,92,,,,,,,,,,,,,,,,,,,,,,,,,,,,,,,,,,,,,,,,,,,,,,,521477497,52147749700015,73.20Z,,,,,,,,,,,sirene,
OCTOGENCY,,,a contacter,,,,,,,,,,,,data_etudes,"Traitement de donnees, hebergement et activites connexes",CASTRES,,81,,,,,,,,,,,,,,,,,,,,,,,,,,,,,,,,,,,,,,,,,,,,,,,844727594,84472759400047,63.11Z,,,,,,,,,,,sirene,
OCV CHAMBERY INTERNATIONAL,,,a contacter,,,,,,,,,,,,data_etudes,Recherche-developpement en autres sciences physiques et naturelles,CHAMBERY,,73,,,,,,,,,,,,,,,,,,,,,,,,,,,,,,,,,,,,,,,,,,,,,,,324420785,32442078500036,72.19Z,,,,,,,,,,,sirene,
ODIGO,,,a contacter,,,,,,,,,,,,data_etudes,"Traitement de donnees, hebergement et activites connexes",BOULOGNE-BILLANCOURT,,92,,,,,,,,,,,,,,,,,,,,,,,,,,,,,,,,,,,,,,,,,,,,,,,529038978,52903897800118,63.11Z,,,,,,,,,,,sirene,
ODOXA,,,a contacter,,,,,,,,,,,,data_etudes,Etudes de marche et sondages,PARIS,,75,,,,,,,,,,,,,,,,,,,,,,,,,,,,,,,,,,,,,,,,,,,,,,,804206332,80420633200020,73.20Z,,,,,,,,,,,sirene,
OENO BERGERAC,,,a contacter,,,,,,,,,,,,data_etudes,Recherche-developpement en autres sciences physiques et naturelles,BOULAZAC ISLE MANOIRE,,24,,,,,,,,,,,,,,,,,,,,,,,,,,,,,,,,,,,,,,,,,,,,,,,389615493,38961549300035,72.19Z,,,,,,,,,,,sirene,
OFFICE DU PATRIMOINE CULTUREL IMMATERIEL  ETHNODOC,,,a contacter,,,,,,,,,,,,data_etudes,"Traitement de donnees, hebergement et activites connexes",LE PERRIER,,85,,,,,,,,,,,,,,,,,,,,,,,,,,,,,,,,,,,,,,,,,,,,,,,488794868,48879486800015,63.11Z,,,,,,,,,,,sirene,
OFFICE NATIONAL D'INFORMATION SUR LES ENSEIGNEMENTS ET LES PROFESSIONS,C,0,a contacter,,,,,,,,,,,,data_etudes,"Traitement de donnees, hebergement et activites connexes",LOGNES,,77,,,,,,,,,https://www.pappers.fr/entreprise/180043028,https://annuaire-entreprises.data.gouv.fr/entreprise/180043028,https://annuaire-entreprises.data.gouv.fr/annonces/180043028,https://annuaire-entreprises.data.gouv.fr/donnees-financieres/180043028,https://annuaire-entreprises.data.gouv.fr/dirigeants/180043028,https://www.google.com/maps/search/?api=1&query=OFFICE+NATIONAL+D%27INFORMATION+SUR+LES+ENSEIGNEMENTS+ET+LES+PROFESSIONS+LOGNES,https://www.google.com/search?q=OFFICE+NATIONAL+D%27INFORMATION+SUR+LES+ENSEIGNEMENTS+ET+LES+PROFESSIONS+LOGNES,https://news.google.com/search?hl=fr&q=%22OFFICE+NATIONAL+D%27INFORMATION+SUR+LES+ENSEIGNEMENTS+ET+LES+PROFESSIONS%22,https://www.linkedin.com/search/results/companies/?keywords=OFFICE+NATIONAL+D%27INFORMATION+SUR+LES+ENSEIGNEMENTS+ET+LES+PROFESSIONS,,https://www.pagesjaunes.fr/annuaire/chercherlespros?quoiqui=OFFICE+NATIONAL+D%27INFORMATION+SUR+LES+ENSEIGNEMENTS+ET+LES+PROFESSIONS&ou=LOGNES,https://www.societe.com/cgi-bin/search?champs=180043028,,,,,,,,,,,,,,,,,,,,,,,,FR19180043028,,,180043028,18004302800653,63.11Z,,,,,,,,non,oui,2026-08-03,sirene,
OLEA TECHNOLOGY,,,a contacter,,,,,,,,,,,,data_etudes,Recherche-developpement en autres sciences physiques et naturelles,LE CHESNAY-ROCQUENCOURT,,78,,,,,,,,,,,,,,,,,,,,,,,,,,,,,,,,,,,,,,,,,,,,,,,889018230,88901823000017,72.19Z,,,,,,,,,,,sirene,
OLGRAM,,,a contacter,,,,,,,,,,,,data_etudes,Recherche-developpement en autres sciences physiques et naturelles,ARCHAMPS,,74,,,,,,,,,,,,,,,,,,,,,,,,,,,,,,,,,,,,,,,,,,,,,,,879302552,87930255200028,72.19Z,,,,,,,,,,,sirene,
OLIKROM,,,a contacter,,,,,,,,,,,,data_etudes,Recherche-developpement en autres sciences physiques et naturelles,PESSAC,,33,,,,,,,,,,,,,,,,,,,,,,,,,,,,,,,,,,,,,,,,,,,,,,,804878759,80487875900021,72.19Z,,,,,,,,,,,sirene,
OLIVIER FOUQUERE CONSULTING,,,a contacter,,,,,,,,,,,,data_etudes,Etudes de marche et sondages,LE MANS,,72,,,,,,,,,,,,,,,,,,,,,,,,,,,,,,,,,,,,,,,,,,,,,,,498455112,49845511200033,73.20Z,,,,,,,,,,,sirene,
OLYTHE,,,a contacter,,,,,,,,,,,,data_etudes,Recherche-developpement en autres sciences physiques et naturelles,TOURS,,37,,,,,,,,,,,,,,,,,,,,,,,,,,,,,,,,,,,,,,,,,,,,,,,791392236,79139223600034,72.19Z,,,,,,,,,,,sirene,
ONCOFACTORY,,,a contacter,,,,,,,,,,,,data_etudes,Recherche-developpement en autres sciences physiques et naturelles,LYON,,69,,,,,,,,,,,,,,,,,,,,,,,,,,,,,,,,,,,,,,,,,,,,,,,819355538,81935553800037,72.19Z,,,,,,,,,,,sirene,
ONCOMEDICS,,,a contacter,,,,,,,,,,,,data_etudes,Recherche-developpement en autres sciences physiques et naturelles,LIMOGES,,87,,,,,,,,,,,,,,,,,,,,,,,,,,,,,,,,,,,,,,,,,,,,,,,491352779,49135277900046,72.19Z,,,,,,,,,,,sirene,
ONDALYS,,,a contacter,,,,,,,,,,,,data_etudes,"Traitement de donnees, hebergement et activites connexes",CLAPIERS,,34,,,,,,,,,,,,,,,,,,,,,,,,,,,,,,,,,,,,,,,,,,,,,,,447624024,44762402400058,63.11Z,,,,,,,,,,,sirene,
ONE BIOSCIENCES,,,a contacter,,,,,,,,,,,,data_etudes,Recherche-developpement en autres sciences physiques et naturelles,PARIS,,75,,,,,,,,,,,,,,,,,,,,,,,,,,,,,,,,,,,,,,,,,,,,,,,884033531,88403353100051,72.19Z,,,,,,,,,,,sirene,
ONE PREPAID,,,a contacter,,,,,,,,,,,,data_etudes,"Traitement de donnees, hebergement et activites connexes",CRETEIL,,94,,,,,,,,,,,,,,,,,,,,,,,,,,,,,,,,,,,,,,,,,,,,,,,880004874,88000487400025,63.11Z,,,,,,,,,,,sirene,
ONEIDA RECHERCHE SERVICES,,,a contacter,,,,,,,,,,,,data_etudes,Recherche-developpement en autres sciences physiques et naturelles,VALBONNE,,06,,,,,,,,,,,,,,,,,,,,,,,,,,,,,,,,,,,,,,,,,,,,,,,397487778,39748777800037,72.19Z,,,,,,,,,,,sirene,
ONLIZ,,,a contacter,,,,,,,,,,,,data_etudes,"Traitement de donnees, hebergement et activites connexes",SAINT-ETIENNE,,42,,,,,,,,,,,,,,,,,,,,,,,,,,,,,,,,,,,,,,,,,,,,,,,918998543,91899854300014,63.11Z,,,,,,,,,,,sirene,
ONO,,,a contacter,,,,,,,,,,,,data_etudes,"Traitement de donnees, hebergement et activites connexes",PARIS,,75,,,,,,,,,,,,,,,,,,,,,,,,,,,,,,,,,,,,,,,,,,,,,,,522564392,52256439200051,63.11Z,,,,,,,,,,,sirene,
ONWARD THERAPEUTICS FRANCE,,,a contacter,,,,,,,,,,,,data_etudes,Recherche-developpement en autres sciences physiques et naturelles,PARIS,,75,,,,,,,,,,,,,,,,,,,,,,,,,,,,,,,,,,,,,,,,,,,,,,,898366554,89836655400019,72.19Z,,,,,,,,,,,sirene,
OP CORE,,,a contacter,,,,,,,,,,,,data_etudes,"Traitement de donnees, hebergement et activites connexes",PARIS,,75,,,,,,,,,,,,,,,,,,,,,,,,,,,,,,,,,,,,,,,,,,,,,,,891405227,89140522700085,63.11Z,,,,,,,,,,,sirene,
OP MARKETING,,,a contacter,,,,,,,,,,,,data_etudes,Etudes de marche et sondages,CHALON-SUR-SAONE,,71,,,,,,,,,,,,,,,,,,,,,,,,,,,,,,,,,,,,,,,,,,,,,,,489695361,48969536100019,73.20Z,,,,,,,,,,,sirene,
OPAYLINK,,,a contacter,,,,,,,,,,,,data_etudes,"Traitement de donnees, hebergement et activites connexes",LYON,,69,,,,,,,,,,,,,,,,,,,,,,,,,,,,,,,,,,,,,,,,,,,,,,,834679078,83467907800057,63.11Z,,,,,,,,,,,sirene,
OPEN FORET,,,a contacter,,,,,,,,,,,,data_etudes,"Traitement de donnees, hebergement et activites connexes",BORDEAUX,,33,,,,,,,,,,,,,,,,,,,,,,,,,,,,,,,,,,,,,,,,,,,,,,,810938159,81093815900029,63.11Z,,,,,,,,,,,sirene,
OPEN ROME,,,a contacter,,,,,,,,,,,,data_etudes,Recherche-developpement en autres sciences physiques et naturelles,PARIS,,75,,,,,,,,,,,,,,,,,,,,,,,,,,,,,,,,,,,,,,,,,,,,,,,349165258,34916525800071,72.19Z,,,,,,,,,,,sirene,
OPENIT SOLUTIONS,,,a contacter,,,,,,,,,,,,data_etudes,Recherche-developpement en autres sciences physiques et naturelles,CRETEIL,,94,,,,,,,,,,,,,,,,,,,,,,,,,,,,,,,,,,,,,,,,,,,,,,,830914784,83091478400012,72.19Z,,,,,,,,,,,sirene,
OPENTEAM,,,a contacter,,,,,,,,,,,,data_etudes,"Traitement de donnees, hebergement et activites connexes",BOULOGNE-BILLANCOURT,,92,,,,,,,,,,,,,,,,,,,,,,,,,,,,,,,,,,,,,,,,,,,,,,,502335391,50233539100046,63.11Z,,,,,,,,,,,sirene,
OPHTA RCM,,,a contacter,,,,,,,,,,,,data_etudes,Recherche-developpement en autres sciences physiques et naturelles,MARSEILLE,,13,,,,,,,,,,,,,,,,,,,,,,,,,,,,,,,,,,,,,,,,,,,,,,,849522917,84952291700012,72.19Z,,,,,,,,,,,sirene,
OPI ONE,,,a contacter,,,,,,,,,,,,data_etudes,"Traitement de donnees, hebergement et activites connexes",LE PECQ,,78,,,,,,,,,,,,,,,,,,,,,,,,,,,,,,,,,,,,,,,,,,,,,,,497715342,49771534200042,63.11Z,,,,,,,,,,,sirene,
OPSALYS,,,a contacter,,,,,,,,,,,,data_etudes,Etudes de marche et sondages,SAINT-BERTHEVIN,,53,,,,,,,,,,,,,,,,,,,,,,,,,,,,,,,,,,,,,,,,,,,,,,,903500015,90350001500016,73.20Z,,,,,,,,,,,sirene,
OPSEALOG,,,a contacter,,,,,,,,,,,,data_etudes,"Traitement de donnees, hebergement et activites connexes",MARSEILLE,,13,,,,,,,,,,,,,,,,,,,,,,,,,,,,,,,,,,,,,,,,,,,,,,,813370368,81337036800025,63.11Z,,,,,,,,,,,sirene,
OPTELIS,,,a contacter,,,,,,,,,,,,data_etudes,Etudes de marche et sondages,SERIGNAN-DU-COMTAT,,84,,,,,,,,,,,,,,,,,,,,,,,,,,,,,,,,,,,,,,,,,,,,,,,435405634,43540563400062,73.20Z,,,,,,,,,,,sirene,
OPTI-MIX ETUDES SAS,,,a contacter,,,,,,,,,,,,data_etudes,Etudes de marche et sondages,MARCQ-EN-BARŒUL,,59,,,,,,,,,,,,,,,,,,,,,,,,,,,,,,,,,,,,,,,,,,,,,,,831862974,83186297400043,73.20Z,,,,,,,,,,,sirene,
OPTIKAN,,,a contacter,,,,,,,,,,,,data_etudes,Recherche-developpement en autres sciences physiques et naturelles,BLANQUEFORT,,33,,,,,,,,,,,,,,,,,,,,,,,,,,,,,,,,,,,,,,,,,,,,,,,898335229,89833522900040,72.19Z,,,,,,,,,,,sirene,
OPTIMARCHE,,,a contacter,,,,,,,,,,,,data_etudes,Etudes de marche et sondages,SAINT-HERBLAIN,,44,,,,,,,,,,,,,,,,,,,,,,,,,,,,,,,,,,,,,,,,,,,,,,,788428662,78842866200027,73.20Z,,,,,,,,,,,sirene,
OPTIN DATA,,,a contacter,,,,,,,,,,,,data_etudes,"Traitement de donnees, hebergement et activites connexes",BOULOGNE-BILLANCOURT,,92,,,,,,,,,,,,,,,,,,,,,,,,,,,,,,,,,,,,,,,,,,,,,,,831357850,83135785000039,63.11Z,,,,,,,,,,,sirene,
ORAKL ONCOLOGY,,,a contacter,,,,,,,,,,,,data_etudes,Recherche-developpement en autres sciences physiques et naturelles,VILLEJUIF,,94,,,,,,,,,,,,,,,,,,,,,,,,,,,,,,,,,,,,,,,,,,,,,,,948448972,94844897200034,72.19Z,,,,,,,,,,,sirene,
ORGANES TISSUS REGENERATION REPARATION REMPLACEMENT,,,a contacter,,,,,,,,,,,,data_etudes,Recherche-developpement en autres sciences physiques et naturelles,PARIS,,75,,,,,,,,,,,,,,,,,,,,,,,,,,,,,,,,,,,,,,,,,,,,,,,432373058,43237305800010,72.19Z,,,,,,,,,,,sirene,
ORION PHARMA,,,a contacter,,,,,,,,,,,,data_etudes,Recherche-developpement en autres sciences physiques et naturelles,ISSY-LES-MOULINEAUX,,92,,,,,,,,,,,,,,,,,,,,,,,,,,,,,,,,,,,,,,,,,,,,,,,420546004,42054600400052,72.19Z,,,,,,,,,,,sirene,
ORKEO,,,a contacter,,,,,,,,,,,,data_etudes,Recherche-developpement en autres sciences physiques et naturelles,VALBONNE,,06,,,,,,,,,,,,,,,,,,,,,,,,,,,,,,,,,,,,,,,,,,,,,,,453606519,45360651900016,72.19Z,,,,,,,,,,,sirene,
ORPHEE DIFFUSION CONSEIL,,,a contacter,,,,,,,,,,,,data_etudes,Etudes de marche et sondages,SURESNES,,92,,,,,,,,,,,,,,,,,,,,,,,,,,,,,,,,,,,,,,,,,,,,,,,326793999,32679399900045,73.20Z,,,,,,,,,,,sirene,
ORTHOGRID SYSTEMS SAS,,,a contacter,,,,,,,,,,,,data_etudes,Recherche-developpement en autres sciences physiques et naturelles,STRASBOURG,,67,,,,,,,,,,,,,,,,,,,,,,,,,,,,,,,,,,,,,,,,,,,,,,,848039715,84803971500018,72.19Z,,,,,,,,,,,sirene,
ORTHOTAXY,,,a contacter,,,,,,,,,,,,data_etudes,Recherche-developpement en autres sciences physiques et naturelles,GIERES,,38,,,,,,,,,,,,,,,,,,,,,,,,,,,,,,,,,,,,,,,,,,,,,,,514611003,51461100300039,72.19Z,,,,,,,,,,,sirene,
OSENSO,,,a contacter,,,,,,,,,,,,data_etudes,Etudes de marche et sondages,AIX-EN-PROVENCE,,13,,,,,,,,,,,,,,,,,,,,,,,,,,,,,,,,,,,,,,,,,,,,,,,432601367,43260136700035,73.20Z,,,,,,,,,,,sirene,
OSI FRANCE OPERATIONS,,,a contacter,,,,,,,,,,,,data_etudes,Recherche-developpement en autres sciences physiques et naturelles,VILLENAVE-D'ORNON,,33,,,,,,,,,,,,,,,,,,,,,,,,,,,,,,,,,,,,,,,,,,,,,,,809198120,80919812000028,72.19Z,,,,,,,,,,,sirene,
OSMOS X,,,a contacter,,,,,,,,,,,,data_etudes,Recherche-developpement en autres sciences physiques et naturelles,BRUZ,,35,,,,,,,,,,,,,,,,,,,,,,,,,,,,,,,,,,,,,,,,,,,,,,,922472543,92247254300029,72.19Z,,,,,,,,,,,sirene,
OSMOZ WARE,,,a contacter,,,,,,,,,,,,data_etudes,"Traitement de donnees, hebergement et activites connexes",REBAIS,,77,,,,,,,,,,,,,,,,,,,,,,,,,,,,,,,,,,,,,,,,,,,,,,,530890961,53089096100036,63.11Z,,,,,,,,,,,sirene,
OSTIN,,,a contacter,,,,,,,,,,,,data_etudes,"Traitement de donnees, hebergement et activites connexes",PARIS,,75,,,,,,,,,,,,,,,,,,,,,,,,,,,,,,,,,,,,,,,,,,,,,,,799214069,79921406900020,63.11Z,,,,,,,,,,,sirene,
OTD ONCOLOGY THERAPEUTIC DEVELOPMENT,,,a contacter,,,,,,,,,,,,data_etudes,Recherche-developpement en autres sciences physiques et naturelles,CLICHY,,92,,,,,,,,,,,,,,,,,,,,,,,,,,,,,,,,,,,,,,,,,,,,,,,480956408,48095640800045,72.19Z,,,,,,,,,,,sirene,
OUTILS OBD FACILE,,,a contacter,,,,,,,,,,,,data_etudes,"Traitement de donnees, hebergement et activites connexes",PLESCOP,,56,,,,,,,,,,,,,,,,,,,,,,,,,,,,,,,,,,,,,,,,,,,,,,,750984767,75098476700038,63.11Z,,,,,,,,,,,sirene,
OUTSCALE,,,a contacter,,,,,,,,,,,,data_etudes,"Traitement de donnees, hebergement et activites connexes",SAINT-CLOUD,,92,,,,,,,,,,,,,,,,,,,,,,,,,,,,,,,,,,,,,,,,,,,,,,,527594493,52759449300027,63.11Z,,,,,,,,,,,sirene,
OV CORPORATION,,,a contacter,,,,,,,,,,,,data_etudes,"Traitement de donnees, hebergement et activites connexes",THIERS,,63,,,,,,,,,,,,,,,,,,,,,,,,,,,,,,,,,,,,,,,,,,,,,,,813494952,81349495200035,63.11Z,,,,,,,,,,,sirene,
OVID TECHNOLOGIES,,,a contacter,,,,,,,,,,,,data_etudes,"Traitement de donnees, hebergement et activites connexes",BOIS-COLOMBES,,92,,,,,,,,,,,,,,,,,,,,,,,,,,,,,,,,,,,,,,,,,,,,,,,411789456,41178945600067,63.11Z,,,,,,,,,,,sirene,
OVIEPRO,,,a contacter,,,,,,,,,,,,data_etudes,"Traitement de donnees, hebergement et activites connexes",LYON,,69,,,,,,,,,,,,,,,,,,,,,,,,,,,,,,,,,,,,,,,,,,,,,,,893689679,89368967900023,63.11Z,,,,,,,,,,,sirene,
OXEEGEN,,,a contacter,,,,,,,,,,,,data_etudes,"Traitement de donnees, hebergement et activites connexes",VITROLLES,,13,,,,,,,,,,,,,,,,,,,,,,,,,,,,,,,,,,,,,,,,,,,,,,,811731736,81173173600021,63.11Z,,,,,,,,,,,sirene,
OXEO MARKETING,,,a contacter,,,,,,,,,,,,data_etudes,Etudes de marche et sondages,ANDREZIEUX-BOUTHEON,,42,,,,,,,,,,,,,,,,,,,,,,,,,,,,,,,,,,,,,,,,,,,,,,,800899502,80089950200036,73.20Z,,,,,,,,,,,sirene,
OXEVA,,,a contacter,,,,,,,,,,,,data_etudes,"Traitement de donnees, hebergement et activites connexes",PARIS,,75,,,,,,,,,,,,,,,,,,,,,,,,,,,,,,,,,,,,,,,,,,,,,,,481681724,48168172400052,63.11Z,,,,,,,,,,,sirene,
OXIANET,,,a contacter,,,,,,,,,,,,data_etudes,"Traitement de donnees, hebergement et activites connexes",STRASBOURG,,67,,,,,,,,,,,,,,,,,,,,,,,,,,,,,,,,,,,,,,,,,,,,,,,412787830,41278783000022,63.11Z,,,,,,,,,,,sirene,
OXYGEN LABORATOIRES D'ANALYSES,,,a contacter,,,,,,,,,,,,data_etudes,Recherche-developpement en autres sciences physiques et naturelles,MARŒUIL,,62,,,,,,,,,,,,,,,,,,,,,,,,,,,,,,,,,,,,,,,,,,,,,,,383471612,38347161200028,72.19Z,,,,,,,,,,,sirene,
OXYLEDGER,,,a contacter,,,,,,,,,,,,data_etudes,Recherche-developpement en autres sciences physiques et naturelles,BREST,,29,,,,,,,,,,,,,,,,,,,,,,,,,,,,,,,,,,,,,,,,,,,,,,,849997036,84999703600025,72.19Z,,,,,,,,,,,sirene,
OZ MEDIA,,,a contacter,,,,,,,,,,,,data_etudes,"Traitement de donnees, hebergement et activites connexes",RIORGES,,42,,,,,,,,,,,,,,,,,,,,,,,,,,,,,,,,,,,,,,,,,,,,,,,449356666,44935666600023,63.11Z,,,,,,,,,,,sirene,
P H S,,,a contacter,,,,,,,,,,,,data_etudes,"Traitement de donnees, hebergement et activites connexes",CUSY,,74,,,,,,,,,,,,,,,,,,,,,,,,,,,,,,,,,,,,,,,,,,,,,,,451502421,45150242100014,63.11Z,,,,,,,,,,,sirene,
P. BORDAS,,,a contacter,,,,,,,,,,,,data_etudes,"Traitement de donnees, hebergement et activites connexes",PARIS,,75,,,,,,,,,,,,,,,,,,,,,,,,,,,,,,,,,,,,,,,,,,,,,,,310072384,31007238400079,63.11Z,,,,,,,,,,,sirene,
PAGERO FRANCE,,,a contacter,,,,,,,,,,,,data_etudes,"Traitement de donnees, hebergement et activites connexes",PARIS,,75,,,,,,,,,,,,,,,,,,,,,,,,,,,,,,,,,,,,,,,,,,,,,,,822339511,82233951100054,63.11Z,,,,,,,,,,,sirene,
PAIE & RH SOLUTIONS,,,a contacter,,,,,,,,,,,,data_etudes,"Traitement de donnees, hebergement et activites connexes",PAU,,64,,,,,,,,,,,,,,,,,,,,,,,,,,,,,,,,,,,,,,,,,,,,,,,452163801,45216380100031,63.11Z,,,,,,,,,,,sirene,
PAIE ET RELATIONS HUMAINES ELABOREES PAR INFORMATIQUE ET ANALYSE  PARHELIA ,,,a contacter,,,,,,,,,,,,data_etudes,"Traitement de donnees, hebergement et activites connexes",DARGIES,,60,,,,,,,,,,,,,,,,,,,,,,,,,,,,,,,,,,,,,,,,,,,,,,,393841358,39384135800012,63.11Z,,,,,,,,,,,sirene,
PALANTIR TECHNOLOGIES FRANCE,,,a contacter,,,,,,,,,,,,data_etudes,"Traitement de donnees, hebergement et activites connexes",PARIS,,75,,,,,,,,,,,,,,,,,,,,,,,,,,,,,,,,,,,,,,,,,,,,,,,810492124,81049212400054,63.11Z,,,,,,,,,,,sirene,
PALMELIT SAS,,,a contacter,,,,,,,,,,,,data_etudes,Recherche-developpement en autres sciences physiques et naturelles,MONTFERRIER-SUR-LEZ,,34,,,,,,,,,,,,,,,,,,,,,,,,,,,,,,,,,,,,,,,,,,,,,,,510041536,51004153600028,72.19Z,,,,,,,,,,,sirene,
PANAXIUM,,,a contacter,,,,,,,,,,,,data_etudes,Recherche-developpement en autres sciences physiques et naturelles,AIX-EN-PROVENCE,,13,,,,,,,,,,,,,,,,,,,,,,,,,,,,,,,,,,,,,,,,,,,,,,,822070579,82207057900013,72.19Z,,,,,,,,,,,sirene,
PANNTHERAPI,,,a contacter,,,,,,,,,,,,data_etudes,Recherche-developpement en autres sciences physiques et naturelles,NIMES,,30,,,,,,,,,,,,,,,,,,,,,,,,,,,,,,,,,,,,,,,,,,,,,,,895315877,89531587700012,72.19Z,,,,,,,,,,,sirene,
PARABELLUM GEOGRAPHIC INSIGHT,,,a contacter,,,,,,,,,,,,data_etudes,Etudes de marche et sondages,SAINT-HERBLAIN,,44,,,,,,,,,,,,,,,,,,,,,,,,,,,,,,,,,,,,,,,,,,,,,,,502459001,50245900100041,73.20Z,,,,,,,,,,,sirene,
PARADEV,,,a contacter,,,,,,,,,,,,data_etudes,Recherche-developpement en autres sciences physiques et naturelles,PERPIGNAN,,66,,,,,,,,,,,,,,,,,,,,,,,,,,,,,,,,,,,,,,,,,,,,,,,830925236,83092523600028,72.19Z,,,,,,,,,,,sirene,
PARAGON BUSINESS PROCESS SERVICES,,,a contacter,,,,,,,,,,,,data_etudes,"Traitement de donnees, hebergement et activites connexes",MARCQ-EN-BARŒUL,,59,,,,,,,,,,,,,,,,,,,,,,,,,,,,,,,,,,,,,,,,,,,,,,,320496789,32049678900050,63.11Z,,,,,,,,,,,sirene,
PARAGON EDITIQUE,,,a contacter,,,,,,,,,,,,data_etudes,"Traitement de donnees, hebergement et activites connexes",BLOIS,,41,,,,,,,,,,,,,,,,,,,,,,,,,,,,,,,,,,,,,,,,,,,,,,,492363379,49236337900016,63.11Z,,,,,,,,,,,sirene,
PARTENAIRES,,,a contacter,,,,,,,,,,,,data_etudes,"Traitement de donnees, hebergement et activites connexes",FORT-DE-FRANCE,,972,,,,,,,,,,,,,,,,,,,,,,,,,,,,,,,,,,,,,,,,,,,,,,,420266678,42026667800010,63.11Z,,,,,,,,,,,sirene,
PARTICIPATION,,,a contacter,,,,,,,,,,,,data_etudes,Etudes de marche et sondages,PARIS,,75,,,,,,,,,,,,,,,,,,,,,,,,,,,,,,,,,,,,,,,,,,,,,,,340418979,34041897900043,73.20Z,,,,,,,,,,,sirene,
PASCALEO,,,a contacter,,,,,,,,,,,,data_etudes,Etudes de marche et sondages,PARENT,,63,,,,,,,,,,,,,,,,,,,,,,,,,,,,,,,,,,,,,,,,,,,,,,,450120746,45012074600034,73.20Z,,,,,,,,,,,sirene,
PAYMIUM,,,a contacter,,,,,,,,,,,,data_etudes,"Traitement de donnees, hebergement et activites connexes",BOULOGNE-BILLANCOURT,,92,,,,,,,,,,,,,,,,,,,,,,,,,,,,,,,,,,,,,,,,,,,,,,,533264800,53326480000012,63.11Z,,,,,,,,,,,sirene,
PDC LINE PHARMA,,,a contacter,,,,,,,,,,,,data_etudes,Recherche-developpement en autres sciences physiques et naturelles,LA TRONCHE,,38,,,,,,,,,,,,,,,,,,,,,,,,,,,,,,,,,,,,,,,,,,,,,,,801408907,80140890700021,72.19Z,,,,,,,,,,,sirene,
PEEXEO,,,a contacter,,,,,,,,,,,,data_etudes,"Traitement de donnees, hebergement et activites connexes",LYON,,69,,,,,,,,,,,,,,,,,,,,,,,,,,,,,,,,,,,,,,,,,,,,,,,513187500,51318750000030,63.11Z,,,,,,,,,,,sirene,
PELYON,,,a contacter,,,,,,,,,,,,data_etudes,Recherche-developpement en autres sciences physiques et naturelles,LYON,,69,,,,,,,,,,,,,,,,,,,,,,,,,,,,,,,,,,,,,,,,,,,,,,,801233727,80123372700057,72.19Z,,,,,,,,,,,sirene,
PEOPULSE,,,a contacter,,,,,,,,,,,,data_etudes,"Traitement de donnees, hebergement et activites connexes",COLOMBES,,92,,,,,,,,,,,,,,,,,,,,,,,,,,,,,,,,,,,,,,,,,,,,,,,489466474,48946647400033,63.11Z,,,,,,,,,,,sirene,
PEPAM,,,a contacter,,,,,,,,,,,,data_etudes,"Traitement de donnees, hebergement et activites connexes",MONTREUIL,,93,,,,,,,,,,,,,,,,,,,,,,,,,,,,,,,,,,,,,,,,,,,,,,,841563463,84156346300030,63.11Z,,,,,,,,,,,sirene,
PERFO SERVICE,,,a contacter,,,,,,,,,,,,data_etudes,"Traitement de donnees, hebergement et activites connexes",SAINT-JEAN-BONNEFONDS,,42,,,,,,,,,,,,,,,,,,,,,,,,,,,,,,,,,,,,,,,,,,,,,,,704501360,70450136000074,63.11Z,,,,,,,,,,,sirene,
PERFORMANCE SPECIALTY PRODUCTS FRANCE SAS,,,a contacter,,,,,,,,,,,,data_etudes,Recherche-developpement en autres sciences physiques et naturelles,PARIS,,75,,,,,,,,,,,,,,,,,,,,,,,,,,,,,,,,,,,,,,,,,,,,,,,823003769,82300376900028,72.19Z,,,,,,,,,,,sirene,
PETAL SOLUTIONS EUROPE B.V.,,,a contacter,,,,,,,,,,,,data_etudes,"Traitement de donnees, hebergement et activites connexes",,,,,,,,,,,,,,,,,,,,,,,,,,,,,,,,,,,,,,,,,,,,,,,,,,883040073,88304007300016,63.11Z,,,,,,,,,,,sirene,
PETRARQUE,,,a contacter,,,,,,,,,,,,data_etudes,Etudes de marche et sondages,EVRY-COURCOURONNES,,91,,,,,,,,,,,,,,,,,,,,,,,,,,,,,,,,,,,,,,,,,,,,,,,393046313,39304631300051,73.20Z,,,,,,,,,,,sirene,
PFS CARD SERVICES IRELAND LIMITED,,,a contacter,,,,,,,,,,,,data_etudes,"Traitement de donnees, hebergement et activites connexes",,,,,,,,,,,,,,,,,,,,,,,,,,,,,,,,,,,,,,,,,,,,,,,,,,877780197,87778019700019,63.11Z,,,,,,,,,,,sirene,
PHARM RESEARCH,,,a contacter,,,,,,,,,,,,data_etudes,Recherche-developpement en autres sciences physiques et naturelles,CROIX,,59,,,,,,,,,,,,,,,,,,,,,,,,,,,,,,,,,,,,,,,,,,,,,,,451442875,45144287500055,72.19Z,,,,,,,,,,,sirene,
PHARMA MAR SARL,,,a contacter,,,,,,,,,,,,data_etudes,Recherche-developpement en autres sciences physiques et naturelles,BOULOGNE-BILLANCOURT,,92,,,,,,,,,,,,,,,,,,,,,,,,,,,,,,,,,,,,,,,,,,,,,,,449144807,44914480700038,72.19Z,,,,,,,,,,,sirene,
PHARMAPHYSIC,,,a contacter,,,,,,,,,,,,data_etudes,Recherche-developpement en autres sciences physiques et naturelles,CHEVILLY-LARUE,,94,,,,,,,,,,,,,,,,,,,,,,,,,,,,,,,,,,,,,,,,,,,,,,,423696582,42369658200026,72.19Z,,,,,,,,,,,sirene,
PHARNEXT,,,a contacter,,,,,,,,,,,,data_etudes,Recherche-developpement en autres sciences physiques et naturelles,PARIS,,75,,,,,,,,,,,,,,,,,,,,,,,,,,,,,,,,,,,,,,,,,,,,,,,498098425,49809842500073,72.19Z,,,,,,,,,,,sirene,
PHASELAB INSTRUMENT,,,a contacter,,,,,,,,,,,,data_etudes,Recherche-developpement en autres sciences physiques et naturelles,ROSIERES-PRES-TROYES,,10,,,,,,,,,,,,,,,,,,,,,,,,,,,,,,,,,,,,,,,,,,,,,,,841564479,84156447900019,72.19Z,,,,,,,,,,,sirene,
PHOLIA,,,a contacter,,,,,,,,,,,,data_etudes,Recherche-developpement en autres sciences physiques et naturelles,BLOIS,,41,,,,,,,,,,,,,,,,,,,,,,,,,,,,,,,,,,,,,,,,,,,,,,,881641310,88164131000035,72.19Z,,,,,,,,,,,sirene,
PHONE ' M,,,a contacter,,,,,,,,,,,,data_etudes,"Traitement de donnees, hebergement et activites connexes",COURBEVOIE,,92,,,,,,,,,,,,,,,,,,,,,,,,,,,,,,,,,,,,,,,,,,,,,,,492178900,49217890000030,63.11Z,,,,,,,,,,,sirene,
PHONOPTICS,,,a contacter,,,,,,,,,,,,data_etudes,Recherche-developpement en autres sciences physiques et naturelles,EVRY-COURCOURONNES,,91,,,,,,,,,,,,,,,,,,,,,,,,,,,,,,,,,,,,,,,,,,,,,,,804652634,80465263400028,72.19Z,,,,,,,,,,,sirene,
PHOST'IN THERAPEUTICS,,,a contacter,,,,,,,,,,,,data_etudes,Recherche-developpement en autres sciences physiques et naturelles,MONTPELLIER,,34,,,,,,,,,,,,,,,,,,,,,,,,,,,,,,,,,,,,,,,,,,,,,,,808490619,80849061900026,72.19Z,,,,,,,,,,,sirene,
PHOTONICS BRETAGNE,,,a contacter,,,,,,,,,,,,data_etudes,Recherche-developpement en autres sciences physiques et naturelles,LANNION,,22,,,,,,,,,,,,,,,,,,,,,,,,,,,,,,,,,,,,,,,,,,,,,,,450550512,45055051200021,72.19Z,,,,,,,,,,,sirene,
PHOTONICS OPEN PROJECTS,,,a contacter,,,,,,,,,,,,data_etudes,Recherche-developpement en autres sciences physiques et naturelles,LANNION,,22,,,,,,,,,,,,,,,,,,,,,,,,,,,,,,,,,,,,,,,,,,,,,,,923331110,92333111000026,72.19Z,,,,,,,,,,,sirene,
PHYLOGENE,,,a contacter,,,,,,,,,,,,data_etudes,Recherche-developpement en autres sciences physiques et naturelles,BERNIS,,30,,,,,,,,,,,,,,,,,,,,,,,,,,,,,,,,,,,,,,,,,,,,,,,423771146,42377114600028,72.19Z,,,,,,,,,,,sirene,
PHYSIDIA,,,a contacter,,,,,,,,,,,,data_etudes,Recherche-developpement en autres sciences physiques et naturelles,SAINT-BARTHELEMY-D'ANJOU,,49,,,,,,,,,,,,,,,,,,,,,,,,,,,,,,,,,,,,,,,,,,,,,,,528454028,52845402800028,72.19Z,,,,,,,,,,,sirene,
PHYSIOQUANTA,,,a contacter,,,,,,,,,,,,data_etudes,Recherche-developpement en autres sciences physiques et naturelles,MUDAISON,,34,,,,,,,,,,,,,,,,,,,,,,,,,,,,,,,,,,,,,,,,,,,,,,,484613310,48461331000024,72.19Z,,,,,,,,,,,sirene,
PHYSIOSTIM,,,a contacter,,,,,,,,,,,,data_etudes,Recherche-developpement en autres sciences physiques et naturelles,CASTRES,,81,,,,,,,,,,,,,,,,,,,,,,,,,,,,,,,,,,,,,,,,,,,,,,,429482557,42948255700031,72.19Z,,,,,,,,,,,sirene,
PHYTEMA,,,a contacter,,,,,,,,,,,,data_etudes,Recherche-developpement en autres sciences physiques et naturelles,RUFFIEUX,,73,,,,,,,,,,,,,,,,,,,,,,,,,,,,,,,,,,,,,,,,,,,,,,,439536392,43953639200012,72.19Z,,,,,,,,,,,sirene,
PHYTEO LABORATOIRE,C,0,a contacter,,,,,,,,,,,,data_etudes,Recherche-developpement en autres sciences physiques et naturelles,VALENCE,,26,,,,,,,,,https://www.pappers.fr/entreprise/501905830,https://annuaire-entreprises.data.gouv.fr/entreprise/501905830,https://annuaire-entreprises.data.gouv.fr/annonces/501905830,https://annuaire-entreprises.data.gouv.fr/donnees-financieres/501905830,https://annuaire-entreprises.data.gouv.fr/dirigeants/501905830,https://www.google.com/maps/search/?api=1&query=PHYTEO+LABORATOIRE+VALENCE,https://www.google.com/search?q=PHYTEO+LABORATOIRE+VALENCE,https://news.google.com/search?hl=fr&q=%22PHYTEO+LABORATOIRE%22,https://www.linkedin.com/search/results/companies/?keywords=PHYTEO+LABORATOIRE,,https://www.pagesjaunes.fr/annuaire/chercherlespros?quoiqui=PHYTEO+LABORATOIRE&ou=VALENCE,https://www.societe.com/cgi-bin/search?champs=501905830,,,,,,,,,,,,,,,,,,,,,,,,FR82501905830,,,501905830,50190583000045,72.19Z,,,,,,,,non,oui,2026-08-02,sirene,
PHYTODIA,,,a contacter,,,,,,,,,,,,data_etudes,Recherche-developpement en autres sciences physiques et naturelles,ILLKIRCH-GRAFFENSTADEN,,67,,,,,,,,,,,,,,,,,,,,,,,,,,,,,,,,,,,,,,,,,,,,,,,809300304,80930030400023,72.19Z,,,,,,,,,,,sirene,
PHYTORESTORE,,,a contacter,,,,,,,,,,,,data_etudes,Recherche-developpement en autres sciences physiques et naturelles,PARIS,,75,,,,,,,,,,,,,,,,,,,,,,,,,,,,,,,,,,,,,,,,,,,,,,,478719990,47871999000069,72.19Z,,,,,,,,,,,sirene,
PHYTOSAFE,,,a contacter,,,,,,,,,,,,data_etudes,Recherche-developpement en autres sciences physiques et naturelles,PAU,,64,,,,,,,,,,,,,,,,,,,,,,,,,,,,,,,,,,,,,,,,,,,,,,,434834966,43483496600021,72.19Z,,,,,,,,,,,sirene,
PICKINGBOX,,,a contacter,,,,,,,,,,,,data_etudes,"Traitement de donnees, hebergement et activites connexes",LIGUGE,,86,,,,,,,,,,,,,,,,,,,,,,,,,,,,,,,,,,,,,,,,,,,,,,,823965512,82396551200010,63.11Z,,,,,,,,,,,sirene,
PICSELL.IA,,,a contacter,,,,,,,,,,,,data_etudes,"Traitement de donnees, hebergement et activites connexes",TOULOUSE,,31,,,,,,,,,,,,,,,,,,,,,,,,,,,,,,,,,,,,,,,,,,,,,,,883142689,88314268900016,63.11Z,,,,,,,,,,,sirene,
PIEZOCONCEPT,,,a contacter,,,,,,,,,,,,data_etudes,Recherche-developpement en autres sciences physiques et naturelles,BRON,,69,,,,,,,,,,,,,,,,,,,,,,,,,,,,,,,,,,,,,,,,,,,,,,,793236738,79323673800027,72.19Z,,,,,,,,,,,sirene,
PIONEER GENETIQUE,,,a contacter,,,,,,,,,,,,data_etudes,Recherche-developpement en autres sciences physiques et naturelles,AUSSONNE,,31,,,,,,,,,,,,,,,,,,,,,,,,,,,,,,,,,,,,,,,,,,,,,,,338134737,33813473700034,72.19Z,,,,,,,,,,,sirene,
PIVERT,,,a contacter,,,,,,,,,,,,data_etudes,Recherche-developpement en autres sciences physiques et naturelles,VENETTE,,60,,,,,,,,,,,,,,,,,,,,,,,,,,,,,,,,,,,,,,,,,,,,,,,751554866,75155486600010,72.19Z,,,,,,,,,,,sirene,
PIXIUM VISION,,,a contacter,,,,,,,,,,,,data_etudes,Recherche-developpement en autres sciences physiques et naturelles,PARIS 12,,75,,,,,,,,,,,,,,,,,,,,,,,,,,,,,,,,,,,,,,,,,,,,,,,538797655,53879765500031,72.19Z,,,,,,,,,,,sirene,
PIXMYCAR,,,a contacter,,,,,,,,,,,,data_etudes,"Traitement de donnees, hebergement et activites connexes",AIX-EN-PROVENCE,,13,,,,,,,,,,,,,,,,,,,,,,,,,,,,,,,,,,,,,,,,,,,,,,,817450281,81745028100016,63.11Z,,,,,,,,,,,sirene,
PIXSTART,,,a contacter,,,,,,,,,,,,data_etudes,"Traitement de donnees, hebergement et activites connexes",TOULOUSE,,31,,,,,,,,,,,,,,,,,,,,,,,,,,,,,,,,,,,,,,,,,,,,,,,823514393,82351439300037,63.11Z,,,,,,,,,,,sirene,
PIXWAYS,,,a contacter,,,,,,,,,,,,data_etudes,"Traitement de donnees, hebergement et activites connexes",CHARTRES,,28,,,,,,,,,,,,,,,,,,,,,,,,,,,,,,,,,,,,,,,,,,,,,,,453749269,45374926900057,63.11Z,,,,,,,,,,,sirene,
PIXYL,,,a contacter,,,,,,,,,,,,data_etudes,Recherche-developpement en autres sciences physiques et naturelles,LA TRONCHE,,38,,,,,,,,,,,,,,,,,,,,,,,,,,,,,,,,,,,,,,,,,,,,,,,810205799,81020579900028,72.19Z,,,,,,,,,,,sirene,
PK MED,,,a contacter,,,,,,,,,,,,data_etudes,Recherche-developpement en autres sciences physiques et naturelles,PARIS,,75,,,,,,,,,,,,,,,,,,,,,,,,,,,,,,,,,,,,,,,,,,,,,,,852943836,85294383600043,72.19Z,,,,,,,,,,,sirene,
PLACE,,,a contacter,,,,,,,,,,,,data_etudes,Etudes de marche et sondages,BEGLES,,33,,,,,,,,,,,,,,,,,,,,,,,,,,,,,,,,,,,,,,,,,,,,,,,380708560,38070856000046,73.20Z,,,,,,,,,,,sirene,
PLANKTOVIE,,,a contacter,,,,,,,,,,,,data_etudes,Recherche-developpement en autres sciences physiques et naturelles,MARSEILLE,,13,,,,,,,,,,,,,,,,,,,,,,,,,,,,,,,,,,,,,,,,,,,,,,,821987096,82198709600020,72.19Z,,,,,,,,,,,sirene,
PLANTE&CITE,,,a contacter,,,,,,,,,,,,data_etudes,"Traitement de donnees, hebergement et activites connexes",ANGERS,,49,,,,,,,,,,,,,,,,,,,,,,,,,,,,,,,,,,,,,,,,,,,,,,,488701095,48870109500017,63.11Z,,,,,,,,,,,sirene,
PLASTIC ODYSSEY EXPEDITION,,,a contacter,,,,,,,,,,,,data_etudes,Recherche-developpement en autres sciences physiques et naturelles,MARSEILLE,,13,,,,,,,,,,,,,,,,,,,,,,,,,,,,,,,,,,,,,,,,,,,,,,,847625506,84762550600039,72.19Z,,,,,,,,,,,sirene,
PLATEFORME DES DONNEES DE SANTE,,,a contacter,,,,,,,,,,,,data_etudes,"Traitement de donnees, hebergement et activites connexes",PARIS,,75,,,,,,,,,,,,,,,,,,,,,,,,,,,,,,,,,,,,,,,,,,,,,,,130003783,13000378300029,63.11Z,,,,,,,,,,,sirene,
PLUGIN INFORMATIQUE,,,a contacter,,,,,,,,,,,,data_etudes,"Traitement de donnees, hebergement et activites connexes",CLAIX,,38,,,,,,,,,,,,,,,,,,,,,,,,,,,,,,,,,,,,,,,,,,,,,,,841841869,84184186900032,63.11Z,,,,,,,,,,,sirene,
POLE AGRO RESSOURCES ET DE RECHERCHE DE MARTINIQUE,,,a contacter,,,,,,,,,,,,data_etudes,Recherche-developpement en autres sciences physiques et naturelles,LE LAMENTIN,,972,,,,,,,,,,,,,,,,,,,,,,,,,,,,,,,,,,,,,,,,,,,,,,,443074588,44307458800015,72.19Z,,,,,,,,,,,sirene,
POLE ALPIN D'ETUDES ET DE RECHERCHE POUR LA PREVENTION DES RISQUES NATURELS,,,a contacter,,,,,,,,,,,,data_etudes,Recherche-developpement en autres sciences physiques et naturelles,SAINT-MARTIN-D'HERES,,38,,,,,,,,,,,,,,,,,,,,,,,,,,,,,,,,,,,,,,,,,,,,,,,352450654,35245065400038,72.19Z,,,,,,,,,,,sirene,
POLE OPTITEC,,,a contacter,,,,,,,,,,,,data_etudes,Recherche-developpement en autres sciences physiques et naturelles,MARSEILLE,,13,,,,,,,,,,,,,,,,,,,,,,,,,,,,,,,,,,,,,,,,,,,,,,,432314854,43231485400022,72.19Z,,,,,,,,,,,sirene,
POLY-DTECH,,,a contacter,,,,,,,,,,,,data_etudes,Recherche-developpement en autres sciences physiques et naturelles,STRASBOURG,,67,,,,,,,,,,,,,,,,,,,,,,,,,,,,,,,,,,,,,,,,,,,,,,,850615766,85061576600027,72.19Z,,,,,,,,,,,sirene,
POLYGONE,,,a contacter,,,,,,,,,,,,data_etudes,Etudes de marche et sondages,SAINT-NAZAIRE,,44,,,,,,,,,,,,,,,,,,,,,,,,,,,,,,,,,,,,,,,,,,,,,,,324550417,32455041700053,73.20Z,,,,,,,,,,,sirene,
POLYMARIS BIOTECHNOLOGY,,,a contacter,,,,,,,,,,,,data_etudes,Recherche-developpement en autres sciences physiques et naturelles,BREST,,29,,,,,,,,,,,,,,,,,,,,,,,,,,,,,,,,,,,,,,,,,,,,,,,503584823,50358482300036,72.19Z,,,,,,,,,,,sirene,
POLYMER PRODUCTS FRANCE SAS,,,a contacter,,,,,,,,,,,,data_etudes,Recherche-developpement en autres sciences physiques et naturelles,PUTEAUX,,92,,,,,,,,,,,,,,,,,,,,,,,,,,,,,,,,,,,,,,,,,,,,,,,910204809,91020480900024,72.19Z,,,,,,,,,,,sirene,
PORSOLT SAS,,,a contacter,,,,,,,,,,,,data_etudes,Recherche-developpement en autres sciences physiques et naturelles,LE GENEST-SAINT-ISLE,,53,,,,,,,,,,,,,,,,,,,,,,,,,,,,,,,,,,,,,,,,,,,,,,,425113321,42511332100037,72.19Z,,,,,,,,,,,sirene,
PORT PLUS,,,a contacter,,,,,,,,,,,,data_etudes,"Traitement de donnees, hebergement et activites connexes",FORT-DE-FRANCE,,972,,,,,,,,,,,,,,,,,,,,,,,,,,,,,,,,,,,,,,,,,,,,,,,499904167,49990416700024,63.11Z,,,,,,,,,,,sirene,
POSITIVE GROUP DATA,,,a contacter,,,,,,,,,,,,data_etudes,"Traitement de donnees, hebergement et activites connexes",HEM,,59,,,,,,,,,,,,,,,,,,,,,,,,,,,,,,,,,,,,,,,,,,,,,,,798606075,79860607500033,63.11Z,,,,,,,,,,,sirene,
POTLOC FRANCE,,,a contacter,,,,,,,,,,,,data_etudes,Etudes de marche et sondages,PARIS,,75,,,,,,,,,,,,,,,,,,,,,,,,,,,,,,,,,,,,,,,,,,,,,,,827800806,82780080600073,73.20Z,,,,,,,,,,,sirene,
POULPHARM,,,a contacter,,,,,,,,,,,,data_etudes,Recherche-developpement en autres sciences physiques et naturelles,PLOUFRAGAN,,22,,,,,,,,,,,,,,,,,,,,,,,,,,,,,,,,,,,,,,,,,,,,,,,813915618,81391561800033,72.19Z,,,,,,,,,,,sirene,
POUPISCHOOL,,,a contacter,,,,,,,,,,,,data_etudes,"Traitement de donnees, hebergement et activites connexes",FRETIN,,59,,,,,,,,,,,,,,,,,,,,,,,,,,,,,,,,,,,,,,,,,,,,,,,815340815,81534081500035,63.11Z,,,,,,,,,,,sirene,
POUR RECHERCHE INFORMAT SOCIALE MEDICALE,,,a contacter,,,,,,,,,,,,data_etudes,Etudes de marche et sondages,TOULOUSE,,31,,,,,,,,,,,,,,,,,,,,,,,,,,,,,,,,,,,,,,,,,,,,,,,349708917,34970891700043,73.20Z,,,,,,,,,,,sirene,
POWENS,,,a contacter,,,,,,,,,,,,data_etudes,"Traitement de donnees, hebergement et activites connexes",PARIS,,75,,,,,,,,,,,,,,,,,,,,,,,,,,,,,,,,,,,,,,,,,,,,,,,749867206,74986720600031,63.11Z,,,,,,,,,,,sirene,
POWERZ,,,a contacter,,,,,,,,,,,,data_etudes,Recherche-developpement en autres sciences physiques et naturelles,MONTREUIL,,93,,,,,,,,,,,,,,,,,,,,,,,,,,,,,,,,,,,,,,,,,,,,,,,885261602,88526160200019,72.19Z,,,,,,,,,,,sirene,
POXEL,,,a contacter,,,,,,,,,,,,data_etudes,Recherche-developpement en autres sciences physiques et naturelles,LYON,,69,,,,,,,,,,,,,,,,,,,,,,,,,,,,,,,,,,,,,,,,,,,,,,,510970817,51097081700068,72.19Z,,,,,,,,,,,sirene,
PPG FRANCE BUSINESS SUPPORT,,,a contacter,,,,,,,,,,,,data_etudes,Recherche-developpement en autres sciences physiques et naturelles,MARLY,,59,,,,,,,,,,,,,,,,,,,,,,,,,,,,,,,,,,,,,,,,,,,,,,,493205231,49320523100027,72.19Z,,,,,,,,,,,sirene,
PREFERRED TRAVEL GROUP,,,a contacter,,,,,,,,,,,,data_etudes,"Traitement de donnees, hebergement et activites connexes",,,,,,,,,,,,,,,,,,,,,,,,,,,,,,,,,,,,,,,,,,,,,,,,,,452699978,45269997800014,63.11Z,,,,,,,,,,,sirene,
PREVENTION DES MALADIES OSSEUSES,,,a contacter,,,,,,,,,,,,data_etudes,Recherche-developpement en autres sciences physiques et naturelles,LYON,,69,,,,,,,,,,,,,,,,,,,,,,,,,,,,,,,,,,,,,,,,,,,,,,,390666964,39066696400023,72.19Z,,,,,,,,,,,sirene,
PRICE OBSERVATORY,,,a contacter,,,,,,,,,,,,data_etudes,"Traitement de donnees, hebergement et activites connexes",MONTPELLIER,,34,,,,,,,,,,,,,,,,,,,,,,,,,,,,,,,,,,,,,,,,,,,,,,,789953429,78995342900030,63.11Z,,,,,,,,,,,sirene,
PRIME VERRE,,,a contacter,,,,,,,,,,,,data_etudes,Recherche-developpement en autres sciences physiques et naturelles,MONTPELLIER,,34,,,,,,,,,,,,,,,,,,,,,,,,,,,,,,,,,,,,,,,,,,,,,,,407750991,40775099100025,72.19Z,,,,,,,,,,,sirene,
PRIMEXIS SERVICES,,,a contacter,,,,,,,,,,,,data_etudes,"Traitement de donnees, hebergement et activites connexes",PUTEAUX,,92,,,,,,,,,,,,,,,,,,,,,,,,,,,,,,,,,,,,,,,,,,,,,,,318919461,31891946100091,63.11Z,,,,,,,,,,,sirene,
PRIMO1D,,,a contacter,,,,,,,,,,,,data_etudes,Recherche-developpement en autres sciences physiques et naturelles,GRENOBLE,,38,,,,,,,,,,,,,,,,,,,,,,,,,,,,,,,,,,,,,,,,,,,,,,,794635235,79463523500029,72.19Z,,,,,,,,,,,sirene,
PRIMUS SOFT,,,a contacter,,,,,,,,,,,,data_etudes,"Traitement de donnees, hebergement et activites connexes",MERIGNAC,,33,,,,,,,,,,,,,,,,,,,,,,,,,,,,,,,,,,,,,,,,,,,,,,,483805065,48380506500024,63.11Z,,,,,,,,,,,sirene,
PRIOTHERA SAS,,,a contacter,,,,,,,,,,,,data_etudes,Recherche-developpement en autres sciences physiques et naturelles,SAINT-LOUIS,,68,,,,,,,,,,,,,,,,,,,,,,,,,,,,,,,,,,,,,,,,,,,,,,,889912531,88991253100023,72.19Z,,,,,,,,,,,sirene,
PRO-GX,,,a contacter,,,,,,,,,,,,data_etudes,"Traitement de donnees, hebergement et activites connexes",MARCILLY-D'AZERGUES,,69,,,,,,,,,,,,,,,,,,,,,,,,,,,,,,,,,,,,,,,,,,,,,,,832953418,83295341800023,63.11Z,,,,,,,,,,,sirene,
PROACTIS SA,,,a contacter,,,,,,,,,,,,data_etudes,"Traitement de donnees, hebergement et activites connexes",PARIS,,75,,,,,,,,,,,,,,,,,,,,,,,,,,,,,,,,,,,,,,,,,,,,,,,377945233,37794523300098,63.11Z,,,,,,,,,,,sirene,
PROCESSIUM,,,a contacter,,,,,,,,,,,,data_etudes,Recherche-developpement en autres sciences physiques et naturelles,VILLEURBANNE,,69,,,,,,,,,,,,,,,,,,,,,,,,,,,,,,,,,,,,,,,,,,,,,,,443737200,44373720000057,72.19Z,,,,,,,,,,,sirene,
PROCINTECH,,,a contacter,,,,,,,,,,,,data_etudes,Recherche-developpement en autres sciences physiques et naturelles,VILLEURBANNE,,69,,,,,,,,,,,,,,,,,,,,,,,,,,,,,,,,,,,,,,,,,,,,,,,503082141,50308214100022,72.19Z,,,,,,,,,,,sirene,
PRODUCTION FUNCTIONAL FACTORY,,,a contacter,,,,,,,,,,,,data_etudes,Etudes de marche et sondages,BEZIERS,,34,,,,,,,,,,,,,,,,,,,,,,,,,,,,,,,,,,,,,,,,,,,,,,,752515379,75251537900036,73.20Z,,,,,,,,,,,sirene,
PROJECTIVE GROUPE,,,a contacter,,,,,,,,,,,,data_etudes,Etudes de marche et sondages,CLERMONT-FERRAND,,63,,,,,,,,,,,,,,,,,,,,,,,,,,,,,,,,,,,,,,,,,,,,,,,339631897,33963189700024,73.20Z,,,,,,,,,,,sirene,
PROMO INSTIT TRANSPLANT RECH EN TRANSPLA,,,a contacter,,,,,,,,,,,,data_etudes,Recherche-developpement en autres sciences physiques et naturelles,NANTES,,44,,,,,,,,,,,,,,,,,,,,,,,,,,,,,,,,,,,,,,,,,,,,,,,397904566,39790456600015,72.19Z,,,,,,,,,,,sirene,
PROMOTOOL,,,a contacter,,,,,,,,,,,,data_etudes,"Traitement de donnees, hebergement et activites connexes",CHATOU,,78,,,,,,,,,,,,,,,,,,,,,,,,,,,,,,,,,,,,,,,,,,,,,,,434855607,43485560700041,63.11Z,,,,,,,,,,,sirene,
PRONEEM,,,a contacter,,,,,,,,,,,,data_etudes,Recherche-developpement en autres sciences physiques et naturelles,MARSEILLE,,13,,,,,,,,,,,,,,,,,,,,,,,,,,,,,,,,,,,,,,,,,,,,,,,450546973,45054697300055,72.19Z,,,,,,,,,,,sirene,
PROPHESEE,,,a contacter,,,,,,,,,,,,data_etudes,Recherche-developpement en autres sciences physiques et naturelles,PARIS 12,,75,,,,,,,,,,,,,,,,,,,,,,,,,,,,,,,,,,,,,,,,,,,,,,,800681892,80068189200025,72.19Z,,,,,,,,,,,sirene,
PROSELIS,,,a contacter,,,,,,,,,,,,data_etudes,"Traitement de donnees, hebergement et activites connexes",CAMPBON,,44,,,,,,,,,,,,,,,,,,,,,,,,,,,,,,,,,,,,,,,,,,,,,,,450797493,45079749300035,63.11Z,,,,,,,,,,,sirene,
PROSELIS GROUP,,,a contacter,,,,,,,,,,,,data_etudes,"Traitement de donnees, hebergement et activites connexes",CAMPBON,,44,,,,,,,,,,,,,,,,,,,,,,,,,,,,,,,,,,,,,,,,,,,,,,,848283644,84828364400013,63.11Z,,,,,,,,,,,sirene,
PROTISVALOR MEDITERRANEE,,,a contacter,,,,,,,,,,,,data_etudes,Recherche-developpement en autres sciences physiques et naturelles,MARSEILLE,,13,,,,,,,,,,,,,,,,,,,,,,,,,,,,,,,,,,,,,,,,,,,,,,,441801651,44180165100015,72.19Z,,,,,,,,,,,sirene,
PROVIGIS,,,a contacter,,,,,,,,,,,,data_etudes,"Traitement de donnees, hebergement et activites connexes",PARIS,,75,,,,,,,,,,,,,,,,,,,,,,,,,,,,,,,,,,,,,,,,,,,,,,,431960251,43196025100087,63.11Z,,,,,,,,,,,sirene,
PRYNEL,,,a contacter,,,,,,,,,,,,data_etudes,Recherche-developpement en autres sciences physiques et naturelles,CORPEAU,,21,,,,,,,,,,,,,,,,,,,,,,,,,,,,,,,,,,,,,,,,,,,,,,,438104721,43810472100016,72.19Z,,,,,,,,,,,sirene,
PS TESTWARE,,,a contacter,,,,,,,,,,,,data_etudes,"Traitement de donnees, hebergement et activites connexes",MARCQ-EN-BARŒUL,,59,,,,,,,,,,,,,,,,,,,,,,,,,,,,,,,,,,,,,,,,,,,,,,,500411467,50041146700037,63.11Z,,,,,,,,,,,sirene,
PSI CRO FRANCE,,,a contacter,,,,,,,,,,,,data_etudes,Recherche-developpement en autres sciences physiques et naturelles,SAINT-MAUR-DES-FOSSES,,94,,,,,,,,,,,,,,,,,,,,,,,,,,,,,,,,,,,,,,,,,,,,,,,518013339,51801333900073,72.19Z,,,,,,,,,,,sirene,
PW-EST,,,a contacter,,,,,,,,,,,,data_etudes,"Traitement de donnees, hebergement et activites connexes",REDING,,57,,,,,,,,,,,,,,,,,,,,,,,,,,,,,,,,,,,,,,,,,,,,,,,485359194,48535919400019,63.11Z,,,,,,,,,,,sirene,
QIIP,,,a contacter,,,,,,,,,,,,data_etudes,"Traitement de donnees, hebergement et activites connexes",PARIS,,75,,,,,,,,,,,,,,,,,,,,,,,,,,,,,,,,,,,,,,,,,,,,,,,879135879,87913587900036,63.11Z,,,,,,,,,,,sirene,
QIMA NEWTONE,,,a contacter,,,,,,,,,,,,data_etudes,Recherche-developpement en autres sciences physiques et naturelles,LYON,,69,,,,,,,,,,,,,,,,,,,,,,,,,,,,,,,,,,,,,,,,,,,,,,,479833808,47983380800054,72.19Z,,,,,,,,,,,sirene,
QIMA SKINPHARMA,,,a contacter,,,,,,,,,,,,data_etudes,Recherche-developpement en autres sciences physiques et naturelles,NICE,,06,,,,,,,,,,,,,,,,,,,,,,,,,,,,,,,,,,,,,,,,,,,,,,,404740029,40474002900032,72.19Z,,,,,,,,,,,sirene,
QUADIENT SHIPPING,,,a contacter,,,,,,,,,,,,data_etudes,"Traitement de donnees, hebergement et activites connexes",AVIGNON,,84,,,,,,,,,,,,,,,,,,,,,,,,,,,,,,,,,,,,,,,,,,,,,,,509700852,50970085200031,63.11Z,,,,,,,,,,,sirene,
QUADRISSIMO,,,a contacter,,,,,,,,,,,,data_etudes,"Traitement de donnees, hebergement et activites connexes",MARSEILLE,,13,,,,,,,,,,,,,,,,,,,,,,,,,,,,,,,,,,,,,,,,,,,,,,,385062369,38506236900033,63.11Z,,,,,,,,,,,sirene,
QUADRIUM,,,a contacter,,,,,,,,,,,,data_etudes,Etudes de marche et sondages,TOULOUSE,,31,,,,,,,,,,,,,,,,,,,,,,,,,,,,,,,,,,,,,,,,,,,,,,,922750401,92275040100015,73.20Z,,,,,,,,,,,sirene,
QUALCOMM FRANCE,,,a contacter,,,,,,,,,,,,data_etudes,Recherche-developpement en autres sciences physiques et naturelles,GUYANCOURT,,78,,,,,,,,,,,,,,,,,,,,,,,,,,,,,,,,,,,,,,,,,,,,,,,795039528,79503952800174,72.19Z,,,,,,,,,,,sirene,
QUALI CONTACT,,,a contacter,,,,,,,,,,,,data_etudes,Etudes de marche et sondages,CLICHY,,92,,,,,,,,,,,,,,,,,,,,,,,,,,,,,,,,,,,,,,,,,,,,,,,394573497,39457349700036,73.20Z,,,,,,,,,,,sirene,
QUALI CONTROLE,,,a contacter,,,,,,,,,,,,data_etudes,Recherche-developpement en autres sciences physiques et naturelles,MERU,,60,,,,,,,,,,,,,,,,,,,,,,,,,,,,,,,,,,,,,,,,,,,,,,,325843191,32584319100025,72.19Z,,,,,,,,,,,sirene,
QUALI SEC,,,a contacter,,,,,,,,,,,,data_etudes,Etudes de marche et sondages,LES ABYMES,,971,,,,,,,,,,,,,,,,,,,,,,,,,,,,,,,,,,,,,,,,,,,,,,,500315098,50031509800037,73.20Z,,,,,,,,,,,sirene,
QUALIFORMED,,,a contacter,,,,,,,,,,,,data_etudes,Recherche-developpement en autres sciences physiques et naturelles,LA ROCHE-SUR-YON,,85,,,,,,,,,,,,,,,,,,,,,,,,,,,,,,,,,,,,,,,,,,,,,,,488632662,48863266200034,72.19Z,,,,,,,,,,,sirene,
QUALIGRAF,,,a contacter,,,,,,,,,,,,data_etudes,"Traitement de donnees, hebergement et activites connexes",PARIS,,75,,,,,,,,,,,,,,,,,,,,,,,,,,,,,,,,,,,,,,,,,,,,,,,333722841,33372284100041,63.11Z,,,,,,,,,,,sirene,
QUALIMARKET,,,a contacter,,,,,,,,,,,,data_etudes,Etudes de marche et sondages,TALENCE,,33,,,,,,,,,,,,,,,,,,,,,,,,,,,,,,,,,,,,,,,,,,,,,,,417926250,41792625000024,73.20Z,,,,,,,,,,,sirene,
QUALINOA,,,a contacter,,,,,,,,,,,,data_etudes,Recherche-developpement en autres sciences physiques et naturelles,CLARET,,34,,,,,,,,,,,,,,,,,,,,,,,,,,,,,,,,,,,,,,,,,,,,,,,914384334,91438433400019,72.19Z,,,,,,,,,,,sirene,
QUALISTAT,,,a contacter,,,,,,,,,,,,data_etudes,Etudes de marche et sondages,LES ABYMES,,971,,,,,,,,,,,,,,,,,,,,,,,,,,,,,,,,,,,,,,,,,,,,,,,418294609,41829460900049,73.20Z,,,,,,,,,,,sirene,
QUALIVOX,,,a contacter,,,,,,,,,,,,data_etudes,Etudes de marche et sondages,BRIGNAIS,,69,,,,,,,,,,,,,,,,,,,,,,,,,,,,,,,,,,,,,,,,,,,,,,,449695741,44969574100073,73.20Z,,,,,,,,,,,sirene,
QUANTACELL,,,a contacter,,,,,,,,,,,,data_etudes,Recherche-developpement en autres sciences physiques et naturelles,MONTPELLIER,,34,,,,,,,,,,,,,,,,,,,,,,,,,,,,,,,,,,,,,,,,,,,,,,,805024957,80502495700039,72.19Z,,,,,,,,,,,sirene,
QUANTEL TECHNOLOGIES,,,a contacter,,,,,,,,,,,,data_etudes,Recherche-developpement en autres sciences physiques et naturelles,VILLEJUST,,91,,,,,,,,,,,,,,,,,,,,,,,,,,,,,,,,,,,,,,,,,,,,,,,840637383,84063738300042,72.19Z,,,,,,,,,,,sirene,
QUANTITEST,,,a contacter,,,,,,,,,,,,data_etudes,Etudes de marche et sondages,MENNECY,,91,,,,,,,,,,,,,,,,,,,,,,,,,,,,,,,,,,,,,,,,,,,,,,,502648652,50264865200019,73.20Z,,,,,,,,,,,sirene,
QUANTITUDE,,,a contacter,,,,,,,,,,,,data_etudes,Etudes de marche et sondages,CHALLES-LES-EAUX,,73,,,,,,,,,,,,,,,,,,,,,,,,,,,,,,,,,,,,,,,,,,,,,,,508899234,50889923400035,73.20Z,,,,,,,,,,,sirene,
QUARKS SOLUTIONS,,,a contacter,,,,,,,,,,,,data_etudes,"Traitement de donnees, hebergement et activites connexes",BESANCON,,25,,,,,,,,,,,,,,,,,,,,,,,,,,,,,,,,,,,,,,,,,,,,,,,537462764,53746276400045,63.11Z,,,,,,,,,,,sirene,
QUESTEL,,,a contacter,,,,,,,,,,,,data_etudes,"Traitement de donnees, hebergement et activites connexes",PARIS,,75,,,,,,,,,,,,,,,,,,,,,,,,,,,,,,,,,,,,,,,,,,,,,,,329326896,32932689600134,63.11Z,,,,,,,,,,,sirene,
QUOBLY,,,a contacter,,,,,,,,,,,,data_etudes,Recherche-developpement en autres sciences physiques et naturelles,GRENOBLE,,38,,,,,,,,,,,,,,,,,,,,,,,,,,,,,,,,,,,,,,,,,,,,,,,921773792,92177379200020,72.19Z,,,,,,,,,,,sirene,
QUOTA SUD,,,a contacter,,,,,,,,,,,,data_etudes,Etudes de marche et sondages,BORDEAUX,,33,,,,,,,,,,,,,,,,,,,,,,,,,,,,,,,,,,,,,,,,,,,,,,,411767759,41176775900045,73.20Z,,,,,,,,,,,sirene,
QUOTATIS GROUPE,,,a contacter,,,,,,,,,,,,data_etudes,"Traitement de donnees, hebergement et activites connexes",PARIS,,75,,,,,,,,,,,,,,,,,,,,,,,,,,,,,,,,,,,,,,,,,,,,,,,424057495,42405749500055,63.11Z,,,,,,,,,,,sirene,
QWEHLI GROUP,,,a contacter,,,,,,,,,,,,data_etudes,Recherche-developpement en autres sciences physiques et naturelles,PARIS,,75,,,,,,,,,,,,,,,,,,,,,,,,,,,,,,,,,,,,,,,,,,,,,,,844770016,84477001600021,72.19Z,,,,,,,,,,,sirene,
R & D VISION,,,a contacter,,,,,,,,,,,,data_etudes,Recherche-developpement en autres sciences physiques et naturelles,SAINT-MAUR-DES-FOSSES,,94,,,,,,,,,,,,,,,,,,,,,,,,,,,,,,,,,,,,,,,,,,,,,,,440955300,44095530000031,72.19Z,,,,,,,,,,,sirene,
R G A SYSTEMES,,,a contacter,,,,,,,,,,,,data_etudes,Recherche-developpement en autres sciences physiques et naturelles,CHAMPS-SUR-MARNE,,77,,,,,,,,,,,,,,,,,,,,,,,,,,,,,,,,,,,,,,,,,,,,,,,337636146,33763614600058,72.19Z,,,,,,,,,,,sirene,
RACK MATRIX TECHNOLOGY,,,a contacter,,,,,,,,,,,,data_etudes,Recherche-developpement en autres sciences physiques et naturelles,FERRIERES-EN-GATINAIS,,45,,,,,,,,,,,,,,,,,,,,,,,,,,,,,,,,,,,,,,,,,,,,,,,824813471,82481347100029,72.19Z,,,,,,,,,,,sirene,
RAGT ENERGIE,,,a contacter,,,,,,,,,,,,data_etudes,Recherche-developpement en autres sciences physiques et naturelles,RODEZ,,12,,,,,,,,,,,,,,,,,,,,,,,,,,,,,,,,,,,,,,,,,,,,,,,504879842,50487984200012,72.19Z,,,,,,,,,,,sirene,
RAILENIUM,,,a contacter,,,,,,,,,,,,data_etudes,Recherche-developpement en autres sciences physiques et naturelles,FAMARS,,59,,,,,,,,,,,,,,,,,,,,,,,,,,,,,,,,,,,,,,,,,,,,,,,790060024,79006002400029,72.19Z,,,,,,,,,,,sirene,
RAINETTE,,,a contacter,,,,,,,,,,,,data_etudes,Recherche-developpement en autres sciences physiques et naturelles,JENLAIN,,59,,,,,,,,,,,,,,,,,,,,,,,,,,,,,,,,,,,,,,,,,,,,,,,508468709,50846870900060,72.19Z,,,,,,,,,,,sirene,
RAKUTEN TV MEDIA SAS,,,a contacter,,,,,,,,,,,,data_etudes,"Traitement de donnees, hebergement et activites connexes",PARIS,,75,,,,,,,,,,,,,,,,,,,,,,,,,,,,,,,,,,,,,,,,,,,,,,,500942339,50094233900069,63.11Z,,,,,,,,,,,sirene,
RAMCES,,,a contacter,,,,,,,,,,,,data_etudes,"Traitement de donnees, hebergement et activites connexes",SAINT-LUBIN-DE-LA-HAYE,,28,,,,,,,,,,,,,,,,,,,,,,,,,,,,,,,,,,,,,,,,,,,,,,,379820715,37982071500017,63.11Z,,,,,,,,,,,sirene,
RAPSODIE,,,a contacter,,,,,,,,,,,,data_etudes,Recherche-developpement en autres sciences physiques et naturelles,OUTARVILLE,,45,,,,,,,,,,,,,,,,,,,,,,,,,,,,,,,,,,,,,,,,,,,,,,,824561682,82456168200017,72.19Z,,,,,,,,,,,sirene,
RARECELLS DIAGNOSTICS,,,a contacter,,,,,,,,,,,,data_etudes,Recherche-developpement en autres sciences physiques et naturelles,PARIS,,75,,,,,,,,,,,,,,,,,,,,,,,,,,,,,,,,,,,,,,,,,,,,,,,523913267,52391326700010,72.19Z,,,,,,,,,,,sirene,
RC2E,,,a contacter,,,,,,,,,,,,data_etudes,Recherche-developpement en autres sciences physiques et naturelles,THIERS,,63,,,,,,,,,,,,,,,,,,,,,,,,,,,,,,,,,,,,,,,,,,,,,,,789063419,78906341900020,72.19Z,,,,,,,,,,,sirene,
RCF@ICPS,,,a contacter,,,,,,,,,,,,data_etudes,Recherche-developpement en autres sciences physiques et naturelles,MASSY,,91,,,,,,,,,,,,,,,,,,,,,,,,,,,,,,,,,,,,,,,,,,,,,,,432962645,43296264500029,72.19Z,,,,,,,,,,,sirene,
REACTEVENT,,,a contacter,,,,,,,,,,,,data_etudes,"Traitement de donnees, hebergement et activites connexes",LILLE,,59,,,,,,,,,,,,,,,,,,,,,,,,,,,,,,,,,,,,,,,,,,,,,,,844821637,84482163700023,63.11Z,,,,,,,,,,,sirene,
REALITY,,,a contacter,,,,,,,,,,,,data_etudes,"Traitement de donnees, hebergement et activites connexes",PARIS,,75,,,,,,,,,,,,,,,,,,,,,,,,,,,,,,,,,,,,,,,,,,,,,,,911664308,91166430800028,63.11Z,,,,,,,,,,,sirene,
REC,,,a contacter,,,,,,,,,,,,data_etudes,Recherche-developpement en autres sciences physiques et naturelles,JOIGNY,,89,,,,,,,,,,,,,,,,,,,,,,,,,,,,,,,,,,,,,,,,,,,,,,,879258218,87925821800038,72.19Z,,,,,,,,,,,sirene,
RECH INNOV TRANSFERT TECHN MAT FERT ORG,,,a contacter,,,,,,,,,,,,data_etudes,Recherche-developpement en autres sciences physiques et naturelles,COLMAR,,68,,,,,,,,,,,,,,,,,,,,,,,,,,,,,,,,,,,,,,,,,,,,,,,441508017,44150801700031,72.19Z,,,,,,,,,,,sirene,
RECHERCHE APPLIQUEE DISTRIBUT MATER INDU,,,a contacter,,,,,,,,,,,,data_etudes,Recherche-developpement en autres sciences physiques et naturelles,BUSSY-SAINT-GEORGES,,77,,,,,,,,,,,,,,,,,,,,,,,,,,,,,,,,,,,,,,,,,,,,,,,331815753,33181575300032,72.19Z,,,,,,,,,,,sirene,
RECIPROC-IT,,,a contacter,,,,,,,,,,,,data_etudes,Autres services d'information n.c.a.,VILLE-D'AVRAY,,92,,,,,,,,,,,,,,,,,,,,,,,,,,,,,,,,,,,,,,,,,,,,,,,807701438,80770143800010,63.99Z,,,,,,,,,,,sirene,
RECKONECT,,,a contacter,,,,,,,,,,,,data_etudes,"Traitement de donnees, hebergement et activites connexes",PROVEYSIEUX,,38,,,,,,,,,,,,,,,,,,,,,,,,,,,,,,,,,,,,,,,,,,,,,,,914297288,91429728800021,63.11Z,,,,,,,,,,,sirene,
REECALL,,,a contacter,,,,,,,,,,,,data_etudes,"Traitement de donnees, hebergement et activites connexes",LA TOUR-DE-SALVAGNY,,69,,,,,,,,,,,,,,,,,,,,,,,,,,,,,,,,,,,,,,,,,,,,,,,842577017,84257701700028,63.11Z,,,,,,,,,,,sirene,
REEF PULSE,,,a contacter,,,,,,,,,,,,data_etudes,Recherche-developpement en autres sciences physiques et naturelles,SAINT-DENIS,,974,,,,,,,,,,,,,,,,,,,,,,,,,,,,,,,,,,,,,,,,,,,,,,,903411585,90341158500024,72.19Z,,,,,,,,,,,sirene,
REEFERPULSE,,,a contacter,,,,,,,,,,,,data_etudes,"Traitement de donnees, hebergement et activites connexes",PARIS,,75,,,,,,,,,,,,,,,,,,,,,,,,,,,,,,,,,,,,,,,,,,,,,,,853317626,85331762600010,63.11Z,,,,,,,,,,,sirene,
REFERENCE DIRECTE,,,a contacter,,,,,,,,,,,,data_etudes,"Traitement de donnees, hebergement et activites connexes",WAMBRECHIES,,59,,,,,,,,,,,,,,,,,,,,,,,,,,,,,,,,,,,,,,,,,,,,,,,828853143,82885314300026,63.11Z,,,,,,,,,,,sirene,
REFERENCE DIRECTE INTERNATIONAL,,,a contacter,,,,,,,,,,,,data_etudes,Etudes de marche et sondages,ROUVROY,,62,,,,,,,,,,,,,,,,,,,,,,,,,,,,,,,,,,,,,,,,,,,,,,,810273888,81027388800018,73.20Z,,,,,,,,,,,sirene,
REFLEXIONS SCIENTIFIQUES ET TECHNIQUES DES NEUF,,,a contacter,,,,,,,,,,,,data_etudes,Recherche-developpement en autres sciences physiques et naturelles,PAUILLAC,,33,,,,,,,,,,,,,,,,,,,,,,,,,,,,,,,,,,,,,,,,,,,,,,,798402939,79840293900010,72.19Z,,,,,,,,,,,sirene,
REGIE DE GESTION DES DONNEES SAVOIE MONT BLANC,,,a contacter,,,,,,,,,,,,data_etudes,"Traitement de donnees, hebergement et activites connexes",ANNECY,,74,,,,,,,,,,,,,,,,,,,,,,,,,,,,,,,,,,,,,,,,,,,,,,,130029879,13002987900017,63.11Z,,,,,,,,,,,sirene,
REGISTRE DU CANCER DE L' ISERE,,,a contacter,,,,,,,,,,,,data_etudes,Recherche-developpement en autres sciences physiques et naturelles,LA TRONCHE,,38,,,,,,,,,,,,,,,,,,,,,,,,,,,,,,,,,,,,,,,,,,,,,,,314023912,31402391200046,72.19Z,,,,,,,,,,,sirene,
REGLE DE TROIS INSTITUT,,,a contacter,,,,,,,,,,,,data_etudes,Etudes de marche et sondages,LILLE,,59,,,,,,,,,,,,,,,,,,,,,,,,,,,,,,,,,,,,,,,,,,,,,,,430362061,43036206100037,73.20Z,,,,,,,,,,,sirene,
RELEVANC,,,a contacter,,,,,,,,,,,,data_etudes,"Traitement de donnees, hebergement et activites connexes",SAINT-ETIENNE,,42,,,,,,,,,,,,,,,,,,,,,,,,,,,,,,,,,,,,,,,,,,,,,,,824155824,82415582400017,63.11Z,,,,,,,,,,,sirene,
RELEX SOLUTIONS,,,a contacter,,,,,,,,,,,,data_etudes,Etudes de marche et sondages,LILLE,,59,,,,,,,,,,,,,,,,,,,,,,,,,,,,,,,,,,,,,,,,,,,,,,,821645421,82164542100024,73.20Z,,,,,,,,,,,sirene,
REMORA BIOTECH FRANCE,,,a contacter,,,,,,,,,,,,data_etudes,Recherche-developpement en autres sciences physiques et naturelles,NANTES,,44,,,,,,,,,,,,,,,,,,,,,,,,,,,,,,,,,,,,,,,,,,,,,,,947971669,94797166900025,72.19Z,,,,,,,,,,,sirene,
RENAISSANCE FUSION,,,a contacter,,,,,,,,,,,,data_etudes,Recherche-developpement en autres sciences physiques et naturelles,FONTAINE,,38,,,,,,,,,,,,,,,,,,,,,,,,,,,,,,,,,,,,,,,,,,,,,,,885269332,88526933200049,72.19Z,,,,,,,,,,,sirene,
RENAUD ALAGUILLAUME,,,a contacter,,,,,,,,,,,,data_etudes,"Traitement de donnees, hebergement et activites connexes",SILLY-LE-LONG,,60,,,,,,,,,,,,,,,,,,,,,,,,,,,,,,,,,,,,,,,,,,,,,,,381670470,38167047000024,63.11Z,,,,,,,,,,,sirene,
RENOVADMIN,,,a contacter,,,,,,,,,,,,data_etudes,Recherche-developpement en autres sciences physiques et naturelles,MARSEILLE,,13,,,,,,,,,,,,,,,,,,,,,,,,,,,,,,,,,,,,,,,,,,,,,,,922525530,92252553000015,72.19Z,,,,,,,,,,,sirene,
RENTRAK FRANCE EURL,,,a contacter,,,,,,,,,,,,data_etudes,Etudes de marche et sondages,NEUILLY-SUR-SEINE,,92,,,,,,,,,,,,,,,,,,,,,,,,,,,,,,,,,,,,,,,,,,,,,,,519782007,51978200700040,73.20Z,,,,,,,,,,,sirene,
REPUTATIONAL INTELLIGENCE FRANCE,,,a contacter,,,,,,,,,,,,data_etudes,Etudes de marche et sondages,COURBEVOIE,,92,,,,,,,,,,,,,,,,,,,,,,,,,,,,,,,,,,,,,,,,,,,,,,,903766194,90376619400034,73.20Z,,,,,,,,,,,sirene,
RESEAU NATIONAL DE TELECOMMUNICATION POUR LA TECHNOLOGIE D ENSEIGNEMENT ET LA RECHERCHE,,,a contacter,,,,,,,,,,,,data_etudes,Recherche-developpement en autres sciences physiques et naturelles,PARIS,,75,,,,,,,,,,,,,,,,,,,,,,,,,,,,,,,,,,,,,,,,,,,,,,,180089476,18008947600055,72.19Z,,,,,,,,,,,sirene,
RESIP,,,a contacter,,,,,,,,,,,,data_etudes,"Traitement de donnees, hebergement et activites connexes",BOULOGNE-BILLANCOURT,,92,,,,,,,,,,,,,,,,,,,,,,,,,,,,,,,,,,,,,,,,,,,,,,,332087964,33208796400067,63.11Z,,,,,,,,,,,sirene,
RESOLYNK A.C.S.,,,a contacter,,,,,,,,,,,,data_etudes,"Traitement de donnees, hebergement et activites connexes",SAINT-OUEN-L'AUMONE,,95,,,,,,,,,,,,,,,,,,,,,,,,,,,,,,,,,,,,,,,,,,,,,,,451081384,45108138400013,63.11Z,,,,,,,,,,,sirene,
RESOTIC,,,a contacter,,,,,,,,,,,,data_etudes,"Traitement de donnees, hebergement et activites connexes",CLERMONT-FERRAND,,63,,,,,,,,,,,,,,,,,,,,,,,,,,,,,,,,,,,,,,,,,,,,,,,504891433,50489143300030,63.11Z,,,,,,,,,,,sirene,
RESSOURCES GLOBALES EN INFORMATIQUE,,,a contacter,,,,,,,,,,,,data_etudes,"Traitement de donnees, hebergement et activites connexes",LE PLESSIS-PATE,,91,,,,,,,,,,,,,,,,,,,,,,,,,,,,,,,,,,,,,,,,,,,,,,,378631626,37863162600033,63.11Z,,,,,,,,,,,sirene,
RESSOURCES SYSTEMES INFORMATIONS,,,a contacter,,,,,,,,,,,,data_etudes,"Traitement de donnees, hebergement et activites connexes",GUYANCOURT,,78,,,,,,,,,,,,,,,,,,,,,,,,,,,,,,,,,,,,,,,,,,,,,,,331503169,33150316900046,63.11Z,,,,,,,,,,,sirene,
RETAIL OPTIMIZATION SYSTEMS AND SERVICES,,,a contacter,,,,,,,,,,,,data_etudes,"Traitement de donnees, hebergement et activites connexes",LE PORT,,974,,,,,,,,,,,,,,,,,,,,,,,,,,,,,,,,,,,,,,,,,,,,,,,883703043,88370304300017,63.11Z,,,,,,,,,,,sirene,
RETAILSONAR FRANCE,,,a contacter,,,,,,,,,,,,data_etudes,Etudes de marche et sondages,PARIS,,75,,,,,,,,,,,,,,,,,,,,,,,,,,,,,,,,,,,,,,,,,,,,,,,413219692,41321969200048,73.20Z,,,,,,,,,,,sirene,
RETSCI SAS,,,a contacter,,,,,,,,,,,,data_etudes,"Traitement de donnees, hebergement et activites connexes",PARIS,,75,,,,,,,,,,,,,,,,,,,,,,,,,,,,,,,,,,,,,,,,,,,,,,,839311305,83931130500024,63.11Z,,,,,,,,,,,sirene,
REUNIWATT,,,a contacter,,,,,,,,,,,,data_etudes,Recherche-developpement en autres sciences physiques et naturelles,SAINT-DENIS,,974,,,,,,,,,,,,,,,,,,,,,,,,,,,,,,,,,,,,,,,,,,,,,,,518919345,51891934500018,72.19Z,,,,,,,,,,,sirene,
REVIMMUNE SAS,,,a contacter,,,,,,,,,,,,data_etudes,Recherche-developpement en autres sciences physiques et naturelles,ISSY-LES-MOULINEAUX,,92,,,,,,,,,,,,,,,,,,,,,,,,,,,,,,,,,,,,,,,,,,,,,,,803071729,80307172900021,72.19Z,,,,,,,,,,,sirene,
RH PAIE EXPERTS,,,a contacter,,,,,,,,,,,,data_etudes,"Traitement de donnees, hebergement et activites connexes",VOISINS-LE-BRETONNEUX,,78,,,,,,,,,,,,,,,,,,,,,,,,,,,,,,,,,,,,,,,,,,,,,,,834818429,83481842900013,63.11Z,,,,,,,,,,,sirene,
RHODIA OPERATION,,,a contacter,,,,,,,,,,,,data_etudes,Recherche-developpement en autres sciences physiques et naturelles,SAINT-FONS,,69,,,,,,,,,,,,,,,,,,,,,,,,,,,,,,,,,,,,,,,,,,,,,,,322759994,32275999400013,72.19Z,,,,,,,,,,,sirene,
RIBONEXUS,,,a contacter,,,,,,,,,,,,data_etudes,Recherche-developpement en autres sciences physiques et naturelles,VILLEJUIF,,94,,,,,,,,,,,,,,,,,,,,,,,,,,,,,,,,,,,,,,,,,,,,,,,898280250,89828025000017,72.19Z,,,,,,,,,,,sirene,
RIVRS,,,a contacter,,,,,,,,,,,,data_etudes,"Traitement de donnees, hebergement et activites connexes",RENNES,,35,,,,,,,,,,,,,,,,,,,,,,,,,,,,,,,,,,,,,,,,,,,,,,,903951259,90395125900022,63.11Z,,,,,,,,,,,sirene,
ROAMLER FRANCE,,,a contacter,,,,,,,,,,,,data_etudes,"Traitement de donnees, hebergement et activites connexes",LYON,,69,,,,,,,,,,,,,,,,,,,,,,,,,,,,,,,,,,,,,,,,,,,,,,,800326712,80032671200034,63.11Z,,,,,,,,,,,sirene,
ROSI,,,a contacter,,,,,,,,,,,,data_etudes,Recherche-developpement en autres sciences physiques et naturelles,SEYSSINS,,38,,,,,,,,,,,,,,,,,,,,,,,,,,,,,,,,,,,,,,,,,,,,,,,833310204,83331020400031,72.19Z,,,,,,,,,,,sirene,
ROVERBA CGS,,,a contacter,,,,,,,,,,,,data_etudes,"Traitement de donnees, hebergement et activites connexes",VAULX-EN-VELIN,,69,,,,,,,,,,,,,,,,,,,,,,,,,,,,,,,,,,,,,,,,,,,,,,,531318566,53131856600027,63.11Z,,,,,,,,,,,sirene,
RPLUS SANTE,,,a contacter,,,,,,,,,,,,data_etudes,"Traitement de donnees, hebergement et activites connexes",PARIS,,75,,,,,,,,,,,,,,,,,,,,,,,,,,,,,,,,,,,,,,,,,,,,,,,381250323,38125032300064,63.11Z,,,,,,,,,,,sirene,
RPMG,,,a contacter,,,,,,,,,,,,data_etudes,"Traitement de donnees, hebergement et activites connexes",ROUBAIX,,59,,,,,,,,,,,,,,,,,,,,,,,,,,,,,,,,,,,,,,,,,,,,,,,823973862,82397386200027,63.11Z,,,,,,,,,,,sirene,
RUN CONSEIL,,,a contacter,,,,,,,,,,,,data_etudes,Etudes de marche et sondages,SAINT-DENIS,,974,,,,,,,,,,,,,,,,,,,,,,,,,,,,,,,,,,,,,,,,,,,,,,,812110310,81211031000024,73.20Z,,,,,,,,,,,sirene,
RUNPSI,,,a contacter,,,,,,,,,,,,data_etudes,"Traitement de donnees, hebergement et activites connexes",LE TAMPON,,974,,,,,,,,,,,,,,,,,,,,,,,,,,,,,,,,,,,,,,,,,,,,,,,538243007,53824300700035,63.11Z,,,,,,,,,,,sirene,
S.N.CA,,,a contacter,,,,,,,,,,,,data_etudes,Etudes de marche et sondages,MARSEILLE,,13,,,,,,,,,,,,,,,,,,,,,,,,,,,,,,,,,,,,,,,,,,,,,,,814737185,81473718500029,73.20Z,,,,,,,,,,,sirene,
S.P.V.INFORMATIQUE,,,a contacter,,,,,,,,,,,,data_etudes,"Traitement de donnees, hebergement et activites connexes",MULHOUSE,,68,,,,,,,,,,,,,,,,,,,,,,,,,,,,,,,,,,,,,,,,,,,,,,,946951415,94695141500011,63.11Z,,,,,,,,,,,sirene,
S.T.S. 01,,,a contacter,,,,,,,,,,,,data_etudes,"Traitement de donnees, hebergement et activites connexes",LYON,,69,,,,,,,,,,,,,,,,,,,,,,,,,,,,,,,,,,,,,,,,,,,,,,,834292351,83429235100014,63.11Z,,,,,,,,,,,sirene,
S2E R&D,,,a contacter,,,,,,,,,,,,data_etudes,Recherche-developpement en autres sciences physiques et naturelles,NANCY,,54,,,,,,,,,,,,,,,,,,,,,,,,,,,,,,,,,,,,,,,,,,,,,,,834286239,83428623900027,72.19Z,,,,,,,,,,,sirene,
SABRE FRANCE SARL,,,a contacter,,,,,,,,,,,,data_etudes,"Traitement de donnees, hebergement et activites connexes",PARIS,,75,,,,,,,,,,,,,,,,,,,,,,,,,,,,,,,,,,,,,,,,,,,,,,,400550596,40055059600037,63.11Z,,,,,,,,,,,sirene,
SACM,,,a contacter,,,,,,,,,,,,data_etudes,Recherche-developpement en autres sciences physiques et naturelles,MULHOUSE,,68,,,,,,,,,,,,,,,,,,,,,,,,,,,,,,,,,,,,,,,,,,,,,,,909171225,90917122500016,72.19Z,,,,,,,,,,,sirene,
SAD MARKETING,,,a contacter,,,,,,,,,,,,data_etudes,Etudes de marche et sondages,VILLENEUVE-D'ASCQ,,59,,,,,,,,,,,,,,,,,,,,,,,,,,,,,,,,,,,,,,,,,,,,,,,320624943,32062494300058,73.20Z,,,,,,,,,,,sirene,
SADAL ENGINEERING,,,a contacter,,,,,,,,,,,,data_etudes,Recherche-developpement en autres sciences physiques et naturelles,GUER,,56,,,,,,,,,,,,,,,,,,,,,,,,,,,,,,,,,,,,,,,,,,,,,,,817410582,81741058200032,72.19Z,,,,,,,,,,,sirene,
SAFE,,,a contacter,,,,,,,,,,,,data_etudes,Recherche-developpement en autres sciences physiques et naturelles,FLEURIEUX-SUR-L'ARBRESLE,,69,,,,,,,,,,,,,,,,,,,,,,,,,,,,,,,,,,,,,,,,,,,,,,,520722646,52072264600038,72.19Z,,,,,,,,,,,sirene,
SAFE ORTHOPAEDICS SAS,,,a contacter,,,,,,,,,,,,data_etudes,Recherche-developpement en autres sciences physiques et naturelles,FLEURIEUX-SUR-L'ARBRESLE,,69,,,,,,,,,,,,,,,,,,,,,,,,,,,,,,,,,,,,,,,,,,,,,,,890515810,89051581000020,72.19Z,,,,,,,,,,,sirene,
SAFEO,,,a contacter,,,,,,,,,,,,data_etudes,"Traitement de donnees, hebergement et activites connexes",SAINT-GERMAIN-EN-LAYE,,78,,,,,,,,,,,,,,,,,,,,,,,,,,,,,,,,,,,,,,,,,,,,,,,800156150,80015615000040,63.11Z,,,,,,,,,,,sirene,
SAFRAN ADDITIVE MANUFACTURING CAMPUS,,,a contacter,,,,,,,,,,,,data_etudes,Recherche-developpement en autres sciences physiques et naturelles,LE HAILLAN,,33,,,,,,,,,,,,,,,,,,,,,,,,,,,,,,,,,,,,,,,,,,,,,,,815255773,81525577300021,72.19Z,,,,,,,,,,,sirene,
SAFRAN CERAMICS,,,a contacter,,,,,,,,,,,,data_etudes,Recherche-developpement en autres sciences physiques et naturelles,LE HAILLAN,,33,,,,,,,,,,,,,,,,,,,,,,,,,,,,,,,,,,,,,,,,,,,,,,,440513059,44051305900087,72.19Z,,,,,,,,,,,sirene,
SAFRAN.AI,,,a contacter,,,,,,,,,,,,data_etudes,Recherche-developpement en autres sciences physiques et naturelles,PARIS,,75,,,,,,,,,,,,,,,,,,,,,,,,,,,,,,,,,,,,,,,,,,,,,,,818503146,81850314600065,72.19Z,,,,,,,,,,,sirene,
SAGEA SEREXPRO,,,a contacter,,,,,,,,,,,,data_etudes,Etudes de marche et sondages,COULOMBIERS,,86,,,,,,,,,,,,,,,,,,,,,,,,,,,,,,,,,,,,,,,,,,,,,,,410309934,41030993400025,73.20Z,,,,,,,,,,,sirene,
SAGECOM,,,a contacter,,,,,,,,,,,,data_etudes,"Traitement de donnees, hebergement et activites connexes",LE PERREUX-SUR-MARNE,,94,,,,,,,,,,,,,,,,,,,,,,,,,,,,,,,,,,,,,,,,,,,,,,,339275026,33927502600039,63.11Z,,,,,,,,,,,sirene,
SAGES INFORMATIQUE (SAUVEGARDE-ADMINISTRATION ET GESTION ELECTRONIQUE DE SUPPORTS INFORMATIQUES),,,a contacter,,,,,,,,,,,,data_etudes,"Traitement de donnees, hebergement et activites connexes",AFA,,2A,,,,,,,,,,,,,,,,,,,,,,,,,,,,,,,,,,,,,,,,,,,,,,,430044040,43004404000052,63.11Z,,,,,,,,,,,sirene,
SAINT-GOBAIN CENTRE DE RECHERCHES ET D'ETUDES EUROPEEN,,,a contacter,,,,,,,,,,,,data_etudes,Recherche-developpement en autres sciences physiques et naturelles,COURBEVOIE,,92,,,,,,,,,,,,,,,,,,,,,,,,,,,,,,,,,,,,,,,,,,,,,,,344436225,34443622500041,72.19Z,,,,,,,,,,,sirene,
SALARIS,,,a contacter,,,,,,,,,,,,data_etudes,"Traitement de donnees, hebergement et activites connexes",SAINT-ANDRE-LEZ-LILLE,,59,,,,,,,,,,,,,,,,,,,,,,,,,,,,,,,,,,,,,,,,,,,,,,,495032393,49503239300086,63.11Z,,,,,,,,,,,sirene,
SALTITUDE,,,a contacter,,,,,,,,,,,,data_etudes,"Traitement de donnees, hebergement et activites connexes",TOULOUSE,,31,,,,,,,,,,,,,,,,,,,,,,,,,,,,,,,,,,,,,,,,,,,,,,,911134237,91113423700013,63.11Z,,,,,,,,,,,sirene,
SAMMODE RESEARCH AND INNOVATION CENTER - SRIC,,,a contacter,,,,,,,,,,,,data_etudes,Recherche-developpement en autres sciences physiques et naturelles,LAMOTTE-BEUVRON,,41,,,,,,,,,,,,,,,,,,,,,,,,,,,,,,,,,,,,,,,,,,,,,,,830933313,83093331300041,72.19Z,,,,,,,,,,,sirene,
SAMO INFORMATIQUE,,,a contacter,,,,,,,,,,,,data_etudes,"Traitement de donnees, hebergement et activites connexes",SAINT-HERBLAIN,,44,,,,,,,,,,,,,,,,,,,,,,,,,,,,,,,,,,,,,,,,,,,,,,,411094543,41109454300039,63.11Z,,,,,,,,,,,sirene,
SANTE ORALE HANDICAP DEPENDANCE VULNERAB,,,a contacter,,,,,,,,,,,,data_etudes,Recherche-developpement en autres sciences physiques et naturelles,BRON,,69,,,,,,,,,,,,,,,,,,,,,,,,,,,,,,,,,,,,,,,,,,,,,,,480477322,48047732200014,72.19Z,,,,,,,,,,,sirene,
SANTEOS,,,a contacter,,,,,,,,,,,,data_etudes,"Traitement de donnees, hebergement et activites connexes",PUTEAUX,,92,,,,,,,,,,,,,,,,,,,,,,,,,,,,,,,,,,,,,,,,,,,,,,,419300678,41930067800101,63.11Z,,,,,,,,,,,sirene,
SANTINOVA,,,a contacter,,,,,,,,,,,,data_etudes,"Traitement de donnees, hebergement et activites connexes",RILLIEUX-LA-PAPE,,69,,,,,,,,,,,,,,,,,,,,,,,,,,,,,,,,,,,,,,,,,,,,,,,880972252,88097225200014,63.11Z,,,,,,,,,,,sirene,
SARL BAUP,,,a contacter,,,,,,,,,,,,data_etudes,"Traitement de donnees, hebergement et activites connexes",L'ISLE-EN-DODON,,31,,,,,,,,,,,,,,,,,,,,,,,,,,,,,,,,,,,,,,,,,,,,,,,421000852,42100085200028,63.11Z,,,,,,,,,,,sirene,
SARL CAB ALLIANCES DEVELOPP TOURISTIQUE,,,a contacter,,,,,,,,,,,,data_etudes,Etudes de marche et sondages,COUDES,,63,,,,,,,,,,,,,,,,,,,,,,,,,,,,,,,,,,,,,,,,,,,,,,,444928568,44492856800021,73.20Z,,,,,,,,,,,sirene,
SARL D.C.V GESTION,,,a contacter,,,,,,,,,,,,data_etudes,"Traitement de donnees, hebergement et activites connexes",PONTOISE,,95,,,,,,,,,,,,,,,,,,,,,,,,,,,,,,,,,,,,,,,,,,,,,,,523632149,52363214900028,63.11Z,,,,,,,,,,,sirene,
SARL EFFICIENCE 3,,,a contacter,,,,,,,,,,,,data_etudes,Etudes de marche et sondages,REIMS,,51,,,,,,,,,,,,,,,,,,,,,,,,,,,,,,,,,,,,,,,,,,,,,,,331773374,33177337400045,73.20Z,,,,,,,,,,,sirene,
SARL GALENIX INNOVATIONS,,,a contacter,,,,,,,,,,,,data_etudes,Recherche-developpement en autres sciences physiques et naturelles,SAINT-JEAN-D'ILLAC,,33,,,,,,,,,,,,,,,,,,,,,,,,,,,,,,,,,,,,,,,,,,,,,,,433860103,43386010300020,72.19Z,,,,,,,,,,,sirene,
SARL I-TRIAL,,,a contacter,,,,,,,,,,,,data_etudes,"Traitement de donnees, hebergement et activites connexes",MONTPELLIER,,34,,,,,,,,,,,,,,,,,,,,,,,,,,,,,,,,,,,,,,,,,,,,,,,409122405,40912240500031,63.11Z,,,,,,,,,,,sirene,
SARL LAE,,,a contacter,,,,,,,,,,,,data_etudes,Recherche-developpement en autres sciences physiques et naturelles,ESCALQUENS,,31,,,,,,,,,,,,,,,,,,,,,,,,,,,,,,,,,,,,,,,,,,,,,,,499739274,49973927400037,72.19Z,,,,,,,,,,,sirene,
SARL LTSC,,,a contacter,,,,,,,,,,,,data_etudes,"Traitement de donnees, hebergement et activites connexes",TREMBLAY-EN-FRANCE,,93,,,,,,,,,,,,,,,,,,,,,,,,,,,,,,,,,,,,,,,,,,,,,,,443479605,44347960500042,63.11Z,,,,,,,,,,,sirene,
SARL QUALI TEST,,,a contacter,,,,,,,,,,,,data_etudes,Etudes de marche et sondages,NANCY,,54,,,,,,,,,,,,,,,,,,,,,,,,,,,,,,,,,,,,,,,,,,,,,,,402306583,40230658300087,73.20Z,,,,,,,,,,,sirene,
SARL SUNDAYS DATA SYSTEM,,,a contacter,,,,,,,,,,,,data_etudes,"Traitement de donnees, hebergement et activites connexes",MULHOUSE,,68,,,,,,,,,,,,,,,,,,,,,,,,,,,,,,,,,,,,,,,,,,,,,,,520422619,52042261900038,63.11Z,,,,,,,,,,,sirene,
SARL VERSION NET,,,a contacter,,,,,,,,,,,,data_etudes,"Traitement de donnees, hebergement et activites connexes",PARIS,,75,,,,,,,,,,,,,,,,,,,,,,,,,,,,,,,,,,,,,,,,,,,,,,,429622467,42962246700109,63.11Z,,,,,,,,,,,sirene,
SAS NEXYLAN,,,a contacter,,,,,,,,,,,,data_etudes,"Traitement de donnees, hebergement et activites connexes",VILLENEUVE-D'ASCQ,,59,,,,,,,,,,,,,,,,,,,,,,,,,,,,,,,,,,,,,,,,,,,,,,,517884722,51788472200045,63.11Z,,,,,,,,,,,sirene,
SAS TRYOM,,,a contacter,,,,,,,,,,,,data_etudes,Etudes de marche et sondages,LANESTER,,56,,,,,,,,,,,,,,,,,,,,,,,,,,,,,,,,,,,,,,,,,,,,,,,443403787,44340378700031,73.20Z,,,,,,,,,,,sirene,
SASETY,,,a contacter,,,,,,,,,,,,data_etudes,"Traitement de donnees, hebergement et activites connexes",NEAUPHLE-LE-VIEUX,,78,,,,,,,,,,,,,,,,,,,,,,,,,,,,,,,,,,,,,,,,,,,,,,,894863018,89486301800012,63.11Z,,,,,,,,,,,sirene,
SATA GUADELOUPE,,,a contacter,,,,,,,,,,,,data_etudes,"Traitement de donnees, hebergement et activites connexes",BAIE-MAHAULT,,971,,,,,,,,,,,,,,,,,,,,,,,,,,,,,,,,,,,,,,,,,,,,,,,410497291,41049729100014,63.11Z,,,,,,,,,,,sirene,
SATC SOCIETE ALSACIENNE DE TRAITEMENT DE CHEQUES,,,a contacter,,,,,,,,,,,,data_etudes,"Traitement de donnees, hebergement et activites connexes",SCHILTIGHEIM,,67,,,,,,,,,,,,,,,,,,,,,,,,,,,,,,,,,,,,,,,,,,,,,,,394003081,39400308100079,63.11Z,,,,,,,,,,,sirene,
SATT PACA CORSE,,,a contacter,,,,,,,,,,,,data_etudes,Recherche-developpement en autres sciences physiques et naturelles,MARSEILLE,,13,,,,,,,,,,,,,,,,,,,,,,,,,,,,,,,,,,,,,,,,,,,,,,,539768085,53976808500059,72.19Z,,,,,,,,,,,sirene,
SAUVEUR LUPINACCI,,,a contacter,,,,,,,,,,,,data_etudes,"Traitement de donnees, hebergement et activites connexes",BAYONNE,,64,,,,,,,,,,,,,,,,,,,,,,,,,,,,,,,,,,,,,,,,,,,,,,,319551321,31955132100056,63.11Z,,,,,,,,,,,sirene,
SAVBOX FRANCE,,,a contacter,,,,,,,,,,,,data_etudes,"Traitement de donnees, hebergement et activites connexes",SAMOENS,,74,,,,,,,,,,,,,,,,,,,,,,,,,,,,,,,,,,,,,,,,,,,,,,,523046670,52304667000049,63.11Z,,,,,,,,,,,sirene,
SAVENCIA IT & DIGITAL SERVICES,,,a contacter,,,,,,,,,,,,data_etudes,"Traitement de donnees, hebergement et activites connexes",SAINT-LO,,50,,,,,,,,,,,,,,,,,,,,,,,,,,,,,,,,,,,,,,,,,,,,,,,780876405,78087640500025,63.11Z,,,,,,,,,,,sirene,
SBJ INTERNATIONAL,,,a contacter,,,,,,,,,,,,data_etudes,Recherche-developpement en autres sciences physiques et naturelles,PARIS,,75,,,,,,,,,,,,,,,,,,,,,,,,,,,,,,,,,,,,,,,,,,,,,,,332664697,33266469700015,72.19Z,,,,,,,,,,,sirene,
SC FACTORY,,,a contacter,,,,,,,,,,,,data_etudes,"Traitement de donnees, hebergement et activites connexes",SAINT-NAZAIRE,,44,,,,,,,,,,,,,,,,,,,,,,,,,,,,,,,,,,,,,,,,,,,,,,,841442692,84144269200023,63.11Z,,,,,,,,,,,sirene,
SCALAIR,,,a contacter,,,,,,,,,,,,data_etudes,"Traitement de donnees, hebergement et activites connexes",HEM,,59,,,,,,,,,,,,,,,,,,,,,,,,,,,,,,,,,,,,,,,,,,,,,,,447506809,44750680900055,63.11Z,,,,,,,,,,,sirene,
SCALINGO,,,a contacter,,,,,,,,,,,,data_etudes,"Traitement de donnees, hebergement et activites connexes",STRASBOURG,,67,,,,,,,,,,,,,,,,,,,,,,,,,,,,,,,,,,,,,,,,,,,,,,,808665483,80866548300034,63.11Z,,,,,,,,,,,sirene,
SCANING,,,a contacter,,,,,,,,,,,,data_etudes,Etudes de marche et sondages,RENNES,,35,,,,,,,,,,,,,,,,,,,,,,,,,,,,,,,,,,,,,,,,,,,,,,,522251180,52225118000025,73.20Z,,,,,,,,,,,sirene,
SCEA SIRPHE,,,a contacter,,,,,,,,,,,,data_etudes,Recherche-developpement en autres sciences physiques et naturelles,MARCQ-EN-BARŒUL,,59,,,,,,,,,,,,,,,,,,,,,,,,,,,,,,,,,,,,,,,,,,,,,,,789016128,78901612800017,72.19Z,,,,,,,,,,,sirene,
SCENES DE VIE,,,a contacter,,,,,,,,,,,,data_etudes,Etudes de marche et sondages,LE CHESNAY-ROCQUENCOURT,,78,,,,,,,,,,,,,,,,,,,,,,,,,,,,,,,,,,,,,,,,,,,,,,,497998500,49799850000035,73.20Z,,,,,,,,,,,sirene,
SCHEME,,,a contacter,,,,,,,,,,,,data_etudes,Recherche-developpement en autres sciences physiques et naturelles,MONTAUBAN-DE-BRETAGNE,,35,,,,,,,,,,,,,,,,,,,,,,,,,,,,,,,,,,,,,,,,,,,,,,,790563084,79056308400033,72.19Z,,,,,,,,,,,sirene,
SCHLESINGER GROUP-FRANCE,,,a contacter,,,,,,,,,,,,data_etudes,Etudes de marche et sondages,PARIS,,75,,,,,,,,,,,,,,,,,,,,,,,,,,,,,,,,,,,,,,,,,,,,,,,452078967,45207896700059,73.20Z,,,,,,,,,,,sirene,
SCINNOV,,,a contacter,,,,,,,,,,,,data_etudes,Recherche-developpement en autres sciences physiques et naturelles,MALAKOFF,,92,,,,,,,,,,,,,,,,,,,,,,,,,,,,,,,,,,,,,,,,,,,,,,,489421602,48942160200041,72.19Z,,,,,,,,,,,sirene,
SCREENCELL,,,a contacter,,,,,,,,,,,,data_etudes,Recherche-developpement en autres sciences physiques et naturelles,PARIS,,75,,,,,,,,,,,,,,,,,,,,,,,,,,,,,,,,,,,,,,,,,,,,,,,435315742,43531574200070,72.19Z,,,,,,,,,,,sirene,
SCRIPTURA,,,a contacter,,,,,,,,,,,,data_etudes,Etudes de marche et sondages,SAINT-BERTHEVIN,,53,,,,,,,,,,,,,,,,,,,,,,,,,,,,,,,,,,,,,,,,,,,,,,,830264602,83026460200012,73.20Z,,,,,,,,,,,sirene,
SDBX FRANCE,,,a contacter,,,,,,,,,,,,data_etudes,"Traitement de donnees, hebergement et activites connexes",PRINGY,,77,,,,,,,,,,,,,,,,,,,,,,,,,,,,,,,,,,,,,,,,,,,,,,,529997199,52999719900037,63.11Z,,,,,,,,,,,sirene,
SEA MARCONI FRANCE,,,a contacter,,,,,,,,,,,,data_etudes,Recherche-developpement en autres sciences physiques et naturelles,VILLERS-LES-NANCY,,54,,,,,,,,,,,,,,,,,,,,,,,,,,,,,,,,,,,,,,,,,,,,,,,439675133,43967513300011,72.19Z,,,,,,,,,,,sirene,
SEANERGY,,,a contacter,,,,,,,,,,,,data_etudes,Recherche-developpement en autres sciences physiques et naturelles,MARSEILLE,,13,,,,,,,,,,,,,,,,,,,,,,,,,,,,,,,,,,,,,,,,,,,,,,,903845170,90384517000021,72.19Z,,,,,,,,,,,sirene,
SECOBRA RECHERCHES,,,a contacter,,,,,,,,,,,,data_etudes,Recherche-developpement en autres sciences physiques et naturelles,MAULE,,78,,,,,,,,,,,,,,,,,,,,,,,,,,,,,,,,,,,,,,,,,,,,,,,785092768,78509276800023,72.19Z,,,,,,,,,,,sirene,
SECOND,,,a contacter,,,,,,,,,,,,data_etudes,"Traitement de donnees, hebergement et activites connexes",PARIS,,75,,,,,,,,,,,,,,,,,,,,,,,,,,,,,,,,,,,,,,,,,,,,,,,890903412,89090341200033,63.11Z,,,,,,,,,,,sirene,
SEENEL IMAGING,,,a contacter,,,,,,,,,,,,data_etudes,Recherche-developpement en autres sciences physiques et naturelles,AMIENS,,80,,,,,,,,,,,,,,,,,,,,,,,,,,,,,,,,,,,,,,,,,,,,,,,838273621,83827362100022,72.19Z,,,,,,,,,,,sirene,
SELVITYS SONDAGE,,,a contacter,,,,,,,,,,,,data_etudes,"Traitement de donnees, hebergement et activites connexes",LILLE,,59,,,,,,,,,,,,,,,,,,,,,,,,,,,,,,,,,,,,,,,,,,,,,,,851369041,85136904100013,63.11Z,,,,,,,,,,,sirene,
SEMENCES INNOVATION PROTECTION RECHERCHE ET ENVIRONNEMENT,,,a contacter,,,,,,,,,,,,data_etudes,Recherche-developpement en autres sciences physiques et naturelles,ACHICOURT,,62,,,,,,,,,,,,,,,,,,,,,,,,,,,,,,,,,,,,,,,,,,,,,,,389002718,38900271800028,72.19Z,,,,,,,,,,,sirene,
SENSEGATES,,,a contacter,,,,,,,,,,,,data_etudes,"Traitement de donnees, hebergement et activites connexes",VIGNEUX-SUR-SEINE,,91,,,,,,,,,,,,,,,,,,,,,,,,,,,,,,,,,,,,,,,,,,,,,,,519942353,51994235300029,63.11Z,,,,,,,,,,,sirene,
SENSOR-E PANEL,,,a contacter,,,,,,,,,,,,data_etudes,Etudes de marche et sondages,CLERMONT-FERRAND,,63,,,,,,,,,,,,,,,,,,,,,,,,,,,,,,,,,,,,,,,,,,,,,,,421172123,42117212300083,73.20Z,,,,,,,,,,,sirene,
SENSOSTAT,,,a contacter,,,,,,,,,,,,data_etudes,Etudes de marche et sondages,DIJON,,21,,,,,,,,,,,,,,,,,,,,,,,,,,,,,,,,,,,,,,,,,,,,,,,539006973,53900697300017,73.20Z,,,,,,,,,,,sirene,
SENX,,,a contacter,,,,,,,,,,,,data_etudes,"Traitement de donnees, hebergement et activites connexes",PARIS,,75,,,,,,,,,,,,,,,,,,,,,,,,,,,,,,,,,,,,,,,,,,,,,,,792556201,79255620100046,63.11Z,,,,,,,,,,,sirene,
SEPARATIVE,,,a contacter,,,,,,,,,,,,data_etudes,Recherche-developpement en autres sciences physiques et naturelles,SAINT-FONS,,69,,,,,,,,,,,,,,,,,,,,,,,,,,,,,,,,,,,,,,,,,,,,,,,801697426,80169742600022,72.19Z,,,,,,,,,,,sirene,
SEPROSYS,,,a contacter,,,,,,,,,,,,data_etudes,Recherche-developpement en autres sciences physiques et naturelles,LA ROCHELLE,,17,,,,,,,,,,,,,,,,,,,,,,,,,,,,,,,,,,,,,,,,,,,,,,,513360602,51336060200025,72.19Z,,,,,,,,,,,sirene,
SEPTEO DIGITAL & SERVICES,,,a contacter,,,,,,,,,,,,data_etudes,"Traitement de donnees, hebergement et activites connexes",LATTES,,34,,,,,,,,,,,,,,,,,,,,,,,,,,,,,,,,,,,,,,,,,,,,,,,450811443,45081144300040,63.11Z,,,,,,,,,,,sirene,
SERES,,,a contacter,,,,,,,,,,,,data_etudes,"Traitement de donnees, hebergement et activites connexes",IVRY-SUR-SEINE,,94,,,,,,,,,,,,,,,,,,,,,,,,,,,,,,,,,,,,,,,,,,,,,,,343778163,34377816300117,63.11Z,,,,,,,,,,,sirene,
SERMA GROUP,,,a contacter,,,,,,,,,,,,data_etudes,Recherche-developpement en autres sciences physiques et naturelles,PESSAC,,33,,,,,,,,,,,,,,,,,,,,,,,,,,,,,,,,,,,,,,,,,,,,,,,380712828,38071282800124,72.19Z,,,,,,,,,,,sirene,
SERRALA FRANCE,,,a contacter,,,,,,,,,,,,data_etudes,"Traitement de donnees, hebergement et activites connexes",PARIS,,75,,,,,,,,,,,,,,,,,,,,,,,,,,,,,,,,,,,,,,,,,,,,,,,482324357,48232435700052,63.11Z,,,,,,,,,,,sirene,
SERVICE CONTROLE ANALYSE DU TRANSPORT,,,a contacter,,,,,,,,,,,,data_etudes,Etudes de marche et sondages,SAINT-DIDIER-AU-MONT-D'OR,,69,,,,,,,,,,,,,,,,,,,,,,,,,,,,,,,,,,,,,,,,,,,,,,,420044596,42004459600088,73.20Z,,,,,,,,,,,sirene,
SERVICE TRAITEMENT ORDINATEUR REUNION,,,a contacter,,,,,,,,,,,,data_etudes,"Traitement de donnees, hebergement et activites connexes",SAINT-DENIS,,974,,,,,,,,,,,,,,,,,,,,,,,,,,,,,,,,,,,,,,,,,,,,,,,310863774,31086377400041,63.11Z,,,,,,,,,,,sirene,
SERVICES PUBLICS LAB',,,a contacter,,,,,,,,,,,,data_etudes,Etudes de marche et sondages,MARSEILLE,,13,,,,,,,,,,,,,,,,,,,,,,,,,,,,,,,,,,,,,,,,,,,,,,,513599712,51359971200025,73.20Z,,,,,,,,,,,sirene,
SERVICHEQUE,,,a contacter,,,,,,,,,,,,data_etudes,"Traitement de donnees, hebergement et activites connexes",SAINT-MALO,,35,,,,,,,,,,,,,,,,,,,,,,,,,,,,,,,,,,,,,,,,,,,,,,,344642418,34464241800042,63.11Z,,,,,,,,,,,sirene,
SERVIER AFFAIRES MEDICALES,,,a contacter,,,,,,,,,,,,data_etudes,Recherche-developpement en autres sciences physiques et naturelles,SURESNES,,92,,,,,,,,,,,,,,,,,,,,,,,,,,,,,,,,,,,,,,,,,,,,,,,602048506,60204850600037,72.19Z,,,,,,,,,,,sirene,
SERVINFHO,,,a contacter,,,,,,,,,,,,data_etudes,"Traitement de donnees, hebergement et activites connexes",LE LAMENTIN,,972,,,,,,,,,,,,,,,,,,,,,,,,,,,,,,,,,,,,,,,,,,,,,,,443163043,44316304300013,63.11Z,,,,,,,,,,,sirene,
SERVIUS,,,a contacter,,,,,,,,,,,,data_etudes,"Traitement de donnees, hebergement et activites connexes",LE CREUSOT,,71,,,,,,,,,,,,,,,,,,,,,,,,,,,,,,,,,,,,,,,,,,,,,,,499405744,49940574400024,63.11Z,,,,,,,,,,,sirene,
SESAME,,,a contacter,,,,,,,,,,,,data_etudes,"Traitement de donnees, hebergement et activites connexes",PARIS,,75,,,,,,,,,,,,,,,,,,,,,,,,,,,,,,,,,,,,,,,,,,,,,,,418001798,41800179800036,63.11Z,,,,,,,,,,,sirene,
SETI INGENIERIE CONSEIL,,,a contacter,,,,,,,,,,,,data_etudes,"Traitement de donnees, hebergement et activites connexes",MONTROUGE,,92,,,,,,,,,,,,,,,,,,,,,,,,,,,,,,,,,,,,,,,,,,,,,,,402998413,40299841300064,63.11Z,,,,,,,,,,,sirene,
SEVEN PRESSE,,,a contacter,,,,,,,,,,,,data_etudes,"Traitement de donnees, hebergement et activites connexes",DARDILLY,,69,,,,,,,,,,,,,,,,,,,,,,,,,,,,,,,,,,,,,,,,,,,,,,,879089886,87908988600037,63.11Z,,,,,,,,,,,sirene,
SFDC FRANCE DATA CENTRE S.A.R.L.,,,a contacter,,,,,,,,,,,,data_etudes,"Traitement de donnees, hebergement et activites connexes",PARIS,,75,,,,,,,,,,,,,,,,,,,,,,,,,,,,,,,,,,,,,,,,,,,,,,,802707901,80270790100012,63.11Z,,,,,,,,,,,sirene,
SG ETUDES,,,a contacter,,,,,,,,,,,,data_etudes,Etudes de marche et sondages,LE BOUSCAT,,33,,,,,,,,,,,,,,,,,,,,,,,,,,,,,,,,,,,,,,,,,,,,,,,531667681,53166768100047,73.20Z,,,,,,,,,,,sirene,
SHARESUB,,,a contacter,,,,,,,,,,,,data_etudes,"Traitement de donnees, hebergement et activites connexes",GARCHES,,92,,,,,,,,,,,,,,,,,,,,,,,,,,,,,,,,,,,,,,,,,,,,,,,882933732,88293373200027,63.11Z,,,,,,,,,,,sirene,
SHIN-ETSU SILICONES EUROPE BV,,,a contacter,,,,,,,,,,,,data_etudes,Etudes de marche et sondages,,,,,,,,,,,,,,,,,,,,,,,,,,,,,,,,,,,,,,,,,,,,,,,,,,752121699,75212169900017,73.20Z,,,,,,,,,,,sirene,
SHIONOGI SAS,,,a contacter,,,,,,,,,,,,data_etudes,Recherche-developpement en autres sciences physiques et naturelles,PARIS,,75,,,,,,,,,,,,,,,,,,,,,,,,,,,,,,,,,,,,,,,,,,,,,,,888443132,88844313200038,72.19Z,,,,,,,,,,,sirene,
SHOPYMIND,,,a contacter,,,,,,,,,,,,data_etudes,"Traitement de donnees, hebergement et activites connexes",MARSEILLE,,13,,,,,,,,,,,,,,,,,,,,,,,,,,,,,,,,,,,,,,,,,,,,,,,790561195,79056119500039,63.11Z,,,,,,,,,,,sirene,
SI CLOUD,,,a contacter,,,,,,,,,,,,data_etudes,"Traitement de donnees, hebergement et activites connexes",SAINT-CLEMENT-DE-RIVIERE,,34,,,,,,,,,,,,,,,,,,,,,,,,,,,,,,,,,,,,,,,,,,,,,,,832229702,83222970200036,63.11Z,,,,,,,,,,,sirene,
SI PLUS,,,a contacter,,,,,,,,,,,,data_etudes,"Traitement de donnees, hebergement et activites connexes",AVIGNON,,84,,,,,,,,,,,,,,,,,,,,,,,,,,,,,,,,,,,,,,,,,,,,,,,907776363,90777636300018,63.11Z,,,,,,,,,,,sirene,
SICAREX BEAUJOLAIS,,,a contacter,,,,,,,,,,,,data_etudes,Recherche-developpement en autres sciences physiques et naturelles,VILLEFRANCHE-SUR-SAONE,,69,,,,,,,,,,,,,,,,,,,,,,,,,,,,,,,,,,,,,,,,,,,,,,,300527330,30052733000017,72.19Z,,,,,,,,,,,sirene,
SICAT,,,a contacter,,,,,,,,,,,,data_etudes,Recherche-developpement en autres sciences physiques et naturelles,STRASBOURG,,67,,,,,,,,,,,,,,,,,,,,,,,,,,,,,,,,,,,,,,,,,,,,,,,429195787,42919578700073,72.19Z,,,,,,,,,,,sirene,
SIDEXA,,,a contacter,,,,,,,,,,,,data_etudes,"Traitement de donnees, hebergement et activites connexes",CACHAN,,94,,,,,,,,,,,,,,,,,,,,,,,,,,,,,,,,,,,,,,,,,,,,,,,323531582,32353158200043,63.11Z,,,,,,,,,,,sirene,
SIG POLE SOCIAL PAYE,,,a contacter,,,,,,,,,,,,data_etudes,"Traitement de donnees, hebergement et activites connexes",PANTIN,,93,,,,,,,,,,,,,,,,,,,,,,,,,,,,,,,,,,,,,,,,,,,,,,,352880850,35288085000057,63.11Z,,,,,,,,,,,sirene,
SIKEMIA,,,a contacter,,,,,,,,,,,,data_etudes,Recherche-developpement en autres sciences physiques et naturelles,GRABELS,,34,,,,,,,,,,,,,,,,,,,,,,,,,,,,,,,,,,,,,,,,,,,,,,,512259326,51225932600035,72.19Z,,,,,,,,,,,sirene,
SIKIWIS,,,a contacter,,,,,,,,,,,,data_etudes,"Traitement de donnees, hebergement et activites connexes",SURESNES,,92,,,,,,,,,,,,,,,,,,,,,,,,,,,,,,,,,,,,,,,,,,,,,,,511492472,51149247200044,63.11Z,,,,,,,,,,,sirene,
SILEANE,,,a contacter,,,,,,,,,,,,data_etudes,Etudes de marche et sondages,ANGERS,,49,,,,,,,,,,,,,,,,,,,,,,,,,,,,,,,,,,,,,,,,,,,,,,,439571118,43957111800033,73.20Z,,,,,,,,,,,sirene,
SILEX TECHNOLOGIES,,,a contacter,,,,,,,,,,,,data_etudes,Recherche-developpement en autres sciences physiques et naturelles,PARIS,,75,,,,,,,,,,,,,,,,,,,,,,,,,,,,,,,,,,,,,,,,,,,,,,,828785451,82878545100034,72.19Z,,,,,,,,,,,sirene,
SILIA,,,a contacter,,,,,,,,,,,,data_etudes,Recherche-developpement en autres sciences physiques et naturelles,LABEGE,,31,,,,,,,,,,,,,,,,,,,,,,,,,,,,,,,,,,,,,,,,,,,,,,,809999527,80999952700025,72.19Z,,,,,,,,,,,sirene,
SILICON LABORATORIES FRANCE SAS,,,a contacter,,,,,,,,,,,,data_etudes,Recherche-developpement en autres sciences physiques et naturelles,CESSON-SEVIGNE,,35,,,,,,,,,,,,,,,,,,,,,,,,,,,,,,,,,,,,,,,,,,,,,,,452972821,45297282100089,72.19Z,,,,,,,,,,,sirene,
SILIOS TECHNOLOGIES,,,a contacter,,,,,,,,,,,,data_etudes,Recherche-developpement en autres sciences physiques et naturelles,PEYNIER,,13,,,,,,,,,,,,,,,,,,,,,,,,,,,,,,,,,,,,,,,,,,,,,,,438925232,43892523200011,72.19Z,,,,,,,,,,,sirene,
SIMAPTIC,,,a contacter,,,,,,,,,,,,data_etudes,Recherche-developpement en autres sciences physiques et naturelles,LOOS,,59,,,,,,,,,,,,,,,,,,,,,,,,,,,,,,,,,,,,,,,,,,,,,,,919798009,91979800900016,72.19Z,,,,,,,,,,,sirene,
SIMR,,,a contacter,,,,,,,,,,,,data_etudes,Etudes de marche et sondages,PARIS,,75,,,,,,,,,,,,,,,,,,,,,,,,,,,,,,,,,,,,,,,,,,,,,,,434008033,43400803300012,73.20Z,,,,,,,,,,,sirene,
SINBIOSE,,,a contacter,,,,,,,,,,,,data_etudes,"Traitement de donnees, hebergement et activites connexes",LATTES,,34,,,,,,,,,,,,,,,,,,,,,,,,,,,,,,,,,,,,,,,,,,,,,,,495081325,49508132500039,63.11Z,,,,,,,,,,,sirene,
SINFONY FRANCE,,,a contacter,,,,,,,,,,,,data_etudes,"Traitement de donnees, hebergement et activites connexes",MEYZIEU,,69,,,,,,,,,,,,,,,,,,,,,,,,,,,,,,,,,,,,,,,,,,,,,,,903939478,90393947800017,63.11Z,,,,,,,,,,,sirene,
SIP SOCIETE D INFORMATIQUE PERIPHERIQUE,,,a contacter,,,,,,,,,,,,data_etudes,"Traitement de donnees, hebergement et activites connexes",COULOMMIERS,,77,,,,,,,,,,,,,,,,,,,,,,,,,,,,,,,,,,,,,,,,,,,,,,,342568565,34256856500036,63.11Z,,,,,,,,,,,sirene,
SIPEARL,,,a contacter,,,,,,,,,,,,data_etudes,Recherche-developpement en autres sciences physiques et naturelles,MAISONS-LAFFITTE,,78,,,,,,,,,,,,,,,,,,,,,,,,,,,,,,,,,,,,,,,,,,,,,,,851434365,85143436500074,72.19Z,,,,,,,,,,,sirene,
SIRIUS SPACE SERVICES,,,a contacter,,,,,,,,,,,,data_etudes,Recherche-developpement en autres sciences physiques et naturelles,NANTERRE,,92,,,,,,,,,,,,,,,,,,,,,,,,,,,,,,,,,,,,,,,,,,,,,,,883112971,88311297100139,72.19Z,,,,,,,,,,,sirene,
SIV ASSOCIATION,,,a contacter,,,,,,,,,,,,data_etudes,Recherche-developpement en autres sciences physiques et naturelles,OULLINS-PIERRE-BENITE,,69,,,,,,,,,,,,,,,,,,,,,,,,,,,,,,,,,,,,,,,,,,,,,,,408095172,40809517200024,72.19Z,,,,,,,,,,,sirene,
SIX FINANCIAL INFORMATION FRANCE,,,a contacter,,,,,,,,,,,,data_etudes,"Traitement de donnees, hebergement et activites connexes",PARIS,,75,,,,,,,,,,,,,,,,,,,,,,,,,,,,,,,,,,,,,,,,,,,,,,,444940993,44494099300058,63.11Z,,,,,,,,,,,sirene,
SK FRANCE,,,a contacter,,,,,,,,,,,,data_etudes,Recherche-developpement en autres sciences physiques et naturelles,GRASSE,,06,,,,,,,,,,,,,,,,,,,,,,,,,,,,,,,,,,,,,,,,,,,,,,,838977023,83897702300020,72.19Z,,,,,,,,,,,sirene,
SKAN1,,,a contacter,,,,,,,,,,,,data_etudes,Etudes de marche et sondages,NEUILLY-SUR-SEINE,,92,,,,,,,,,,,,,,,,,,,,,,,,,,,,,,,,,,,,,,,,,,,,,,,839408986,83940898600017,73.20Z,,,,,,,,,,,sirene,
SKEMA JOB SERVICE LILLE,,,a contacter,,,,,,,,,,,,data_etudes,Etudes de marche et sondages,LILLE,,59,,,,,,,,,,,,,,,,,,,,,,,,,,,,,,,,,,,,,,,,,,,,,,,381149772,38114977200026,73.20Z,,,,,,,,,,,sirene,
SKIN'UP,,,a contacter,,,,,,,,,,,,data_etudes,Recherche-developpement en autres sciences physiques et naturelles,AZAY-LE-RIDEAU,,37,,,,,,,,,,,,,,,,,,,,,,,,,,,,,,,,,,,,,,,,,,,,,,,481190924,48119092400045,72.19Z,,,,,,,,,,,sirene,
SKINEXIGENCE,,,a contacter,,,,,,,,,,,,data_etudes,Recherche-developpement en autres sciences physiques et naturelles,BESANCON,,25,,,,,,,,,,,,,,,,,,,,,,,,,,,,,,,,,,,,,,,,,,,,,,,488428749,48842874900029,72.19Z,,,,,,,,,,,sirene,
SKINOSIVE,,,a contacter,,,,,,,,,,,,data_etudes,Recherche-developpement en autres sciences physiques et naturelles,PARIS,,75,,,,,,,,,,,,,,,,,,,,,,,,,,,,,,,,,,,,,,,,,,,,,,,834150351,83415035100056,72.19Z,,,,,,,,,,,sirene,
SKIPPER TECHNOLOGIES,,,a contacter,,,,,,,,,,,,data_etudes,"Traitement de donnees, hebergement et activites connexes",LE POUZIN,,07,,,,,,,,,,,,,,,,,,,,,,,,,,,,,,,,,,,,,,,,,,,,,,,433752557,43375255700028,63.11Z,,,,,,,,,,,sirene,
SLB N.V,,,a contacter,,,,,,,,,,,,data_etudes,Etudes de marche et sondages,,,,,,,,,,,,,,,,,,,,,,,,,,,,,,,,,,,,,,,,,,,,,,,,,,652010075,65201007500016,73.20Z,,,,,,,,,,,sirene,
SLB PHARMA,,,a contacter,,,,,,,,,,,,data_etudes,Recherche-developpement en autres sciences physiques et naturelles,RENNES,,35,,,,,,,,,,,,,,,,,,,,,,,,,,,,,,,,,,,,,,,,,,,,,,,499315661,49931566100029,72.19Z,,,,,,,,,,,sirene,
SLC,,,a contacter,,,,,,,,,,,,data_etudes,Recherche-developpement en autres sciences physiques et naturelles,CHAMESEY,,25,,,,,,,,,,,,,,,,,,,,,,,,,,,,,,,,,,,,,,,,,,,,,,,539897587,53989758700025,72.19Z,,,,,,,,,,,sirene,
SLPV ANALYTICS,,,a contacter,,,,,,,,,,,,data_etudes,Etudes de marche et sondages,PARIS,,75,,,,,,,,,,,,,,,,,,,,,,,,,,,,,,,,,,,,,,,,,,,,,,,798836227,79883622700016,73.20Z,,,,,,,,,,,sirene,
SLUMBERLAND,,,a contacter,,,,,,,,,,,,data_etudes,"Traitement de donnees, hebergement et activites connexes",PARIS 11,,75,,,,,,,,,,,,,,,,,,,,,,,,,,,,,,,,,,,,,,,,,,,,,,,433677416,43367741600037,63.11Z,,,,,,,,,,,sirene,
SM NUMERIAN,,,a contacter,,,,,,,,,,,,data_etudes,"Traitement de donnees, hebergement et activites connexes",LE POUZIN,,07,,,,,,,,,,,,,,,,,,,,,,,,,,,,,,,,,,,,,,,,,,,,,,,250702156,25070215600051,63.11Z,,,,,,,,,,,sirene,
SMALLBUSINESSACT.COM,,,a contacter,,,,,,,,,,,,data_etudes,"Traitement de donnees, hebergement et activites connexes",PARIS,,75,,,,,,,,,,,,,,,,,,,,,,,,,,,,,,,,,,,,,,,,,,,,,,,510605090,51060509000065,63.11Z,,,,,,,,,,,sirene,
SMART DIGITAL SERVICES,,,a contacter,,,,,,,,,,,,data_etudes,"Traitement de donnees, hebergement et activites connexes",LA BAULE-ESCOUBLAC,,44,,,,,,,,,,,,,,,,,,,,,,,,,,,,,,,,,,,,,,,,,,,,,,,878201474,87820147400037,63.11Z,,,,,,,,,,,sirene,
SMARTBACK,,,a contacter,,,,,,,,,,,,data_etudes,"Traitement de donnees, hebergement et activites connexes",VILLE-D'AVRAY,,92,,,,,,,,,,,,,,,,,,,,,,,,,,,,,,,,,,,,,,,,,,,,,,,904669868,90466986800013,63.11Z,,,,,,,,,,,sirene,
SMARTBIOSCIENCE,,,a contacter,,,,,,,,,,,,data_etudes,Recherche-developpement en autres sciences physiques et naturelles,SAINT-EGREVE,,38,,,,,,,,,,,,,,,,,,,,,,,,,,,,,,,,,,,,,,,,,,,,,,,818432304,81843230400033,72.19Z,,,,,,,,,,,sirene,
SMG SWISS MARKETPLACE GROUP SARL,,,a contacter,,,,,,,,,,,,data_etudes,"Traitement de donnees, hebergement et activites connexes",VALBONNE,,06,,,,,,,,,,,,,,,,,,,,,,,,,,,,,,,,,,,,,,,,,,,,,,,420956781,42095678100074,63.11Z,,,,,,,,,,,sirene,
SMICE,,,a contacter,,,,,,,,,,,,data_etudes,Etudes de marche et sondages,ASNIERES-SUR-SEINE,,92,,,,,,,,,,,,,,,,,,,,,,,,,,,,,,,,,,,,,,,,,,,,,,,483620381,48362038100069,73.20Z,,,,,,,,,,,sirene,
SMURFIT WESTROCK PRODUCT SAFETY,,,a contacter,,,,,,,,,,,,data_etudes,Recherche-developpement en autres sciences physiques et naturelles,BIGANOS,,33,,,,,,,,,,,,,,,,,,,,,,,,,,,,,,,,,,,,,,,,,,,,,,,381044759,38104475900029,72.19Z,,,,,,,,,,,sirene,
SNP,,,a contacter,,,,,,,,,,,,data_etudes,"Traitement de donnees, hebergement et activites connexes",SAINT-LAURENT-BLANGY,,62,,,,,,,,,,,,,,,,,,,,,,,,,,,,,,,,,,,,,,,,,,,,,,,380527788,38052778800042,63.11Z,,,,,,,,,,,sirene,
SNX GRENOBLE,,,a contacter,,,,,,,,,,,,data_etudes,Recherche-developpement en autres sciences physiques et naturelles,GRENOBLE,,38,,,,,,,,,,,,,,,,,,,,,,,,,,,,,,,,,,,,,,,,,,,,,,,481503928,48150392800014,72.19Z,,,,,,,,,,,sirene,
SO INVEST SAS,,,a contacter,,,,,,,,,,,,data_etudes,"Traitement de donnees, hebergement et activites connexes",VILLENEUVE-D'ASCQ,,59,,,,,,,,,,,,,,,,,,,,,,,,,,,,,,,,,,,,,,,,,,,,,,,831548706,83154870600025,63.11Z,,,,,,,,,,,sirene,
SO'WIBE,,,a contacter,,,,,,,,,,,,data_etudes,Etudes de marche et sondages,SAINT-BERTHEVIN,,53,,,,,,,,,,,,,,,,,,,,,,,,,,,,,,,,,,,,,,,,,,,,,,,830264180,83026418000019,73.20Z,,,,,,,,,,,sirene,
SO.GEST.COM,,,a contacter,,,,,,,,,,,,data_etudes,"Traitement de donnees, hebergement et activites connexes",LES ABYMES,,971,,,,,,,,,,,,,,,,,,,,,,,,,,,,,,,,,,,,,,,,,,,,,,,518049275,51804927500028,63.11Z,,,,,,,,,,,sirene,
SOBOOK,,,a contacter,,,,,,,,,,,,data_etudes,"Traitement de donnees, hebergement et activites connexes",LINSELLES,,59,,,,,,,,,,,,,,,,,,,,,,,,,,,,,,,,,,,,,,,,,,,,,,,513679993,51367999300024,63.11Z,,,,,,,,,,,sirene,
SOC ANTILLAISE TRAITEMENTS AUTOMATISES,,,a contacter,,,,,,,,,,,,data_etudes,"Traitement de donnees, hebergement et activites connexes",LE LAMENTIN,,972,,,,,,,,,,,,,,,,,,,,,,,,,,,,,,,,,,,,,,,,,,,,,,,339860397,33986039700019,63.11Z,,,,,,,,,,,sirene,
SOC FR RADIOLOGIE IMAGERIE MEDICALE,,,a contacter,,,,,,,,,,,,data_etudes,Recherche-developpement en autres sciences physiques et naturelles,PARIS,,75,,,,,,,,,,,,,,,,,,,,,,,,,,,,,,,,,,,,,,,,,,,,,,,353601693,35360169300065,72.19Z,,,,,,,,,,,sirene,
SOC FRANC DE PHYSIQUE,,,a contacter,,,,,,,,,,,,data_etudes,Recherche-developpement en autres sciences physiques et naturelles,PARIS,,75,,,,,,,,,,,,,,,,,,,,,,,,,,,,,,,,,,,,,,,,,,,,,,,784544850,78454485000018,72.19Z,,,,,,,,,,,sirene,
SOC FRANCAISE DE MARKETING DIRECT,,,a contacter,,,,,,,,,,,,data_etudes,Etudes de marche et sondages,NIMES,,30,,,,,,,,,,,,,,,,,,,,,,,,,,,,,,,,,,,,,,,,,,,,,,,424014744,42401474400041,73.20Z,,,,,,,,,,,sirene,
SOC LANGUEDOCIENNE D'INFORMATIQUE,,,a contacter,,,,,,,,,,,,data_etudes,"Traitement de donnees, hebergement et activites connexes",CASTRES,,81,,,,,,,,,,,,,,,,,,,,,,,,,,,,,,,,,,,,,,,,,,,,,,,323636456,32363645600010,63.11Z,,,,,,,,,,,sirene,
SOC NATIONALE PROTECTION DE LA NATURE,,,a contacter,,,,,,,,,,,,data_etudes,Recherche-developpement en autres sciences physiques et naturelles,PARIS,,75,,,,,,,,,,,,,,,,,,,,,,,,,,,,,,,,,,,,,,,,,,,,,,,775662752,77566275200051,72.19Z,,,,,,,,,,,sirene,
SOC RECH CLINIQ ONCO-HEMATOLOG V. HUGO,,,a contacter,,,,,,,,,,,,data_etudes,Recherche-developpement en autres sciences physiques et naturelles,LE MANS,,72,,,,,,,,,,,,,,,,,,,,,,,,,,,,,,,,,,,,,,,,,,,,,,,448763961,44876396100027,72.19Z,,,,,,,,,,,sirene,
SOC TRAITEMENT INFORMATION DANS CENTRE,,,a contacter,,,,,,,,,,,,data_etudes,"Traitement de donnees, hebergement et activites connexes",LIGUGE,,86,,,,,,,,,,,,,,,,,,,,,,,,,,,,,,,,,,,,,,,,,,,,,,,816820054,81682005400020,63.11Z,,,,,,,,,,,sirene,
SOCARCOM,,,a contacter,,,,,,,,,,,,data_etudes,"Traitement de donnees, hebergement et activites connexes",LE LAMENTIN,,972,,,,,,,,,,,,,,,,,,,,,,,,,,,,,,,,,,,,,,,,,,,,,,,493709646,49370964600035,63.11Z,,,,,,,,,,,sirene,
SOCIETE ANTILLAISE DES TRAITEMENTS AUTOMATISES,,,a contacter,,,,,,,,,,,,data_etudes,"Traitement de donnees, hebergement et activites connexes",CAYENNE,,973,,,,,,,,,,,,,,,,,,,,,,,,,,,,,,,,,,,,,,,,,,,,,,,352412290,35241229000020,63.11Z,,,,,,,,,,,sirene,
SOCIETE AUXILIAIRE POUR LE DEVELOPPEMENT DE LA FERTILISATION,,,a contacter,,,,,,,,,,,,data_etudes,Recherche-developpement en autres sciences physiques et naturelles,ASPACH-LE-BAS,,68,,,,,,,,,,,,,,,,,,,,,,,,,,,,,,,,,,,,,,,,,,,,,,,385620240,38562024000023,72.19Z,,,,,,,,,,,sirene,
SOCIETE D'ENQUETES ET SONDAGES,,,a contacter,,,,,,,,,,,,data_etudes,Etudes de marche et sondages,PARIS,,75,,,,,,,,,,,,,,,,,,,,,,,,,,,,,,,,,,,,,,,,,,,,,,,315013557,31501355700097,73.20Z,,,,,,,,,,,sirene,
SOCIETE D'ETUDE ET DE RECHERCHE EN INGENIERIE PHARMACEUTIQUE,,,a contacter,,,,,,,,,,,,data_etudes,Recherche-developpement en autres sciences physiques et naturelles,LE MANS,,72,,,,,,,,,,,,,,,,,,,,,,,,,,,,,,,,,,,,,,,,,,,,,,,397866021,39786602100025,72.19Z,,,,,,,,,,,sirene,
SOCIETE D'INFORMATIQUE ET DE GESTION DU TARN,,,a contacter,,,,,,,,,,,,data_etudes,"Traitement de donnees, hebergement et activites connexes",ALBI,,81,,,,,,,,,,,,,,,,,,,,,,,,,,,,,,,,,,,,,,,,,,,,,,,325765428,32576542800041,63.11Z,,,,,,,,,,,sirene,
SOCIETE D'ORGANISATION DE GESTION INFORMATIQUE ET COMPTABLE SOGIC,,,a contacter,,,,,,,,,,,,data_etudes,"Traitement de donnees, hebergement et activites connexes",BASTIA,,2B,,,,,,,,,,,,,,,,,,,,,,,,,,,,,,,,,,,,,,,,,,,,,,,332788884,33278888400010,63.11Z,,,,,,,,,,,sirene,
SOCIETE DE CALCUL MATHEMATIQUE SA,,,a contacter,,,,,,,,,,,,data_etudes,Recherche-developpement en autres sciences physiques et naturelles,PARIS,,75,,,,,,,,,,,,,,,,,,,,,,,,,,,,,,,,,,,,,,,,,,,,,,,399991041,39999104100035,72.19Z,,,,,,,,,,,sirene,
SOCIETE DE GESTION ET D INFORMATIQUE DU LAURAGAIS,,,a contacter,,,,,,,,,,,,data_etudes,"Traitement de donnees, hebergement et activites connexes",PEYRENS,,11,,,,,,,,,,,,,,,,,,,,,,,,,,,,,,,,,,,,,,,,,,,,,,,325147213,32514721300020,63.11Z,,,,,,,,,,,sirene,
SOCIETE DES NEUROSCIENCES,,,a contacter,,,,,,,,,,,,data_etudes,Recherche-developpement en autres sciences physiques et naturelles,BORDEAUX,,33,,,,,,,,,,,,,,,,,,,,,,,,,,,,,,,,,,,,,,,,,,,,,,,379682453,37968245300012,72.19Z,,,,,,,,,,,sirene,
SOCIETE DES PHARMACIENS DU CENTRE,,,a contacter,,,,,,,,,,,,data_etudes,"Traitement de donnees, hebergement et activites connexes",ORLEANS,,45,,,,,,,,,,,,,,,,,,,,,,,,,,,,,,,,,,,,,,,,,,,,,,,311337240,31133724000031,63.11Z,,,,,,,,,,,sirene,
SOCIETE EUROPEENNE DE BIOTECHNOLOGIE EN ABREGE EUROGENTEC FRANCE,,,a contacter,,,,,,,,,,,,data_etudes,Recherche-developpement en autres sciences physiques et naturelles,ANGERS,,49,,,,,,,,,,,,,,,,,,,,,,,,,,,,,,,,,,,,,,,,,,,,,,,352548069,35254806900033,72.19Z,,,,,,,,,,,sirene,
SOCIETE FRANCOPHONE  DU  DIABETE,,,a contacter,,,,,,,,,,,,data_etudes,Recherche-developpement en autres sciences physiques et naturelles,PARIS,,75,,,,,,,,,,,,,,,,,,,,,,,,,,,,,,,,,,,,,,,,,,,,,,,404995110,40499511000057,72.19Z,,,,,,,,,,,sirene,
SOCIETE GENERALE - FORGE,,,a contacter,,,,,,,,,,,,data_etudes,"Traitement de donnees, hebergement et activites connexes",PUTEAUX,,92,,,,,,,,,,,,,,,,,,,,,,,,,,,,,,,,,,,,,,,,,,,,,,,882696628,88269662800016,63.11Z,,,,,,,,,,,sirene,
SOCIETE INFORMATIQUE LIBOURNAISE,,,a contacter,,,,,,,,,,,,data_etudes,"Traitement de donnees, hebergement et activites connexes",LIBOURNE,,33,,,,,,,,,,,,,,,,,,,,,,,,,,,,,,,,,,,,,,,,,,,,,,,328612197,32861219700025,63.11Z,,,,,,,,,,,sirene,
SOCIETE NATIONALE FRANCAISE DE MEDECINE INTERNE,,,a contacter,,,,,,,,,,,,data_etudes,Recherche-developpement en autres sciences physiques et naturelles,ROUEN,,76,,,,,,,,,,,,,,,,,,,,,,,,,,,,,,,,,,,,,,,,,,,,,,,316607902,31660790200038,72.19Z,,,,,,,,,,,sirene,
SOCIETE RECHERCHE ETUDE COSMETOLOGIQUE,,,a contacter,,,,,,,,,,,,data_etudes,Recherche-developpement en autres sciences physiques et naturelles,BRIVE LA GAILLARDE,,19,,,,,,,,,,,,,,,,,,,,,,,,,,,,,,,,,,,,,,,,,,,,,,,345175772,34517577200036,72.19Z,,,,,,,,,,,sirene,
SOCIETE RHODANIENNE D'INFORMATIQUE PERIPHERIQUE RIP-TESSI,,,a contacter,,,,,,,,,,,,data_etudes,"Traitement de donnees, hebergement et activites connexes",LYON,,69,,,,,,,,,,,,,,,,,,,,,,,,,,,,,,,,,,,,,,,,,,,,,,,342851235,34285123500032,63.11Z,,,,,,,,,,,sirene,
SOFCHEM,,,a contacter,,,,,,,,,,,,data_etudes,Recherche-developpement en autres sciences physiques et naturelles,RUEIL-MALMAISON,,92,,,,,,,,,,,,,,,,,,,,,,,,,,,,,,,,,,,,,,,,,,,,,,,417768678,41776867800027,72.19Z,,,,,,,,,,,sirene,
SOFTWAY MEDICAL INFRASTRUCTURE,,,a contacter,,,,,,,,,,,,data_etudes,"Traitement de donnees, hebergement et activites connexes",FUVEAU,,13,,,,,,,,,,,,,,,,,,,,,,,,,,,,,,,,,,,,,,,,,,,,,,,422021238,42202123800072,63.11Z,,,,,,,,,,,sirene,
SOGEFI INGENIERIE GEOMATIQUE,,,a contacter,,,,,,,,,,,,data_etudes,"Traitement de donnees, hebergement et activites connexes",TOULOUSE,,31,,,,,,,,,,,,,,,,,,,,,,,,,,,,,,,,,,,,,,,,,,,,,,,352540819,35254081900070,63.11Z,,,,,,,,,,,sirene,
SOGI,,,a contacter,,,,,,,,,,,,data_etudes,"Traitement de donnees, hebergement et activites connexes",MACON,,71,,,,,,,,,,,,,,,,,,,,,,,,,,,,,,,,,,,,,,,,,,,,,,,324904804,32490480400030,63.11Z,,,,,,,,,,,sirene,
SOGINFO MEUSE,,,a contacter,,,,,,,,,,,,data_etudes,"Traitement de donnees, hebergement et activites connexes",CHAUVONCOURT,,55,,,,,,,,,,,,,,,,,,,,,,,,,,,,,,,,,,,,,,,,,,,,,,,321112948,32111294800013,63.11Z,,,,,,,,,,,sirene,
SOLADIS CLINICAL STUDIES,,,a contacter,,,,,,,,,,,,data_etudes,"Traitement de donnees, hebergement et activites connexes",ROUBAIX,,59,,,,,,,,,,,,,,,,,,,,,,,,,,,,,,,,,,,,,,,,,,,,,,,384409264,38440926400072,63.11Z,,,,,,,,,,,sirene,
SOLECOOLER,,,a contacter,,,,,,,,,,,,data_etudes,Recherche-developpement en autres sciences physiques et naturelles,PERPIGNAN,,66,,,,,,,,,,,,,,,,,,,,,,,,,,,,,,,,,,,,,,,,,,,,,,,845183243,84518324300029,72.19Z,,,,,,,,,,,sirene,
SOLICAZ,,,a contacter,,,,,,,,,,,,data_etudes,Recherche-developpement en autres sciences physiques et naturelles,KOUROU,,973,,,,,,,,,,,,,,,,,,,,,,,,,,,,,,,,,,,,,,,,,,,,,,,517957130,51795713000050,72.19Z,,,,,,,,,,,sirene,
SOLOCAL MARKETING SERVICES,,,a contacter,,,,,,,,,,,,data_etudes,"Traitement de donnees, hebergement et activites connexes",BOULOGNE-BILLANCOURT,,92,,,,,,,,,,,,,,,,,,,,,,,,,,,,,,,,,,,,,,,,,,,,,,,422041426,42204142600053,63.11Z,,,,,,,,,,,sirene,
SOLUTIONS & TERRITOIRE,,,a contacter,,,,,,,,,,,,data_etudes,"Traitement de donnees, hebergement et activites connexes",MONTPELLIER,,34,,,,,,,,,,,,,,,,,,,,,,,,,,,,,,,,,,,,,,,,,,,,,,,511022394,51102239400049,63.11Z,,,,,,,,,,,sirene,
SOLUTIONS INFORMATIQUES SERVICES,,,a contacter,,,,,,,,,,,,data_etudes,"Traitement de donnees, hebergement et activites connexes",LA GARENNE-COLOMBES,,92,,,,,,,,,,,,,,,,,,,,,,,,,,,,,,,,,,,,,,,,,,,,,,,513532572,51353257200023,63.11Z,,,,,,,,,,,sirene,
SOLUTIONS TERRAIN,,,a contacter,,,,,,,,,,,,data_etudes,Etudes de marche et sondages,TOULOUSE,,31,,,,,,,,,,,,,,,,,,,,,,,,,,,,,,,,,,,,,,,,,,,,,,,479715021,47971502100032,73.20Z,,,,,,,,,,,sirene,
SOLVIONIC,,,a contacter,,,,,,,,,,,,data_etudes,Recherche-developpement en autres sciences physiques et naturelles,TOULOUSE,,31,,,,,,,,,,,,,,,,,,,,,,,,,,,,,,,,,,,,,,,,,,,,,,,448566182,44856618200052,72.19Z,,,,,,,,,,,sirene,
SOMNODIAG,,,a contacter,,,,,,,,,,,,data_etudes,"Traitement de donnees, hebergement et activites connexes",CARBONNE,,31,,,,,,,,,,,,,,,,,,,,,,,,,,,,,,,,,,,,,,,,,,,,,,,819645250,81964525000021,63.11Z,,,,,,,,,,,sirene,
SONTEX FRANCE SAS,,,a contacter,,,,,,,,,,,,data_etudes,Recherche-developpement en autres sciences physiques et naturelles,BLAGNAC,,31,,,,,,,,,,,,,,,,,,,,,,,,,,,,,,,,,,,,,,,,,,,,,,,522237817,52223781700047,72.19Z,,,,,,,,,,,sirene,
SOPHIA GENETICS,,,a contacter,,,,,,,,,,,,data_etudes,"Traitement de donnees, hebergement et activites connexes",BIDART,,64,,,,,,,,,,,,,,,,,,,,,,,,,,,,,,,,,,,,,,,,,,,,,,,804552651,80455265100064,63.11Z,,,,,,,,,,,sirene,
SORDAER,,,a contacter,,,,,,,,,,,,data_etudes,Recherche-developpement en autres sciences physiques et naturelles,SAINT-MARTIN-DES-CHAMPS,,29,,,,,,,,,,,,,,,,,,,,,,,,,,,,,,,,,,,,,,,,,,,,,,,833246903,83324690300029,72.19Z,,,,,,,,,,,sirene,
SOTEL SERVICES INFORMATIQUES,,,a contacter,,,,,,,,,,,,data_etudes,"Traitement de donnees, hebergement et activites connexes",L'UNION,,31,,,,,,,,,,,,,,,,,,,,,,,,,,,,,,,,,,,,,,,,,,,,,,,902099746,90209974600015,63.11Z,,,,,,,,,,,sirene,
SOTIAF TELEMATIQUES ASSOCIES,,,a contacter,,,,,,,,,,,,data_etudes,"Traitement de donnees, hebergement et activites connexes",SAINT-JACQUES-DE-LA-LANDE,,35,,,,,,,,,,,,,,,,,,,,,,,,,,,,,,,,,,,,,,,,,,,,,,,699201349,69920134900106,63.11Z,,,,,,,,,,,sirene,
SOTIM 2000,,,a contacter,,,,,,,,,,,,data_etudes,"Traitement de donnees, hebergement et activites connexes",PACE,,35,,,,,,,,,,,,,,,,,,,,,,,,,,,,,,,,,,,,,,,,,,,,,,,391933850,39193385000045,63.11Z,,,,,,,,,,,sirene,
SOUTHWESTERN INSTITUTE OF PHYSICS,C,0,a contacter,,,,,,,,,,,,data_etudes,Recherche-developpement en autres sciences physiques et naturelles,,,,,,,,,,,,https://www.pappers.fr/entreprise/822618245,https://annuaire-entreprises.data.gouv.fr/entreprise/822618245,https://annuaire-entreprises.data.gouv.fr/annonces/822618245,https://annuaire-entreprises.data.gouv.fr/donnees-financieres/822618245,https://annuaire-entreprises.data.gouv.fr/dirigeants/822618245,https://www.google.com/maps/search/?api=1&query=SOUTHWESTERN+INSTITUTE+OF+PHYSICS,https://www.google.com/search?q=SOUTHWESTERN+INSTITUTE+OF+PHYSICS,https://news.google.com/search?hl=fr&q=%22SOUTHWESTERN+INSTITUTE+OF+PHYSICS%22,https://www.linkedin.com/search/results/companies/?keywords=SOUTHWESTERN+INSTITUTE+OF+PHYSICS,,https://www.pagesjaunes.fr/annuaire/chercherlespros?quoiqui=SOUTHWESTERN+INSTITUTE+OF+PHYSICS,https://www.societe.com/cgi-bin/search?champs=822618245,,,,,,,,,,,,,,,,,,,,,,,,FR50822618245,,,822618245,82261824500010,72.19Z,,,,,,,,non,oui,2026-08-03,sirene,
SPACEABLE,,,a contacter,,,,,,,,,,,,data_etudes,"Traitement de donnees, hebergement et activites connexes",PARIS,,75,,,,,,,,,,,,,,,,,,,,,,,,,,,,,,,,,,,,,,,,,,,,,,,842107070,84210707000026,63.11Z,,,,,,,,,,,sirene,
SPASCIA,,,a contacter,,,,,,,,,,,,data_etudes,Recherche-developpement en autres sciences physiques et naturelles,RAMONVILLE-SAINT-AGNE,,31,,,,,,,,,,,,,,,,,,,,,,,,,,,,,,,,,,,,,,,,,,,,,,,819328378,81932837800032,72.19Z,,,,,,,,,,,sirene,
SPECTRALYS INNOVATION,,,a contacter,,,,,,,,,,,,data_etudes,Recherche-developpement en autres sciences physiques et naturelles,ASNIERES-SUR-SEINE,,92,,,,,,,,,,,,,,,,,,,,,,,,,,,,,,,,,,,,,,,,,,,,,,,508491883,50849188300023,72.19Z,,,,,,,,,,,sirene,
SPELLZ,,,a contacter,,,,,,,,,,,,data_etudes,"Traitement de donnees, hebergement et activites connexes",PARIS,,75,,,,,,,,,,,,,,,,,,,,,,,,,,,,,,,,,,,,,,,,,,,,,,,821875705,82187570500039,63.11Z,,,,,,,,,,,sirene,
SPHINX CERTIFICATION,,,a contacter,,,,,,,,,,,,data_etudes,Etudes de marche et sondages,VERSAILLES,,78,,,,,,,,,,,,,,,,,,,,,,,,,,,,,,,,,,,,,,,,,,,,,,,411408081,41140808100049,73.20Z,,,,,,,,,,,sirene,
SPICE,,,a contacter,,,,,,,,,,,,data_etudes,"Traitement de donnees, hebergement et activites connexes",PERPIGNAN,,66,,,,,,,,,,,,,,,,,,,,,,,,,,,,,,,,,,,,,,,,,,,,,,,794666883,79466688300044,63.11Z,,,,,,,,,,,sirene,
SPINEM ROBOTICS,,,a contacter,,,,,,,,,,,,data_etudes,Recherche-developpement en autres sciences physiques et naturelles,SAINT-MARTIN-D'HERES,,38,,,,,,,,,,,,,,,,,,,,,,,,,,,,,,,,,,,,,,,,,,,,,,,905250361,90525036100011,72.19Z,,,,,,,,,,,sirene,
SPL-XDEMAT,,,a contacter,,,,,,,,,,,,data_etudes,"Traitement de donnees, hebergement et activites connexes",TROYES,,10,,,,,,,,,,,,,,,,,,,,,,,,,,,,,,,,,,,,,,,,,,,,,,,749888145,74988814500028,63.11Z,,,,,,,,,,,sirene,
SPORTS SERVICES,,,a contacter,,,,,,,,,,,,data_etudes,"Traitement de donnees, hebergement et activites connexes",LENS,,62,,,,,,,,,,,,,,,,,,,,,,,,,,,,,,,,,,,,,,,,,,,,,,,488380569,48838056900019,63.11Z,,,,,,,,,,,sirene,
SPS FRANCE & BENELUX SAS,,,a contacter,,,,,,,,,,,,data_etudes,"Traitement de donnees, hebergement et activites connexes",PARIS,,75,,,,,,,,,,,,,,,,,,,,,,,,,,,,,,,,,,,,,,,,,,,,,,,419760855,41976085500025,63.11Z,,,,,,,,,,,sirene,
SQUALI,,,a contacter,,,,,,,,,,,,data_etudes,Recherche-developpement en autres sciences physiques et naturelles,BRON,,69,,,,,,,,,,,,,,,,,,,,,,,,,,,,,,,,,,,,,,,,,,,,,,,442299228,44229922800068,72.19Z,,,,,,,,,,,sirene,
SQUARED,,,a contacter,,,,,,,,,,,,data_etudes,"Traitement de donnees, hebergement et activites connexes",CAEN,,14,,,,,,,,,,,,,,,,,,,,,,,,,,,,,,,,,,,,,,,,,,,,,,,812960698,81296069800056,63.11Z,,,,,,,,,,,sirene,
SSP SERVICES,,,a contacter,,,,,,,,,,,,data_etudes,"Traitement de donnees, hebergement et activites connexes",PARIS,,75,,,,,,,,,,,,,,,,,,,,,,,,,,,,,,,,,,,,,,,,,,,,,,,947978862,94797886200029,63.11Z,,,,,,,,,,,sirene,
STABILIGEN,,,a contacter,,,,,,,,,,,,data_etudes,Recherche-developpement en autres sciences physiques et naturelles,VILLERS-LES-NANCY,,54,,,,,,,,,,,,,,,,,,,,,,,,,,,,,,,,,,,,,,,,,,,,,,,333965655,33396565500033,72.19Z,,,,,,,,,,,sirene,
STAF (SERVICES TECH ADMINISTRATIFS FRANC,,,a contacter,,,,,,,,,,,,data_etudes,"Traitement de donnees, hebergement et activites connexes",GARGES-LES-GONESSE,,95,,,,,,,,,,,,,,,,,,,,,,,,,,,,,,,,,,,,,,,,,,,,,,,444203269,44420326900014,63.11Z,,,,,,,,,,,sirene,
STANIPHARM,,,a contacter,,,,,,,,,,,,data_etudes,Recherche-developpement en autres sciences physiques et naturelles,CHAMPIGNEULLES,,54,,,,,,,,,,,,,,,,,,,,,,,,,,,,,,,,,,,,,,,,,,,,,,,519413827,51941382700014,72.19Z,,,,,,,,,,,sirene,
STAR NAV,,,a contacter,,,,,,,,,,,,data_etudes,Recherche-developpement en autres sciences physiques et naturelles,MOULT-CHICHEBOVILLE,,14,,,,,,,,,,,,,,,,,,,,,,,,,,,,,,,,,,,,,,,,,,,,,,,493622815,49362281500014,72.19Z,,,,,,,,,,,sirene,
START IT,,,a contacter,,,,,,,,,,,,data_etudes,"Traitement de donnees, hebergement et activites connexes",TROUVILLE-SUR-MER,,14,,,,,,,,,,,,,,,,,,,,,,,,,,,,,,,,,,,,,,,,,,,,,,,844401844,84440184400015,63.11Z,,,,,,,,,,,sirene,
STAT & MORE,,,a contacter,,,,,,,,,,,,data_etudes,"Traitement de donnees, hebergement et activites connexes",LE MANS,,72,,,,,,,,,,,,,,,,,,,,,,,,,,,,,,,,,,,,,,,,,,,,,,,793852559,79385255900038,63.11Z,,,,,,,,,,,sirene,
STATIGEST,,,a contacter,,,,,,,,,,,,data_etudes,"Traitement de donnees, hebergement et activites connexes",MAISONS-ALFORT,,94,,,,,,,,,,,,,,,,,,,,,,,,,,,,,,,,,,,,,,,,,,,,,,,303447510,30344751000056,63.11Z,,,,,,,,,,,sirene,
STATION EXPERIMENTA FRUITS RHONE ALPES,,,a contacter,,,,,,,,,,,,data_etudes,Recherche-developpement en autres sciences physiques et naturelles,ETOILE-SUR-RHONE,,26,,,,,,,,,,,,,,,,,,,,,,,,,,,,,,,,,,,,,,,,,,,,,,,402550784,40255078400019,72.19Z,,,,,,,,,,,sirene,
STATION STARESO,,,a contacter,,,,,,,,,,,,data_etudes,Recherche-developpement en autres sciences physiques et naturelles,CALVI,,2B,,,,,,,,,,,,,,,,,,,,,,,,,,,,,,,,,,,,,,,,,,,,,,,805408275,80540827500016,72.19Z,,,,,,,,,,,sirene,
STATITEC,,,a contacter,,,,,,,,,,,,data_etudes,"Traitement de donnees, hebergement et activites connexes",VELIZY-VILLACOUBLAY,,78,,,,,,,,,,,,,,,,,,,,,,,,,,,,,,,,,,,,,,,,,,,,,,,410896393,41089639300064,63.11Z,,,,,,,,,,,sirene,
STATS ANALYTICS FRANCE,,,a contacter,,,,,,,,,,,,data_etudes,"Traitement de donnees, hebergement et activites connexes",PARIS,,75,,,,,,,,,,,,,,,,,,,,,,,,,,,,,,,,,,,,,,,,,,,,,,,452393135,45239313500077,63.11Z,,,,,,,,,,,sirene,
STEBA FRANCE,,,a contacter,,,,,,,,,,,,data_etudes,Recherche-developpement en autres sciences physiques et naturelles,VERSAILLES,,78,,,,,,,,,,,,,,,,,,,,,,,,,,,,,,,,,,,,,,,,,,,,,,,483336012,48333601200032,72.19Z,,,,,,,,,,,sirene,
STEFI INFORMATIQUE,,,a contacter,,,,,,,,,,,,data_etudes,"Traitement de donnees, hebergement et activites connexes",EVREUX,,27,,,,,,,,,,,,,,,,,,,,,,,,,,,,,,,,,,,,,,,,,,,,,,,344482948,34448294800066,63.11Z,,,,,,,,,,,sirene,
STEM GENOMICS,,,a contacter,,,,,,,,,,,,data_etudes,Recherche-developpement en autres sciences physiques et naturelles,GRABELS,,34,,,,,,,,,,,,,,,,,,,,,,,,,,,,,,,,,,,,,,,,,,,,,,,841152077,84115207700027,72.19Z,,,,,,,,,,,sirene,
STEMA,,,a contacter,,,,,,,,,,,,data_etudes,"Traitement de donnees, hebergement et activites connexes",NICE,,06,,,,,,,,,,,,,,,,,,,,,,,,,,,,,,,,,,,,,,,,,,,,,,,421056342,42105634200023,63.11Z,,,,,,,,,,,sirene,
STEPHENSON ETUDES,,,a contacter,,,,,,,,,,,,data_etudes,Etudes de marche et sondages,NANTES,,44,,,,,,,,,,,,,,,,,,,,,,,,,,,,,,,,,,,,,,,,,,,,,,,405350166,40535016600055,73.20Z,,,,,,,,,,,sirene,
STERLAB,,,a contacter,,,,,,,,,,,,data_etudes,Recherche-developpement en autres sciences physiques et naturelles,VALLAURIS,,06,,,,,,,,,,,,,,,,,,,,,,,,,,,,,,,,,,,,,,,,,,,,,,,487829483,48782948300014,72.19Z,,,,,,,,,,,sirene,
STET,,,a contacter,,,,,,,,,,,,data_etudes,"Traitement de donnees, hebergement et activites connexes",COURBEVOIE,,92,,,,,,,,,,,,,,,,,,,,,,,,,,,,,,,,,,,,,,,,,,,,,,,480140417,48014041700035,63.11Z,,,,,,,,,,,sirene,
STETHOS FRANCE,,,a contacter,,,,,,,,,,,,data_etudes,Etudes de marche et sondages,SEVRES,,92,,,,,,,,,,,,,,,,,,,,,,,,,,,,,,,,,,,,,,,,,,,,,,,850944265,85094426500014,73.20Z,,,,,,,,,,,sirene,
STI TRAITEMENTS INFORMATIQUES,,,a contacter,,,,,,,,,,,,data_etudes,"Traitement de donnees, hebergement et activites connexes",FALAISE,,14,,,,,,,,,,,,,,,,,,,,,,,,,,,,,,,,,,,,,,,,,,,,,,,329150684,32915068400028,63.11Z,,,,,,,,,,,sirene,
STINAM,,,a contacter,,,,,,,,,,,,data_etudes,"Traitement de donnees, hebergement et activites connexes",SAINT-BERTHEVIN,,53,,,,,,,,,,,,,,,,,,,,,,,,,,,,,,,,,,,,,,,,,,,,,,,901042978,90104297800014,63.11Z,,,,,,,,,,,sirene,
STMICROELECTRONICS (GRAND OUEST) SAS,,,a contacter,,,,,,,,,,,,data_etudes,Recherche-developpement en autres sciences physiques et naturelles,LE MANS,,72,,,,,,,,,,,,,,,,,,,,,,,,,,,,,,,,,,,,,,,,,,,,,,,409768520,40976852000135,72.19Z,,,,,,,,,,,sirene,
STRAINCHEM,,,a contacter,,,,,,,,,,,,data_etudes,Recherche-developpement en autres sciences physiques et naturelles,SAINT-BEAUZIRE,,63,,,,,,,,,,,,,,,,,,,,,,,,,,,,,,,,,,,,,,,,,,,,,,,832905525,83290552500024,72.19Z,,,,,,,,,,,sirene,
STRASBOURGEOISE PRESTATIONS VOC INFORMAT,,,a contacter,,,,,,,,,,,,data_etudes,"Traitement de donnees, hebergement et activites connexes",STRASBOURG,,67,,,,,,,,,,,,,,,,,,,,,,,,,,,,,,,,,,,,,,,,,,,,,,,417744208,41774420800014,63.11Z,,,,,,,,,,,sirene,
STRATEGIC RISK MANAGEMENT SA,,,a contacter,,,,,,,,,,,,data_etudes,Etudes de marche et sondages,PARIS,,75,,,,,,,,,,,,,,,,,,,,,,,,,,,,,,,,,,,,,,,,,,,,,,,403249204,40324920400054,73.20Z,,,,,,,,,,,sirene,
STRATEGIR,,,a contacter,,,,,,,,,,,,data_etudes,Etudes de marche et sondages,BORDEAUX,,33,,,,,,,,,,,,,,,,,,,,,,,,,,,,,,,,,,,,,,,,,,,,,,,351003736,35100373600037,73.20Z,,,,,,,,,,,sirene,
STRATINNOV,,,a contacter,,,,,,,,,,,,data_etudes,Recherche-developpement en autres sciences physiques et naturelles,MASSY,,91,,,,,,,,,,,,,,,,,,,,,,,,,,,,,,,,,,,,,,,,,,,,,,,522209667,52220966700040,72.19Z,,,,,,,,,,,sirene,
STUDIO MERCURYA,,,a contacter,,,,,,,,,,,,data_etudes,"Traitement de donnees, hebergement et activites connexes",BOURG-LA-REINE,,92,,,,,,,,,,,,,,,,,,,,,,,,,,,,,,,,,,,,,,,,,,,,,,,528112287,52811228700073,63.11Z,,,,,,,,,,,sirene,
SUDFLUOR,,,a contacter,,,,,,,,,,,,data_etudes,Recherche-developpement en autres sciences physiques et naturelles,MONTPELLIER,,34,,,,,,,,,,,,,,,,,,,,,,,,,,,,,,,,,,,,,,,,,,,,,,,795111624,79511162400040,72.19Z,,,,,,,,,,,sirene,
SUISSE NORVEGIENNE GRENOBLE,,,a contacter,,,,,,,,,,,,data_etudes,Recherche-developpement en autres sciences physiques et naturelles,GRENOBLE,,38,,,,,,,,,,,,,,,,,,,,,,,,,,,,,,,,,,,,,,,,,,,,,,,481320604,48132060400012,72.19Z,,,,,,,,,,,sirene,
SUMIRIKO SD FRANCE SAS,,,a contacter,,,,,,,,,,,,data_etudes,Recherche-developpement en autres sciences physiques et naturelles,DECIZE,,58,,,,,,,,,,,,,,,,,,,,,,,,,,,,,,,,,,,,,,,,,,,,,,,450817200,45081720000014,72.19Z,,,,,,,,,,,sirene,
SUNNY SHARK,,,a contacter,,,,,,,,,,,,data_etudes,"Traitement de donnees, hebergement et activites connexes",LA POSSESSION,,974,,,,,,,,,,,,,,,,,,,,,,,,,,,,,,,,,,,,,,,,,,,,,,,828423723,82842372300034,63.11Z,,,,,,,,,,,sirene,
SUPERGRID INSTITUTE,,,a contacter,,,,,,,,,,,,data_etudes,Recherche-developpement en autres sciences physiques et naturelles,VILLEURBANNE,,69,,,,,,,,,,,,,,,,,,,,,,,,,,,,,,,,,,,,,,,,,,,,,,,799482153,79948215300035,72.19Z,,,,,,,,,,,sirene,
SURFACTIS TECHNOLOGIES,,,a contacter,,,,,,,,,,,,data_etudes,Recherche-developpement en autres sciences physiques et naturelles,ANGERS,,49,,,,,,,,,,,,,,,,,,,,,,,,,,,,,,,,,,,,,,,,,,,,,,,478182629,47818262900012,72.19Z,,,,,,,,,,,sirene,
SURGIQUAL INSTITUTE,,,a contacter,,,,,,,,,,,,data_etudes,Recherche-developpement en autres sciences physiques et naturelles,MEYLAN,,38,,,,,,,,,,,,,,,,,,,,,,,,,,,,,,,,,,,,,,,,,,,,,,,502085046,50208504600048,72.19Z,,,,,,,,,,,sirene,
SVITEC,,,a contacter,,,,,,,,,,,,data_etudes,Recherche-developpement en autres sciences physiques et naturelles,LE HEZO,,56,,,,,,,,,,,,,,,,,,,,,,,,,,,,,,,,,,,,,,,,,,,,,,,803174838,80317483800034,72.19Z,,,,,,,,,,,sirene,
SVP SIRH,,,a contacter,,,,,,,,,,,,data_etudes,"Traitement de donnees, hebergement et activites connexes",BOIS-COLOMBES,,92,,,,,,,,,,,,,,,,,,,,,,,,,,,,,,,,,,,,,,,,,,,,,,,322625732,32262573200191,63.11Z,,,,,,,,,,,sirene,
SWAN-H,,,a contacter,,,,,,,,,,,,data_etudes,Recherche-developpement en autres sciences physiques et naturelles,LAFITTE-VIGORDANE,,31,,,,,,,,,,,,,,,,,,,,,,,,,,,,,,,,,,,,,,,,,,,,,,,908519093,90851909300011,72.19Z,,,,,,,,,,,sirene,
SWEETCH ENERGY,,,a contacter,,,,,,,,,,,,data_etudes,Recherche-developpement en autres sciences physiques et naturelles,SAINT-GREGOIRE,,35,,,,,,,,,,,,,,,,,,,,,,,,,,,,,,,,,,,,,,,,,,,,,,,810876177,81087617700033,72.19Z,,,,,,,,,,,sirene,
SWII,,,a contacter,,,,,,,,,,,,data_etudes,"Traitement de donnees, hebergement et activites connexes",AIX-EN-PROVENCE,,13,,,,,,,,,,,,,,,,,,,,,,,,,,,,,,,,,,,,,,,,,,,,,,,893669309,89366930900013,63.11Z,,,,,,,,,,,sirene,
SYAWAYS,,,a contacter,,,,,,,,,,,,data_etudes,"Traitement de donnees, hebergement et activites connexes",CLICHY,,92,,,,,,,,,,,,,,,,,,,,,,,,,,,,,,,,,,,,,,,,,,,,,,,830915930,83091593000036,63.11Z,,,,,,,,,,,sirene,
SYENSQO LABORATOIRE DU FUTUR,,,a contacter,,,,,,,,,,,,data_etudes,Recherche-developpement en autres sciences physiques et naturelles,PESSAC,,33,,,,,,,,,,,,,,,,,,,,,,,,,,,,,,,,,,,,,,,,,,,,,,,442993358,44299335800021,72.19Z,,,,,,,,,,,sirene,
SYHA,,,a contacter,,,,,,,,,,,,data_etudes,Recherche-developpement en autres sciences physiques et naturelles,MARSAT,,63,,,,,,,,,,,,,,,,,,,,,,,,,,,,,,,,,,,,,,,,,,,,,,,837725290,83772529000048,72.19Z,,,,,,,,,,,sirene,
SYLVIACARE,,,a contacter,,,,,,,,,,,,data_etudes,Recherche-developpement en autres sciences physiques et naturelles,METTRAY,,37,,,,,,,,,,,,,,,,,,,,,,,,,,,,,,,,,,,,,,,,,,,,,,,900832197,90083219700017,72.19Z,,,,,,,,,,,sirene,
SYMATESE,,,a contacter,,,,,,,,,,,,data_etudes,Recherche-developpement en autres sciences physiques et naturelles,CHAPONOST,,69,,,,,,,,,,,,,,,,,,,,,,,,,,,,,,,,,,,,,,,,,,,,,,,302135900,30213590000041,72.19Z,,,,,,,,,,,sirene,
SYMETRIS,,,a contacter,,,,,,,,,,,,data_etudes,Etudes de marche et sondages,DIJON,,21,,,,,,,,,,,,,,,,,,,,,,,,,,,,,,,,,,,,,,,,,,,,,,,538671355,53867135500021,73.20Z,,,,,,,,,,,sirene,
SYNAPSE OUEST,,,a contacter,,,,,,,,,,,,data_etudes,Autres services d'information n.c.a.,SAINT-SULPICE-LA-FORET,,35,,,,,,,,,,,,,,,,,,,,,,,,,,,,,,,,,,,,,,,,,,,,,,,450010558,45001055800044,63.99Z,,,,,,,,,,,sirene,
SYNCHROTRON SOLEIL,,,a contacter,,,,,,,,,,,,data_etudes,Recherche-developpement en autres sciences physiques et naturelles,SAINT-AUBIN,,91,,,,,,,,,,,,,,,,,,,,,,,,,,,,,,,,,,,,,,,,,,,,,,,439684903,43968490300016,72.19Z,,,,,,,,,,,sirene,
SYNCROSOME,,,a contacter,,,,,,,,,,,,data_etudes,Recherche-developpement en autres sciences physiques et naturelles,MARSEILLE,,13,,,,,,,,,,,,,,,,,,,,,,,,,,,,,,,,,,,,,,,,,,,,,,,433592854,43359285400023,72.19Z,,,,,,,,,,,sirene,
SYNERCAM,,,a contacter,,,,,,,,,,,,data_etudes,"Traitement de donnees, hebergement et activites connexes",LESCAR,,64,,,,,,,,,,,,,,,,,,,,,,,,,,,,,,,,,,,,,,,,,,,,,,,419833470,41983347000026,63.11Z,,,,,,,,,,,sirene,
SYNTECH RESEARCH FRANCE,,,a contacter,,,,,,,,,,,,data_etudes,Recherche-developpement en autres sciences physiques et naturelles,LA CHAPELLE-DE-GUINCHAY,,71,,,,,,,,,,,,,,,,,,,,,,,,,,,,,,,,,,,,,,,,,,,,,,,441818465,44181846500011,72.19Z,,,,,,,,,,,sirene,
SYNTECH RESEARCH GROUP,,,a contacter,,,,,,,,,,,,data_etudes,Recherche-developpement en autres sciences physiques et naturelles,LA CHAPELLE-DE-GUINCHAY,,71,,,,,,,,,,,,,,,,,,,,,,,,,,,,,,,,,,,,,,,,,,,,,,,820750537,82075053700038,72.19Z,,,,,,,,,,,sirene,
SYNTHECOB,,,a contacter,,,,,,,,,,,,data_etudes,Recherche-developpement en autres sciences physiques et naturelles,DAIX,,21,,,,,,,,,,,,,,,,,,,,,,,,,,,,,,,,,,,,,,,,,,,,,,,819187634,81918763400012,72.19Z,,,,,,,,,,,sirene,
SYNTHENOVA,,,a contacter,,,,,,,,,,,,data_etudes,Recherche-developpement en autres sciences physiques et naturelles,HEROUVILLE-SAINT-CLAIR,,14,,,,,,,,,,,,,,,,,,,,,,,,,,,,,,,,,,,,,,,,,,,,,,,809890585,80989058500015,72.19Z,,,,,,,,,,,sirene,
SYNTHESES,,,a contacter,,,,,,,,,,,,data_etudes,Etudes de marche et sondages,SAINT-DENIS,,974,,,,,,,,,,,,,,,,,,,,,,,,,,,,,,,,,,,,,,,,,,,,,,,340014661,34001466100052,73.20Z,,,,,,,,,,,sirene,
SYRES,,,a contacter,,,,,,,,,,,,data_etudes,Etudes de marche et sondages,CHAVENAY,,78,,,,,,,,,,,,,,,,,,,,,,,,,,,,,,,,,,,,,,,,,,,,,,,411610439,41161043900035,73.20Z,,,,,,,,,,,sirene,
SYS TELECOMS,,,a contacter,,,,,,,,,,,,data_etudes,"Traitement de donnees, hebergement et activites connexes",VILLENEUVE-D'ASCQ,,59,,,,,,,,,,,,,,,,,,,,,,,,,,,,,,,,,,,,,,,,,,,,,,,750644692,75064469200071,63.11Z,,,,,,,,,,,sirene,
SYST ELECTRO MESURE PHYSIQ SCIENCE IND,,,a contacter,,,,,,,,,,,,data_etudes,Recherche-developpement en autres sciences physiques et naturelles,CHAMPIGNY-SUR-MARNE,,94,,,,,,,,,,,,,,,,,,,,,,,,,,,,,,,,,,,,,,,,,,,,,,,482982279,48298227900028,72.19Z,,,,,,,,,,,sirene,
SYSTEME INFORMATION  PRODUITS DE SANTE,,,a contacter,,,,,,,,,,,,data_etudes,"Traitement de donnees, hebergement et activites connexes",PARIS,,75,,,,,,,,,,,,,,,,,,,,,,,,,,,,,,,,,,,,,,,,,,,,,,,451827042,45182704200040,63.11Z,,,,,,,,,,,sirene,
T A N I A,,,a contacter,,,,,,,,,,,,data_etudes,"Traitement de donnees, hebergement et activites connexes",NICE,,06,,,,,,,,,,,,,,,,,,,,,,,,,,,,,,,,,,,,,,,,,,,,,,,330189465,33018946500017,63.11Z,,,,,,,,,,,sirene,
T.F.M,,,a contacter,,,,,,,,,,,,data_etudes,"Traitement de donnees, hebergement et activites connexes",BRETTEVILLE-SUR-ODON,,14,,,,,,,,,,,,,,,,,,,,,,,,,,,,,,,,,,,,,,,,,,,,,,,478234487,47823448700054,63.11Z,,,,,,,,,,,sirene,
T.M.O.,,,a contacter,,,,,,,,,,,,data_etudes,Etudes de marche et sondages,RENNES,,35,,,,,,,,,,,,,,,,,,,,,,,,,,,,,,,,,,,,,,,,,,,,,,,314209941,31420994100082,73.20Z,,,,,,,,,,,sirene,
TACHYCARD,,,a contacter,,,,,,,,,,,,data_etudes,"Traitement de donnees, hebergement et activites connexes",MONTPELLIER,,34,,,,,,,,,,,,,,,,,,,,,,,,,,,,,,,,,,,,,,,,,,,,,,,884728072,88472807200023,63.11Z,,,,,,,,,,,sirene,
TACHYGRAPHE SYSTEMES ET SERVICES,,,a contacter,,,,,,,,,,,,data_etudes,"Traitement de donnees, hebergement et activites connexes",CHATEAUNEUF-DE-GADAGNE,,84,,,,,,,,,,,,,,,,,,,,,,,,,,,,,,,,,,,,,,,,,,,,,,,479716615,47971661500048,63.11Z,,,,,,,,,,,sirene,
TACHYSSEMA DEVELOPPEMENT,,,a contacter,,,,,,,,,,,,data_etudes,Recherche-developpement en autres sciences physiques et naturelles,ESCALQUENS,,31,,,,,,,,,,,,,,,,,,,,,,,,,,,,,,,,,,,,,,,,,,,,,,,797856366,79785636600019,72.19Z,,,,,,,,,,,sirene,
TACT DEVELOPPEMENT,,,a contacter,,,,,,,,,,,,data_etudes,"Traitement de donnees, hebergement et activites connexes",ANGLET,,64,,,,,,,,,,,,,,,,,,,,,,,,,,,,,,,,,,,,,,,,,,,,,,,440384527,44038452700030,63.11Z,,,,,,,,,,,sirene,
TAGG INFORMATIQUE,,,a contacter,,,,,,,,,,,,data_etudes,"Traitement de donnees, hebergement et activites connexes",ENTRELACS,,73,,,,,,,,,,,,,,,,,,,,,,,,,,,,,,,,,,,,,,,,,,,,,,,382726354,38272635400048,63.11Z,,,,,,,,,,,sirene,
TAKII FRANCE S.A.S,,,a contacter,,,,,,,,,,,,data_etudes,Recherche-developpement en autres sciences physiques et naturelles,GRISOLLES,,82,,,,,,,,,,,,,,,,,,,,,,,,,,,,,,,,,,,,,,,,,,,,,,,382258895,38225889500053,72.19Z,,,,,,,,,,,sirene,
TALEEZ,,,a contacter,,,,,,,,,,,,data_etudes,"Traitement de donnees, hebergement et activites connexes",TOULOUSE,,31,,,,,,,,,,,,,,,,,,,,,,,,,,,,,,,,,,,,,,,,,,,,,,,791647233,79164723300059,63.11Z,,,,,,,,,,,sirene,
TALENT CLUB,,,a contacter,,,,,,,,,,,,data_etudes,"Traitement de donnees, hebergement et activites connexes",PARIS,,75,,,,,,,,,,,,,,,,,,,,,,,,,,,,,,,,,,,,,,,,,,,,,,,810131771,81013177100075,63.11Z,,,,,,,,,,,sirene,
TALK ME,,,a contacter,,,,,,,,,,,,data_etudes,"Traitement de donnees, hebergement et activites connexes",ALENCON,,61,,,,,,,,,,,,,,,,,,,,,,,,,,,,,,,,,,,,,,,,,,,,,,,835045774,83504577400022,63.11Z,,,,,,,,,,,sirene,
TARMAC TECHNOLOGIES,,,a contacter,,,,,,,,,,,,data_etudes,"Traitement de donnees, hebergement et activites connexes",AULNAY-SOUS-BOIS,,93,,,,,,,,,,,,,,,,,,,,,,,,,,,,,,,,,,,,,,,,,,,,,,,880562343,88056234300025,63.11Z,,,,,,,,,,,sirene,
TATE & LYLE INGREDIENTS FRANCE,,,a contacter,,,,,,,,,,,,data_etudes,Recherche-developpement en autres sciences physiques et naturelles,LEVALLOIS-PERRET,,92,,,,,,,,,,,,,,,,,,,,,,,,,,,,,,,,,,,,,,,,,,,,,,,498593458,49859345800058,72.19Z,,,,,,,,,,,sirene,
TATLIN AERO,,,a contacter,,,,,,,,,,,,data_etudes,Recherche-developpement en autres sciences physiques et naturelles,TOULOUSE,,31,,,,,,,,,,,,,,,,,,,,,,,,,,,,,,,,,,,,,,,,,,,,,,,911258119,91125811900013,72.19Z,,,,,,,,,,,sirene,
TEADS FRANCE,,,a contacter,,,,,,,,,,,,data_etudes,"Traitement de donnees, hebergement et activites connexes",PARIS,,75,,,,,,,,,,,,,,,,,,,,,,,,,,,,,,,,,,,,,,,,,,,,,,,483813861,48381386100042,63.11Z,,,,,,,,,,,sirene,
TEAM RECRUT,,,a contacter,,,,,,,,,,,,data_etudes,Etudes de marche et sondages,VINCENNES,,94,,,,,,,,,,,,,,,,,,,,,,,,,,,,,,,,,,,,,,,,,,,,,,,481213783,48121378300014,73.20Z,,,,,,,,,,,sirene,
TEAMWAY,,,a contacter,,,,,,,,,,,,data_etudes,"Traitement de donnees, hebergement et activites connexes",L'ISLE-D'ESPAGNAC,,16,,,,,,,,,,,,,,,,,,,,,,,,,,,,,,,,,,,,,,,,,,,,,,,852003664,85200366400012,63.11Z,,,,,,,,,,,sirene,
TECH COM,,,a contacter,,,,,,,,,,,,data_etudes,"Traitement de donnees, hebergement et activites connexes",LES ULIS,,91,,,,,,,,,,,,,,,,,,,,,,,,,,,,,,,,,,,,,,,,,,,,,,,349157594,34915759400079,63.11Z,,,,,,,,,,,sirene,
TECH SEA LAB,,,a contacter,,,,,,,,,,,,data_etudes,Recherche-developpement en autres sciences physiques et naturelles,PENMARCH,,29,,,,,,,,,,,,,,,,,,,,,,,,,,,,,,,,,,,,,,,,,,,,,,,792333072,79233307200017,72.19Z,,,,,,,,,,,sirene,
TECHNILAB,,,a contacter,,,,,,,,,,,,data_etudes,Recherche-developpement en autres sciences physiques et naturelles,MESANGER,,44,,,,,,,,,,,,,,,,,,,,,,,,,,,,,,,,,,,,,,,,,,,,,,,420024879,42002487900025,72.19Z,,,,,,,,,,,sirene,
TECHNIQUES - GESTION INFORMATIQUE,,,a contacter,,,,,,,,,,,,data_etudes,"Traitement de donnees, hebergement et activites connexes",LYON,,69,,,,,,,,,,,,,,,,,,,,,,,,,,,,,,,,,,,,,,,,,,,,,,,324079508,32407950800101,63.11Z,,,,,,,,,,,sirene,
TECHNIQUES DE SONDAGES ET TESTS - TEST,,,a contacter,,,,,,,,,,,,data_etudes,Etudes de marche et sondages,SURESNES,,92,,,,,,,,,,,,,,,,,,,,,,,,,,,,,,,,,,,,,,,,,,,,,,,325373470,32537347000047,73.20Z,,,,,,,,,,,sirene,
TECHNOLOGIE SERVIER,,,a contacter,,,,,,,,,,,,data_etudes,Recherche-developpement en autres sciences physiques et naturelles,ORLEANS,,45,,,,,,,,,,,,,,,,,,,,,,,,,,,,,,,,,,,,,,,,,,,,,,,316357334,31635733400010,72.19Z,,,,,,,,,,,sirene,
TECNALIA FRANCE,,,a contacter,,,,,,,,,,,,data_etudes,Recherche-developpement en autres sciences physiques et naturelles,PESSAC,,33,,,,,,,,,,,,,,,,,,,,,,,,,,,,,,,,,,,,,,,,,,,,,,,501161566,50116156600044,72.19Z,,,,,,,,,,,sirene,
TEEO,,,a contacter,,,,,,,,,,,,data_etudes,"Traitement de donnees, hebergement et activites connexes",LE PORT,,974,,,,,,,,,,,,,,,,,,,,,,,,,,,,,,,,,,,,,,,,,,,,,,,519653927,51965392700037,63.11Z,,,,,,,,,,,sirene,
TEKNIK.FR,,,a contacter,,,,,,,,,,,,data_etudes,"Traitement de donnees, hebergement et activites connexes",NICE,,06,,,,,,,,,,,,,,,,,,,,,,,,,,,,,,,,,,,,,,,,,,,,,,,522312644,52231264400027,63.11Z,,,,,,,,,,,sirene,
TELE TRAITEMENT INFORMATIQUE,,,a contacter,,,,,,,,,,,,data_etudes,"Traitement de donnees, hebergement et activites connexes",SAINT-DENIS,,974,,,,,,,,,,,,,,,,,,,,,,,,,,,,,,,,,,,,,,,,,,,,,,,310851324,31085132400072,63.11Z,,,,,,,,,,,sirene,
TELECOM DESIGN,,,a contacter,,,,,,,,,,,,data_etudes,"Traitement de donnees, hebergement et activites connexes",CANEJAN,,33,,,,,,,,,,,,,,,,,,,,,,,,,,,,,,,,,,,,,,,,,,,,,,,432382927,43238292700056,63.11Z,,,,,,,,,,,sirene,
TELEFACT,,,a contacter,,,,,,,,,,,,data_etudes,"Traitement de donnees, hebergement et activites connexes",NANTERRE,,92,,,,,,,,,,,,,,,,,,,,,,,,,,,,,,,,,,,,,,,,,,,,,,,382149987,38214998700077,63.11Z,,,,,,,,,,,sirene,
TELEFUN,,,a contacter,,,,,,,,,,,,data_etudes,"Traitement de donnees, hebergement et activites connexes",PARIS,,75,,,,,,,,,,,,,,,,,,,,,,,,,,,,,,,,,,,,,,,,,,,,,,,332276880,33227688000041,63.11Z,,,,,,,,,,,sirene,
TELEHOUSE INT CORPORATION EUROPE LIMITED,,,a contacter,,,,,,,,,,,,data_etudes,"Traitement de donnees, hebergement et activites connexes",PARIS,,75,,,,,,,,,,,,,,,,,,,,,,,,,,,,,,,,,,,,,,,,,,,,,,,408024115,40802411500037,63.11Z,,,,,,,,,,,sirene,
TELENE SAS,,,a contacter,,,,,,,,,,,,data_etudes,Recherche-developpement en autres sciences physiques et naturelles,BONDUES,,59,,,,,,,,,,,,,,,,,,,,,,,,,,,,,,,,,,,,,,,,,,,,,,,484717863,48471786300035,72.19Z,,,,,,,,,,,sirene,
TELEQUID,,,a contacter,,,,,,,,,,,,data_etudes,"Traitement de donnees, hebergement et activites connexes",BOULOGNE-BILLANCOURT,,92,,,,,,,,,,,,,,,,,,,,,,,,,,,,,,,,,,,,,,,,,,,,,,,504732058,50473205800020,63.11Z,,,,,,,,,,,sirene,
TEMATYS,,,a contacter,,,,,,,,,,,,data_etudes,Recherche-developpement en autres sciences physiques et naturelles,PALAISEAU,,91,,,,,,,,,,,,,,,,,,,,,,,,,,,,,,,,,,,,,,,,,,,,,,,528943616,52894361600029,72.19Z,,,,,,,,,,,sirene,
TEMISTH SAS,,,a contacter,,,,,,,,,,,,data_etudes,Recherche-developpement en autres sciences physiques et naturelles,LAMBESC,,13,,,,,,,,,,,,,,,,,,,,,,,,,,,,,,,,,,,,,,,,,,,,,,,752762872,75276287200030,72.19Z,,,,,,,,,,,sirene,
TEMPLUS FRANCE,,,a contacter,,,,,,,,,,,,data_etudes,"Traitement de donnees, hebergement et activites connexes",PARIS,,75,,,,,,,,,,,,,,,,,,,,,,,,,,,,,,,,,,,,,,,,,,,,,,,883834491,88383449100036,63.11Z,,,,,,,,,,,sirene,
TERRAINS ET RELEVES REUNION,,,a contacter,,,,,,,,,,,,data_etudes,Etudes de marche et sondages,SAINT-DENIS,,974,,,,,,,,,,,,,,,,,,,,,,,,,,,,,,,,,,,,,,,,,,,,,,,512385527,51238552700019,73.20Z,,,,,,,,,,,sirene,
TERRES INOVIA,,,a contacter,,,,,,,,,,,,data_etudes,Recherche-developpement en autres sciences physiques et naturelles,PARIS,,75,,,,,,,,,,,,,,,,,,,,,,,,,,,,,,,,,,,,,,,,,,,,,,,775688492,77568849200286,72.19Z,,,,,,,,,,,sirene,
TERRIUM SOLUTIONS,,,a contacter,,,,,,,,,,,,data_etudes,Recherche-developpement en autres sciences physiques et naturelles,VILLEURBANNE,,69,,,,,,,,,,,,,,,,,,,,,,,,,,,,,,,,,,,,,,,,,,,,,,,753805159,75380515900047,72.19Z,,,,,,,,,,,sirene,
TESSI - T.G.D.,,,a contacter,,,,,,,,,,,,data_etudes,"Traitement de donnees, hebergement et activites connexes",CESSON-SEVIGNE,,35,,,,,,,,,,,,,,,,,,,,,,,,,,,,,,,,,,,,,,,,,,,,,,,393046784,39304678400160,63.11Z,,,,,,,,,,,sirene,
TESSI ACCES,,,a contacter,,,,,,,,,,,,data_etudes,"Traitement de donnees, hebergement et activites connexes",AVON,,77,,,,,,,,,,,,,,,,,,,,,,,,,,,,,,,,,,,,,,,,,,,,,,,338621972,33862197200060,63.11Z,,,,,,,,,,,sirene,
TESSI CHEQUE ILE DE FRANCE,,,a contacter,,,,,,,,,,,,data_etudes,"Traitement de donnees, hebergement et activites connexes",MONTREUIL,,93,,,,,,,,,,,,,,,,,,,,,,,,,,,,,,,,,,,,,,,,,,,,,,,439202698,43920269800031,63.11Z,,,,,,,,,,,sirene,
TESSI DOCUMENTS SERVICES,,,a contacter,,,,,,,,,,,,data_etudes,"Traitement de donnees, hebergement et activites connexes",BOULOGNE-BILLANCOURT,,92,,,,,,,,,,,,,,,,,,,,,,,,,,,,,,,,,,,,,,,,,,,,,,,326803582,32680358200096,63.11Z,,,,,,,,,,,sirene,
TESSI EDITIQUE,,,a contacter,,,,,,,,,,,,data_etudes,"Traitement de donnees, hebergement et activites connexes",LONGJUMEAU,,91,,,,,,,,,,,,,,,,,,,,,,,,,,,,,,,,,,,,,,,,,,,,,,,722057593,72205759300096,63.11Z,,,,,,,,,,,sirene,
TESSI OUEST,,,a contacter,,,,,,,,,,,,data_etudes,"Traitement de donnees, hebergement et activites connexes",ANGERS,,49,,,,,,,,,,,,,,,,,,,,,,,,,,,,,,,,,,,,,,,,,,,,,,,340258284,34025828400082,63.11Z,,,,,,,,,,,sirene,
TESTAPI,,,a contacter,,,,,,,,,,,,data_etudes,Recherche-developpement en autres sciences physiques et naturelles,ALLONNES,,49,,,,,,,,,,,,,,,,,,,,,,,,,,,,,,,,,,,,,,,,,,,,,,,385043013,38504301300049,72.19Z,,,,,,,,,,,sirene,
TEXAS INSTRUMENTS FRANCE,,,a contacter,,,,,,,,,,,,data_etudes,Recherche-developpement en autres sciences physiques et naturelles,ISSY-LES-MOULINEAUX,,92,,,,,,,,,,,,,,,,,,,,,,,,,,,,,,,,,,,,,,,,,,,,,,,036420040,03642004000291,72.19Z,,,,,,,,,,,sirene,
TFCHEM,,,a contacter,,,,,,,,,,,,data_etudes,Recherche-developpement en autres sciences physiques et naturelles,VAL-DE-REUIL,,27,,,,,,,,,,,,,,,,,,,,,,,,,,,,,,,,,,,,,,,,,,,,,,,499206837,49920683700035,72.19Z,,,,,,,,,,,sirene,
TFS TRIAL FORM SUPPORT,,,a contacter,,,,,,,,,,,,data_etudes,Recherche-developpement en autres sciences physiques et naturelles,PARIS,,75,,,,,,,,,,,,,,,,,,,,,,,,,,,,,,,,,,,,,,,,,,,,,,,752032094,75203209400035,72.19Z,,,,,,,,,,,sirene,
THE DATA DRIVEN COMPANY,,,a contacter,,,,,,,,,,,,data_etudes,"Traitement de donnees, hebergement et activites connexes",PARIS,,75,,,,,,,,,,,,,,,,,,,,,,,,,,,,,,,,,,,,,,,,,,,,,,,801628058,80162805800027,63.11Z,,,,,,,,,,,sirene,
THE KANSAI ELECTRIC POWER COMPANY INCORPORATED,,,a contacter,,,,,,,,,,,,data_etudes,Etudes de marche et sondages,,,,,,,,,,,,,,,,,,,,,,,,,,,,,,,,,,,,,,,,,,,,,,,,,,504102534,50410253400014,73.20Z,,,,,,,,,,,sirene,
THE ODYSSEY,,,a contacter,,,,,,,,,,,,data_etudes,"Traitement de donnees, hebergement et activites connexes",PARIS,,75,,,,,,,,,,,,,,,,,,,,,,,,,,,,,,,,,,,,,,,,,,,,,,,812491314,81249131400058,63.11Z,,,,,,,,,,,sirene,
THE QT COMPANY,,,a contacter,,,,,,,,,,,,data_etudes,"Traitement de donnees, hebergement et activites connexes",PARIS,,75,,,,,,,,,,,,,,,,,,,,,,,,,,,,,,,,,,,,,,,,,,,,,,,838366656,83836665600026,63.11Z,,,,,,,,,,,sirene,
THELONIUS MIND,,,a contacter,,,,,,,,,,,,data_etudes,Recherche-developpement en autres sciences physiques et naturelles,MARSEILLE,,13,,,,,,,,,,,,,,,,,,,,,,,,,,,,,,,,,,,,,,,,,,,,,,,823892807,82389280700012,72.19Z,,,,,,,,,,,sirene,
THERAVECTYS,,,a contacter,,,,,,,,,,,,data_etudes,Recherche-developpement en autres sciences physiques et naturelles,EVRY-COURCOURONNES,,91,,,,,,,,,,,,,,,,,,,,,,,,,,,,,,,,,,,,,,,,,,,,,,,482324282,48232428200078,72.19Z,,,,,,,,,,,sirene,
THREADNEEDLE MANAGEMENT LUXEMBOURG S.A.,,,a contacter,,,,,,,,,,,,data_etudes,Etudes de marche et sondages,,,,,,,,,,,,,,,,,,,,,,,,,,,,,,,,,,,,,,,,,,,,,,,,,,887626950,88762695000018,73.20Z,,,,,,,,,,,sirene,
TIGERSUN MEDIA GROUP,,,a contacter,,,,,,,,,,,,data_etudes,"Traitement de donnees, hebergement et activites connexes",ORSAY,,91,,,,,,,,,,,,,,,,,,,,,,,,,,,,,,,,,,,,,,,,,,,,,,,484391347,48439134700032,63.11Z,,,,,,,,,,,sirene,
TIKOAM,,,a contacter,,,,,,,,,,,,data_etudes,Recherche-developpement en autres sciences physiques et naturelles,BAYONNE,,64,,,,,,,,,,,,,,,,,,,,,,,,,,,,,,,,,,,,,,,,,,,,,,,891034662,89103466200025,72.19Z,,,,,,,,,,,sirene,
TILTED,,,a contacter,,,,,,,,,,,,data_etudes,"Traitement de donnees, hebergement et activites connexes",LES BELLEVILLE,,73,,,,,,,,,,,,,,,,,,,,,,,,,,,,,,,,,,,,,,,,,,,,,,,851545749,85154574900026,63.11Z,,,,,,,,,,,sirene,
TIMS SYSTEMES,,,a contacter,,,,,,,,,,,,data_etudes,"Traitement de donnees, hebergement et activites connexes",LIMONEST,,69,,,,,,,,,,,,,,,,,,,,,,,,,,,,,,,,,,,,,,,,,,,,,,,343864195,34386419500072,63.11Z,,,,,,,,,,,sirene,
TISSIUM,,,a contacter,,,,,,,,,,,,data_etudes,Recherche-developpement en autres sciences physiques et naturelles,PARIS,,75,,,,,,,,,,,,,,,,,,,,,,,,,,,,,,,,,,,,,,,,,,,,,,,793166299,79316629900040,72.19Z,,,,,,,,,,,sirene,
TITAN DATACENTERS FRANCE,,,a contacter,,,,,,,,,,,,data_etudes,"Traitement de donnees, hebergement et activites connexes",GRASSE,,06,,,,,,,,,,,,,,,,,,,,,,,,,,,,,,,,,,,,,,,,,,,,,,,789683190,78968319000043,63.11Z,,,,,,,,,,,sirene,
TITI PINSON,,,a contacter,,,,,,,,,,,,data_etudes,Etudes de marche et sondages,OPTEVOZ,,38,,,,,,,,,,,,,,,,,,,,,,,,,,,,,,,,,,,,,,,,,,,,,,,378927149,37892714900021,73.20Z,,,,,,,,,,,sirene,
TOKOS,,,a contacter,,,,,,,,,,,,data_etudes,"Traitement de donnees, hebergement et activites connexes",INGRANDES,,86,,,,,,,,,,,,,,,,,,,,,,,,,,,,,,,,,,,,,,,,,,,,,,,344128459,34412845900023,63.11Z,,,,,,,,,,,sirene,
TOKSTER,,,a contacter,,,,,,,,,,,,data_etudes,"Traitement de donnees, hebergement et activites connexes",SAINT-DENIS,,93,,,,,,,,,,,,,,,,,,,,,,,,,,,,,,,,,,,,,,,,,,,,,,,801906793,80190679300014,63.11Z,,,,,,,,,,,sirene,
TOO SHOES,,,a contacter,,,,,,,,,,,,data_etudes,Etudes de marche et sondages,SAINT-BERTHEVIN,,53,,,,,,,,,,,,,,,,,,,,,,,,,,,,,,,,,,,,,,,,,,,,,,,903498152,90349815200011,73.20Z,,,,,,,,,,,sirene,
TOP MODA,,,a contacter,,,,,,,,,,,,data_etudes,Etudes de marche et sondages,SAINT-BERTHEVIN,,53,,,,,,,,,,,,,,,,,,,,,,,,,,,,,,,,,,,,,,,,,,,,,,,511943813,51194381300028,73.20Z,,,,,,,,,,,sirene,
TOPO RESEARCH,,,a contacter,,,,,,,,,,,,data_etudes,Etudes de marche et sondages,PARIS,,75,,,,,,,,,,,,,,,,,,,,,,,,,,,,,,,,,,,,,,,,,,,,,,,334456100,33445610000059,73.20Z,,,,,,,,,,,sirene,
TOULOA,,,a contacter,,,,,,,,,,,,data_etudes,"Traitement de donnees, hebergement et activites connexes",TOULOUSE,,31,,,,,,,,,,,,,,,,,,,,,,,,,,,,,,,,,,,,,,,,,,,,,,,835360298,83536029800037,63.11Z,,,,,,,,,,,sirene,
TOULOUSE TECH TRANSFER,,,a contacter,,,,,,,,,,,,data_etudes,Recherche-developpement en autres sciences physiques et naturelles,TOULOUSE,,31,,,,,,,,,,,,,,,,,,,,,,,,,,,,,,,,,,,,,,,,,,,,,,,539715425,53971542500036,72.19Z,,,,,,,,,,,sirene,
TOUS MES DROITS,,,a contacter,,,,,,,,,,,,data_etudes,"Traitement de donnees, hebergement et activites connexes",PARIS,,75,,,,,,,,,,,,,,,,,,,,,,,,,,,,,,,,,,,,,,,,,,,,,,,838571206,83857120600039,63.11Z,,,,,,,,,,,sirene,
TOUTE L'EUROPE,,,a contacter,,,,,,,,,,,,data_etudes,"Traitement de donnees, hebergement et activites connexes",PARIS,,75,,,,,,,,,,,,,,,,,,,,,,,,,,,,,,,,,,,,,,,,,,,,,,,385022983,38502298300055,63.11Z,,,,,,,,,,,sirene,
TOWER FARM R&D,,,a contacter,,,,,,,,,,,,data_etudes,Recherche-developpement en autres sciences physiques et naturelles,SARCELLES,,95,,,,,,,,,,,,,,,,,,,,,,,,,,,,,,,,,,,,,,,,,,,,,,,832536817,83253681700014,72.19Z,,,,,,,,,,,sirene,
TOWER RESEARCH CAPITAL EUROPE B.V.,,,a contacter,,,,,,,,,,,,data_etudes,Etudes de marche et sondages,,,,,,,,,,,,,,,,,,,,,,,,,,,,,,,,,,,,,,,,,,,,,,,,,,883282618,88328261800015,73.20Z,,,,,,,,,,,sirene,
TOXILABO,,,a contacter,,,,,,,,,,,,data_etudes,Recherche-developpement en autres sciences physiques et naturelles,NANTES,,44,,,,,,,,,,,,,,,,,,,,,,,,,,,,,,,,,,,,,,,,,,,,,,,434005658,43400565800019,72.19Z,,,,,,,,,,,sirene,
TOYOTA EUROPE DESIGN DEVELOPMENT,,,a contacter,,,,,,,,,,,,data_etudes,Recherche-developpement en autres sciences physiques et naturelles,BIOT,,06,,,,,,,,,,,,,,,,,,,,,,,,,,,,,,,,,,,,,,,,,,,,,,,420761918,42076191800036,72.19Z,,,,,,,,,,,sirene,
TP CONNECT,,,a contacter,,,,,,,,,,,,data_etudes,"Traitement de donnees, hebergement et activites connexes",PARIS,,75,,,,,,,,,,,,,,,,,,,,,,,,,,,,,,,,,,,,,,,,,,,,,,,851429647,85142964700031,63.11Z,,,,,,,,,,,sirene,
TP INFINITY FRANCE S.A.S.,,,a contacter,,,,,,,,,,,,data_etudes,Etudes de marche et sondages,PARIS,,75,,,,,,,,,,,,,,,,,,,,,,,,,,,,,,,,,,,,,,,,,,,,,,,490782570,49078257000041,73.20Z,,,,,,,,,,,sirene,
TRACEPARTS,,,a contacter,,,,,,,,,,,,data_etudes,"Traitement de donnees, hebergement et activites connexes",SAINT-ROMAIN-DE-COLBOSC,,76,,,,,,,,,,,,,,,,,,,,,,,,,,,,,,,,,,,,,,,,,,,,,,,433949625,43394962500019,63.11Z,,,,,,,,,,,sirene,
TRACKER,,,a contacter,,,,,,,,,,,,data_etudes,"Traitement de donnees, hebergement et activites connexes",RONCQ,,59,,,,,,,,,,,,,,,,,,,,,,,,,,,,,,,,,,,,,,,,,,,,,,,432765485,43276548500045,63.11Z,,,,,,,,,,,sirene,
TRADETRACKER FRANCE,,,a contacter,,,,,,,,,,,,data_etudes,"Traitement de donnees, hebergement et activites connexes",LILLE,,59,,,,,,,,,,,,,,,,,,,,,,,,,,,,,,,,,,,,,,,,,,,,,,,791329196,79132919600020,63.11Z,,,,,,,,,,,sirene,
TRAITEMENTS COMPOSITES POUDRES ET PROCESS,,,a contacter,,,,,,,,,,,,data_etudes,Recherche-developpement en autres sciences physiques et naturelles,AZERABLES,,23,,,,,,,,,,,,,,,,,,,,,,,,,,,,,,,,,,,,,,,,,,,,,,,412536278,41253627800010,72.19Z,,,,,,,,,,,sirene,
TRAITEMENTS ET RECONNAISSANCE DES DONNEES REUNION,,,a contacter,,,,,,,,,,,,data_etudes,"Traitement de donnees, hebergement et activites connexes",SAINT-DENIS,,974,,,,,,,,,,,,,,,,,,,,,,,,,,,,,,,,,,,,,,,,,,,,,,,510278658,51027865800016,63.11Z,,,,,,,,,,,sirene,
TRAJECTOIRES REFLEX,,,a contacter,,,,,,,,,,,,data_etudes,Etudes de marche et sondages,LYON,,69,,,,,,,,,,,,,,,,,,,,,,,,,,,,,,,,,,,,,,,,,,,,,,,400195327,40019532700020,73.20Z,,,,,,,,,,,sirene,
TRANSCURE BIOSERVICES,,,a contacter,,,,,,,,,,,,data_etudes,Recherche-developpement en autres sciences physiques et naturelles,ARCHAMPS,,74,,,,,,,,,,,,,,,,,,,,,,,,,,,,,,,,,,,,,,,,,,,,,,,751629320,75162932000019,72.19Z,,,,,,,,,,,sirene,
TRANSDERMA SYSTEMS,,,a contacter,,,,,,,,,,,,data_etudes,Recherche-developpement en autres sciences physiques et naturelles,TOURS,,37,,,,,,,,,,,,,,,,,,,,,,,,,,,,,,,,,,,,,,,,,,,,,,,478366511,47836651100036,72.19Z,,,,,,,,,,,sirene,
TRANSITEL,,,a contacter,,,,,,,,,,,,data_etudes,"Traitement de donnees, hebergement et activites connexes",ORCHIES,,59,,,,,,,,,,,,,,,,,,,,,,,,,,,,,,,,,,,,,,,,,,,,,,,480059369,48005936900029,63.11Z,,,,,,,,,,,sirene,
TREASURE DATA (FRANCE) SAS,,,a contacter,,,,,,,,,,,,data_etudes,"Traitement de donnees, hebergement et activites connexes",VALBONNE,,06,,,,,,,,,,,,,,,,,,,,,,,,,,,,,,,,,,,,,,,,,,,,,,,888877594,88887759400018,63.11Z,,,,,,,,,,,sirene,
TREEZOR,,,a contacter,,,,,,,,,,,,data_etudes,"Traitement de donnees, hebergement et activites connexes",PARIS,,75,,,,,,,,,,,,,,,,,,,,,,,,,,,,,,,,,,,,,,,,,,,,,,,807465059,80746505900077,63.11Z,,,,,,,,,,,sirene,
TREMA,,,a contacter,,,,,,,,,,,,data_etudes,Etudes de marche et sondages,SAINT-BERTHEVIN,,53,,,,,,,,,,,,,,,,,,,,,,,,,,,,,,,,,,,,,,,,,,,,,,,830264727,83026472700017,73.20Z,,,,,,,,,,,sirene,
TRIBU AND CO,,,a contacter,,,,,,,,,,,,data_etudes,"Traitement de donnees, hebergement et activites connexes",TOURS,,37,,,,,,,,,,,,,,,,,,,,,,,,,,,,,,,,,,,,,,,,,,,,,,,488725482,48872548200043,63.11Z,,,,,,,,,,,sirene,
TRIDEK-ONE THERAPEUTICS,,,a contacter,,,,,,,,,,,,data_etudes,Recherche-developpement en autres sciences physiques et naturelles,PARIS,,75,,,,,,,,,,,,,,,,,,,,,,,,,,,,,,,,,,,,,,,,,,,,,,,840361315,84036131500012,72.19Z,,,,,,,,,,,sirene,
TSP DIFFUSION,,,a contacter,,,,,,,,,,,,data_etudes,"Traitement de donnees, hebergement et activites connexes",POISSY,,78,,,,,,,,,,,,,,,,,,,,,,,,,,,,,,,,,,,,,,,,,,,,,,,403085814,40308581400040,63.11Z,,,,,,,,,,,sirene,
TURAL,,,a contacter,,,,,,,,,,,,data_etudes,Recherche-developpement en autres sciences physiques et naturelles,MARIGNIER,,74,,,,,,,,,,,,,,,,,,,,,,,,,,,,,,,,,,,,,,,,,,,,,,,505274324,50527432400027,72.19Z,,,,,,,,,,,sirene,
TWISE,,,a contacter,,,,,,,,,,,,data_etudes,Recherche-developpement en autres sciences physiques et naturelles,AUBAGNE,,13,,,,,,,,,,,,,,,,,,,,,,,,,,,,,,,,,,,,,,,,,,,,,,,833654874,83365487400027,72.19Z,,,,,,,,,,,sirene,
TY CLOUD,,,a contacter,,,,,,,,,,,,data_etudes,"Traitement de donnees, hebergement et activites connexes",VANNES,,56,,,,,,,,,,,,,,,,,,,,,,,,,,,,,,,,,,,,,,,,,,,,,,,841671795,84167179500026,63.11Z,,,,,,,,,,,sirene,
TYLS RH,,,a contacter,,,,,,,,,,,,data_etudes,"Traitement de donnees, hebergement et activites connexes",LAVAL,,53,,,,,,,,,,,,,,,,,,,,,,,,,,,,,,,,,,,,,,,,,,,,,,,482854437,48285443700035,63.11Z,,,,,,,,,,,sirene,
U.R.B.S.,,,a contacter,,,,,,,,,,,,data_etudes,"Traitement de donnees, hebergement et activites connexes",SAINT-ETIENNE,,42,,,,,,,,,,,,,,,,,,,,,,,,,,,,,,,,,,,,,,,,,,,,,,,877843656,87784365600035,63.11Z,,,,,,,,,,,sirene,
UBICAST,,,a contacter,,,,,,,,,,,,data_etudes,"Traitement de donnees, hebergement et activites connexes",PARIS,,75,,,,,,,,,,,,,,,,,,,,,,,,,,,,,,,,,,,,,,,,,,,,,,,500275987,50027598700047,63.11Z,,,,,,,,,,,sirene,
UBIFLOW,,,a contacter,,,,,,,,,,,,data_etudes,"Traitement de donnees, hebergement et activites connexes",BETTON,,35,,,,,,,,,,,,,,,,,,,,,,,,,,,,,,,,,,,,,,,,,,,,,,,429751654,42975165400063,63.11Z,,,,,,,,,,,sirene,
UL INTERNATIONAL GMBH,,,a contacter,,,,,,,,,,,,data_etudes,Recherche-developpement en autres sciences physiques et naturelles,,,,,,,,,,,,,,,,,,,,,,,,,,,,,,,,,,,,,,,,,,,,,,,,,,483622130,48362213000019,72.19Z,,,,,,,,,,,sirene,
UMAI,,,a contacter,,,,,,,,,,,,data_etudes,Recherche-developpement en autres sciences physiques et naturelles,OLIVET,,45,,,,,,,,,,,,,,,,,,,,,,,,,,,,,,,,,,,,,,,,,,,,,,,848550828,84855082800067,72.19Z,,,,,,,,,,,sirene,
UNAC R&D,,,a contacter,,,,,,,,,,,,data_etudes,Recherche-developpement en autres sciences physiques et naturelles,VERGEZE,,30,,,,,,,,,,,,,,,,,,,,,,,,,,,,,,,,,,,,,,,,,,,,,,,808668990,80866899000019,72.19Z,,,,,,,,,,,sirene,
UNIMEDIA SERVICES,,,a contacter,,,,,,,,,,,,data_etudes,"Traitement de donnees, hebergement et activites connexes",BEAUCOUZE,,49,,,,,,,,,,,,,,,,,,,,,,,,,,,,,,,,,,,,,,,,,,,,,,,424005239,42400523900043,63.11Z,,,,,,,,,,,sirene,
UNION CENTRE INFORMATIQUE DE LAMBALLE,,,a contacter,,,,,,,,,,,,data_etudes,"Traitement de donnees, hebergement et activites connexes",LAMBALLE-ARMOR,,22,,,,,,,,,,,,,,,,,,,,,,,,,,,,,,,,,,,,,,,,,,,,,,,319296406,31929640600014,63.11Z,,,,,,,,,,,sirene,
UNISSIA,,,a contacter,,,,,,,,,,,,data_etudes,"Traitement de donnees, hebergement et activites connexes",PLERIN,,22,,,,,,,,,,,,,,,,,,,,,,,,,,,,,,,,,,,,,,,,,,,,,,,808407951,80840795100017,63.11Z,,,,,,,,,,,sirene,
UNITE PARAMEDICALE AMBULATOIRE DE RECHERCHE CLINIQUE,,,a contacter,,,,,,,,,,,,data_etudes,Recherche-developpement en autres sciences physiques et naturelles,PARIS,,75,,,,,,,,,,,,,,,,,,,,,,,,,,,,,,,,,,,,,,,,,,,,,,,792070369,79207036900022,72.19Z,,,,,,,,,,,sirene,
UNITHER DEVELOPPEMENT BORDEAUX,,,a contacter,,,,,,,,,,,,data_etudes,Recherche-developpement en autres sciences physiques et naturelles,LE HAILLAN,,33,,,,,,,,,,,,,,,,,,,,,,,,,,,,,,,,,,,,,,,,,,,,,,,490387099,49038709900024,72.19Z,,,,,,,,,,,sirene,
UNIVERCELLS FRANCE,,,a contacter,,,,,,,,,,,,data_etudes,Recherche-developpement en autres sciences physiques et naturelles,EVRY-COURCOURONNES,,91,,,,,,,,,,,,,,,,,,,,,,,,,,,,,,,,,,,,,,,,,,,,,,,848917373,84891737300047,72.19Z,,,,,,,,,,,sirene,
UNSEENLABS,,,a contacter,,,,,,,,,,,,data_etudes,Recherche-developpement en autres sciences physiques et naturelles,CESSON-SEVIGNE,,35,,,,,,,,,,,,,,,,,,,,,,,,,,,,,,,,,,,,,,,,,,,,,,,811856376,81185637600066,72.19Z,,,,,,,,,,,sirene,
UPCLEAR LTD,,,a contacter,,,,,,,,,,,,data_etudes,"Traitement de donnees, hebergement et activites connexes",,,,,,,,,,,,,,,,,,,,,,,,,,,,,,,,,,,,,,,,,,,,,,,,,,842651580,84265158000016,63.11Z,,,,,,,,,,,sirene,
URANIA THERAPEUTICS,,,a contacter,,,,,,,,,,,,data_etudes,Recherche-developpement en autres sciences physiques et naturelles,OSTWALD,,67,,,,,,,,,,,,,,,,,,,,,,,,,,,,,,,,,,,,,,,,,,,,,,,813881372,81388137200011,72.19Z,,,,,,,,,,,sirene,
URBAN CUISINE,,,a contacter,,,,,,,,,,,,data_etudes,"Traitement de donnees, hebergement et activites connexes",RENNES,,35,,,,,,,,,,,,,,,,,,,,,,,,,,,,,,,,,,,,,,,,,,,,,,,844971127,84497112700023,63.11Z,,,,,,,,,,,sirene,
URBICA,,,a contacter,,,,,,,,,,,,data_etudes,"Traitement de donnees, hebergement et activites connexes",CROISSY-BEAUBOURG,,77,,,,,,,,,,,,,,,,,,,,,,,,,,,,,,,,,,,,,,,,,,,,,,,419231196,41923119600033,63.11Z,,,,,,,,,,,sirene,
URGO RECHERCHE INNOVATION ET DEVELOPPEMENT,,,a contacter,,,,,,,,,,,,data_etudes,Recherche-developpement en autres sciences physiques et naturelles,CHENOVE,,21,,,,,,,,,,,,,,,,,,,,,,,,,,,,,,,,,,,,,,,,,,,,,,,798262713,79826271300026,72.19Z,,,,,,,,,,,sirene,
USENSE,,,a contacter,,,,,,,,,,,,data_etudes,Recherche-developpement en autres sciences physiques et naturelles,BOULOGNE-BILLANCOURT,,92,,,,,,,,,,,,,,,,,,,,,,,,,,,,,,,,,,,,,,,,,,,,,,,851832212,85183221200035,72.19Z,,,,,,,,,,,sirene,
UTGUARD,,,a contacter,,,,,,,,,,,,data_etudes,"Traitement de donnees, hebergement et activites connexes",RILLIEUX-LA-PAPE,,69,,,,,,,,,,,,,,,,,,,,,,,,,,,,,,,,,,,,,,,,,,,,,,,912857398,91285739800016,63.11Z,,,,,,,,,,,sirene,
VALERIO THERAPEUTICS,,,a contacter,,,,,,,,,,,,data_etudes,Recherche-developpement en autres sciences physiques et naturelles,VILLEJUIF,,94,,,,,,,,,,,,,,,,,,,,,,,,,,,,,,,,,,,,,,,,,,,,,,,410910095,41091009500067,72.19Z,,,,,,,,,,,sirene,
VALIUZ,,,a contacter,,,,,,,,,,,,data_etudes,"Traitement de donnees, hebergement et activites connexes",LILLE,,59,,,,,,,,,,,,,,,,,,,,,,,,,,,,,,,,,,,,,,,,,,,,,,,817460801,81746080100043,63.11Z,,,,,,,,,,,sirene,
VALOOPS,,,a contacter,,,,,,,,,,,,data_etudes,Recherche-developpement en autres sciences physiques et naturelles,LA MADELEINE,,59,,,,,,,,,,,,,,,,,,,,,,,,,,,,,,,,,,,,,,,,,,,,,,,904928421,90492842100026,72.19Z,,,,,,,,,,,sirene,
VALUE PARK,,,a contacter,,,,,,,,,,,,data_etudes,Recherche-developpement en autres sciences physiques et naturelles,LA CIOTAT,,13,,,,,,,,,,,,,,,,,,,,,,,,,,,,,,,,,,,,,,,,,,,,,,,892507096,89250709600022,72.19Z,,,,,,,,,,,sirene,
VAREA,,,a contacter,,,,,,,,,,,,data_etudes,"Traitement de donnees, hebergement et activites connexes",L'ARBRESLE,,69,,,,,,,,,,,,,,,,,,,,,,,,,,,,,,,,,,,,,,,,,,,,,,,488448374,48844837400063,63.11Z,,,,,,,,,,,sirene,
VARONIS FRANCE,,,a contacter,,,,,,,,,,,,data_etudes,"Traitement de donnees, hebergement et activites connexes",COURBEVOIE,,92,,,,,,,,,,,,,,,,,,,,,,,,,,,,,,,,,,,,,,,,,,,,,,,749816385,74981638500050,63.11Z,,,,,,,,,,,sirene,
VEGENOV-BBV,,,a contacter,,,,,,,,,,,,data_etudes,Recherche-developpement en autres sciences physiques et naturelles,SAINT-POL-DE-LEON,,29,,,,,,,,,,,,,,,,,,,,,,,,,,,,,,,,,,,,,,,,,,,,,,,488865304,48886530400015,72.19Z,,,,,,,,,,,sirene,
VELTYS,,,a contacter,,,,,,,,,,,,data_etudes,Etudes de marche et sondages,PARIS,,75,,,,,,,,,,,,,,,,,,,,,,,,,,,,,,,,,,,,,,,,,,,,,,,791605488,79160548800026,73.20Z,,,,,,,,,,,sirene,
VELVET INNOVATIVE TECHNOLOGIES,,,a contacter,,,,,,,,,,,,data_etudes,Recherche-developpement en autres sciences physiques et naturelles,NANCY,,54,,,,,,,,,,,,,,,,,,,,,,,,,,,,,,,,,,,,,,,,,,,,,,,508784485,50878448500049,72.19Z,,,,,,,,,,,sirene,
VENTYA SAS,,,a contacter,,,,,,,,,,,,data_etudes,"Traitement de donnees, hebergement et activites connexes",NANTERRE,,92,,,,,,,,,,,,,,,,,,,,,,,,,,,,,,,,,,,,,,,,,,,,,,,821839982,82183998200013,63.11Z,,,,,,,,,,,sirene,
VEOLYS IT,,,a contacter,,,,,,,,,,,,data_etudes,"Traitement de donnees, hebergement et activites connexes",PUTEAUX,,92,,,,,,,,,,,,,,,,,,,,,,,,,,,,,,,,,,,,,,,,,,,,,,,880804687,88080468700015,63.11Z,,,,,,,,,,,sirene,
VERTIGO,,,a contacter,,,,,,,,,,,,data_etudes,Etudes de marche et sondages,SAINTE-FOY-LES-LYON,,69,,,,,,,,,,,,,,,,,,,,,,,,,,,,,,,,,,,,,,,,,,,,,,,515100071,51510007100031,73.20Z,,,,,,,,,,,sirene,
VESPER AEROSPACE,,,a contacter,,,,,,,,,,,,data_etudes,Recherche-developpement en autres sciences physiques et naturelles,EGUILLES,,13,,,,,,,,,,,,,,,,,,,,,,,,,,,,,,,,,,,,,,,,,,,,,,,811210970,81121097000026,72.19Z,,,,,,,,,,,sirene,
VIADIALOG,,,a contacter,,,,,,,,,,,,data_etudes,"Traitement de donnees, hebergement et activites connexes",PARIS,,75,,,,,,,,,,,,,,,,,,,,,,,,,,,,,,,,,,,,,,,,,,,,,,,752556126,75255612600015,63.11Z,,,,,,,,,,,sirene,
VIALYTICS FRANCE,,,a contacter,,,,,,,,,,,,data_etudes,"Traitement de donnees, hebergement et activites connexes",BOULOGNE-BILLANCOURT,,92,,,,,,,,,,,,,,,,,,,,,,,,,,,,,,,,,,,,,,,,,,,,,,,949749915,94974991500011,63.11Z,,,,,,,,,,,sirene,
VIBES HOSTING,,,a contacter,,,,,,,,,,,,data_etudes,"Traitement de donnees, hebergement et activites connexes",CUIGNIERES,,60,,,,,,,,,,,,,,,,,,,,,,,,,,,,,,,,,,,,,,,,,,,,,,,914246871,91424687100018,63.11Z,,,,,,,,,,,sirene,
VIBIOSPHEN,,,a contacter,,,,,,,,,,,,data_etudes,Recherche-developpement en autres sciences physiques et naturelles,LABEGE,,31,,,,,,,,,,,,,,,,,,,,,,,,,,,,,,,,,,,,,,,,,,,,,,,804167666,80416766600010,72.19Z,,,,,,,,,,,sirene,
VIRGINIS  TECHNOLOGIES,,,a contacter,,,,,,,,,,,,data_etudes,"Traitement de donnees, hebergement et activites connexes",FORT DE FRANCE,,972,,,,,,,,,,,,,,,,,,,,,,,,,,,,,,,,,,,,,,,,,,,,,,,822350195,82235019500019,63.11Z,,,,,,,,,,,sirene,
VISIOBOTIC,,,a contacter,,,,,,,,,,,,data_etudes,Recherche-developpement en autres sciences physiques et naturelles,TOURS,,37,,,,,,,,,,,,,,,,,,,,,,,,,,,,,,,,,,,,,,,,,,,,,,,894082239,89408223900019,72.19Z,,,,,,,,,,,sirene,
VIT,,,a contacter,,,,,,,,,,,,data_etudes,Recherche-developpement en autres sciences physiques et naturelles,SAINT-EGREVE,,38,,,,,,,,,,,,,,,,,,,,,,,,,,,,,,,,,,,,,,,,,,,,,,,451028567,45102856700068,72.19Z,,,,,,,,,,,sirene,
VITADX INTERNATIONAL,,,a contacter,,,,,,,,,,,,data_etudes,Recherche-developpement en autres sciences physiques et naturelles,RENNES,,35,,,,,,,,,,,,,,,,,,,,,,,,,,,,,,,,,,,,,,,,,,,,,,,811141977,81114197700033,72.19Z,,,,,,,,,,,sirene,
VITALIS CONSULTING,,,a contacter,,,,,,,,,,,,data_etudes,Etudes de marche et sondages,TOULOUSE,,31,,,,,,,,,,,,,,,,,,,,,,,,,,,,,,,,,,,,,,,,,,,,,,,440482479,44048247900068,73.20Z,,,,,,,,,,,sirene,
VITROBIO SAS,,,a contacter,,,,,,,,,,,,data_etudes,Recherche-developpement en autres sciences physiques et naturelles,ISSOIRE,,63,,,,,,,,,,,,,,,,,,,,,,,,,,,,,,,,,,,,,,,,,,,,,,,394866362,39486636200046,72.19Z,,,,,,,,,,,sirene,
VIVACTIS M2 RESEARCH,,,a contacter,,,,,,,,,,,,data_etudes,Etudes de marche et sondages,NEUILLY-SUR-SEINE,,92,,,,,,,,,,,,,,,,,,,,,,,,,,,,,,,,,,,,,,,,,,,,,,,345114912,34511491200099,73.20Z,,,,,,,,,,,sirene,
VIVANEO,,,a contacter,,,,,,,,,,,,data_etudes,"Traitement de donnees, hebergement et activites connexes",PARIS,,75,,,,,,,,,,,,,,,,,,,,,,,,,,,,,,,,,,,,,,,,,,,,,,,510176738,51017673800043,63.11Z,,,,,,,,,,,sirene,
VIVESCIA INNOVATIONS,,,a contacter,,,,,,,,,,,,data_etudes,Recherche-developpement en autres sciences physiques et naturelles,REIMS,,51,,,,,,,,,,,,,,,,,,,,,,,,,,,,,,,,,,,,,,,,,,,,,,,921421335,92142133500016,72.19Z,,,,,,,,,,,sirene,
VIVET THERAPEUTICS,,,a contacter,,,,,,,,,,,,data_etudes,Recherche-developpement en autres sciences physiques et naturelles,PARIS,,75,,,,,,,,,,,,,,,,,,,,,,,,,,,,,,,,,,,,,,,,,,,,,,,821713344,82171334400041,72.19Z,,,,,,,,,,,sirene,
VIVETIC,,,a contacter,,,,,,,,,,,,data_etudes,"Traitement de donnees, hebergement et activites connexes",AUBERVILLIERS,,93,,,,,,,,,,,,,,,,,,,,,,,,,,,,,,,,,,,,,,,,,,,,,,,411294903,41129490300041,63.11Z,,,,,,,,,,,sirene,
VIVEXIA,,,a contacter,,,,,,,,,,,,data_etudes,Recherche-developpement en autres sciences physiques et naturelles,DIJON,,21,,,,,,,,,,,,,,,,,,,,,,,,,,,,,,,,,,,,,,,,,,,,,,,515298503,51529850300043,72.19Z,,,,,,,,,,,sirene,
VIVIO FRANCE,,,a contacter,,,,,,,,,,,,data_etudes,Etudes de marche et sondages,NEUILLY-SUR-SEINE,,92,,,,,,,,,,,,,,,,,,,,,,,,,,,,,,,,,,,,,,,,,,,,,,,538384751,53838475100045,73.20Z,,,,,,,,,,,sirene,
VOLTINOV   VOLTAIQUE INNOVATION,,,a contacter,,,,,,,,,,,,data_etudes,Recherche-developpement en autres sciences physiques et naturelles,DUPPIGHEIM,,67,,,,,,,,,,,,,,,,,,,,,,,,,,,,,,,,,,,,,,,,,,,,,,,523571990,52357199000010,72.19Z,,,,,,,,,,,sirene,
WAAYS,,,a contacter,,,,,,,,,,,,data_etudes,"Traitement de donnees, hebergement et activites connexes",LYON,,69,,,,,,,,,,,,,,,,,,,,,,,,,,,,,,,,,,,,,,,,,,,,,,,489268052,48926805200060,63.11Z,,,,,,,,,,,sirene,
WANAO,,,a contacter,,,,,,,,,,,,data_etudes,"Traitement de donnees, hebergement et activites connexes",BIDART,,64,,,,,,,,,,,,,,,,,,,,,,,,,,,,,,,,,,,,,,,,,,,,,,,438772089,43877208900076,63.11Z,,,,,,,,,,,sirene,
WANDERCRAFT,,,a contacter,,,,,,,,,,,,data_etudes,Recherche-developpement en autres sciences physiques et naturelles,PARIS,,75,,,,,,,,,,,,,,,,,,,,,,,,,,,,,,,,,,,,,,,,,,,,,,,788627198,78862719800070,72.19Z,,,,,,,,,,,sirene,
WAVETEL,,,a contacter,,,,,,,,,,,,data_etudes,Recherche-developpement en autres sciences physiques et naturelles,LARMOR-PLAGE,,56,,,,,,,,,,,,,,,,,,,,,,,,,,,,,,,,,,,,,,,,,,,,,,,443937719,44393771900047,72.19Z,,,,,,,,,,,sirene,
WAYSCOM,,,a contacter,,,,,,,,,,,,data_etudes,"Traitement de donnees, hebergement et activites connexes",CAYENNE,,973,,,,,,,,,,,,,,,,,,,,,,,,,,,,,,,,,,,,,,,,,,,,,,,483904223,48390422300029,63.11Z,,,,,,,,,,,sirene,
WE DO IT BETTER,,,a contacter,,,,,,,,,,,,data_etudes,"Traitement de donnees, hebergement et activites connexes",VALBONNE,,06,,,,,,,,,,,,,,,,,,,,,,,,,,,,,,,,,,,,,,,,,,,,,,,411134075,41113407500091,63.11Z,,,,,,,,,,,sirene,
WE FIELDWORK,,,a contacter,,,,,,,,,,,,data_etudes,Etudes de marche et sondages,VILLEURBANNE,,69,,,,,,,,,,,,,,,,,,,,,,,,,,,,,,,,,,,,,,,,,,,,,,,832809131,83280913100010,73.20Z,,,,,,,,,,,sirene,
WE.TV,,,a contacter,,,,,,,,,,,,data_etudes,"Traitement de donnees, hebergement et activites connexes",MONTROUGE,,92,,,,,,,,,,,,,,,,,,,,,,,,,,,,,,,,,,,,,,,,,,,,,,,382193142,38219314200066,63.11Z,,,,,,,,,,,sirene,
WEB COMPETENCE,,,a contacter,,,,,,,,,,,,data_etudes,"Traitement de donnees, hebergement et activites connexes",PARIS,,75,,,,,,,,,,,,,,,,,,,,,,,,,,,,,,,,,,,,,,,,,,,,,,,444982946,44498294600022,63.11Z,,,,,,,,,,,sirene,
WEB RIVAGE,,,a contacter,,,,,,,,,,,,data_etudes,"Traitement de donnees, hebergement et activites connexes",MEYREUIL,,13,,,,,,,,,,,,,,,,,,,,,,,,,,,,,,,,,,,,,,,,,,,,,,,512302894,51230289400047,63.11Z,,,,,,,,,,,sirene,
WEEZION,,,a contacter,,,,,,,,,,,,data_etudes,Recherche-developpement en autres sciences physiques et naturelles,VERGISSON,,71,,,,,,,,,,,,,,,,,,,,,,,,,,,,,,,,,,,,,,,,,,,,,,,889329082,88932908200016,72.19Z,,,,,,,,,,,sirene,
WEFIGHT,,,a contacter,,,,,,,,,,,,data_etudes,"Traitement de donnees, hebergement et activites connexes",MONTPELLIER,,34,,,,,,,,,,,,,,,,,,,,,,,,,,,,,,,,,,,,,,,,,,,,,,,827791880,82779188000061,63.11Z,,,,,,,,,,,sirene,
WEGLIO,,,a contacter,,,,,,,,,,,,data_etudes,"Traitement de donnees, hebergement et activites connexes",BORDEAUX,,33,,,,,,,,,,,,,,,,,,,,,,,,,,,,,,,,,,,,,,,,,,,,,,,824747166,82474716600026,63.11Z,,,,,,,,,,,sirene,
WELCO & GO,,,a contacter,,,,,,,,,,,,data_etudes,"Traitement de donnees, hebergement et activites connexes",CHASSIEU,,69,,,,,,,,,,,,,,,,,,,,,,,,,,,,,,,,,,,,,,,,,,,,,,,843154360,84315436000047,63.11Z,,,,,,,,,,,sirene,
WENABI,,,a contacter,,,,,,,,,,,,data_etudes,"Traitement de donnees, hebergement et activites connexes",PARIS,,75,,,,,,,,,,,,,,,,,,,,,,,,,,,,,,,,,,,,,,,,,,,,,,,823684295,82368429500053,63.11Z,,,,,,,,,,,sirene,
WENEOS,,,a contacter,,,,,,,,,,,,data_etudes,Recherche-developpement en autres sciences physiques et naturelles,LACROIX-SAINT-OUEN,,60,,,,,,,,,,,,,,,,,,,,,,,,,,,,,,,,,,,,,,,,,,,,,,,434372132,43437213200051,72.19Z,,,,,,,,,,,sirene,
WESTLAKE CATALYSE,,,a contacter,,,,,,,,,,,,data_etudes,Recherche-developpement en autres sciences physiques et naturelles,REIMS,,51,,,,,,,,,,,,,,,,,,,,,,,,,,,,,,,,,,,,,,,,,,,,,,,377539556,37753955600045,72.19Z,,,,,,,,,,,sirene,
WHITE TILLET,,,a contacter,,,,,,,,,,,,data_etudes,Recherche-developpement en autres sciences physiques et naturelles,LE PLESSIS-ROBINSON,,92,,,,,,,,,,,,,,,,,,,,,,,,,,,,,,,,,,,,,,,,,,,,,,,399219518,39921951800053,72.19Z,,,,,,,,,,,sirene,
WIDEWEBVR,,,a contacter,,,,,,,,,,,,data_etudes,"Traitement de donnees, hebergement et activites connexes",AIX-EN-PROVENCE,,13,,,,,,,,,,,,,,,,,,,,,,,,,,,,,,,,,,,,,,,,,,,,,,,834431900,83443190000010,63.11Z,,,,,,,,,,,sirene,
WILBI,,,a contacter,,,,,,,,,,,,data_etudes,"Traitement de donnees, hebergement et activites connexes",TOULOUSE,,31,,,,,,,,,,,,,,,,,,,,,,,,,,,,,,,,,,,,,,,,,,,,,,,878824325,87882432500020,63.11Z,,,,,,,,,,,sirene,
WILLIAM REED,,,a contacter,,,,,,,,,,,,data_etudes,"Traitement de donnees, hebergement et activites connexes",MONTPELLIER,,34,,,,,,,,,,,,,,,,,,,,,,,,,,,,,,,,,,,,,,,,,,,,,,,429315971,42931597100045,63.11Z,,,,,,,,,,,sirene,
WINTEAM,,,a contacter,,,,,,,,,,,,data_etudes,"Traitement de donnees, hebergement et activites connexes",LYON,,69,,,,,,,,,,,,,,,,,,,,,,,,,,,,,,,,,,,,,,,,,,,,,,,429590003,42959000300043,63.11Z,,,,,,,,,,,sirene,
WIPPLE,,,a contacter,,,,,,,,,,,,data_etudes,Recherche-developpement en autres sciences physiques et naturelles,VILLENEUVE-D'ASCQ,,59,,,,,,,,,,,,,,,,,,,,,,,,,,,,,,,,,,,,,,,,,,,,,,,827583485,82758348500046,72.19Z,,,,,,,,,,,sirene,
WISTEE,,,a contacter,,,,,,,,,,,,data_etudes,"Traitement de donnees, hebergement et activites connexes",PONTOISE,,95,,,,,,,,,,,,,,,,,,,,,,,,,,,,,,,,,,,,,,,,,,,,,,,492274089,49227408900043,63.11Z,,,,,,,,,,,sirene,
WIZBII,,,a contacter,,,,,,,,,,,,data_etudes,"Traitement de donnees, hebergement et activites connexes",GRENOBLE,,38,,,,,,,,,,,,,,,,,,,,,,,,,,,,,,,,,,,,,,,,,,,,,,,524455540,52445554000038,63.11Z,,,,,,,,,,,sirene,
WIZIBOAT,,,a contacter,,,,,,,,,,,,data_etudes,"Traitement de donnees, hebergement et activites connexes",VALBONNE,,06,,,,,,,,,,,,,,,,,,,,,,,,,,,,,,,,,,,,,,,,,,,,,,,833830623,83383062300025,63.11Z,,,,,,,,,,,sirene,
WIZZINVEST,,,a contacter,,,,,,,,,,,,data_etudes,"Traitement de donnees, hebergement et activites connexes",PARIS,,75,,,,,,,,,,,,,,,,,,,,,,,,,,,,,,,,,,,,,,,,,,,,,,,820313401,82031340100052,63.11Z,,,,,,,,,,,sirene,
WORKS LINE,,,a contacter,,,,,,,,,,,,data_etudes,"Traitement de donnees, hebergement et activites connexes",AIX-EN-PROVENCE,,13,,,,,,,,,,,,,,,,,,,,,,,,,,,,,,,,,,,,,,,,,,,,,,,383830197,38383019700026,63.11Z,,,,,,,,,,,sirene,
WORLDLINE E-COMMERCE SOLUTIONS FRANCE,,,a contacter,,,,,,,,,,,,data_etudes,"Traitement de donnees, hebergement et activites connexes",PUTEAUX,,92,,,,,,,,,,,,,,,,,,,,,,,,,,,,,,,,,,,,,,,,,,,,,,,435236898,43523689800043,63.11Z,,,,,,,,,,,sirene,
WORLDWIDE CLINICAL TRIALS SARL,,,a contacter,,,,,,,,,,,,data_etudes,Recherche-developpement en autres sciences physiques et naturelles,PARIS,,75,,,,,,,,,,,,,,,,,,,,,,,,,,,,,,,,,,,,,,,,,,,,,,,509622130,50962213000052,72.19Z,,,,,,,,,,,sirene,
WOUAT,,,a contacter,,,,,,,,,,,,data_etudes,"Traitement de donnees, hebergement et activites connexes",LYON,,69,,,,,,,,,,,,,,,,,,,,,,,,,,,,,,,,,,,,,,,,,,,,,,,802048215,80204821500023,63.11Z,,,,,,,,,,,sirene,
WP SERVEUR,,,a contacter,,,,,,,,,,,,data_etudes,"Traitement de donnees, hebergement et activites connexes",CHAMPS-SUR-MARNE,,77,,,,,,,,,,,,,,,,,,,,,,,,,,,,,,,,,,,,,,,,,,,,,,,808840474,80884047400031,63.11Z,,,,,,,,,,,sirene,
X-GIL LAB,,,a contacter,,,,,,,,,,,,data_etudes,"Traitement de donnees, hebergement et activites connexes",NIMES,,30,,,,,,,,,,,,,,,,,,,,,,,,,,,,,,,,,,,,,,,,,,,,,,,433546173,43354617300058,63.11Z,,,,,,,,,,,sirene,
X6 INNOVATIONS,,,a contacter,,,,,,,,,,,,data_etudes,"Traitement de donnees, hebergement et activites connexes",PARIS,,75,,,,,,,,,,,,,,,,,,,,,,,,,,,,,,,,,,,,,,,,,,,,,,,789534864,78953486400028,63.11Z,,,,,,,,,,,sirene,
XBP EUROPE SERVICES,,,a contacter,,,,,,,,,,,,data_etudes,"Traitement de donnees, hebergement et activites connexes",NOISIEL,,77,,,,,,,,,,,,,,,,,,,,,,,,,,,,,,,,,,,,,,,,,,,,,,,508995008,50899500800010,63.11Z,,,,,,,,,,,sirene,
XERFI SPECIFIC,,,a contacter,,,,,,,,,,,,data_etudes,Etudes de marche et sondages,PARIS,,75,,,,,,,,,,,,,,,,,,,,,,,,,,,,,,,,,,,,,,,,,,,,,,,324445311,32444531100073,73.20Z,,,,,,,,,,,sirene,
XNEXT FRANCE SAS,,,a contacter,,,,,,,,,,,,data_etudes,Recherche-developpement en autres sciences physiques et naturelles,LE MANS,,72,,,,,,,,,,,,,,,,,,,,,,,,,,,,,,,,,,,,,,,,,,,,,,,912137262,91213726200016,72.19Z,,,,,,,,,,,sirene,
XRPL COMMONS,,,a contacter,,,,,,,,,,,,data_etudes,"Traitement de donnees, hebergement et activites connexes",PARIS,,75,,,,,,,,,,,,,,,,,,,,,,,,,,,,,,,,,,,,,,,,,,,,,,,923128151,92312815100035,63.11Z,,,,,,,,,,,sirene,
XTRAMILE,,,a contacter,,,,,,,,,,,,data_etudes,"Traitement de donnees, hebergement et activites connexes",METZ,,57,,,,,,,,,,,,,,,,,,,,,,,,,,,,,,,,,,,,,,,,,,,,,,,808982037,80898203700042,63.11Z,,,,,,,,,,,sirene,
XTREAMWAVE,,,a contacter,,,,,,,,,,,,data_etudes,Recherche-developpement en autres sciences physiques et naturelles,LA SEYNE-SUR-MER,,83,,,,,,,,,,,,,,,,,,,,,,,,,,,,,,,,,,,,,,,,,,,,,,,842867632,84286763200015,72.19Z,,,,,,,,,,,sirene,
YACAST FRANCE,,,a contacter,,,,,,,,,,,,data_etudes,"Traitement de donnees, hebergement et activites connexes",PARIS,,75,,,,,,,,,,,,,,,,,,,,,,,,,,,,,,,,,,,,,,,,,,,,,,,430348870,43034887000071,63.11Z,,,,,,,,,,,sirene,
YANPORT,,,a contacter,,,,,,,,,,,,data_etudes,"Traitement de donnees, hebergement et activites connexes",PARIS,,75,,,,,,,,,,,,,,,,,,,,,,,,,,,,,,,,,,,,,,,,,,,,,,,753624600,75362460000031,63.11Z,,,,,,,,,,,sirene,
YEXT SAS,,,a contacter,,,,,,,,,,,,data_etudes,"Traitement de donnees, hebergement et activites connexes",PARIS,,75,,,,,,,,,,,,,,,,,,,,,,,,,,,,,,,,,,,,,,,,,,,,,,,823949763,82394976300051,63.11Z,,,,,,,,,,,sirene,
YUMAIN,,,a contacter,,,,,,,,,,,,data_etudes,Recherche-developpement en autres sciences physiques et naturelles,FONTAINE-LES-DIJON,,21,,,,,,,,,,,,,,,,,,,,,,,,,,,,,,,,,,,,,,,,,,,,,,,534620968,53462096800048,72.19Z,,,,,,,,,,,sirene,
YZOC,,,a contacter,,,,,,,,,,,,data_etudes,"Traitement de donnees, hebergement et activites connexes",SURESNES,,92,,,,,,,,,,,,,,,,,,,,,,,,,,,,,,,,,,,,,,,,,,,,,,,914601059,91460105900019,63.11Z,,,,,,,,,,,sirene,
ZAACK,,,a contacter,,,,,,,,,,,,data_etudes,Recherche-developpement en autres sciences physiques et naturelles,ACHERES,,78,,,,,,,,,,,,,,,,,,,,,,,,,,,,,,,,,,,,,,,,,,,,,,,829142314,82914231400022,72.19Z,,,,,,,,,,,sirene,
ZAION,,,a contacter,,,,,,,,,,,,data_etudes,"Traitement de donnees, hebergement et activites connexes",PARIS,,75,,,,,,,,,,,,,,,,,,,,,,,,,,,,,,,,,,,,,,,,,,,,,,,832291256,83229125600051,63.11Z,,,,,,,,,,,sirene,
ZAMIZEN,,,a contacter,,,,,,,,,,,,data_etudes,"Traitement de donnees, hebergement et activites connexes",LA ROCHELLE,,17,,,,,,,,,,,,,,,,,,,,,,,,,,,,,,,,,,,,,,,,,,,,,,,839611662,83961166200033,63.11Z,,,,,,,,,,,sirene,
ZCOLO FRANCE,,,a contacter,,,,,,,,,,,,data_etudes,"Traitement de donnees, hebergement et activites connexes",PARIS,,75,,,,,,,,,,,,,,,,,,,,,,,,,,,,,,,,,,,,,,,,,,,,,,,891619413,89161941300018,63.11Z,,,,,,,,,,,sirene,
ZED MARKETING RESEARCH,,,a contacter,,,,,,,,,,,,data_etudes,Etudes de marche et sondages,PARIS,,75,,,,,,,,,,,,,,,,,,,,,,,,,,,,,,,,,,,,,,,,,,,,,,,417492493,41749249300016,73.20Z,,,,,,,,,,,sirene,
ZESTE SANTE,,,a contacter,,,,,,,,,,,,data_etudes,Etudes de marche et sondages,LOOS,,59,,,,,,,,,,,,,,,,,,,,,,,,,,,,,,,,,,,,,,,,,,,,,,,491312005,49131200500045,73.20Z,,,,,,,,,,,sirene,
ZHOR TECH,,,a contacter,,,,,,,,,,,,data_etudes,Recherche-developpement en autres sciences physiques et naturelles,NANCY,,54,,,,,,,,,,,,,,,,,,,,,,,,,,,,,,,,,,,,,,,,,,,,,,,808187280,80818728000017,72.19Z,,,,,,,,,,,sirene,
ZICOZINC,,,a contacter,,,,,,,,,,,,data_etudes,"Traitement de donnees, hebergement et activites connexes",BORDEAUX,,33,,,,,,,,,,,,,,,,,,,,,,,,,,,,,,,,,,,,,,,,,,,,,,,895025096,89502509600010,63.11Z,,,,,,,,,,,sirene,
ZOOTESTS,,,a contacter,,,,,,,,,,,,data_etudes,Recherche-developpement en autres sciences physiques et naturelles,PLOUFRAGAN,,22,,,,,,,,,,,,,,,,,,,,,,,,,,,,,,,,,,,,,,,,,,,,,,,513841569,51384156900025,72.19Z,,,,,,,,,,,sirene,
